group,filter,week,unique_users,new_users,cumulative_users
VPN,Unmatched (non-UK),2021-10-26,2317,2317,2317
VPN,Unmatched (non-UK),2021-11-02,2718,2078,4395
VPN,Unmatched (non-UK),2021-11-09,2733,1834,6229
VPN,Unmatched (non-UK),2021-11-16,2312,1393,7622
VPN,Unmatched (non-UK),2021-11-23,2625,1538,9160
VPN,Unmatched (non-UK),2021-11-30,2471,1352,10512
VPN,Unmatched (non-UK),2021-12-07,2407,1270,11782
VPN,Unmatched (non-UK),2021-12-14,2445,1245,13027
VPN,Unmatched (non-UK),2021-12-21,2739,1459,14486
VPN,Unmatched (non-UK),2021-12-28,2835,1436,15922
VPN,Unmatched (non-UK),2022-01-04,3030,1516,17438
VPN,Unmatched (non-UK),2022-01-11,2673,1297,18735
VPN,Unmatched (non-UK),2022-01-18,2792,1296,20031
VPN,Unmatched (non-UK),2022-01-25,2830,1313,21344
VPN,Unmatched (non-UK),2022-02-01,2592,1200,22544
VPN,Unmatched (non-UK),2022-02-08,2990,1340,23884
VPN,Unmatched (non-UK),2022-02-15,2666,1116,25000
VPN,Unmatched (non-UK),2022-02-22,2510,1048,26048
VPN,Unmatched (non-UK),2022-03-01,2512,1028,27076
VPN,Unmatched (non-UK),2022-03-08,2921,1291,28367
VPN,Unmatched (non-UK),2022-03-15,2603,1056,29423
VPN,Unmatched (non-UK),2022-03-22,2383,915,30338
VPN,Unmatched (non-UK),2022-03-29,2362,939,31277
VPN,Unmatched (non-UK),2022-04-05,2553,1042,32319
VPN,Unmatched (non-UK),2022-04-12,2691,1080,33399
VPN,Unmatched (non-UK),2022-04-19,2641,1059,34458
VPN,Unmatched (non-UK),2022-04-26,2556,1003,35461
VPN,Unmatched (non-UK),2022-05-03,2394,922,36383
VPN,Unmatched (non-UK),2022-05-10,2476,944,37327
VPN,Unmatched (non-UK),2022-05-17,2509,906,38233
VPN,Unmatched (non-UK),2022-05-24,2980,1141,39374
VPN,Unmatched (non-UK),2022-05-31,2867,1091,40465
VPN,Unmatched (non-UK),2022-06-07,2584,931,41396
VPN,Unmatched (non-UK),2022-06-14,2328,791,42187
VPN,Unmatched (non-UK),2022-06-21,2628,952,43139
VPN,Unmatched (non-UK),2022-06-28,2492,888,44027
VPN,Unmatched (non-UK),2022-07-05,2377,833,44860
VPN,Unmatched (non-UK),2022-07-12,2598,956,45816
VPN,Unmatched (non-UK),2022-07-19,2421,889,46705
VPN,Unmatched (non-UK),2022-07-26,2564,925,47630
VPN,Unmatched (non-UK),2022-08-02,2390,854,48484
VPN,Unmatched (non-UK),2022-08-09,2530,916,49400
VPN,Unmatched (non-UK),2022-08-16,2531,878,50278
VPN,Unmatched (non-UK),2022-08-23,2729,1013,51291
VPN,Unmatched (non-UK),2022-08-30,2839,1029,52320
VPN,Unmatched (non-UK),2022-09-06,2937,1030,53350
VPN,Unmatched (non-UK),2022-09-13,2644,952,54302
VPN,Unmatched (non-UK),2022-09-20,2600,922,55224
VPN,Unmatched (non-UK),2022-09-27,2543,901,56125
VPN,Unmatched (non-UK),2022-10-04,2547,873,56998
VPN,Unmatched (non-UK),2022-10-11,2764,943,57941
VPN,Unmatched (non-UK),2022-10-18,2854,1004,58945
VPN,Unmatched (non-UK),2022-10-25,2813,970,59915
VPN,Unmatched (non-UK),2022-11-01,2880,1027,60942
VPN,Unmatched (non-UK),2022-11-08,2695,938,61880
VPN,Unmatched (non-UK),2022-11-15,2606,900,62780
VPN,Unmatched (non-UK),2022-11-22,2891,1005,63785
VPN,Unmatched (non-UK),2022-11-29,2666,896,64681
VPN,Unmatched (non-UK),2022-12-06,2564,929,65610
VPN,Unmatched (non-UK),2022-12-13,2810,1049,66659
VPN,Unmatched (non-UK),2022-12-20,3122,1323,67982
VPN,Unmatched (non-UK),2022-12-27,2958,1023,69005
VPN,Unmatched (non-UK),2023-01-03,2735,966,69971
VPN,Unmatched (non-UK),2023-01-10,2389,788,70759
VPN,Unmatched (non-UK),2023-01-17,2786,987,71746
VPN,Unmatched (non-UK),2023-01-24,3051,1060,72806
VPN,Unmatched (non-UK),2023-01-31,2519,878,73684
VPN,Unmatched (non-UK),2023-02-07,2704,914,74598
VPN,Unmatched (non-UK),2023-02-14,2741,1010,75608
VPN,Unmatched (non-UK),2023-02-21,2722,953,76561
VPN,Unmatched (non-UK),2023-02-28,2602,872,77433
VPN,Unmatched (non-UK),2023-03-07,2471,804,78237
VPN,Unmatched (non-UK),2023-03-14,2449,837,79074
VPN,Unmatched (non-UK),2023-03-21,2502,827,79901
VPN,Unmatched (non-UK),2023-03-28,2845,1069,80970
VPN,Unmatched (non-UK),2023-04-04,2413,789,81759
VPN,Unmatched (non-UK),2023-04-11,2463,861,82620
VPN,Unmatched (non-UK),2023-04-18,2808,930,83550
VPN,Unmatched (non-UK),2023-04-25,2606,914,84464
VPN,Unmatched (non-UK),2023-05-02,2497,879,85343
VPN,Unmatched (non-UK),2023-05-09,2503,865,86208
VPN,Unmatched (non-UK),2023-05-16,2379,754,86962
VPN,Unmatched (non-UK),2023-05-23,2439,851,87813
VPN,Unmatched (non-UK),2023-05-30,2878,1008,88821
VPN,Unmatched (non-UK),2023-06-06,2694,974,89795
VPN,Unmatched (non-UK),2023-06-13,2468,974,90769
VPN,Unmatched (non-UK),2023-06-20,2042,772,91541
VPN,Unmatched (non-UK),2023-06-27,2274,903,92444
VPN,Unmatched (non-UK),2023-07-04,2178,838,93282
VPN,Unmatched (non-UK),2023-07-11,2249,866,94148
VPN,Unmatched (non-UK),2023-07-18,2092,809,94957
VPN,Unmatched (non-UK),2023-07-25,2001,764,95721
VPN,Unmatched (non-UK),2023-08-01,1951,783,96504
VPN,Unmatched (non-UK),2023-08-08,2142,848,97352
VPN,Unmatched (non-UK),2023-08-15,2194,919,98271
VPN,Unmatched (non-UK),2023-08-22,2184,861,99132
VPN,Unmatched (non-UK),2023-08-29,2245,935,100067
VPN,Unmatched (non-UK),2023-09-05,2385,926,100993
VPN,Unmatched (non-UK),2023-09-12,2140,824,101817
VPN,Unmatched (non-UK),2023-09-19,2219,841,102658
VPN,Unmatched (non-UK),2023-09-26,2092,799,103457
VPN,Unmatched (non-UK),2023-10-03,1314,495,103952
VPN,Unmatched (non-UK),2023-10-10,1320,549,104501
VPN,Unmatched (non-UK),2023-10-17,1455,565,105066
VPN,Unmatched (non-UK),2023-10-24,1379,538,105604
VPN,Unmatched (non-UK),2023-10-31,2144,861,106465
VPN,Unmatched (non-UK),2023-11-07,2280,858,107323
VPN,Unmatched (non-UK),2023-11-14,2347,865,108188
VPN,Unmatched (non-UK),2023-11-21,2471,955,109143
VPN,Unmatched (non-UK),2023-11-28,2468,910,110053
VPN,Unmatched (non-UK),2023-12-05,2572,859,110912
VPN,Unmatched (non-UK),2023-12-12,2406,855,111767
VPN,Unmatched (non-UK),2023-12-19,2493,907,112674
VPN,Unmatched (non-UK),2023-12-26,2455,920,113594
VPN,Unmatched (non-UK),2024-01-02,2729,1064,114658
VPN,Unmatched (non-UK),2024-01-09,2619,992,115650
VPN,Unmatched (non-UK),2024-01-16,2655,1013,116663
VPN,Unmatched (non-UK),2024-01-23,2879,1143,117806
VPN,Unmatched (non-UK),2024-01-30,3015,1151,118957
VPN,Unmatched (non-UK),2024-02-06,3009,1260,120217
VPN,Unmatched (non-UK),2024-02-13,2968,1145,121362
VPN,Unmatched (non-UK),2024-02-20,3078,1145,122507
VPN,Unmatched (non-UK),2024-02-27,2992,1148,123655
VPN,Unmatched (non-UK),2024-03-05,2848,1081,124736
VPN,Unmatched (non-UK),2024-03-12,2951,1203,125939
VPN,Unmatched (non-UK),2024-03-19,2764,1079,127018
VPN,Unmatched (non-UK),2024-03-26,2871,1094,128112
VPN,Unmatched (non-UK),2024-04-02,2914,1093,129205
VPN,Unmatched (non-UK),2024-04-09,3208,1230,130435
VPN,Unmatched (non-UK),2024-04-16,3331,1309,131744
VPN,Unmatched (non-UK),2024-04-23,3134,1176,132920
VPN,Unmatched (non-UK),2024-04-30,2795,981,133901
VPN,Unmatched (non-UK),2024-05-07,2640,977,134878
VPN,Unmatched (non-UK),2024-05-14,2653,951,135829
VPN,Unmatched (non-UK),2024-05-21,3435,1441,137270
VPN,Unmatched (non-UK),2024-05-28,2941,1179,138449
VPN,Unmatched (non-UK),2024-06-04,2915,1074,139523
VPN,Unmatched (non-UK),2024-06-11,3196,1208,140731
VPN,Unmatched (non-UK),2024-06-18,2893,1065,141796
VPN,Unmatched (non-UK),2024-06-25,3042,1094,142890
VPN,Unmatched (non-UK),2024-07-02,3181,1195,144085
VPN,Unmatched (non-UK),2024-07-09,2930,1053,145138
VPN,Unmatched (non-UK),2024-07-16,3151,1228,146366
VPN,Unmatched (non-UK),2024-07-23,3260,1172,147538
VPN,Unmatched (non-UK),2024-07-30,3590,1383,148921
VPN,Unmatched (non-UK),2024-08-06,3612,1387,150308
VPN,Unmatched (non-UK),2024-08-13,3311,1281,151589
VPN,Unmatched (non-UK),2024-08-20,3341,1182,152771
VPN,Unmatched (non-UK),2024-08-27,3434,1274,154045
VPN,Unmatched (non-UK),2024-09-03,3583,1303,155348
VPN,Unmatched (non-UK),2024-09-10,3465,1283,156631
VPN,Unmatched (non-UK),2024-09-17,3664,1414,158045
VPN,Unmatched (non-UK),2024-09-24,3842,1384,159429
VPN,Unmatched (non-UK),2024-10-01,3643,1266,160695
VPN,Unmatched (non-UK),2024-10-08,3384,1213,161908
VPN,Unmatched (non-UK),2024-10-15,3220,1154,163062
VPN,Unmatched (non-UK),2024-10-22,3112,1166,164228
VPN,Unmatched (non-UK),2024-10-29,2997,1047,165275
VPN,Unmatched (non-UK),2024-11-05,3084,1102,166377
VPN,Unmatched (non-UK),2024-11-12,2960,1182,167559
VPN,Unmatched (non-UK),2024-11-19,2903,1069,168628
VPN,Unmatched (non-UK),2024-11-26,2646,973,169601
VPN,Unmatched (non-UK),2024-12-03,2944,1039,170640
VPN,Unmatched (non-UK),2024-12-10,2861,1026,171666
VPN,Unmatched (non-UK),2024-12-17,3044,1110,172776
VPN,Unmatched (non-UK),2024-12-24,2772,958,173734
VPN,Unmatched (non-UK),2024-12-31,3757,1539,175273
VPN,Unmatched (non-UK),2025-01-07,3171,1168,176441
VPN,Unmatched (non-UK),2025-01-14,4746,2066,178507
VPN,Unmatched (non-UK),2025-01-21,3708,1432,179939
VPN,Unmatched (non-UK),2025-01-28,4241,1625,181564
VPN,Unmatched (non-UK),2025-02-04,4023,1489,183053
VPN,Unmatched (non-UK),2025-02-11,4853,2102,185155
VPN,Unmatched (non-UK),2025-02-18,4744,1921,187076
VPN,Unmatched (non-UK),2025-02-25,4646,1862,188938
VPN,Unmatched (non-UK),2025-03-04,3736,1358,190296
VPN,Unmatched (non-UK),2025-03-11,3625,1298,191594
VPN,Unmatched (non-UK),2025-03-18,3038,1021,192615
VPN,Unmatched (non-UK),2025-03-25,3314,1091,193706
VPN,Unmatched (non-UK),2025-04-01,2875,1008,194714
VPN,Unmatched (non-UK),2025-04-08,2791,933,195647
VPN,Unmatched (non-UK),2025-04-15,3174,1103,196750
VPN,Unmatched (non-UK),2025-04-22,3459,1168,197918
VPN,Unmatched (non-UK),2025-04-29,2938,1010,198928
VPN,Unmatched (non-UK),2025-05-06,2879,998,199926
VPN,Unmatched (non-UK),2025-05-13,3060,929,200855
VPN,Unmatched (non-UK),2025-05-20,2860,1026,201881
VPN,Unmatched (non-UK),2025-05-27,2958,964,202845
VPN,Unmatched (non-UK),2025-06-03,3233,1098,203943
VPN,Unmatched (non-UK),2025-06-10,2838,986,204929
VPN,Unmatched (non-UK),2025-06-17,3466,1210,206139
VPN,Unmatched (non-UK),2025-06-24,4017,1473,207612
VPN,Unmatched (non-UK),2025-07-01,3384,1266,208878
VPN,Unmatched (non-UK),2025-07-08,3412,1156,210034
VPN,Unmatched (non-UK),2025-07-15,3297,1167,211201
VPN,Unmatched (non-UK),2025-07-22,4419,1826,213027
VPN,Unmatched (non-UK),2025-07-29,5096,1932,214959
VPN,Unmatched (non-UK),2025-08-05,5240,2058,217017
VPN,Unmatched (non-UK),2025-08-12,4609,1796,218813
VPN,Unmatched (non-UK),2025-08-19,4763,1726,220539
VPN,Unmatched (non-UK),2025-08-26,5035,1944,222483
VPN,Unmatched (non-UK),2025-09-02,4793,1679,224162
VPN,Unmatched (non-UK),2025-09-09,4997,1830,225992
VPN,Unmatched (non-UK),2025-09-16,5350,2046,228038
VPN,Unmatched (non-UK),2025-09-23,4541,1625,229663
VPN,Unmatched (non-UK),2025-09-30,5059,1781,231444
VPN,Unmatched (non-UK),2025-10-07,4385,1498,232942
VPN,Unmatched (non-UK),2025-10-14,4279,1370,234312
VPN,Unmatched (non-UK),2025-10-21,3291,1079,235391
VPN,Unmatched,2021-10-26,2564,2564,2564
VPN,Unmatched,2021-11-02,3002,2293,4857
VPN,Unmatched,2021-11-09,2953,1968,6825
VPN,Unmatched,2021-11-16,2533,1522,8347
VPN,Unmatched,2021-11-23,2846,1659,10006
VPN,Unmatched,2021-11-30,2680,1465,11471
VPN,Unmatched,2021-12-07,2618,1369,12840
VPN,Unmatched,2021-12-14,2685,1360,14200
VPN,Unmatched,2021-12-21,3007,1580,15780
VPN,Unmatched,2021-12-28,3090,1538,17318
VPN,Unmatched,2022-01-04,3313,1647,18965
VPN,Unmatched,2022-01-11,2923,1396,20361
VPN,Unmatched,2022-01-18,3079,1416,21777
VPN,Unmatched,2022-01-25,3052,1401,23178
VPN,Unmatched,2022-02-01,2839,1292,24470
VPN,Unmatched,2022-02-08,3285,1460,25930
VPN,Unmatched,2022-02-15,2898,1195,27125
VPN,Unmatched,2022-02-22,2757,1167,28292
VPN,Unmatched,2022-03-01,2724,1114,29406
VPN,Unmatched,2022-03-08,3183,1390,30796
VPN,Unmatched,2022-03-15,2847,1141,31937
VPN,Unmatched,2022-03-22,2594,977,32914
VPN,Unmatched,2022-03-29,2562,1002,33916
VPN,Unmatched,2022-04-05,2754,1098,35014
VPN,Unmatched,2022-04-12,2901,1145,36159
VPN,Unmatched,2022-04-19,2871,1136,37295
VPN,Unmatched,2022-04-26,2791,1071,38366
VPN,Unmatched,2022-05-03,2624,996,39362
VPN,Unmatched,2022-05-10,2701,1004,40366
VPN,Unmatched,2022-05-17,2712,968,41334
VPN,Unmatched,2022-05-24,3228,1211,42545
VPN,Unmatched,2022-05-31,3117,1160,43705
VPN,Unmatched,2022-06-07,2826,1001,44706
VPN,Unmatched,2022-06-14,2535,848,45554
VPN,Unmatched,2022-06-21,2829,1011,46565
VPN,Unmatched,2022-06-28,2688,945,47510
VPN,Unmatched,2022-07-05,2598,889,48399
VPN,Unmatched,2022-07-12,2832,1031,49430
VPN,Unmatched,2022-07-19,2614,940,50370
VPN,Unmatched,2022-07-26,2775,989,51359
VPN,Unmatched,2022-08-02,2619,920,52279
VPN,Unmatched,2022-08-09,2770,992,53271
VPN,Unmatched,2022-08-16,2768,948,54219
VPN,Unmatched,2022-08-23,2995,1090,55309
VPN,Unmatched,2022-08-30,3086,1098,56407
VPN,Unmatched,2022-09-06,3201,1106,57513
VPN,Unmatched,2022-09-13,2876,1016,58529
VPN,Unmatched,2022-09-20,2828,989,59518
VPN,Unmatched,2022-09-27,2771,949,60467
VPN,Unmatched,2022-10-04,2799,937,61404
VPN,Unmatched,2022-10-11,3023,1003,62407
VPN,Unmatched,2022-10-18,3133,1075,63482
VPN,Unmatched,2022-10-25,3068,1031,64513
VPN,Unmatched,2022-11-01,3138,1099,65612
VPN,Unmatched,2022-11-08,2960,1006,66618
VPN,Unmatched,2022-11-15,2829,947,67565
VPN,Unmatched,2022-11-22,3139,1067,68632
VPN,Unmatched,2022-11-29,2867,944,69576
VPN,Unmatched,2022-12-06,2799,1004,70580
VPN,Unmatched,2022-12-13,3082,1138,71718
VPN,Unmatched,2022-12-20,3393,1400,73118
VPN,Unmatched,2022-12-27,3267,1136,74254
VPN,Unmatched,2023-01-03,2976,1029,75283
VPN,Unmatched,2023-01-10,2629,848,76131
VPN,Unmatched,2023-01-17,3057,1063,77194
VPN,Unmatched,2023-01-24,3327,1124,78318
VPN,Unmatched,2023-01-31,2743,940,79258
VPN,Unmatched,2023-02-07,2988,989,80247
VPN,Unmatched,2023-02-14,2986,1066,81313
VPN,Unmatched,2023-02-21,2987,1021,82334
VPN,Unmatched,2023-02-28,2848,931,83265
VPN,Unmatched,2023-03-07,2703,865,84130
VPN,Unmatched,2023-03-14,2665,896,85026
VPN,Unmatched,2023-03-21,2752,883,85909
VPN,Unmatched,2023-03-28,3097,1144,87053
VPN,Unmatched,2023-04-04,2638,830,87883
VPN,Unmatched,2023-04-11,2705,936,88819
VPN,Unmatched,2023-04-18,3103,1011,89830
VPN,Unmatched,2023-04-25,2832,979,90809
VPN,Unmatched,2023-05-02,2745,944,91753
VPN,Unmatched,2023-05-09,2735,938,92691
VPN,Unmatched,2023-05-16,2589,811,93502
VPN,Unmatched,2023-05-23,2656,907,94409
VPN,Unmatched,2023-05-30,3161,1083,95492
VPN,Unmatched,2023-06-06,2965,1057,96549
VPN,Unmatched,2023-06-13,2713,1047,97596
VPN,Unmatched,2023-06-20,2238,824,98420
VPN,Unmatched,2023-06-27,2519,974,99394
VPN,Unmatched,2023-07-04,2423,918,100312
VPN,Unmatched,2023-07-11,2454,934,101246
VPN,Unmatched,2023-07-18,2303,859,102105
VPN,Unmatched,2023-07-25,2218,837,102942
VPN,Unmatched,2023-08-01,2133,832,103774
VPN,Unmatched,2023-08-08,2358,900,104674
VPN,Unmatched,2023-08-15,2395,981,105655
VPN,Unmatched,2023-08-22,2382,921,106576
VPN,Unmatched,2023-08-29,2488,999,107575
VPN,Unmatched,2023-09-05,2609,989,108564
VPN,Unmatched,2023-09-12,2342,881,109445
VPN,Unmatched,2023-09-19,2428,887,110332
VPN,Unmatched,2023-09-26,2288,850,111182
VPN,Unmatched,2023-10-03,1440,529,111711
VPN,Unmatched,2023-10-10,1457,591,112302
VPN,Unmatched,2023-10-17,1622,630,112932
VPN,Unmatched,2023-10-24,1535,586,113518
VPN,Unmatched,2023-10-31,2351,915,114433
VPN,Unmatched,2023-11-07,2502,923,115356
VPN,Unmatched,2023-11-14,2587,927,116283
VPN,Unmatched,2023-11-21,2710,1017,117300
VPN,Unmatched,2023-11-28,2690,968,118268
VPN,Unmatched,2023-12-05,2858,931,119199
VPN,Unmatched,2023-12-12,2629,910,120109
VPN,Unmatched,2023-12-19,2754,960,121069
VPN,Unmatched,2023-12-26,2684,967,122036
VPN,Unmatched,2024-01-02,3000,1142,123178
VPN,Unmatched,2024-01-09,2876,1054,124232
VPN,Unmatched,2024-01-16,2900,1092,125324
VPN,Unmatched,2024-01-23,3223,1236,126560
VPN,Unmatched,2024-01-30,3353,1260,127820
VPN,Unmatched,2024-02-06,3343,1367,129187
VPN,Unmatched,2024-02-13,3295,1251,130438
VPN,Unmatched,2024-02-20,3400,1240,131678
VPN,Unmatched,2024-02-27,3297,1231,132909
VPN,Unmatched,2024-03-05,3125,1161,134070
VPN,Unmatched,2024-03-12,3288,1333,135403
VPN,Unmatched,2024-03-19,3032,1168,136571
VPN,Unmatched,2024-03-26,3187,1202,137773
VPN,Unmatched,2024-04-02,3202,1175,138948
VPN,Unmatched,2024-04-09,3521,1314,140262
VPN,Unmatched,2024-04-16,3647,1405,141667
VPN,Unmatched,2024-04-23,3491,1267,142934
VPN,Unmatched,2024-04-30,3082,1040,143974
VPN,Unmatched,2024-05-07,2896,1049,145023
VPN,Unmatched,2024-05-14,2913,1014,146037
VPN,Unmatched,2024-05-21,3844,1605,147642
VPN,Unmatched,2024-05-28,3258,1291,148933
VPN,Unmatched,2024-06-04,3213,1147,150080
VPN,Unmatched,2024-06-11,3477,1295,151375
VPN,Unmatched,2024-06-18,3165,1136,152511
VPN,Unmatched,2024-06-25,3345,1156,153667
VPN,Unmatched,2024-07-02,3472,1265,154932
VPN,Unmatched,2024-07-09,3198,1131,156063
VPN,Unmatched,2024-07-16,3450,1316,157379
VPN,Unmatched,2024-07-23,3565,1257,158636
VPN,Unmatched,2024-07-30,3935,1469,160105
VPN,Unmatched,2024-08-06,3943,1461,161566
VPN,Unmatched,2024-08-13,3640,1375,162941
VPN,Unmatched,2024-08-20,3668,1273,164214
VPN,Unmatched,2024-08-27,3774,1378,165592
VPN,Unmatched,2024-09-03,3936,1401,166993
VPN,Unmatched,2024-09-10,3812,1382,168375
VPN,Unmatched,2024-09-17,4027,1519,169894
VPN,Unmatched,2024-09-24,4210,1485,171379
VPN,Unmatched,2024-10-01,4008,1371,172750
VPN,Unmatched,2024-10-08,3679,1280,174030
VPN,Unmatched,2024-10-15,3552,1247,175277
VPN,Unmatched,2024-10-22,3462,1276,176553
VPN,Unmatched,2024-10-29,3288,1114,177667
VPN,Unmatched,2024-11-05,3403,1186,178853
VPN,Unmatched,2024-11-12,3235,1264,180117
VPN,Unmatched,2024-11-19,3199,1144,181261
VPN,Unmatched,2024-11-26,2895,1027,182288
VPN,Unmatched,2024-12-03,3248,1137,183425
VPN,Unmatched,2024-12-10,3167,1105,184530
VPN,Unmatched,2024-12-17,3314,1179,185709
VPN,Unmatched,2024-12-24,3056,1021,186730
VPN,Unmatched,2024-12-31,4182,1701,188431
VPN,Unmatched,2025-01-07,3488,1254,189685
VPN,Unmatched,2025-01-14,5209,2205,191890
VPN,Unmatched,2025-01-21,4030,1512,193402
VPN,Unmatched,2025-01-28,4646,1742,195144
VPN,Unmatched,2025-02-04,4449,1597,196741
VPN,Unmatched,2025-02-11,5318,2264,199005
VPN,Unmatched,2025-02-18,5334,2107,201112
VPN,Unmatched,2025-02-25,5195,2032,203144
VPN,Unmatched,2025-03-04,4090,1439,204583
VPN,Unmatched,2025-03-11,4009,1412,205995
VPN,Unmatched,2025-03-18,3339,1102,207097
VPN,Unmatched,2025-03-25,3682,1174,208271
VPN,Unmatched,2025-04-01,3188,1085,209356
VPN,Unmatched,2025-04-08,3089,996,210352
VPN,Unmatched,2025-04-15,3510,1183,211535
VPN,Unmatched,2025-04-22,3817,1267,212802
VPN,Unmatched,2025-04-29,3235,1085,213887
VPN,Unmatched,2025-05-06,3165,1066,214953
VPN,Unmatched,2025-05-13,3406,1009,215962
VPN,Unmatched,2025-05-20,3175,1106,217068
VPN,Unmatched,2025-05-27,3291,1043,218111
VPN,Unmatched,2025-06-03,3580,1177,219288
VPN,Unmatched,2025-06-10,3141,1058,220346
VPN,Unmatched,2025-06-17,3872,1321,221667
VPN,Unmatched,2025-06-24,4433,1595,223262
VPN,Unmatched,2025-07-01,3703,1335,224597
VPN,Unmatched,2025-07-08,3810,1243,225840
VPN,Unmatched,2025-07-15,3728,1305,227145
VPN,Unmatched,2025-07-22,5121,2130,229275
VPN,Unmatched,2025-07-29,6075,2371,231646
VPN,Unmatched,2025-08-05,6003,2318,233964
VPN,Unmatched,2025-08-12,5350,2096,236060
VPN,Unmatched,2025-08-19,5555,1983,238043
VPN,Unmatched,2025-08-26,5695,2142,240185
VPN,Unmatched,2025-09-02,5350,1838,242023
VPN,Unmatched,2025-09-09,5608,2020,244043
VPN,Unmatched,2025-09-16,6027,2270,246313
VPN,Unmatched,2025-09-23,5120,1804,248117
VPN,Unmatched,2025-09-30,5661,1951,250068
VPN,Unmatched,2025-10-07,4892,1624,251692
VPN,Unmatched,2025-10-14,4749,1467,253159
VPN,Unmatched,2025-10-21,3631,1140,254299
VPN,Unmatched (UK),2021-10-26,247,247,247
VPN,Unmatched (UK),2021-11-02,284,215,462
VPN,Unmatched (UK),2021-11-09,220,134,596
VPN,Unmatched (UK),2021-11-16,221,129,725
VPN,Unmatched (UK),2021-11-23,221,121,846
VPN,Unmatched (UK),2021-11-30,209,113,959
VPN,Unmatched (UK),2021-12-07,211,99,1058
VPN,Unmatched (UK),2021-12-14,240,115,1173
VPN,Unmatched (UK),2021-12-21,268,121,1294
VPN,Unmatched (UK),2021-12-28,255,102,1396
VPN,Unmatched (UK),2022-01-04,283,131,1527
VPN,Unmatched (UK),2022-01-11,250,99,1626
VPN,Unmatched (UK),2022-01-18,287,120,1746
VPN,Unmatched (UK),2022-01-25,222,88,1834
VPN,Unmatched (UK),2022-02-01,247,92,1926
VPN,Unmatched (UK),2022-02-08,295,120,2046
VPN,Unmatched (UK),2022-02-15,232,79,2125
VPN,Unmatched (UK),2022-02-22,247,119,2244
VPN,Unmatched (UK),2022-03-01,212,86,2330
VPN,Unmatched (UK),2022-03-08,262,99,2429
VPN,Unmatched (UK),2022-03-15,244,85,2514
VPN,Unmatched (UK),2022-03-22,211,62,2576
VPN,Unmatched (UK),2022-03-29,200,63,2639
VPN,Unmatched (UK),2022-04-05,201,56,2695
VPN,Unmatched (UK),2022-04-12,210,65,2760
VPN,Unmatched (UK),2022-04-19,230,77,2837
VPN,Unmatched (UK),2022-04-26,235,68,2905
VPN,Unmatched (UK),2022-05-03,230,74,2979
VPN,Unmatched (UK),2022-05-10,225,60,3039
VPN,Unmatched (UK),2022-05-17,203,62,3101
VPN,Unmatched (UK),2022-05-24,248,70,3171
VPN,Unmatched (UK),2022-05-31,250,69,3240
VPN,Unmatched (UK),2022-06-07,242,70,3310
VPN,Unmatched (UK),2022-06-14,207,57,3367
VPN,Unmatched (UK),2022-06-21,201,59,3426
VPN,Unmatched (UK),2022-06-28,196,57,3483
VPN,Unmatched (UK),2022-07-05,221,56,3539
VPN,Unmatched (UK),2022-07-12,234,75,3614
VPN,Unmatched (UK),2022-07-19,193,51,3665
VPN,Unmatched (UK),2022-07-26,211,64,3729
VPN,Unmatched (UK),2022-08-02,229,66,3795
VPN,Unmatched (UK),2022-08-09,240,76,3871
VPN,Unmatched (UK),2022-08-16,237,70,3941
VPN,Unmatched (UK),2022-08-23,266,77,4018
VPN,Unmatched (UK),2022-08-30,247,69,4087
VPN,Unmatched (UK),2022-09-06,264,76,4163
VPN,Unmatched (UK),2022-09-13,232,64,4227
VPN,Unmatched (UK),2022-09-20,228,67,4294
VPN,Unmatched (UK),2022-09-27,228,48,4342
VPN,Unmatched (UK),2022-10-04,252,64,4406
VPN,Unmatched (UK),2022-10-11,259,60,4466
VPN,Unmatched (UK),2022-10-18,279,71,4537
VPN,Unmatched (UK),2022-10-25,255,61,4598
VPN,Unmatched (UK),2022-11-01,258,72,4670
VPN,Unmatched (UK),2022-11-08,265,68,4738
VPN,Unmatched (UK),2022-11-15,223,47,4785
VPN,Unmatched (UK),2022-11-22,248,62,4847
VPN,Unmatched (UK),2022-11-29,201,48,4895
VPN,Unmatched (UK),2022-12-06,235,75,4970
VPN,Unmatched (UK),2022-12-13,272,89,5059
VPN,Unmatched (UK),2022-12-20,271,77,5136
VPN,Unmatched (UK),2022-12-27,309,113,5249
VPN,Unmatched (UK),2023-01-03,241,63,5312
VPN,Unmatched (UK),2023-01-10,240,60,5372
VPN,Unmatched (UK),2023-01-17,271,76,5448
VPN,Unmatched (UK),2023-01-24,276,64,5512
VPN,Unmatched (UK),2023-01-31,224,62,5574
VPN,Unmatched (UK),2023-02-07,284,75,5649
VPN,Unmatched (UK),2023-02-14,245,56,5705
VPN,Unmatched (UK),2023-02-21,265,68,5773
VPN,Unmatched (UK),2023-02-28,246,59,5832
VPN,Unmatched (UK),2023-03-07,232,61,5893
VPN,Unmatched (UK),2023-03-14,216,59,5952
VPN,Unmatched (UK),2023-03-21,250,56,6008
VPN,Unmatched (UK),2023-03-28,252,75,6083
VPN,Unmatched (UK),2023-04-04,225,41,6124
VPN,Unmatched (UK),2023-04-11,242,75,6199
VPN,Unmatched (UK),2023-04-18,295,81,6280
VPN,Unmatched (UK),2023-04-25,226,65,6345
VPN,Unmatched (UK),2023-05-02,248,65,6410
VPN,Unmatched (UK),2023-05-09,232,73,6483
VPN,Unmatched (UK),2023-05-16,210,57,6540
VPN,Unmatched (UK),2023-05-23,217,56,6596
VPN,Unmatched (UK),2023-05-30,283,75,6671
VPN,Unmatched (UK),2023-06-06,271,83,6754
VPN,Unmatched (UK),2023-06-13,245,73,6827
VPN,Unmatched (UK),2023-06-20,196,52,6879
VPN,Unmatched (UK),2023-06-27,245,71,6950
VPN,Unmatched (UK),2023-07-04,245,80,7030
VPN,Unmatched (UK),2023-07-11,205,68,7098
VPN,Unmatched (UK),2023-07-18,211,50,7148
VPN,Unmatched (UK),2023-07-25,217,73,7221
VPN,Unmatched (UK),2023-08-01,182,49,7270
VPN,Unmatched (UK),2023-08-08,216,52,7322
VPN,Unmatched (UK),2023-08-15,201,62,7384
VPN,Unmatched (UK),2023-08-22,198,60,7444
VPN,Unmatched (UK),2023-08-29,243,64,7508
VPN,Unmatched (UK),2023-09-05,224,63,7571
VPN,Unmatched (UK),2023-09-12,202,57,7628
VPN,Unmatched (UK),2023-09-19,209,46,7674
VPN,Unmatched (UK),2023-09-26,196,51,7725
VPN,Unmatched (UK),2023-10-03,126,34,7759
VPN,Unmatched (UK),2023-10-10,137,42,7801
VPN,Unmatched (UK),2023-10-17,167,65,7866
VPN,Unmatched (UK),2023-10-24,156,48,7914
VPN,Unmatched (UK),2023-10-31,207,54,7968
VPN,Unmatched (UK),2023-11-07,222,65,8033
VPN,Unmatched (UK),2023-11-14,240,62,8095
VPN,Unmatched (UK),2023-11-21,239,62,8157
VPN,Unmatched (UK),2023-11-28,222,58,8215
VPN,Unmatched (UK),2023-12-05,286,72,8287
VPN,Unmatched (UK),2023-12-12,223,55,8342
VPN,Unmatched (UK),2023-12-19,261,53,8395
VPN,Unmatched (UK),2023-12-26,229,47,8442
VPN,Unmatched (UK),2024-01-02,271,78,8520
VPN,Unmatched (UK),2024-01-09,257,62,8582
VPN,Unmatched (UK),2024-01-16,245,79,8661
VPN,Unmatched (UK),2024-01-23,344,93,8754
VPN,Unmatched (UK),2024-01-30,338,109,8863
VPN,Unmatched (UK),2024-02-06,334,107,8970
VPN,Unmatched (UK),2024-02-13,327,106,9076
VPN,Unmatched (UK),2024-02-20,322,95,9171
VPN,Unmatched (UK),2024-02-27,305,83,9254
VPN,Unmatched (UK),2024-03-05,277,80,9334
VPN,Unmatched (UK),2024-03-12,337,130,9464
VPN,Unmatched (UK),2024-03-19,268,89,9553
VPN,Unmatched (UK),2024-03-26,316,108,9661
VPN,Unmatched (UK),2024-04-02,288,82,9743
VPN,Unmatched (UK),2024-04-09,313,84,9827
VPN,Unmatched (UK),2024-04-16,316,96,9923
VPN,Unmatched (UK),2024-04-23,357,91,10014
VPN,Unmatched (UK),2024-04-30,287,59,10073
VPN,Unmatched (UK),2024-05-07,256,72,10145
VPN,Unmatched (UK),2024-05-14,260,63,10208
VPN,Unmatched (UK),2024-05-21,409,164,10372
VPN,Unmatched (UK),2024-05-28,317,112,10484
VPN,Unmatched (UK),2024-06-04,298,73,10557
VPN,Unmatched (UK),2024-06-11,281,87,10644
VPN,Unmatched (UK),2024-06-18,272,71,10715
VPN,Unmatched (UK),2024-06-25,303,62,10777
VPN,Unmatched (UK),2024-07-02,291,70,10847
VPN,Unmatched (UK),2024-07-09,268,78,10925
VPN,Unmatched (UK),2024-07-16,299,88,11013
VPN,Unmatched (UK),2024-07-23,305,85,11098
VPN,Unmatched (UK),2024-07-30,345,86,11184
VPN,Unmatched (UK),2024-08-06,331,74,11258
VPN,Unmatched (UK),2024-08-13,329,94,11352
VPN,Unmatched (UK),2024-08-20,327,91,11443
VPN,Unmatched (UK),2024-08-27,340,104,11547
VPN,Unmatched (UK),2024-09-03,353,98,11645
VPN,Unmatched (UK),2024-09-10,347,99,11744
VPN,Unmatched (UK),2024-09-17,363,105,11849
VPN,Unmatched (UK),2024-09-24,368,101,11950
VPN,Unmatched (UK),2024-10-01,365,105,12055
VPN,Unmatched (UK),2024-10-08,295,67,12122
VPN,Unmatched (UK),2024-10-15,332,93,12215
VPN,Unmatched (UK),2024-10-22,350,110,12325
VPN,Unmatched (UK),2024-10-29,291,67,12392
VPN,Unmatched (UK),2024-11-05,319,84,12476
VPN,Unmatched (UK),2024-11-12,275,82,12558
VPN,Unmatched (UK),2024-11-19,296,75,12633
VPN,Unmatched (UK),2024-11-26,249,54,12687
VPN,Unmatched (UK),2024-12-03,304,98,12785
VPN,Unmatched (UK),2024-12-10,306,79,12864
VPN,Unmatched (UK),2024-12-17,270,69,12933
VPN,Unmatched (UK),2024-12-24,284,63,12996
VPN,Unmatched (UK),2024-12-31,425,162,13158
VPN,Unmatched (UK),2025-01-07,317,86,13244
VPN,Unmatched (UK),2025-01-14,463,139,13383
VPN,Unmatched (UK),2025-01-21,322,80,13463
VPN,Unmatched (UK),2025-01-28,405,117,13580
VPN,Unmatched (UK),2025-02-04,426,108,13688
VPN,Unmatched (UK),2025-02-11,465,162,13850
VPN,Unmatched (UK),2025-02-18,590,186,14036
VPN,Unmatched (UK),2025-02-25,549,170,14206
VPN,Unmatched (UK),2025-03-04,354,81,14287
VPN,Unmatched (UK),2025-03-11,384,114,14401
VPN,Unmatched (UK),2025-03-18,301,81,14482
VPN,Unmatched (UK),2025-03-25,368,83,14565
VPN,Unmatched (UK),2025-04-01,313,77,14642
VPN,Unmatched (UK),2025-04-08,298,63,14705
VPN,Unmatched (UK),2025-04-15,336,80,14785
VPN,Unmatched (UK),2025-04-22,358,99,14884
VPN,Unmatched (UK),2025-04-29,297,75,14959
VPN,Unmatched (UK),2025-05-06,286,68,15027
VPN,Unmatched (UK),2025-05-13,346,80,15107
VPN,Unmatched (UK),2025-05-20,315,80,15187
VPN,Unmatched (UK),2025-05-27,333,79,15266
VPN,Unmatched (UK),2025-06-03,347,79,15345
VPN,Unmatched (UK),2025-06-10,303,72,15417
VPN,Unmatched (UK),2025-06-17,406,111,15528
VPN,Unmatched (UK),2025-06-24,416,122,15650
VPN,Unmatched (UK),2025-07-01,319,69,15719
VPN,Unmatched (UK),2025-07-08,398,87,15806
VPN,Unmatched (UK),2025-07-15,431,138,15944
VPN,Unmatched (UK),2025-07-22,702,304,16248
VPN,Unmatched (UK),2025-07-29,979,439,16687
VPN,Unmatched (UK),2025-08-05,763,260,16947
VPN,Unmatched (UK),2025-08-12,741,300,17247
VPN,Unmatched (UK),2025-08-19,792,257,17504
VPN,Unmatched (UK),2025-08-26,660,198,17702
VPN,Unmatched (UK),2025-09-02,557,159,17861
VPN,Unmatched (UK),2025-09-09,611,190,18051
VPN,Unmatched (UK),2025-09-16,677,224,18275
VPN,Unmatched (UK),2025-09-23,579,179,18454
VPN,Unmatched (UK),2025-09-30,602,170,18624
VPN,Unmatched (UK),2025-10-07,507,126,18750
VPN,Unmatched (UK),2025-10-14,470,97,18847
VPN,Unmatched (UK),2025-10-21,340,61,18908
VPN,Raw,2021-10-26,2905,2905,2905
VPN,Raw,2021-11-02,3345,2564,5469
VPN,Raw,2021-11-09,3319,2204,7673
VPN,Raw,2021-11-16,2935,1744,9417
VPN,Raw,2021-11-23,3234,1860,11277
VPN,Raw,2021-11-30,3089,1662,12939
VPN,Raw,2021-12-07,2940,1505,14444
VPN,Raw,2021-12-14,2992,1524,15968
VPN,Raw,2021-12-21,3350,1747,17715
VPN,Raw,2021-12-28,3458,1703,19418
VPN,Raw,2022-01-04,3716,1842,21260
VPN,Raw,2022-01-11,3344,1586,22846
VPN,Raw,2022-01-18,3532,1622,24468
VPN,Raw,2022-01-25,3468,1597,26065
VPN,Raw,2022-02-01,3241,1477,27542
VPN,Raw,2022-02-08,3699,1635,29177
VPN,Raw,2022-02-15,3289,1364,30541
VPN,Raw,2022-02-22,3098,1304,31845
VPN,Raw,2022-03-01,3133,1288,33133
VPN,Raw,2022-03-08,3613,1578,34711
VPN,Raw,2022-03-15,3296,1329,36040
VPN,Raw,2022-03-22,2940,1126,37166
VPN,Raw,2022-03-29,2971,1186,38352
VPN,Raw,2022-04-05,3129,1261,39613
VPN,Raw,2022-04-12,3262,1284,40897
VPN,Raw,2022-04-19,3274,1304,42201
VPN,Raw,2022-04-26,3170,1247,43448
VPN,Raw,2022-05-03,3035,1167,44615
VPN,Raw,2022-05-10,3055,1127,45742
VPN,Raw,2022-05-17,3057,1088,46830
VPN,Raw,2022-05-24,3668,1386,48216
VPN,Raw,2022-05-31,3502,1308,49524
VPN,Raw,2022-06-07,3211,1140,50664
VPN,Raw,2022-06-14,2910,977,51641
VPN,Raw,2022-06-21,3246,1155,52796
VPN,Raw,2022-06-28,3036,1093,53889
VPN,Raw,2022-07-05,2959,1026,54915
VPN,Raw,2022-07-12,3198,1161,56076
VPN,Raw,2022-07-19,2984,1074,57150
VPN,Raw,2022-07-26,3201,1149,58299
VPN,Raw,2022-08-02,2976,1056,59355
VPN,Raw,2022-08-09,3119,1126,60481
VPN,Raw,2022-08-16,3157,1089,61570
VPN,Raw,2022-08-23,3428,1267,62837
VPN,Raw,2022-08-30,3490,1218,64055
VPN,Raw,2022-09-06,3616,1264,65319
VPN,Raw,2022-09-13,3295,1176,66495
VPN,Raw,2022-09-20,3271,1153,67648
VPN,Raw,2022-09-27,3200,1108,68756
VPN,Raw,2022-10-04,3240,1109,69865
VPN,Raw,2022-10-11,3435,1138,71003
VPN,Raw,2022-10-18,3543,1197,72200
VPN,Raw,2022-10-25,3494,1179,73379
VPN,Raw,2022-11-01,3563,1238,74617
VPN,Raw,2022-11-08,3357,1133,75750
VPN,Raw,2022-11-15,3240,1074,76824
VPN,Raw,2022-11-22,3608,1247,78071
VPN,Raw,2022-11-29,3306,1088,79159
VPN,Raw,2022-12-06,3232,1161,80320
VPN,Raw,2022-12-13,3516,1284,81604
VPN,Raw,2022-12-20,3818,1567,83171
VPN,Raw,2022-12-27,3687,1288,84459
VPN,Raw,2023-01-03,3432,1205,85664
VPN,Raw,2023-01-10,3044,1001,86665
VPN,Raw,2023-01-17,3480,1227,87892
VPN,Raw,2023-01-24,3730,1276,89168
VPN,Raw,2023-01-31,3194,1113,90281
VPN,Raw,2023-02-07,3427,1147,91428
VPN,Raw,2023-02-14,3436,1228,92656
VPN,Raw,2023-02-21,3462,1211,93867
VPN,Raw,2023-02-28,3316,1089,94956
VPN,Raw,2023-03-07,3148,992,95948
VPN,Raw,2023-03-14,3064,1039,96987
VPN,Raw,2023-03-21,3123,1028,98015
VPN,Raw,2023-03-28,3533,1294,99309
VPN,Raw,2023-04-04,3088,965,100274
VPN,Raw,2023-04-11,3150,1089,101363
VPN,Raw,2023-04-18,3548,1166,102529
VPN,Raw,2023-04-25,3289,1127,103656
VPN,Raw,2023-05-02,3185,1088,104744
VPN,Raw,2023-05-09,3160,1083,105827
VPN,Raw,2023-05-16,2978,951,106778
VPN,Raw,2023-05-23,3110,1042,107820
VPN,Raw,2023-05-30,3632,1267,109087
VPN,Raw,2023-06-06,3388,1206,110293
VPN,Raw,2023-06-13,3157,1207,111500
VPN,Raw,2023-06-20,2642,973,112473
VPN,Raw,2023-06-27,2964,1146,113619
VPN,Raw,2023-07-04,2824,1085,114704
VPN,Raw,2023-07-11,2850,1100,115804
VPN,Raw,2023-07-18,2663,1011,116815
VPN,Raw,2023-07-25,2601,977,117792
VPN,Raw,2023-08-01,2540,1002,118794
VPN,Raw,2023-08-08,2745,1058,119852
VPN,Raw,2023-08-15,2837,1167,121019
VPN,Raw,2023-08-22,2828,1126,122145
VPN,Raw,2023-08-29,2901,1174,123319
VPN,Raw,2023-09-05,3003,1122,124441
VPN,Raw,2023-09-12,2749,1046,125487
VPN,Raw,2023-09-19,2838,1054,126541
VPN,Raw,2023-09-26,2679,1000,127541
VPN,Raw,2023-10-03,1790,665,128206
VPN,Raw,2023-10-10,1792,725,128931
VPN,Raw,2023-10-17,1981,789,129720
VPN,Raw,2023-10-24,1936,752,130472
VPN,Raw,2023-10-31,2753,1077,131549
VPN,Raw,2023-11-07,2937,1098,132647
VPN,Raw,2023-11-14,2995,1109,133756
VPN,Raw,2023-11-21,3204,1220,134976
VPN,Raw,2023-11-28,3111,1141,136117
VPN,Raw,2023-12-05,3303,1087,137204
VPN,Raw,2023-12-12,3137,1117,138321
VPN,Raw,2023-12-19,3204,1137,139458
VPN,Raw,2023-12-26,3191,1175,140633
VPN,Raw,2024-01-02,3510,1323,141956
VPN,Raw,2024-01-09,3393,1246,143202
VPN,Raw,2024-01-16,3381,1254,144456
VPN,Raw,2024-01-23,3736,1442,145898
VPN,Raw,2024-01-30,3858,1453,147351
VPN,Raw,2024-02-06,3967,1599,148950
VPN,Raw,2024-02-13,3810,1430,150380
VPN,Raw,2024-02-20,3927,1431,151811
VPN,Raw,2024-02-27,3859,1456,153267
VPN,Raw,2024-03-05,3606,1335,154602
VPN,Raw,2024-03-12,3777,1536,156138
VPN,Raw,2024-03-19,3513,1377,157515
VPN,Raw,2024-03-26,3695,1400,158915
VPN,Raw,2024-04-02,3762,1407,160322
VPN,Raw,2024-04-09,4015,1480,161802
VPN,Raw,2024-04-16,4104,1548,163350
VPN,Raw,2024-04-23,3973,1423,164773
VPN,Raw,2024-04-30,3622,1249,166022
VPN,Raw,2024-05-07,3379,1226,167248
VPN,Raw,2024-05-14,3413,1184,168432
VPN,Raw,2024-05-21,4305,1776,170208
VPN,Raw,2024-05-28,3687,1448,171656
VPN,Raw,2024-06-04,3689,1352,173008
VPN,Raw,2024-06-11,3939,1457,174465
VPN,Raw,2024-06-18,3658,1326,175791
VPN,Raw,2024-06-25,3832,1338,177129
VPN,Raw,2024-07-02,3939,1431,178560
VPN,Raw,2024-07-09,3691,1313,179873
VPN,Raw,2024-07-16,3968,1516,181389
VPN,Raw,2024-07-23,4081,1446,182835
VPN,Raw,2024-07-30,4399,1620,184455
VPN,Raw,2024-08-06,4455,1654,186109
VPN,Raw,2024-08-13,4214,1595,187704
VPN,Raw,2024-08-20,4176,1481,189185
VPN,Raw,2024-08-27,4338,1590,190775
VPN,Raw,2024-09-03,4463,1598,192373
VPN,Raw,2024-09-10,4357,1560,193933
VPN,Raw,2024-09-17,4569,1711,195644
VPN,Raw,2024-09-24,4758,1656,197300
VPN,Raw,2024-10-01,4556,1558,198858
VPN,Raw,2024-10-08,4201,1488,200346
VPN,Raw,2024-10-15,3983,1399,201745
VPN,Raw,2024-10-22,4005,1497,203242
VPN,Raw,2024-10-29,3802,1292,204534
VPN,Raw,2024-11-05,3973,1381,205915
VPN,Raw,2024-11-12,3755,1465,207380
VPN,Raw,2024-11-19,3727,1306,208686
VPN,Raw,2024-11-26,3448,1238,209924
VPN,Raw,2024-12-03,3758,1306,211230
VPN,Raw,2024-12-10,3673,1292,212522
VPN,Raw,2024-12-17,3860,1398,213920
VPN,Raw,2024-12-24,3552,1200,215120
VPN,Raw,2024-12-31,4749,1902,217022
VPN,Raw,2025-01-07,4037,1468,218490
VPN,Raw,2025-01-14,6063,2586,221076
VPN,Raw,2025-01-21,4689,1729,222805
VPN,Raw,2025-01-28,5244,1957,224762
VPN,Raw,2025-02-04,5028,1793,226555
VPN,Raw,2025-02-11,5950,2521,229076
VPN,Raw,2025-02-18,5953,2260,231336
VPN,Raw,2025-02-25,5849,2226,233562
VPN,Raw,2025-03-04,4642,1630,235192
VPN,Raw,2025-03-11,4541,1575,236767
VPN,Raw,2025-03-18,3860,1274,238041
VPN,Raw,2025-03-25,4217,1345,239386
VPN,Raw,2025-04-01,3784,1275,240661
VPN,Raw,2025-04-08,3607,1187,241848
VPN,Raw,2025-04-15,4080,1352,243200
VPN,Raw,2025-04-22,4370,1450,244650
VPN,Raw,2025-04-29,3771,1253,245903
VPN,Raw,2025-05-06,3653,1213,247116
VPN,Raw,2025-05-13,3907,1161,248277
VPN,Raw,2025-05-20,3648,1228,249505
VPN,Raw,2025-05-27,3749,1194,250699
VPN,Raw,2025-06-03,4055,1316,252015
VPN,Raw,2025-06-10,3614,1233,253248
VPN,Raw,2025-06-17,4354,1475,254723
VPN,Raw,2025-06-24,5033,1810,256533
VPN,Raw,2025-07-01,4232,1496,258029
VPN,Raw,2025-07-08,4284,1393,259422
VPN,Raw,2025-07-15,4261,1477,260899
VPN,Raw,2025-07-22,6055,2486,263385
VPN,Raw,2025-07-29,7162,2789,266174
VPN,Raw,2025-08-05,6821,2594,268768
VPN,Raw,2025-08-12,6171,2405,271173
VPN,Raw,2025-08-19,6405,2257,273430
VPN,Raw,2025-08-26,6493,2438,275868
VPN,Raw,2025-09-02,6072,2050,277918
VPN,Raw,2025-09-09,6347,2273,280191
VPN,Raw,2025-09-16,6843,2524,282715
VPN,Raw,2025-09-23,5952,2078,284793
VPN,Raw,2025-09-30,6407,2160,286953
VPN,Raw,2025-10-07,5563,1795,288748
VPN,Raw,2025-10-14,5490,1686,290434
VPN,Raw,2025-10-21,4174,1295,291729
VPN,Raw (UK),2021-10-26,262,262,262
VPN,Raw (UK),2021-11-02,304,231,493
VPN,Raw (UK),2021-11-09,234,144,637
VPN,Raw (UK),2021-11-16,248,146,783
VPN,Raw (UK),2021-11-23,254,143,926
VPN,Raw (UK),2021-11-30,229,122,1048
VPN,Raw (UK),2021-12-07,239,112,1160
VPN,Raw (UK),2021-12-14,260,119,1279
VPN,Raw (UK),2021-12-21,294,131,1410
VPN,Raw (UK),2021-12-28,279,108,1518
VPN,Raw (UK),2022-01-04,303,136,1654
VPN,Raw (UK),2022-01-11,281,114,1768
VPN,Raw (UK),2022-01-18,322,135,1903
VPN,Raw (UK),2022-01-25,249,101,2004
VPN,Raw (UK),2022-02-01,276,106,2110
VPN,Raw (UK),2022-02-08,329,125,2235
VPN,Raw (UK),2022-02-15,268,89,2324
VPN,Raw (UK),2022-02-22,274,128,2452
VPN,Raw (UK),2022-03-01,245,97,2549
VPN,Raw (UK),2022-03-08,289,108,2657
VPN,Raw (UK),2022-03-15,273,96,2753
VPN,Raw (UK),2022-03-22,230,68,2821
VPN,Raw (UK),2022-03-29,227,70,2891
VPN,Raw (UK),2022-04-05,239,71,2962
VPN,Raw (UK),2022-04-12,238,69,3031
VPN,Raw (UK),2022-04-19,262,89,3120
VPN,Raw (UK),2022-04-26,258,84,3204
VPN,Raw (UK),2022-05-03,261,79,3283
VPN,Raw (UK),2022-05-10,249,63,3346
VPN,Raw (UK),2022-05-17,237,75,3421
VPN,Raw (UK),2022-05-24,271,72,3493
VPN,Raw (UK),2022-05-31,274,71,3564
VPN,Raw (UK),2022-06-07,268,80,3644
VPN,Raw (UK),2022-06-14,230,61,3705
VPN,Raw (UK),2022-06-21,226,63,3768
VPN,Raw (UK),2022-06-28,218,64,3832
VPN,Raw (UK),2022-07-05,244,62,3894
VPN,Raw (UK),2022-07-12,258,79,3973
VPN,Raw (UK),2022-07-19,218,56,4029
VPN,Raw (UK),2022-07-26,254,84,4113
VPN,Raw (UK),2022-08-02,250,73,4186
VPN,Raw (UK),2022-08-09,264,76,4262
VPN,Raw (UK),2022-08-16,269,81,4343
VPN,Raw (UK),2022-08-23,290,78,4421
VPN,Raw (UK),2022-08-30,279,78,4499
VPN,Raw (UK),2022-09-06,301,85,4584
VPN,Raw (UK),2022-09-13,265,79,4663
VPN,Raw (UK),2022-09-20,259,82,4745
VPN,Raw (UK),2022-09-27,256,51,4796
VPN,Raw (UK),2022-10-04,287,67,4863
VPN,Raw (UK),2022-10-11,280,64,4927
VPN,Raw (UK),2022-10-18,298,77,5004
VPN,Raw (UK),2022-10-25,281,68,5072
VPN,Raw (UK),2022-11-01,296,82,5154
VPN,Raw (UK),2022-11-08,293,72,5226
VPN,Raw (UK),2022-11-15,252,53,5279
VPN,Raw (UK),2022-11-22,268,66,5345
VPN,Raw (UK),2022-11-29,231,53,5398
VPN,Raw (UK),2022-12-06,269,80,5478
VPN,Raw (UK),2022-12-13,306,102,5580
VPN,Raw (UK),2022-12-20,302,87,5667
VPN,Raw (UK),2022-12-27,337,117,5784
VPN,Raw (UK),2023-01-03,281,80,5864
VPN,Raw (UK),2023-01-10,260,64,5928
VPN,Raw (UK),2023-01-17,302,84,6012
VPN,Raw (UK),2023-01-24,295,71,6083
VPN,Raw (UK),2023-01-31,261,79,6162
VPN,Raw (UK),2023-02-07,310,84,6246
VPN,Raw (UK),2023-02-14,277,66,6312
VPN,Raw (UK),2023-02-21,298,74,6386
VPN,Raw (UK),2023-02-28,286,73,6459
VPN,Raw (UK),2023-03-07,275,71,6530
VPN,Raw (UK),2023-03-14,243,72,6602
VPN,Raw (UK),2023-03-21,276,68,6670
VPN,Raw (UK),2023-03-28,286,90,6760
VPN,Raw (UK),2023-04-04,265,51,6811
VPN,Raw (UK),2023-04-11,282,82,6893
VPN,Raw (UK),2023-04-18,323,83,6976
VPN,Raw (UK),2023-04-25,272,77,7053
VPN,Raw (UK),2023-05-02,291,74,7127
VPN,Raw (UK),2023-05-09,258,79,7206
VPN,Raw (UK),2023-05-16,244,65,7271
VPN,Raw (UK),2023-05-23,250,65,7336
VPN,Raw (UK),2023-05-30,312,79,7415
VPN,Raw (UK),2023-06-06,304,91,7506
VPN,Raw (UK),2023-06-13,282,81,7587
VPN,Raw (UK),2023-06-20,227,60,7647
VPN,Raw (UK),2023-06-27,280,75,7722
VPN,Raw (UK),2023-07-04,271,90,7812
VPN,Raw (UK),2023-07-11,232,74,7886
VPN,Raw (UK),2023-07-18,237,56,7942
VPN,Raw (UK),2023-07-25,255,81,8023
VPN,Raw (UK),2023-08-01,223,61,8084
VPN,Raw (UK),2023-08-08,248,58,8142
VPN,Raw (UK),2023-08-15,237,76,8218
VPN,Raw (UK),2023-08-22,236,76,8294
VPN,Raw (UK),2023-08-29,269,67,8361
VPN,Raw (UK),2023-09-05,257,70,8431
VPN,Raw (UK),2023-09-12,227,60,8491
VPN,Raw (UK),2023-09-19,244,55,8546
VPN,Raw (UK),2023-09-26,228,63,8609
VPN,Raw (UK),2023-10-03,162,48,8657
VPN,Raw (UK),2023-10-10,156,47,8704
VPN,Raw (UK),2023-10-17,202,76,8780
VPN,Raw (UK),2023-10-24,188,58,8838
VPN,Raw (UK),2023-10-31,235,70,8908
VPN,Raw (UK),2023-11-07,255,76,8984
VPN,Raw (UK),2023-11-14,272,71,9055
VPN,Raw (UK),2023-11-21,276,64,9119
VPN,Raw (UK),2023-11-28,248,69,9188
VPN,Raw (UK),2023-12-05,322,77,9265
VPN,Raw (UK),2023-12-12,266,65,9330
VPN,Raw (UK),2023-12-19,306,66,9396
VPN,Raw (UK),2023-12-26,267,57,9453
VPN,Raw (UK),2024-01-02,305,80,9533
VPN,Raw (UK),2024-01-09,297,74,9607
VPN,Raw (UK),2024-01-16,292,89,9696
VPN,Raw (UK),2024-01-23,381,102,9798
VPN,Raw (UK),2024-01-30,380,125,9923
VPN,Raw (UK),2024-02-06,393,122,10045
VPN,Raw (UK),2024-02-13,377,113,10158
VPN,Raw (UK),2024-02-20,357,101,10259
VPN,Raw (UK),2024-02-27,355,105,10364
VPN,Raw (UK),2024-03-05,314,84,10448
VPN,Raw (UK),2024-03-12,374,148,10596
VPN,Raw (UK),2024-03-19,308,99,10695
VPN,Raw (UK),2024-03-26,345,114,10809
VPN,Raw (UK),2024-04-02,331,98,10907
VPN,Raw (UK),2024-04-09,356,93,11000
VPN,Raw (UK),2024-04-16,342,103,11103
VPN,Raw (UK),2024-04-23,385,98,11201
VPN,Raw (UK),2024-04-30,326,74,11275
VPN,Raw (UK),2024-05-07,291,83,11358
VPN,Raw (UK),2024-05-14,303,71,11429
VPN,Raw (UK),2024-05-21,441,175,11604
VPN,Raw (UK),2024-05-28,345,116,11720
VPN,Raw (UK),2024-06-04,327,86,11806
VPN,Raw (UK),2024-06-11,317,96,11902
VPN,Raw (UK),2024-06-18,305,77,11979
VPN,Raw (UK),2024-06-25,343,71,12050
VPN,Raw (UK),2024-07-02,324,79,12129
VPN,Raw (UK),2024-07-09,296,81,12210
VPN,Raw (UK),2024-07-16,335,92,12302
VPN,Raw (UK),2024-07-23,335,86,12388
VPN,Raw (UK),2024-07-30,387,95,12483
VPN,Raw (UK),2024-08-06,364,86,12569
VPN,Raw (UK),2024-08-13,356,98,12667
VPN,Raw (UK),2024-08-20,361,100,12767
VPN,Raw (UK),2024-08-27,385,118,12885
VPN,Raw (UK),2024-09-03,402,111,12996
VPN,Raw (UK),2024-09-10,382,110,13106
VPN,Raw (UK),2024-09-17,403,108,13214
VPN,Raw (UK),2024-09-24,397,109,13323
VPN,Raw (UK),2024-10-01,403,112,13435
VPN,Raw (UK),2024-10-08,336,82,13517
VPN,Raw (UK),2024-10-15,366,101,13618
VPN,Raw (UK),2024-10-22,385,118,13736
VPN,Raw (UK),2024-10-29,324,78,13814
VPN,Raw (UK),2024-11-05,369,103,13917
VPN,Raw (UK),2024-11-12,319,93,14010
VPN,Raw (UK),2024-11-19,332,78,14088
VPN,Raw (UK),2024-11-26,284,63,14151
VPN,Raw (UK),2024-12-03,337,106,14257
VPN,Raw (UK),2024-12-10,345,85,14342
VPN,Raw (UK),2024-12-17,312,79,14421
VPN,Raw (UK),2024-12-24,329,75,14496
VPN,Raw (UK),2024-12-31,471,168,14664
VPN,Raw (UK),2025-01-07,368,97,14761
VPN,Raw (UK),2025-01-14,524,156,14917
VPN,Raw (UK),2025-01-21,375,90,15007
VPN,Raw (UK),2025-01-28,434,124,15131
VPN,Raw (UK),2025-02-04,470,116,15247
VPN,Raw (UK),2025-02-11,514,164,15411
VPN,Raw (UK),2025-02-18,636,194,15605
VPN,Raw (UK),2025-02-25,608,189,15794
VPN,Raw (UK),2025-03-04,409,100,15894
VPN,Raw (UK),2025-03-11,424,120,16014
VPN,Raw (UK),2025-03-18,347,91,16105
VPN,Raw (UK),2025-03-25,411,91,16196
VPN,Raw (UK),2025-04-01,357,87,16283
VPN,Raw (UK),2025-04-08,328,70,16353
VPN,Raw (UK),2025-04-15,393,94,16447
VPN,Raw (UK),2025-04-22,407,108,16555
VPN,Raw (UK),2025-04-29,335,90,16645
VPN,Raw (UK),2025-05-06,322,71,16716
VPN,Raw (UK),2025-05-13,390,92,16808
VPN,Raw (UK),2025-05-20,355,82,16890
VPN,Raw (UK),2025-05-27,369,88,16978
VPN,Raw (UK),2025-06-03,389,91,17069
VPN,Raw (UK),2025-06-10,336,81,17150
VPN,Raw (UK),2025-06-17,459,128,17278
VPN,Raw (UK),2025-06-24,480,140,17418
VPN,Raw (UK),2025-07-01,362,82,17500
VPN,Raw (UK),2025-07-08,436,91,17591
VPN,Raw (UK),2025-07-15,492,164,17755
VPN,Raw (UK),2025-07-22,878,389,18144
VPN,Raw (UK),2025-07-29,1199,523,18667
VPN,Raw (UK),2025-08-05,899,290,18957
VPN,Raw (UK),2025-08-12,908,369,19326
VPN,Raw (UK),2025-08-19,949,312,19638
VPN,Raw (UK),2025-08-26,758,228,19866
VPN,Raw (UK),2025-09-02,653,184,20050
VPN,Raw (UK),2025-09-09,697,220,20270
VPN,Raw (UK),2025-09-16,771,236,20506
VPN,Raw (UK),2025-09-23,675,202,20708
VPN,Raw (UK),2025-09-30,685,189,20897
VPN,Raw (UK),2025-10-07,579,134,21031
VPN,Raw (UK),2025-10-14,544,111,21142
VPN,Raw (UK),2025-10-21,393,67,21209
VPN,Matched,2021-10-26,704,704,704
VPN,Matched,2021-11-02,759,642,1346
VPN,Matched,2021-11-09,729,569,1915
VPN,Matched,2021-11-16,812,602,2517
VPN,Matched,2021-11-23,771,543,3060
VPN,Matched,2021-11-30,812,565,3625
VPN,Matched,2021-12-07,698,445,4070
VPN,Matched,2021-12-14,660,432,4502
VPN,Matched,2021-12-21,736,464,4966
VPN,Matched,2021-12-28,842,534,5500
VPN,Matched,2022-01-04,887,577,6077
VPN,Matched,2022-01-11,906,580,6657
VPN,Matched,2022-01-18,973,592,7249
VPN,Matched,2022-01-25,842,514,7763
VPN,Matched,2022-02-01,797,493,8256
VPN,Matched,2022-02-08,910,534,8790
VPN,Matched,2022-02-15,808,454,9244
VPN,Matched,2022-02-22,752,437,9681
VPN,Matched,2022-03-01,857,477,10158
VPN,Matched,2022-03-08,854,471,10629
VPN,Matched,2022-03-15,882,498,11127
VPN,Matched,2022-03-22,784,428,11555
VPN,Matched,2022-03-29,799,453,12008
VPN,Matched,2022-04-05,793,419,12427
VPN,Matched,2022-04-12,787,415,12842
VPN,Matched,2022-04-19,862,483,13325
VPN,Matched,2022-04-26,764,434,13759
VPN,Matched,2022-05-03,812,456,14215
VPN,Matched,2022-05-10,731,376,14591
VPN,Matched,2022-05-17,750,395,14986
VPN,Matched,2022-05-24,984,512,15498
VPN,Matched,2022-05-31,893,450,15948
VPN,Matched,2022-06-07,866,446,16394
VPN,Matched,2022-06-14,824,408,16802
VPN,Matched,2022-06-21,910,457,17259
VPN,Matched,2022-06-28,774,414,17673
VPN,Matched,2022-07-05,762,385,18058
VPN,Matched,2022-07-12,779,395,18453
VPN,Matched,2022-07-19,789,400,18853
VPN,Matched,2022-07-26,904,446,19299
VPN,Matched,2022-08-02,721,359,19658
VPN,Matched,2022-08-09,783,405,20063
VPN,Matched,2022-08-16,833,418,20481
VPN,Matched,2022-08-23,940,482,20963
VPN,Matched,2022-08-30,942,467,21430
VPN,Matched,2022-09-06,873,426,21856
VPN,Matched,2022-09-13,853,428,22284
VPN,Matched,2022-09-20,903,445,22729
VPN,Matched,2022-09-27,849,411,23140
VPN,Matched,2022-10-04,856,440,23580
VPN,Matched,2022-10-11,883,404,23984
VPN,Matched,2022-10-18,863,409,24393
VPN,Matched,2022-10-25,906,456,24849
VPN,Matched,2022-11-01,858,398,25247
VPN,Matched,2022-11-08,858,417,25664
VPN,Matched,2022-11-15,823,394,26058
VPN,Matched,2022-11-22,961,502,26560
VPN,Matched,2022-11-29,897,439,26999
VPN,Matched,2022-12-06,914,451,27450
VPN,Matched,2022-12-13,844,404,27854
VPN,Matched,2022-12-20,882,438,28292
VPN,Matched,2022-12-27,893,468,28760
VPN,Matched,2023-01-03,921,459,29219
VPN,Matched,2023-01-10,808,373,29592
VPN,Matched,2023-01-17,842,407,29999
VPN,Matched,2023-01-24,886,432,30431
VPN,Matched,2023-01-31,947,470,30901
VPN,Matched,2023-02-07,914,425,31326
VPN,Matched,2023-02-14,906,443,31769
VPN,Matched,2023-02-21,948,465,32234
VPN,Matched,2023-02-28,951,468,32702
VPN,Matched,2023-03-07,896,396,33098
VPN,Matched,2023-03-14,873,418,33516
VPN,Matched,2023-03-21,772,354,33870
VPN,Matched,2023-03-28,909,455,34325
VPN,Matched,2023-04-04,903,408,34733
VPN,Matched,2023-04-11,883,408,35141
VPN,Matched,2023-04-18,911,437,35578
VPN,Matched,2023-04-25,887,412,35990
VPN,Matched,2023-05-02,911,436,36426
VPN,Matched,2023-05-09,856,381,36807
VPN,Matched,2023-05-16,767,366,37173
VPN,Matched,2023-05-23,907,419,37592
VPN,Matched,2023-05-30,940,462,38054
VPN,Matched,2023-06-06,838,399,38453
VPN,Matched,2023-06-13,831,417,38870
VPN,Matched,2023-06-20,751,373,39243
VPN,Matched,2023-06-27,856,444,39687
VPN,Matched,2023-07-04,712,377,40064
VPN,Matched,2023-07-11,766,412,40476
VPN,Matched,2023-07-18,701,362,40838
VPN,Matched,2023-07-25,765,407,41245
VPN,Matched,2023-08-01,758,415,41660
VPN,Matched,2023-08-08,785,407,42067
VPN,Matched,2023-08-15,889,468,42535
VPN,Matched,2023-08-22,753,408,42943
VPN,Matched,2023-08-29,812,431,43374
VPN,Matched,2023-09-05,768,396,43770
VPN,Matched,2023-09-12,798,395,44165
VPN,Matched,2023-09-19,807,409,44574
VPN,Matched,2023-09-26,759,377,44951
VPN,Matched,2023-10-03,563,299,45250
VPN,Matched,2023-10-10,584,299,45549
VPN,Matched,2023-10-17,612,345,45894
VPN,Matched,2023-10-24,630,338,46232
VPN,Matched,2023-10-31,732,379,46611
VPN,Matched,2023-11-07,797,405,47016
VPN,Matched,2023-11-14,812,420,47436
VPN,Matched,2023-11-21,873,455,47891
VPN,Matched,2023-11-28,826,431,48322
VPN,Matched,2023-12-05,876,444,48766
VPN,Matched,2023-12-12,909,469,49235
VPN,Matched,2023-12-19,847,439,49674
VPN,Matched,2023-12-26,920,492,50166
VPN,Matched,2024-01-02,1022,505,50671
VPN,Matched,2024-01-09,917,500,51171
VPN,Matched,2024-01-16,913,464,51635
VPN,Matched,2024-01-23,958,517,52152
VPN,Matched,2024-01-30,1030,529,52681
VPN,Matched,2024-02-06,1166,624,53305
VPN,Matched,2024-02-13,1007,506,53811
VPN,Matched,2024-02-20,1038,525,54336
VPN,Matched,2024-02-27,1005,515,54851
VPN,Matched,2024-03-05,905,453,55304
VPN,Matched,2024-03-12,919,473,55777
VPN,Matched,2024-03-19,910,472,56249
VPN,Matched,2024-03-26,976,508,56757
VPN,Matched,2024-04-02,1064,549,57306
VPN,Matched,2024-04-09,991,472,57778
VPN,Matched,2024-04-16,912,449,58227
VPN,Matched,2024-04-23,938,456,58683
VPN,Matched,2024-04-30,1015,484,59167
VPN,Matched,2024-05-07,905,434,59601
VPN,Matched,2024-05-14,978,458,60059
VPN,Matched,2024-05-21,910,448,60507
VPN,Matched,2024-05-28,867,447,60954
VPN,Matched,2024-06-04,900,490,61444
VPN,Matched,2024-06-11,935,473,61917
VPN,Matched,2024-06-18,979,496,62413
VPN,Matched,2024-06-25,965,467,62880
VPN,Matched,2024-07-02,946,462,63342
VPN,Matched,2024-07-09,930,475,63817
VPN,Matched,2024-07-16,1023,525,64342
VPN,Matched,2024-07-23,1052,527,64869
VPN,Matched,2024-07-30,977,467,65336
VPN,Matched,2024-08-06,1037,521,65857
VPN,Matched,2024-08-13,1079,540,66397
VPN,Matched,2024-08-20,1044,529,66926
VPN,Matched,2024-08-27,1138,569,67495
VPN,Matched,2024-09-03,1016,531,68026
VPN,Matched,2024-09-10,1093,540,68566
VPN,Matched,2024-09-17,1065,544,69110
VPN,Matched,2024-09-24,1146,552,69662
VPN,Matched,2024-10-01,1142,566,70228
VPN,Matched,2024-10-08,1035,500,70728
VPN,Matched,2024-10-15,901,432,71160
VPN,Matched,2024-10-22,1041,538,71698
VPN,Matched,2024-10-29,1007,494,72192
VPN,Matched,2024-11-05,1085,524,72716
VPN,Matched,2024-11-12,999,477,73193
VPN,Matched,2024-11-19,991,462,73655
VPN,Matched,2024-11-26,1033,521,74176
VPN,Matched,2024-12-03,989,470,74646
VPN,Matched,2024-12-10,955,455,75101
VPN,Matched,2024-12-17,1081,556,75657
VPN,Matched,2024-12-24,941,442,76099
VPN,Matched,2024-12-31,1113,531,76630
VPN,Matched,2025-01-07,1072,531,77161
VPN,Matched,2025-01-14,1693,932,78093
VPN,Matched,2025-01-21,1281,617,78710
VPN,Matched,2025-01-28,1265,607,79317
VPN,Matched,2025-02-04,1163,562,79879
VPN,Matched,2025-02-11,1289,681,80560
VPN,Matched,2025-02-18,1405,702,81262
VPN,Matched,2025-02-25,1346,647,81909
VPN,Matched,2025-03-04,1085,523,82432
VPN,Matched,2025-03-11,1037,489,82921
VPN,Matched,2025-03-18,957,453,83374
VPN,Matched,2025-03-25,984,457,83831
VPN,Matched,2025-04-01,1069,504,84335
VPN,Matched,2025-04-08,945,472,84807
VPN,Matched,2025-04-15,1081,511,85318
VPN,Matched,2025-04-22,1060,517,85835
VPN,Matched,2025-04-29,970,458,86293
VPN,Matched,2025-05-06,920,423,86716
VPN,Matched,2025-05-13,1049,467,87183
VPN,Matched,2025-05-20,903,408,87591
VPN,Matched,2025-05-27,899,417,88008
VPN,Matched,2025-06-03,937,405,88413
VPN,Matched,2025-06-10,935,425,88838
VPN,Matched,2025-06-17,887,417,89255
VPN,Matched,2025-06-24,1128,570,89825
VPN,Matched,2025-07-01,1030,467,90292
VPN,Matched,2025-07-08,914,440,90732
VPN,Matched,2025-07-15,984,487,91219
VPN,Matched,2025-07-22,1814,968,92187
VPN,Matched,2025-07-29,2252,1208,93395
VPN,Matched,2025-08-05,1748,859,94254
VPN,Matched,2025-08-12,1594,849,95103
VPN,Matched,2025-08-19,1779,868,95971
VPN,Matched,2025-08-26,1616,800,96771
VPN,Matched,2025-09-02,1498,716,97487
VPN,Matched,2025-09-09,1523,744,98231
VPN,Matched,2025-09-16,1616,759,98990
VPN,Matched,2025-09-23,1559,728,99718
VPN,Matched,2025-09-30,1491,687,100405
VPN,Matched,2025-10-07,1278,576,100981
VPN,Matched,2025-10-14,1373,624,101605
VPN,Matched,2025-10-21,1041,460,102065
VPN,Matched (UK),2021-10-26,42,42,42
VPN,Matched (UK),2021-11-02,45,40,82
VPN,Matched (UK),2021-11-09,39,33,115
VPN,Matched (UK),2021-11-16,54,47,162
VPN,Matched (UK),2021-11-23,59,49,211
VPN,Matched (UK),2021-11-30,49,36,247
VPN,Matched (UK),2021-12-07,53,33,280
VPN,Matched (UK),2021-12-14,45,25,305
VPN,Matched (UK),2021-12-21,67,41,346
VPN,Matched (UK),2021-12-28,55,37,383
VPN,Matched (UK),2022-01-04,61,38,421
VPN,Matched (UK),2022-01-11,79,49,470
VPN,Matched (UK),2022-01-18,83,54,524
VPN,Matched (UK),2022-01-25,57,32,556
VPN,Matched (UK),2022-02-01,58,38,594
VPN,Matched (UK),2022-02-08,65,37,631
VPN,Matched (UK),2022-02-15,62,27,658
VPN,Matched (UK),2022-02-22,57,29,687
VPN,Matched (UK),2022-03-01,55,30,717
VPN,Matched (UK),2022-03-08,71,37,754
VPN,Matched (UK),2022-03-15,59,34,788
VPN,Matched (UK),2022-03-22,50,25,813
VPN,Matched (UK),2022-03-29,58,28,841
VPN,Matched (UK),2022-04-05,69,32,873
VPN,Matched (UK),2022-04-12,49,23,896
VPN,Matched (UK),2022-04-19,60,35,931
VPN,Matched (UK),2022-04-26,48,33,964
VPN,Matched (UK),2022-05-03,58,26,990
VPN,Matched (UK),2022-05-10,51,21,1011
VPN,Matched (UK),2022-05-17,63,33,1044
VPN,Matched (UK),2022-05-24,54,22,1066
VPN,Matched (UK),2022-05-31,59,24,1090
VPN,Matched (UK),2022-06-07,70,38,1128
VPN,Matched (UK),2022-06-14,45,23,1151
VPN,Matched (UK),2022-06-21,50,23,1174
VPN,Matched (UK),2022-06-28,50,25,1199
VPN,Matched (UK),2022-07-05,60,27,1226
VPN,Matched (UK),2022-07-12,52,22,1248
VPN,Matched (UK),2022-07-19,56,25,1273
VPN,Matched (UK),2022-07-26,82,37,1310
VPN,Matched (UK),2022-08-02,48,24,1334
VPN,Matched (UK),2022-08-09,61,23,1357
VPN,Matched (UK),2022-08-16,68,33,1390
VPN,Matched (UK),2022-08-23,68,29,1419
VPN,Matched (UK),2022-08-30,73,27,1446
VPN,Matched (UK),2022-09-06,70,28,1474
VPN,Matched (UK),2022-09-13,66,38,1512
VPN,Matched (UK),2022-09-20,61,32,1544
VPN,Matched (UK),2022-09-27,51,13,1557
VPN,Matched (UK),2022-10-04,69,25,1582
VPN,Matched (UK),2022-10-11,50,21,1603
VPN,Matched (UK),2022-10-18,53,23,1626
VPN,Matched (UK),2022-10-25,62,30,1656
VPN,Matched (UK),2022-11-01,64,33,1689
VPN,Matched (UK),2022-11-08,57,26,1715
VPN,Matched (UK),2022-11-15,54,19,1734
VPN,Matched (UK),2022-11-22,55,27,1761
VPN,Matched (UK),2022-11-29,60,25,1786
VPN,Matched (UK),2022-12-06,72,30,1816
VPN,Matched (UK),2022-12-13,77,36,1852
VPN,Matched (UK),2022-12-20,70,29,1881
VPN,Matched (UK),2022-12-27,69,29,1910
VPN,Matched (UK),2023-01-03,71,35,1945
VPN,Matched (UK),2023-01-10,43,18,1963
VPN,Matched (UK),2023-01-17,61,29,1992
VPN,Matched (UK),2023-01-24,51,20,2012
VPN,Matched (UK),2023-01-31,77,39,2051
VPN,Matched (UK),2023-02-07,59,22,2073
VPN,Matched (UK),2023-02-14,68,29,2102
VPN,Matched (UK),2023-02-21,74,26,2128
VPN,Matched (UK),2023-02-28,76,36,2164
VPN,Matched (UK),2023-03-07,75,35,2199
VPN,Matched (UK),2023-03-14,66,34,2233
VPN,Matched (UK),2023-03-21,56,25,2258
VPN,Matched (UK),2023-03-28,57,32,2290
VPN,Matched (UK),2023-04-04,70,28,2318
VPN,Matched (UK),2023-04-11,76,32,2350
VPN,Matched (UK),2023-04-18,50,23,2373
VPN,Matched (UK),2023-04-25,82,42,2415
VPN,Matched (UK),2023-05-02,84,41,2456
VPN,Matched (UK),2023-05-09,61,28,2484
VPN,Matched (UK),2023-05-16,56,21,2505
VPN,Matched (UK),2023-05-23,75,29,2534
VPN,Matched (UK),2023-05-30,72,28,2562
VPN,Matched (UK),2023-06-06,65,33,2595
VPN,Matched (UK),2023-06-13,67,30,2625
VPN,Matched (UK),2023-06-20,56,28,2653
VPN,Matched (UK),2023-06-27,74,26,2679
VPN,Matched (UK),2023-07-04,54,27,2706
VPN,Matched (UK),2023-07-11,50,24,2730
VPN,Matched (UK),2023-07-18,60,24,2754
VPN,Matched (UK),2023-07-25,76,40,2794
VPN,Matched (UK),2023-08-01,77,34,2828
VPN,Matched (UK),2023-08-08,64,28,2856
VPN,Matched (UK),2023-08-15,75,33,2889
VPN,Matched (UK),2023-08-22,60,32,2921
VPN,Matched (UK),2023-08-29,62,24,2945
VPN,Matched (UK),2023-09-05,67,23,2968
VPN,Matched (UK),2023-09-12,53,20,2988
VPN,Matched (UK),2023-09-19,72,31,3019
VPN,Matched (UK),2023-09-26,62,35,3054
VPN,Matched (UK),2023-10-03,48,23,3077
VPN,Matched (UK),2023-10-10,35,19,3096
VPN,Matched (UK),2023-10-17,49,24,3120
VPN,Matched (UK),2023-10-24,55,25,3145
VPN,Matched (UK),2023-10-31,51,27,3172
VPN,Matched (UK),2023-11-07,70,32,3204
VPN,Matched (UK),2023-11-14,65,25,3229
VPN,Matched (UK),2023-11-21,64,27,3256
VPN,Matched (UK),2023-11-28,49,22,3278
VPN,Matched (UK),2023-12-05,78,35,3313
VPN,Matched (UK),2023-12-12,77,32,3345
VPN,Matched (UK),2023-12-19,75,32,3377
VPN,Matched (UK),2023-12-26,74,36,3413
VPN,Matched (UK),2024-01-02,76,25,3438
VPN,Matched (UK),2024-01-09,75,40,3478
VPN,Matched (UK),2024-01-16,87,40,3518
VPN,Matched (UK),2024-01-23,76,32,3550
VPN,Matched (UK),2024-01-30,89,38,3588
VPN,Matched (UK),2024-02-06,103,52,3640
VPN,Matched (UK),2024-02-13,107,45,3685
VPN,Matched (UK),2024-02-20,77,31,3716
VPN,Matched (UK),2024-02-27,92,48,3764
VPN,Matched (UK),2024-03-05,72,30,3794
VPN,Matched (UK),2024-03-12,76,37,3831
VPN,Matched (UK),2024-03-19,73,39,3870
VPN,Matched (UK),2024-03-26,67,31,3901
VPN,Matched (UK),2024-04-02,83,38,3939
VPN,Matched (UK),2024-04-09,85,30,3969
VPN,Matched (UK),2024-04-16,59,25,3994
VPN,Matched (UK),2024-04-23,64,27,4021
VPN,Matched (UK),2024-04-30,79,32,4053
VPN,Matched (UK),2024-05-07,75,30,4083
VPN,Matched (UK),2024-05-14,75,25,4108
VPN,Matched (UK),2024-05-21,69,33,4141
VPN,Matched (UK),2024-05-28,67,32,4173
VPN,Matched (UK),2024-06-04,57,31,4204
VPN,Matched (UK),2024-06-11,69,29,4233
VPN,Matched (UK),2024-06-18,71,27,4260
VPN,Matched (UK),2024-06-25,84,32,4292
VPN,Matched (UK),2024-07-02,78,31,4323
VPN,Matched (UK),2024-07-09,59,30,4353
VPN,Matched (UK),2024-07-16,80,27,4380
VPN,Matched (UK),2024-07-23,70,31,4411
VPN,Matched (UK),2024-07-30,82,27,4438
VPN,Matched (UK),2024-08-06,77,37,4475
VPN,Matched (UK),2024-08-13,78,26,4501
VPN,Matched (UK),2024-08-20,81,40,4541
VPN,Matched (UK),2024-08-27,88,45,4586
VPN,Matched (UK),2024-09-03,84,36,4622
VPN,Matched (UK),2024-09-10,74,35,4657
VPN,Matched (UK),2024-09-17,86,33,4690
VPN,Matched (UK),2024-09-24,87,36,4726
VPN,Matched (UK),2024-10-01,94,40,4766
VPN,Matched (UK),2024-10-08,69,31,4797
VPN,Matched (UK),2024-10-15,83,36,4833
VPN,Matched (UK),2024-10-22,70,35,4868
VPN,Matched (UK),2024-10-29,78,37,4905
VPN,Matched (UK),2024-11-05,97,47,4952
VPN,Matched (UK),2024-11-12,85,32,4984
VPN,Matched (UK),2024-11-19,75,33,5017
VPN,Matched (UK),2024-11-26,82,33,5050
VPN,Matched (UK),2024-12-03,67,28,5078
VPN,Matched (UK),2024-12-10,73,24,5102
VPN,Matched (UK),2024-12-17,88,30,5132
VPN,Matched (UK),2024-12-24,84,34,5166
VPN,Matched (UK),2024-12-31,84,28,5194
VPN,Matched (UK),2025-01-07,90,42,5236
VPN,Matched (UK),2025-01-14,147,59,5295
VPN,Matched (UK),2025-01-21,101,41,5336
VPN,Matched (UK),2025-01-28,93,34,5370
VPN,Matched (UK),2025-02-04,98,42,5412
VPN,Matched (UK),2025-02-11,112,41,5453
VPN,Matched (UK),2025-02-18,134,60,5513
VPN,Matched (UK),2025-02-25,121,59,5572
VPN,Matched (UK),2025-03-04,99,49,5621
VPN,Matched (UK),2025-03-11,85,34,5655
VPN,Matched (UK),2025-03-18,87,38,5693
VPN,Matched (UK),2025-03-25,81,35,5728
VPN,Matched (UK),2025-04-01,96,39,5767
VPN,Matched (UK),2025-04-08,67,26,5793
VPN,Matched (UK),2025-04-15,95,40,5833
VPN,Matched (UK),2025-04-22,90,39,5872
VPN,Matched (UK),2025-04-29,73,32,5904
VPN,Matched (UK),2025-05-06,70,24,5928
VPN,Matched (UK),2025-05-13,96,44,5972
VPN,Matched (UK),2025-05-20,82,33,6005
VPN,Matched (UK),2025-05-27,76,30,6035
VPN,Matched (UK),2025-06-03,84,27,6062
VPN,Matched (UK),2025-06-10,80,24,6086
VPN,Matched (UK),2025-06-17,104,48,6134
VPN,Matched (UK),2025-06-24,107,44,6178
VPN,Matched (UK),2025-07-01,84,34,6212
VPN,Matched (UK),2025-07-08,82,31,6243
VPN,Matched (UK),2025-07-15,110,55,6298
VPN,Matched (UK),2025-07-22,313,203,6501
VPN,Matched (UK),2025-07-29,459,258,6759
VPN,Matched (UK),2025-08-05,303,127,6886
VPN,Matched (UK),2025-08-12,300,165,7051
VPN,Matched (UK),2025-08-19,313,160,7211
VPN,Matched (UK),2025-08-26,206,103,7314
VPN,Matched (UK),2025-09-02,182,73,7387
VPN,Matched (UK),2025-09-09,178,80,7467
VPN,Matched (UK),2025-09-16,179,64,7531
VPN,Matched (UK),2025-09-23,183,75,7606
VPN,Matched (UK),2025-09-30,173,70,7676
VPN,Matched (UK),2025-10-07,143,49,7725
VPN,Matched (UK),2025-10-14,145,56,7781
VPN,Matched (UK),2025-10-21,115,40,7821
VPN,Classified,2021-10-26,59,59,59
VPN,Classified,2021-11-02,56,52,111
VPN,Classified,2021-11-09,44,42,153
VPN,Classified,2021-11-16,46,41,194
VPN,Classified,2021-11-23,52,47,241
VPN,Classified,2021-11-30,48,45,286
VPN,Classified,2021-12-07,52,44,330
VPN,Classified,2021-12-14,32,29,359
VPN,Classified,2021-12-21,42,39,398
VPN,Classified,2021-12-28,40,32,430
VPN,Classified,2022-01-04,53,47,477
VPN,Classified,2022-01-11,88,75,552
VPN,Classified,2022-01-18,122,92,644
VPN,Classified,2022-01-25,48,41,685
VPN,Classified,2022-02-01,43,38,723
VPN,Classified,2022-02-08,93,80,803
VPN,Classified,2022-02-15,70,54,857
VPN,Classified,2022-02-22,81,67,924
VPN,Classified,2022-03-01,100,76,1000
VPN,Classified,2022-03-08,88,69,1069
VPN,Classified,2022-03-15,75,58,1127
VPN,Classified,2022-03-22,67,47,1174
VPN,Classified,2022-03-29,39,32,1206
VPN,Classified,2022-04-05,60,44,1250
VPN,Classified,2022-04-12,58,45,1295
VPN,Classified,2022-04-19,72,63,1358
VPN,Classified,2022-04-26,50,37,1395
VPN,Classified,2022-05-03,109,85,1480
VPN,Classified,2022-05-10,56,37,1517
VPN,Classified,2022-05-17,76,58,1575
VPN,Classified,2022-05-24,74,57,1632
VPN,Classified,2022-05-31,66,46,1678
VPN,Classified,2022-06-07,73,45,1723
VPN,Classified,2022-06-14,50,35,1758
VPN,Classified,2022-06-21,68,42,1800
VPN,Classified,2022-06-28,69,46,1846
VPN,Classified,2022-07-05,57,39,1885
VPN,Classified,2022-07-12,46,37,1922
VPN,Classified,2022-07-19,74,49,1971
VPN,Classified,2022-07-26,73,55,2026
VPN,Classified,2022-08-02,40,26,2052
VPN,Classified,2022-08-09,55,37,2089
VPN,Classified,2022-08-16,78,48,2137
VPN,Classified,2022-08-23,69,53,2190
VPN,Classified,2022-08-30,67,45,2235
VPN,Classified,2022-09-06,67,58,2293
VPN,Classified,2022-09-13,66,46,2339
VPN,Classified,2022-09-20,98,74,2413
VPN,Classified,2022-09-27,90,64,2477
VPN,Classified,2022-10-04,66,48,2525
VPN,Classified,2022-10-11,106,70,2595
VPN,Classified,2022-10-18,78,52,2647
VPN,Classified,2022-10-25,81,49,2696
VPN,Classified,2022-11-01,50,36,2732
VPN,Classified,2022-11-08,86,58,2790
VPN,Classified,2022-11-15,71,49,2839
VPN,Classified,2022-11-22,77,56,2895
VPN,Classified,2022-11-29,65,46,2941
VPN,Classified,2022-12-06,99,70,3011
VPN,Classified,2022-12-13,73,49,3060
VPN,Classified,2022-12-20,77,51,3111
VPN,Classified,2022-12-27,63,50,3161
VPN,Classified,2023-01-03,81,51,3212
VPN,Classified,2023-01-10,60,40,3252
VPN,Classified,2023-01-17,52,36,3288
VPN,Classified,2023-01-24,73,45,3333
VPN,Classified,2023-01-31,91,61,3394
VPN,Classified,2023-02-07,84,48,3442
VPN,Classified,2023-02-14,63,40,3482
VPN,Classified,2023-02-21,73,44,3526
VPN,Classified,2023-02-28,72,47,3573
VPN,Classified,2023-03-07,95,63,3636
VPN,Classified,2023-03-14,55,34,3670
VPN,Classified,2023-03-21,53,34,3704
VPN,Classified,2023-03-28,136,106,3810
VPN,Classified,2023-04-04,63,48,3858
VPN,Classified,2023-04-11,79,55,3913
VPN,Classified,2023-04-18,74,46,3959
VPN,Classified,2023-04-25,81,54,4013
VPN,Classified,2023-05-02,99,66,4079
VPN,Classified,2023-05-09,82,51,4130
VPN,Classified,2023-05-16,63,36,4166
VPN,Classified,2023-05-23,97,57,4223
VPN,Classified,2023-05-30,65,44,4267
VPN,Classified,2023-06-06,47,29,4296
VPN,Classified,2023-06-13,48,36,4332
VPN,Classified,2023-06-20,47,37,4369
VPN,Classified,2023-06-27,80,58,4427
VPN,Classified,2023-07-04,57,43,4470
VPN,Classified,2023-07-11,42,31,4501
VPN,Classified,2023-07-18,66,46,4547
VPN,Classified,2023-07-25,93,62,4609
VPN,Classified,2023-08-01,77,56,4665
VPN,Classified,2023-08-08,68,44,4709
VPN,Classified,2023-08-15,55,32,4741
VPN,Classified,2023-08-22,76,51,4792
VPN,Classified,2023-08-29,75,55,4847
VPN,Classified,2023-09-05,56,36,4883
VPN,Classified,2023-09-12,65,42,4925
VPN,Classified,2023-09-19,48,28,4953
VPN,Classified,2023-09-26,72,47,5000
VPN,Classified,2023-10-03,26,17,5017
VPN,Classified,2023-10-10,42,28,5045
VPN,Classified,2023-10-17,30,23,5068
VPN,Classified,2023-10-24,48,33,5101
VPN,Classified,2023-10-31,37,23,5124
VPN,Classified,2023-11-07,57,35,5159
VPN,Classified,2023-11-14,81,56,5215
VPN,Classified,2023-11-21,61,40,5255
VPN,Classified,2023-11-28,40,24,5279
VPN,Classified,2023-12-05,63,41,5320
VPN,Classified,2023-12-12,62,46,5366
VPN,Classified,2023-12-19,76,52,5418
VPN,Classified,2023-12-26,55,40,5458
VPN,Classified,2024-01-02,93,66,5524
VPN,Classified,2024-01-09,67,49,5573
VPN,Classified,2024-01-16,57,40,5613
VPN,Classified,2024-01-23,83,52,5665
VPN,Classified,2024-01-30,85,58,5723
VPN,Classified,2024-02-06,109,77,5800
VPN,Classified,2024-02-13,129,90,5890
VPN,Classified,2024-02-20,130,81,5971
VPN,Classified,2024-02-27,76,50,6021
VPN,Classified,2024-03-05,57,43,6064
VPN,Classified,2024-03-12,62,43,6107
VPN,Classified,2024-03-19,74,52,6159
VPN,Classified,2024-03-26,88,71,6230
VPN,Classified,2024-04-02,67,48,6278
VPN,Classified,2024-04-09,81,58,6336
VPN,Classified,2024-04-16,79,46,6382
VPN,Classified,2024-04-23,85,58,6440
VPN,Classified,2024-04-30,85,61,6501
VPN,Classified,2024-05-07,71,50,6551
VPN,Classified,2024-05-14,71,51,6602
VPN,Classified,2024-05-21,86,63,6665
VPN,Classified,2024-05-28,67,44,6709
VPN,Classified,2024-06-04,49,34,6743
VPN,Classified,2024-06-11,67,48,6791
VPN,Classified,2024-06-18,101,67,6858
VPN,Classified,2024-06-25,83,59,6917
VPN,Classified,2024-07-02,126,85,7002
VPN,Classified,2024-07-09,75,54,7056
VPN,Classified,2024-07-16,78,53,7109
VPN,Classified,2024-07-23,108,75,7184
VPN,Classified,2024-07-30,79,62,7246
VPN,Classified,2024-08-06,104,75,7321
VPN,Classified,2024-08-13,87,59,7380
VPN,Classified,2024-08-20,99,74,7454
VPN,Classified,2024-08-27,101,67,7521
VPN,Classified,2024-09-03,104,70,7591
VPN,Classified,2024-09-10,123,78,7669
VPN,Classified,2024-09-17,120,82,7751
VPN,Classified,2024-09-24,85,47,7798
VPN,Classified,2024-10-01,79,53,7851
VPN,Classified,2024-10-08,67,44,7895
VPN,Classified,2024-10-15,75,52,7947
VPN,Classified,2024-10-22,83,57,8004
VPN,Classified,2024-10-29,77,48,8052
VPN,Classified,2024-11-05,84,55,8107
VPN,Classified,2024-11-12,87,60,8167
VPN,Classified,2024-11-19,65,43,8210
VPN,Classified,2024-11-26,79,43,8253
VPN,Classified,2024-12-03,73,49,8302
VPN,Classified,2024-12-10,61,41,8343
VPN,Classified,2024-12-17,120,79,8422
VPN,Classified,2024-12-24,73,51,8473
VPN,Classified,2024-12-31,82,49,8522
VPN,Classified,2025-01-07,70,46,8568
VPN,Classified,2025-01-14,212,155,8723
VPN,Classified,2025-01-21,119,74,8797
VPN,Classified,2025-01-28,106,72,8869
VPN,Classified,2025-02-04,97,65,8934
VPN,Classified,2025-02-11,67,49,8983
VPN,Classified,2025-02-18,158,112,9095
VPN,Classified,2025-02-25,104,64,9159
VPN,Classified,2025-03-04,43,27,9186
VPN,Classified,2025-03-11,52,33,9219
VPN,Classified,2025-03-18,55,38,9257
VPN,Classified,2025-03-25,84,57,9314
VPN,Classified,2025-04-01,64,38,9352
VPN,Classified,2025-04-08,71,44,9396
VPN,Classified,2025-04-15,90,61,9457
VPN,Classified,2025-04-22,52,35,9492
VPN,Classified,2025-04-29,66,47,9539
VPN,Classified,2025-05-06,60,43,9582
VPN,Classified,2025-05-13,82,47,9629
VPN,Classified,2025-05-20,49,38,9667
VPN,Classified,2025-05-27,67,38,9705
VPN,Classified,2025-06-03,97,67,9772
VPN,Classified,2025-06-10,81,50,9822
VPN,Classified,2025-06-17,70,42,9864
VPN,Classified,2025-06-24,109,78,9942
VPN,Classified,2025-07-01,85,52,9994
VPN,Classified,2025-07-08,89,55,10049
VPN,Classified,2025-07-15,98,68,10117
VPN,Classified,2025-07-22,328,272,10389
VPN,Classified,2025-07-29,551,412,10801
VPN,Classified,2025-08-05,362,255,11056
VPN,Classified,2025-08-12,296,208,11264
VPN,Classified,2025-08-19,356,214,11478
VPN,Classified,2025-08-26,211,138,11616
VPN,Classified,2025-09-02,149,95,11711
VPN,Classified,2025-09-09,179,117,11828
VPN,Classified,2025-09-16,177,108,11936
VPN,Classified,2025-09-23,164,104,12040
VPN,Classified,2025-09-30,132,72,12112
VPN,Classified,2025-10-07,130,78,12190
VPN,Classified,2025-10-14,189,121,12311
VPN,Classified,2025-10-21,134,80,12391
VPN,Classified (UK),2021-10-26,2,2,2
VPN,Classified (UK),2021-11-02,2,2,4
VPN,Classified (UK),2021-11-09,2,2,6
VPN,Classified (UK),2021-11-16,2,2,8
VPN,Classified (UK),2021-11-23,5,5,13
VPN,Classified (UK),2021-11-30,3,3,16
VPN,Classified (UK),2021-12-07,5,5,21
VPN,Classified (UK),2021-12-14,6,6,27
VPN,Classified (UK),2021-12-21,8,8,35
VPN,Classified (UK),2021-12-28,2,2,37
VPN,Classified (UK),2022-01-04,2,2,39
VPN,Classified (UK),2022-01-11,13,11,50
VPN,Classified (UK),2022-01-18,18,16,66
VPN,Classified (UK),2022-01-25,4,4,70
VPN,Classified (UK),2022-02-01,5,5,75
VPN,Classified (UK),2022-02-08,5,5,80
VPN,Classified (UK),2022-02-15,8,3,83
VPN,Classified (UK),2022-02-22,3,3,86
VPN,Classified (UK),2022-03-01,10,9,95
VPN,Classified (UK),2022-03-08,8,7,102
VPN,Classified (UK),2022-03-15,6,5,107
VPN,Classified (UK),2022-03-22,5,5,112
VPN,Classified (UK),2022-03-29,4,3,115
VPN,Classified (UK),2022-04-05,4,3,118
VPN,Classified (UK),2022-04-12,4,2,120
VPN,Classified (UK),2022-04-19,5,5,125
VPN,Classified (UK),2022-04-26,1,0,125
VPN,Classified (UK),2022-05-03,11,10,135
VPN,Classified (UK),2022-05-10,6,5,140
VPN,Classified (UK),2022-05-17,4,4,144
VPN,Classified (UK),2022-05-24,7,3,147
VPN,Classified (UK),2022-05-31,2,1,148
VPN,Classified (UK),2022-06-07,6,5,153
VPN,Classified (UK),2022-06-14,7,4,157
VPN,Classified (UK),2022-06-21,3,2,159
VPN,Classified (UK),2022-06-28,2,1,160
VPN,Classified (UK),2022-07-05,6,5,165
VPN,Classified (UK),2022-07-12,3,1,166
VPN,Classified (UK),2022-07-19,7,4,170
VPN,Classified (UK),2022-07-26,9,6,176
VPN,Classified (UK),2022-08-02,2,1,177
VPN,Classified (UK),2022-08-09,9,5,182
VPN,Classified (UK),2022-08-16,11,7,189
VPN,Classified (UK),2022-08-23,6,5,194
VPN,Classified (UK),2022-08-30,10,8,202
VPN,Classified (UK),2022-09-06,10,7,209
VPN,Classified (UK),2022-09-13,2,1,210
VPN,Classified (UK),2022-09-20,6,5,215
VPN,Classified (UK),2022-09-27,7,4,219
VPN,Classified (UK),2022-10-04,6,5,224
VPN,Classified (UK),2022-10-11,6,3,227
VPN,Classified (UK),2022-10-18,3,1,228
VPN,Classified (UK),2022-10-25,4,4,232
VPN,Classified (UK),2022-11-01,4,2,234
VPN,Classified (UK),2022-11-08,10,6,240
VPN,Classified (UK),2022-11-15,1,1,241
VPN,Classified (UK),2022-11-22,3,1,242
VPN,Classified (UK),2022-11-29,3,3,245
VPN,Classified (UK),2022-12-06,5,4,249
VPN,Classified (UK),2022-12-13,7,4,253
VPN,Classified (UK),2022-12-20,3,3,256
VPN,Classified (UK),2022-12-27,6,5,261
VPN,Classified (UK),2023-01-03,4,2,263
VPN,Classified (UK),2023-01-10,3,3,266
VPN,Classified (UK),2023-01-17,4,3,269
VPN,Classified (UK),2023-01-24,3,1,270
VPN,Classified (UK),2023-01-31,13,11,281
VPN,Classified (UK),2023-02-07,7,5,286
VPN,Classified (UK),2023-02-14,5,5,291
VPN,Classified (UK),2023-02-21,9,1,292
VPN,Classified (UK),2023-02-28,7,4,296
VPN,Classified (UK),2023-03-07,11,9,305
VPN,Classified (UK),2023-03-14,3,2,307
VPN,Classified (UK),2023-03-21,6,5,312
VPN,Classified (UK),2023-03-28,6,4,316
VPN,Classified (UK),2023-04-04,3,3,319
VPN,Classified (UK),2023-04-11,7,7,326
VPN,Classified (UK),2023-04-18,7,3,329
VPN,Classified (UK),2023-04-25,6,4,333
VPN,Classified (UK),2023-05-02,16,12,345
VPN,Classified (UK),2023-05-09,8,5,350
VPN,Classified (UK),2023-05-16,6,1,351
VPN,Classified (UK),2023-05-23,12,4,355
VPN,Classified (UK),2023-05-30,5,4,359
VPN,Classified (UK),2023-06-06,6,3,362
VPN,Classified (UK),2023-06-13,6,4,366
VPN,Classified (UK),2023-06-20,3,3,369
VPN,Classified (UK),2023-06-27,12,7,376
VPN,Classified (UK),2023-07-04,5,4,380
VPN,Classified (UK),2023-07-18,10,7,387
VPN,Classified (UK),2023-07-25,14,8,395
VPN,Classified (UK),2023-08-01,9,5,400
VPN,Classified (UK),2023-08-08,8,5,405
VPN,Classified (UK),2023-08-15,6,2,407
VPN,Classified (UK),2023-08-22,5,4,411
VPN,Classified (UK),2023-08-29,6,5,416
VPN,Classified (UK),2023-09-05,6,5,421
VPN,Classified (UK),2023-09-12,6,3,424
VPN,Classified (UK),2023-09-19,5,2,426
VPN,Classified (UK),2023-09-26,6,5,431
VPN,Classified (UK),2023-10-03,2,2,433
VPN,Classified (UK),2023-10-10,2,2,435
VPN,Classified (UK),2023-10-17,2,1,436
VPN,Classified (UK),2023-10-24,4,3,439
VPN,Classified (UK),2023-10-31,6,5,444
VPN,Classified (UK),2023-11-07,4,2,446
VPN,Classified (UK),2023-11-14,10,6,452
VPN,Classified (UK),2023-11-21,6,4,456
VPN,Classified (UK),2023-11-28,2,1,457
VPN,Classified (UK),2023-12-05,7,5,462
VPN,Classified (UK),2023-12-19,13,7,469
VPN,Classified (UK),2023-12-26,6,5,474
VPN,Classified (UK),2024-01-02,4,3,477
VPN,Classified (UK),2024-01-09,7,6,483
VPN,Classified (UK),2024-01-16,10,8,491
VPN,Classified (UK),2024-01-23,3,1,492
VPN,Classified (UK),2024-01-30,6,5,497
VPN,Classified (UK),2024-02-06,12,11,508
VPN,Classified (UK),2024-02-13,15,12,520
VPN,Classified (UK),2024-02-20,11,5,525
VPN,Classified (UK),2024-02-27,7,6,531
VPN,Classified (UK),2024-03-05,8,7,538
VPN,Classified (UK),2024-03-12,8,8,546
VPN,Classified (UK),2024-03-19,6,4,550
VPN,Classified (UK),2024-03-26,4,4,554
VPN,Classified (UK),2024-04-02,5,4,558
VPN,Classified (UK),2024-04-09,5,4,562
VPN,Classified (UK),2024-04-16,5,4,566
VPN,Classified (UK),2024-04-23,7,6,572
VPN,Classified (UK),2024-04-30,9,6,578
VPN,Classified (UK),2024-05-07,5,4,582
VPN,Classified (UK),2024-05-14,6,4,586
VPN,Classified (UK),2024-05-21,7,7,593
VPN,Classified (UK),2024-05-28,8,4,597
VPN,Classified (UK),2024-06-04,4,1,598
VPN,Classified (UK),2024-06-11,3,3,601
VPN,Classified (UK),2024-06-18,11,6,607
VPN,Classified (UK),2024-06-25,4,3,610
VPN,Classified (UK),2024-07-02,15,9,619
VPN,Classified (UK),2024-07-09,6,4,623
VPN,Classified (UK),2024-07-16,5,4,627
VPN,Classified (UK),2024-07-23,8,5,632
VPN,Classified (UK),2024-07-30,5,3,635
VPN,Classified (UK),2024-08-06,5,4,639
VPN,Classified (UK),2024-08-13,5,3,642
VPN,Classified (UK),2024-08-20,12,11,653
VPN,Classified (UK),2024-08-27,8,8,661
VPN,Classified (UK),2024-09-03,5,4,665
VPN,Classified (UK),2024-09-10,9,6,671
VPN,Classified (UK),2024-09-17,11,6,677
VPN,Classified (UK),2024-09-24,9,7,684
VPN,Classified (UK),2024-10-01,4,3,687
VPN,Classified (UK),2024-10-08,3,3,690
VPN,Classified (UK),2024-10-15,14,9,699
VPN,Classified (UK),2024-10-22,4,2,701
VPN,Classified (UK),2024-10-29,5,3,704
VPN,Classified (UK),2024-11-05,7,3,707
VPN,Classified (UK),2024-11-12,7,5,712
VPN,Classified (UK),2024-11-19,8,3,715
VPN,Classified (UK),2024-11-26,9,4,719
VPN,Classified (UK),2024-12-03,5,4,723
VPN,Classified (UK),2024-12-10,7,2,725
VPN,Classified (UK),2024-12-17,8,5,730
VPN,Classified (UK),2024-12-24,9,8,738
VPN,Classified (UK),2024-12-31,12,8,746
VPN,Classified (UK),2025-01-07,3,3,749
VPN,Classified (UK),2025-01-14,18,12,761
VPN,Classified (UK),2025-01-21,13,5,766
VPN,Classified (UK),2025-01-28,5,4,770
VPN,Classified (UK),2025-02-04,9,6,776
VPN,Classified (UK),2025-02-11,5,3,779
VPN,Classified (UK),2025-02-18,33,22,801
VPN,Classified (UK),2025-02-25,12,5,806
VPN,Classified (UK),2025-03-04,3,2,808
VPN,Classified (UK),2025-03-11,6,2,810
VPN,Classified (UK),2025-03-18,3,2,812
VPN,Classified (UK),2025-03-25,9,5,817
VPN,Classified (UK),2025-04-01,9,5,822
VPN,Classified (UK),2025-04-08,7,4,826
VPN,Classified (UK),2025-04-15,9,5,831
VPN,Classified (UK),2025-04-22,3,3,834
VPN,Classified (UK),2025-04-29,5,3,837
VPN,Classified (UK),2025-05-06,1,1,838
VPN,Classified (UK),2025-05-13,4,3,841
VPN,Classified (UK),2025-05-20,7,5,846
VPN,Classified (UK),2025-05-27,8,5,851
VPN,Classified (UK),2025-06-03,15,9,860
VPN,Classified (UK),2025-06-10,4,2,862
VPN,Classified (UK),2025-06-17,6,3,865
VPN,Classified (UK),2025-06-24,9,6,871
VPN,Classified (UK),2025-07-01,9,3,874
VPN,Classified (UK),2025-07-08,12,4,878
VPN,Classified (UK),2025-07-15,16,12,890
VPN,Classified (UK),2025-07-22,100,92,982
VPN,Classified (UK),2025-07-29,163,126,1108
VPN,Classified (UK),2025-08-05,83,58,1166
VPN,Classified (UK),2025-08-12,91,71,1237
VPN,Classified (UK),2025-08-19,113,69,1306
VPN,Classified (UK),2025-08-26,40,26,1332
VPN,Classified (UK),2025-09-02,25,14,1346
VPN,Classified (UK),2025-09-09,28,19,1365
VPN,Classified (UK),2025-09-16,35,22,1387
VPN,Classified (UK),2025-09-23,28,17,1404
VPN,Classified (UK),2025-09-30,28,15,1419
VPN,Classified (UK),2025-10-07,19,13,1432
VPN,Classified (UK),2025-10-14,36,23,1455
VPN,Classified (UK),2025-10-21,27,12,1467
Politics,Unmatched (non-UK),2021-10-26,22232,22232,22232
Politics,Unmatched (non-UK),2021-11-02,23774,18055,40287
Politics,Unmatched (non-UK),2021-11-09,21990,14357,54644
Politics,Unmatched (non-UK),2021-11-16,19106,10647,65291
Politics,Unmatched (non-UK),2021-11-23,20798,11310,76601
Politics,Unmatched (non-UK),2021-11-30,21712,11480,88081
Politics,Unmatched (non-UK),2021-12-07,21632,10904,98985
Politics,Unmatched (non-UK),2021-12-14,21063,10112,109097
Politics,Unmatched (non-UK),2021-12-21,23542,12090,121187
Politics,Unmatched (non-UK),2021-12-28,20973,9470,130657
Politics,Unmatched (non-UK),2022-01-04,22888,10350,141007
Politics,Unmatched (non-UK),2022-01-11,20041,8262,149269
Politics,Unmatched (non-UK),2022-01-18,22652,10037,159306
Politics,Unmatched (non-UK),2022-01-25,25711,12613,171919
Politics,Unmatched (non-UK),2022-02-01,21096,8923,180842
Politics,Unmatched (non-UK),2022-02-08,17005,5809,186651
Politics,Unmatched (non-UK),2022-02-15,19622,7963,194614
Politics,Unmatched (non-UK),2022-02-22,16365,5956,200570
Politics,Unmatched (non-UK),2022-03-01,18278,7469,208039
Politics,Unmatched (non-UK),2022-03-08,21144,9789,217828
Politics,Unmatched (non-UK),2022-03-15,15853,5691,223519
Politics,Unmatched (non-UK),2022-03-22,16492,6005,229524
Politics,Unmatched (non-UK),2022-03-29,17126,6318,235842
Politics,Unmatched (non-UK),2022-04-05,20986,8445,244287
Politics,Unmatched (non-UK),2022-04-12,21970,8724,253011
Politics,Unmatched (non-UK),2022-04-19,18541,6650,259661
Politics,Unmatched (non-UK),2022-04-26,17613,6226,265887
Politics,Unmatched (non-UK),2022-05-03,19351,6906,272793
Politics,Unmatched (non-UK),2022-05-10,19832,7361,280154
Politics,Unmatched (non-UK),2022-05-17,19591,7203,287357
Politics,Unmatched (non-UK),2022-05-24,20368,8117,295474
Politics,Unmatched (non-UK),2022-05-31,19741,7262,302736
Politics,Unmatched (non-UK),2022-06-07,18561,6362,309098
Politics,Unmatched (non-UK),2022-06-14,18805,6522,315620
Politics,Unmatched (non-UK),2022-06-21,18995,6473,322093
Politics,Unmatched (non-UK),2022-06-28,21128,7446,329539
Politics,Unmatched (non-UK),2022-07-05,24404,8884,338423
Politics,Unmatched (non-UK),2022-07-12,27315,10770,349193
Politics,Unmatched (non-UK),2022-07-19,32576,14781,363974
Politics,Unmatched (non-UK),2022-07-26,22276,7594,371568
Politics,Unmatched (non-UK),2022-08-02,23001,8062,379630
Politics,Unmatched (non-UK),2022-08-09,27880,11167,390797
Politics,Unmatched (non-UK),2022-08-16,23563,8531,399328
Politics,Unmatched (non-UK),2022-08-23,26792,10706,410034
Politics,Unmatched (non-UK),2022-08-30,28223,10582,420616
Politics,Unmatched (non-UK),2022-09-06,30876,12103,432719
Politics,Unmatched (non-UK),2022-09-13,26416,9438,442157
Politics,Unmatched (non-UK),2022-09-20,22628,7204,449361
Politics,Unmatched (non-UK),2022-09-27,24787,7901,457262
Politics,Unmatched (non-UK),2022-10-04,24044,8660,465922
Politics,Unmatched (non-UK),2022-10-11,28232,10224,476146
Politics,Unmatched (non-UK),2022-10-18,28180,9612,485758
Politics,Unmatched (non-UK),2022-10-25,25595,8905,494663
Politics,Unmatched (non-UK),2022-11-01,31118,12592,507255
Politics,Unmatched (non-UK),2022-11-08,25011,8877,516132
Politics,Unmatched (non-UK),2022-11-15,24611,8624,524756
Politics,Unmatched (non-UK),2022-11-22,24929,8950,533706
Politics,Unmatched (non-UK),2022-11-29,24782,8202,541908
Politics,Unmatched (non-UK),2022-12-06,26232,9888,551796
Politics,Unmatched (non-UK),2022-12-13,25148,8824,560620
Politics,Unmatched (non-UK),2022-12-20,26647,10010,570630
Politics,Unmatched (non-UK),2022-12-27,26804,10156,580786
Politics,Unmatched (non-UK),2023-01-03,25012,8797,589583
Politics,Unmatched (non-UK),2023-01-10,24785,8475,598058
Politics,Unmatched (non-UK),2023-01-17,24464,8475,606533
Politics,Unmatched (non-UK),2023-01-24,22266,7159,613692
Politics,Unmatched (non-UK),2023-01-31,24683,7966,621658
Politics,Unmatched (non-UK),2023-02-07,19996,6043,627701
Politics,Unmatched (non-UK),2023-02-14,22953,7825,635526
Politics,Unmatched (non-UK),2023-02-21,24413,8336,643862
Politics,Unmatched (non-UK),2023-02-28,18205,5287,649149
Politics,Unmatched (non-UK),2023-03-07,19577,5797,654946
Politics,Unmatched (non-UK),2023-03-14,17135,4953,659899
Politics,Unmatched (non-UK),2023-03-21,29079,13460,673359
Politics,Unmatched (non-UK),2023-03-28,16561,4701,678060
Politics,Unmatched (non-UK),2023-04-04,16329,4718,682778
Politics,Unmatched (non-UK),2023-04-11,21381,7829,690607
Politics,Unmatched (non-UK),2023-04-18,15291,4280,694887
Politics,Unmatched (non-UK),2023-04-25,16468,4804,699691
Politics,Unmatched (non-UK),2023-05-02,16044,4370,704061
Politics,Unmatched (non-UK),2023-05-09,17821,5359,709420
Politics,Unmatched (non-UK),2023-05-16,15726,4535,713955
Politics,Unmatched (non-UK),2023-05-23,15556,4646,718601
Politics,Unmatched (non-UK),2023-05-30,17594,6091,724692
Politics,Unmatched (non-UK),2023-06-06,15390,4513,729205
Politics,Unmatched (non-UK),2023-06-13,15944,5021,734226
Politics,Unmatched (non-UK),2023-06-20,17711,5920,740146
Politics,Unmatched (non-UK),2023-06-27,17065,5713,745859
Politics,Unmatched (non-UK),2023-07-04,16016,5226,751085
Politics,Unmatched (non-UK),2023-07-11,20114,7077,758162
Politics,Unmatched (non-UK),2023-07-18,17047,5931,764093
Politics,Unmatched (non-UK),2023-07-25,16374,5495,769588
Politics,Unmatched (non-UK),2023-08-01,16963,6181,775769
Politics,Unmatched (non-UK),2023-08-08,18081,6535,782304
Politics,Unmatched (non-UK),2023-08-15,17675,6107,788411
Politics,Unmatched (non-UK),2023-08-22,14715,4844,793255
Politics,Unmatched (non-UK),2023-08-29,15639,5298,798553
Politics,Unmatched (non-UK),2023-09-05,15168,4646,803199
Politics,Unmatched (non-UK),2023-09-12,16530,5137,808336
Politics,Unmatched (non-UK),2023-09-19,17843,5822,814158
Politics,Unmatched (non-UK),2023-09-26,16580,5100,819258
Politics,Unmatched (non-UK),2023-10-03,16046,4720,823978
Politics,Unmatched (non-UK),2023-10-10,15237,4696,828674
Politics,Unmatched (non-UK),2023-10-17,15773,4703,833377
Politics,Unmatched (non-UK),2023-10-24,14544,4243,837620
Politics,Unmatched (non-UK),2023-10-31,15070,4607,842227
Politics,Unmatched (non-UK),2023-11-07,14367,4180,846407
Politics,Unmatched (non-UK),2023-11-14,15418,4940,851347
Politics,Unmatched (non-UK),2023-11-21,14436,4397,855744
Politics,Unmatched (non-UK),2023-11-28,14241,4232,859976
Politics,Unmatched (non-UK),2023-12-05,14825,4692,864668
Politics,Unmatched (non-UK),2023-12-12,13658,4331,868999
Politics,Unmatched (non-UK),2023-12-19,14120,4346,873345
Politics,Unmatched (non-UK),2023-12-26,16418,6427,879772
Politics,Unmatched (non-UK),2024-01-02,15358,5218,884990
Politics,Unmatched (non-UK),2024-01-09,15270,5180,890170
Politics,Unmatched (non-UK),2024-01-16,15268,5105,895275
Politics,Unmatched (non-UK),2024-01-23,15391,5019,900294
Politics,Unmatched (non-UK),2024-01-30,15106,4993,905287
Politics,Unmatched (non-UK),2024-02-06,13774,4246,909533
Politics,Unmatched (non-UK),2024-02-13,14273,4561,914094
Politics,Unmatched (non-UK),2024-02-20,15978,5482,919576
Politics,Unmatched (non-UK),2024-02-27,17939,7101,926677
Politics,Unmatched (non-UK),2024-03-05,16309,5990,932667
Politics,Unmatched (non-UK),2024-03-12,15706,5490,938157
Politics,Unmatched (non-UK),2024-03-19,16179,5846,944003
Politics,Unmatched (non-UK),2024-03-26,18488,7589,951592
Politics,Unmatched (non-UK),2024-04-02,15096,4991,956583
Politics,Unmatched (non-UK),2024-04-09,15149,5068,961651
Politics,Unmatched (non-UK),2024-04-16,16102,5446,967097
Politics,Unmatched (non-UK),2024-04-23,16082,5888,972985
Politics,Unmatched (non-UK),2024-04-30,15861,5259,978244
Politics,Unmatched (non-UK),2024-05-07,15078,5094,983338
Politics,Unmatched (non-UK),2024-05-14,14565,4717,988055
Politics,Unmatched (non-UK),2024-05-21,16715,5367,993422
Politics,Unmatched (non-UK),2024-05-28,16516,5653,999075
Politics,Unmatched (non-UK),2024-06-04,15512,4882,1003957
Politics,Unmatched (non-UK),2024-06-11,14679,4385,1008342
Politics,Unmatched (non-UK),2024-06-18,15355,4747,1013089
Politics,Unmatched (non-UK),2024-06-25,15450,4615,1017704
Politics,Unmatched (non-UK),2024-07-02,17999,5698,1023402
Politics,Unmatched (non-UK),2024-07-09,15852,4859,1028261
Politics,Unmatched (non-UK),2024-07-16,14852,4569,1032830
Politics,Unmatched (non-UK),2024-07-23,15804,5500,1038330
Politics,Unmatched (non-UK),2024-07-30,16784,5913,1044243
Politics,Unmatched (non-UK),2024-08-06,15385,5125,1049368
Politics,Unmatched (non-UK),2024-08-13,16130,5604,1054972
Politics,Unmatched (non-UK),2024-08-20,14279,4696,1059668
Politics,Unmatched (non-UK),2024-08-27,14663,4741,1064409
Politics,Unmatched (non-UK),2024-09-03,14607,4580,1068989
Politics,Unmatched (non-UK),2024-09-10,15755,5509,1074498
Politics,Unmatched (non-UK),2024-09-17,14969,5136,1079634
Politics,Unmatched (non-UK),2024-09-24,15127,5124,1084758
Politics,Unmatched (non-UK),2024-10-01,14221,4574,1089332
Politics,Unmatched (non-UK),2024-10-08,15495,5811,1095143
Politics,Unmatched (non-UK),2024-10-15,14635,4791,1099934
Politics,Unmatched (non-UK),2024-10-22,14071,4384,1104318
Politics,Unmatched (non-UK),2024-10-29,13713,4218,1108536
Politics,Unmatched (non-UK),2024-11-05,14344,4672,1113208
Politics,Unmatched (non-UK),2024-11-12,13173,4113,1117321
Politics,Unmatched (non-UK),2024-11-19,14930,5154,1122475
Politics,Unmatched (non-UK),2024-11-26,14463,4927,1127402
Politics,Unmatched (non-UK),2024-12-03,15702,5731,1133133
Politics,Unmatched (non-UK),2024-12-10,13772,4315,1137448
Politics,Unmatched (non-UK),2024-12-17,12962,3808,1141256
Politics,Unmatched (non-UK),2024-12-24,13849,4660,1145916
Politics,Unmatched (non-UK),2024-12-31,14577,5036,1150952
Politics,Unmatched (non-UK),2025-01-07,17522,6198,1157150
Politics,Unmatched (non-UK),2025-01-14,15022,4824,1161974
Politics,Unmatched (non-UK),2025-01-21,15383,4804,1166778
Politics,Unmatched (non-UK),2025-01-28,15398,4843,1171621
Politics,Unmatched (non-UK),2025-02-04,15038,4860,1176481
Politics,Unmatched (non-UK),2025-02-11,16846,6308,1182789
Politics,Unmatched (non-UK),2025-02-18,15351,4973,1187762
Politics,Unmatched (non-UK),2025-02-25,15624,5181,1192943
Politics,Unmatched (non-UK),2025-03-04,19872,8490,1201433
Politics,Unmatched (non-UK),2025-03-11,15907,5401,1206834
Politics,Unmatched (non-UK),2025-03-18,15945,5051,1211885
Politics,Unmatched (non-UK),2025-03-25,15007,4947,1216832
Politics,Unmatched (non-UK),2025-04-01,17538,6799,1223631
Politics,Unmatched (non-UK),2025-04-08,15117,4959,1228590
Politics,Unmatched (non-UK),2025-04-15,17488,6324,1234914
Politics,Unmatched (non-UK),2025-04-22,15989,5509,1240423
Politics,Unmatched (non-UK),2025-04-29,15475,4792,1245215
Politics,Unmatched (non-UK),2025-05-06,14262,4310,1249525
Politics,Unmatched (non-UK),2025-05-13,14881,4465,1253990
Politics,Unmatched (non-UK),2025-05-20,14893,4496,1258486
Politics,Unmatched (non-UK),2025-05-27,15670,5145,1263631
Politics,Unmatched (non-UK),2025-06-03,14552,4530,1268161
Politics,Unmatched (non-UK),2025-06-10,16075,5115,1273276
Politics,Unmatched (non-UK),2025-06-17,16560,5275,1278551
Politics,Unmatched (non-UK),2025-06-24,17132,5516,1284067
Politics,Unmatched (non-UK),2025-07-01,16357,4823,1288890
Politics,Unmatched (non-UK),2025-07-08,16905,5005,1293895
Politics,Unmatched (non-UK),2025-07-15,16284,4909,1298804
Politics,Unmatched (non-UK),2025-07-22,17727,5557,1304361
Politics,Unmatched (non-UK),2025-07-29,17321,5239,1309600
Politics,Unmatched (non-UK),2025-08-05,14753,4494,1314094
Politics,Unmatched (non-UK),2025-08-12,15101,4901,1318995
Politics,Unmatched (non-UK),2025-08-19,15045,4849,1323844
Politics,Unmatched (non-UK),2025-08-26,16244,5286,1329130
Politics,Unmatched (non-UK),2025-09-02,15749,4966,1334096
Politics,Unmatched (non-UK),2025-09-09,15780,5030,1339126
Politics,Unmatched (non-UK),2025-09-16,16361,5054,1344180
Politics,Unmatched (non-UK),2025-09-23,16464,5182,1349362
Politics,Unmatched (non-UK),2025-09-30,16754,5251,1354613
Politics,Unmatched (non-UK),2025-10-07,14918,4496,1359109
Politics,Unmatched (non-UK),2025-10-14,14690,4694,1363803
Politics,Unmatched (non-UK),2025-10-21,11163,3090,1366893
Politics,Unmatched,2021-10-26,59889,59889,59889
Politics,Unmatched,2021-11-02,61818,35591,95480
Politics,Unmatched,2021-11-09,58478,26318,121798
Politics,Unmatched,2021-11-16,54909,20015,141813
Politics,Unmatched,2021-11-23,59368,20481,162294
Politics,Unmatched,2021-11-30,61512,20054,182348
Politics,Unmatched,2021-12-07,61361,18552,200900
Politics,Unmatched,2021-12-14,60367,16886,217786
Politics,Unmatched,2021-12-21,62796,18422,236208
Politics,Unmatched,2021-12-28,60679,15423,251631
Politics,Unmatched,2022-01-04,65250,16539,268170
Politics,Unmatched,2022-01-11,58906,13191,281361
Politics,Unmatched,2022-01-18,62720,14890,296251
Politics,Unmatched,2022-01-25,64749,17391,313642
Politics,Unmatched,2022-02-01,59826,13194,326836
Politics,Unmatched,2022-02-08,53311,9279,336115
Politics,Unmatched,2022-02-15,57639,11984,348099
Politics,Unmatched,2022-02-22,50147,9052,357151
Politics,Unmatched,2022-03-01,52958,10722,367873
Politics,Unmatched,2022-03-08,56117,13296,381169
Politics,Unmatched,2022-03-15,49933,8712,389881
Politics,Unmatched,2022-03-22,51149,9059,398940
Politics,Unmatched,2022-03-29,52800,9521,408461
Politics,Unmatched,2022-04-05,60592,12214,420675
Politics,Unmatched,2022-04-12,62871,12704,433379
Politics,Unmatched,2022-04-19,56489,9838,443217
Politics,Unmatched,2022-04-26,53757,9032,452249
Politics,Unmatched,2022-05-03,56961,9951,462200
Politics,Unmatched,2022-05-10,57863,10373,472573
Politics,Unmatched,2022-05-17,57382,10064,482637
Politics,Unmatched,2022-05-24,59128,11305,493942
Politics,Unmatched,2022-05-31,57978,10261,504203
Politics,Unmatched,2022-06-07,56414,9054,513257
Politics,Unmatched,2022-06-14,56911,9327,522584
Politics,Unmatched,2022-06-21,58318,9523,532107
Politics,Unmatched,2022-06-28,64365,10958,543065
Politics,Unmatched,2022-07-05,70903,12774,555839
Politics,Unmatched,2022-07-12,76749,15255,571094
Politics,Unmatched,2022-07-19,82235,19117,590211
Politics,Unmatched,2022-07-26,67615,10984,601195
Politics,Unmatched,2022-08-02,68487,11476,612671
Politics,Unmatched,2022-08-09,76356,14910,627581
Politics,Unmatched,2022-08-16,70409,11965,639546
Politics,Unmatched,2022-08-23,75696,14561,654107
Politics,Unmatched,2022-08-30,80998,14726,668833
Politics,Unmatched,2022-09-06,84106,16120,684953
Politics,Unmatched,2022-09-13,77871,13085,698038
Politics,Unmatched,2022-09-20,70902,10281,708319
Politics,Unmatched,2022-09-27,76769,11211,719530
Politics,Unmatched,2022-10-04,72351,11743,731273
Politics,Unmatched,2022-10-11,81540,13793,745066
Politics,Unmatched,2022-10-18,81454,12973,758039
Politics,Unmatched,2022-10-25,77093,12373,770412
Politics,Unmatched,2022-11-01,87094,17100,787512
Politics,Unmatched,2022-11-08,76851,12117,799629
Politics,Unmatched,2022-11-15,74200,11688,811317
Politics,Unmatched,2022-11-22,74801,12003,823320
Politics,Unmatched,2022-11-29,76876,11210,834530
Politics,Unmatched,2022-12-06,77959,13057,847587
Politics,Unmatched,2022-12-13,77182,12016,859603
Politics,Unmatched,2022-12-20,78872,13096,872699
Politics,Unmatched,2022-12-27,78178,13682,886381
Politics,Unmatched,2023-01-03,76693,11888,898269
Politics,Unmatched,2023-01-10,76510,11317,909586
Politics,Unmatched,2023-01-17,77720,11812,921398
Politics,Unmatched,2023-01-24,73708,10091,931489
Politics,Unmatched,2023-01-31,77233,10907,942396
Politics,Unmatched,2023-02-07,67181,8392,950788
Politics,Unmatched,2023-02-14,73710,10526,961314
Politics,Unmatched,2023-02-21,74082,11077,972391
Politics,Unmatched,2023-02-28,61702,7271,979662
Politics,Unmatched,2023-03-07,65597,7975,987637
Politics,Unmatched,2023-03-14,59085,6960,994597
Politics,Unmatched,2023-03-21,76111,16042,1010639
Politics,Unmatched,2023-03-28,57703,6635,1017274
Politics,Unmatched,2023-04-04,56540,6522,1023796
Politics,Unmatched,2023-04-11,65512,10381,1034177
Politics,Unmatched,2023-04-18,55068,6085,1040262
Politics,Unmatched,2023-04-25,57062,6741,1047003
Politics,Unmatched,2023-05-02,56696,6169,1053172
Politics,Unmatched,2023-05-09,58609,7326,1060498
Politics,Unmatched,2023-05-16,57878,6532,1067030
Politics,Unmatched,2023-05-23,57675,6845,1073875
Politics,Unmatched,2023-05-30,60219,8414,1082289
Politics,Unmatched,2023-06-06,56774,6518,1088807
Politics,Unmatched,2023-06-13,57096,7117,1095924
Politics,Unmatched,2023-06-20,61381,8298,1104222
Politics,Unmatched,2023-06-27,58655,7916,1112138
Politics,Unmatched,2023-07-04,58654,7592,1119730
Politics,Unmatched,2023-07-11,67984,9994,1129724
Politics,Unmatched,2023-07-18,60982,8249,1137973
Politics,Unmatched,2023-07-25,59463,8005,1145978
Politics,Unmatched,2023-08-01,59757,8839,1154817
Politics,Unmatched,2023-08-08,63314,9376,1164193
Politics,Unmatched,2023-08-15,61997,8663,1172856
Politics,Unmatched,2023-08-22,53899,6926,1179782
Politics,Unmatched,2023-08-29,57880,7570,1187352
Politics,Unmatched,2023-09-05,58121,6826,1194178
Politics,Unmatched,2023-09-12,61823,7423,1201601
Politics,Unmatched,2023-09-19,65108,8378,1209979
Politics,Unmatched,2023-09-26,61718,7314,1217293
Politics,Unmatched,2023-10-03,61186,6821,1224114
Politics,Unmatched,2023-10-10,58205,6744,1230858
Politics,Unmatched,2023-10-17,58253,6671,1237529
Politics,Unmatched,2023-10-24,56726,6213,1243742
Politics,Unmatched,2023-10-31,57689,6637,1250379
Politics,Unmatched,2023-11-07,56622,6077,1256456
Politics,Unmatched,2023-11-14,57830,6915,1263371
Politics,Unmatched,2023-11-21,56291,6248,1269619
Politics,Unmatched,2023-11-28,54208,6088,1275707
Politics,Unmatched,2023-12-05,55620,6667,1282374
Politics,Unmatched,2023-12-12,53176,6249,1288623
Politics,Unmatched,2023-12-19,55025,6268,1294891
Politics,Unmatched,2023-12-26,56807,8508,1303399
Politics,Unmatched,2024-01-02,59005,7552,1310951
Politics,Unmatched,2024-01-09,59187,7490,1318441
Politics,Unmatched,2024-01-16,57781,7143,1325584
Politics,Unmatched,2024-01-23,59010,7155,1332739
Politics,Unmatched,2024-01-30,58365,7180,1339919
Politics,Unmatched,2024-02-06,55883,6164,1346083
Politics,Unmatched,2024-02-13,56556,6641,1352724
Politics,Unmatched,2024-02-20,58982,7682,1360406
Politics,Unmatched,2024-02-27,61814,9414,1369820
Politics,Unmatched,2024-03-05,58997,8063,1377883
Politics,Unmatched,2024-03-12,57600,7594,1385477
Politics,Unmatched,2024-03-19,59633,8148,1393625
Politics,Unmatched,2024-03-26,60601,9852,1403477
Politics,Unmatched,2024-04-02,58350,7141,1410618
Politics,Unmatched,2024-04-09,57863,7308,1417926
Politics,Unmatched,2024-04-16,60342,7847,1425773
Politics,Unmatched,2024-04-23,59098,8122,1433895
Politics,Unmatched,2024-04-30,59288,7346,1441241
Politics,Unmatched,2024-05-07,57841,7147,1448388
Politics,Unmatched,2024-05-14,56379,6670,1455058
Politics,Unmatched,2024-05-21,61652,7406,1462464
Politics,Unmatched,2024-05-28,60165,7800,1470264
Politics,Unmatched,2024-06-04,58810,6837,1477101
Politics,Unmatched,2024-06-11,54789,6014,1483115
Politics,Unmatched,2024-06-18,57846,6551,1489666
Politics,Unmatched,2024-06-25,58735,6588,1496254
Politics,Unmatched,2024-07-02,64751,7942,1504196
Politics,Unmatched,2024-07-09,60708,6881,1511077
Politics,Unmatched,2024-07-16,57229,6523,1517600
Politics,Unmatched,2024-07-23,57836,7508,1525108
Politics,Unmatched,2024-07-30,60428,8023,1533131
Politics,Unmatched,2024-08-06,57473,7175,1540306
Politics,Unmatched,2024-08-13,58652,7728,1548034
Politics,Unmatched,2024-08-20,54718,6594,1554628
Politics,Unmatched,2024-08-27,56173,6562,1561190
Politics,Unmatched,2024-09-03,57229,6553,1567743
Politics,Unmatched,2024-09-10,58344,7419,1575162
Politics,Unmatched,2024-09-17,56288,7048,1582210
Politics,Unmatched,2024-09-24,57336,6997,1589207
Politics,Unmatched,2024-10-01,55556,6293,1595500
Politics,Unmatched,2024-10-08,55561,7635,1603135
Politics,Unmatched,2024-10-15,56495,6604,1609739
Politics,Unmatched,2024-10-22,55778,6306,1616045
Politics,Unmatched,2024-10-29,54532,5839,1621884
Politics,Unmatched,2024-11-05,55494,6437,1628321
Politics,Unmatched,2024-11-12,53473,5799,1634120
Politics,Unmatched,2024-11-19,57470,7158,1641278
Politics,Unmatched,2024-11-26,56279,6802,1648080
Politics,Unmatched,2024-12-03,57633,7558,1655638
Politics,Unmatched,2024-12-10,54425,6035,1661673
Politics,Unmatched,2024-12-17,54467,5438,1667111
Politics,Unmatched,2024-12-24,54265,6444,1673555
Politics,Unmatched,2024-12-31,56662,6953,1680508
Politics,Unmatched,2025-01-07,64975,8737,1689245
Politics,Unmatched,2025-01-14,59094,6882,1696127
Politics,Unmatched,2025-01-21,61077,6774,1702901
Politics,Unmatched,2025-01-28,60884,6784,1709685
Politics,Unmatched,2025-02-04,58696,6724,1716409
Politics,Unmatched,2025-02-11,61074,8220,1724629
Politics,Unmatched,2025-02-18,59845,6879,1731508
Politics,Unmatched,2025-02-25,58573,6967,1738475
Politics,Unmatched,2025-03-04,64347,10482,1748957
Politics,Unmatched,2025-03-11,59567,7181,1756138
Politics,Unmatched,2025-03-18,61752,6867,1763005
Politics,Unmatched,2025-03-25,59062,6790,1769795
Politics,Unmatched,2025-04-01,60835,8717,1778512
Politics,Unmatched,2025-04-08,58263,6748,1785260
Politics,Unmatched,2025-04-15,63296,8418,1793678
Politics,Unmatched,2025-04-22,59976,7467,1801145
Politics,Unmatched,2025-04-29,59789,6513,1807658
Politics,Unmatched,2025-05-06,56414,5960,1813618
Politics,Unmatched,2025-05-13,58552,6183,1819801
Politics,Unmatched,2025-05-20,57618,6219,1826020
Politics,Unmatched,2025-05-27,60194,7016,1833036
Politics,Unmatched,2025-06-03,57368,6265,1839301
Politics,Unmatched,2025-06-10,61346,6962,1846263
Politics,Unmatched,2025-06-17,63212,7336,1853599
Politics,Unmatched,2025-06-24,64442,7615,1861214
Politics,Unmatched,2025-07-01,63160,6772,1867986
Politics,Unmatched,2025-07-08,64362,6876,1874862
Politics,Unmatched,2025-07-15,61679,6639,1881501
Politics,Unmatched,2025-07-22,64047,7450,1888951
Politics,Unmatched,2025-07-29,63487,7015,1895966
Politics,Unmatched,2025-08-05,56029,5979,1901945
Politics,Unmatched,2025-08-12,55777,6518,1908463
Politics,Unmatched,2025-08-19,55892,6610,1915073
Politics,Unmatched,2025-08-26,58585,7023,1922096
Politics,Unmatched,2025-09-02,58154,6652,1928748
Politics,Unmatched,2025-09-09,57084,6693,1935441
Politics,Unmatched,2025-09-16,58309,6754,1942195
Politics,Unmatched,2025-09-23,59072,6817,1949012
Politics,Unmatched,2025-09-30,60366,7042,1956054
Politics,Unmatched,2025-10-07,55699,6003,1962057
Politics,Unmatched,2025-10-14,53339,6086,1968143
Politics,Unmatched,2025-10-21,44149,4119,1972262
Politics,Unmatched (UK),2021-10-26,37657,37657,37657
Politics,Unmatched (UK),2021-11-02,38044,17536,55193
Politics,Unmatched (UK),2021-11-09,36488,11961,67154
Politics,Unmatched (UK),2021-11-16,35803,9368,76522
Politics,Unmatched (UK),2021-11-23,38570,9171,85693
Politics,Unmatched (UK),2021-11-30,39800,8574,94267
Politics,Unmatched (UK),2021-12-07,39729,7648,101915
Politics,Unmatched (UK),2021-12-14,39304,6774,108689
Politics,Unmatched (UK),2021-12-21,39254,6332,115021
Politics,Unmatched (UK),2021-12-28,39706,5953,120974
Politics,Unmatched (UK),2022-01-04,42362,6189,127163
Politics,Unmatched (UK),2022-01-11,38865,4929,132092
Politics,Unmatched (UK),2022-01-18,40068,4853,136945
Politics,Unmatched (UK),2022-01-25,39038,4778,141723
Politics,Unmatched (UK),2022-02-01,38730,4271,145994
Politics,Unmatched (UK),2022-02-08,36306,3470,149464
Politics,Unmatched (UK),2022-02-15,38017,4021,153485
Politics,Unmatched (UK),2022-02-22,33782,3096,156581
Politics,Unmatched (UK),2022-03-01,34680,3253,159834
Politics,Unmatched (UK),2022-03-08,34973,3507,163341
Politics,Unmatched (UK),2022-03-15,34080,3021,166362
Politics,Unmatched (UK),2022-03-22,34657,3054,169416
Politics,Unmatched (UK),2022-03-29,35674,3203,172619
Politics,Unmatched (UK),2022-04-05,39606,3769,176388
Politics,Unmatched (UK),2022-04-12,40901,3980,180368
Politics,Unmatched (UK),2022-04-19,37948,3188,183556
Politics,Unmatched (UK),2022-04-26,36144,2806,186362
Politics,Unmatched (UK),2022-05-03,37610,3045,189407
Politics,Unmatched (UK),2022-05-10,38031,3012,192419
Politics,Unmatched (UK),2022-05-17,37791,2861,195280
Politics,Unmatched (UK),2022-05-24,38760,3188,198468
Politics,Unmatched (UK),2022-05-31,38237,2999,201467
Politics,Unmatched (UK),2022-06-07,37853,2692,204159
Politics,Unmatched (UK),2022-06-14,38106,2805,206964
Politics,Unmatched (UK),2022-06-21,39323,3050,210014
Politics,Unmatched (UK),2022-06-28,43237,3512,213526
Politics,Unmatched (UK),2022-07-05,46499,3890,217416
Politics,Unmatched (UK),2022-07-12,49434,4485,221901
Politics,Unmatched (UK),2022-07-19,49659,4336,226237
Politics,Unmatched (UK),2022-07-26,45339,3390,229627
Politics,Unmatched (UK),2022-08-02,45486,3414,233041
Politics,Unmatched (UK),2022-08-09,48476,3743,236784
Politics,Unmatched (UK),2022-08-16,46846,3434,240218
Politics,Unmatched (UK),2022-08-23,48904,3855,244073
Politics,Unmatched (UK),2022-08-30,52775,4144,248217
Politics,Unmatched (UK),2022-09-06,53230,4017,252234
Politics,Unmatched (UK),2022-09-13,51455,3647,255881
Politics,Unmatched (UK),2022-09-20,48274,3077,258958
Politics,Unmatched (UK),2022-09-27,51982,3310,262268
Politics,Unmatched (UK),2022-10-04,48307,3083,265351
Politics,Unmatched (UK),2022-10-11,53308,3569,268920
Politics,Unmatched (UK),2022-10-18,53274,3361,272281
Politics,Unmatched (UK),2022-10-25,51498,3468,275749
Politics,Unmatched (UK),2022-11-01,55976,4508,280257
Politics,Unmatched (UK),2022-11-08,51840,3240,283497
Politics,Unmatched (UK),2022-11-15,49589,3064,286561
Politics,Unmatched (UK),2022-11-22,49872,3053,289614
Politics,Unmatched (UK),2022-11-29,52094,3008,292622
Politics,Unmatched (UK),2022-12-06,51727,3169,295791
Politics,Unmatched (UK),2022-12-13,52034,3192,298983
Politics,Unmatched (UK),2022-12-20,52225,3086,302069
Politics,Unmatched (UK),2022-12-27,51374,3526,305595
Politics,Unmatched (UK),2023-01-03,51681,3091,308686
Politics,Unmatched (UK),2023-01-10,51725,2842,311528
Politics,Unmatched (UK),2023-01-17,53256,3337,314865
Politics,Unmatched (UK),2023-01-24,51442,2932,317797
Politics,Unmatched (UK),2023-01-31,52550,2941,320738
Politics,Unmatched (UK),2023-02-07,47185,2349,323087
Politics,Unmatched (UK),2023-02-14,50757,2701,325788
Politics,Unmatched (UK),2023-02-21,49669,2741,328529
Politics,Unmatched (UK),2023-02-28,43497,1984,330513
Politics,Unmatched (UK),2023-03-07,46020,2178,332691
Politics,Unmatched (UK),2023-03-14,41950,2007,334698
Politics,Unmatched (UK),2023-03-21,47032,2582,337280
Politics,Unmatched (UK),2023-03-28,41142,1934,339214
Politics,Unmatched (UK),2023-04-04,40211,1804,341018
Politics,Unmatched (UK),2023-04-11,44131,2552,343570
Politics,Unmatched (UK),2023-04-18,39777,1805,345375
Politics,Unmatched (UK),2023-04-25,40594,1937,347312
Politics,Unmatched (UK),2023-05-02,40652,1799,349111
Politics,Unmatched (UK),2023-05-09,40788,1967,351078
Politics,Unmatched (UK),2023-05-16,42152,1997,353075
Politics,Unmatched (UK),2023-05-23,42119,2199,355274
Politics,Unmatched (UK),2023-05-30,42625,2323,357597
Politics,Unmatched (UK),2023-06-06,41384,2005,359602
Politics,Unmatched (UK),2023-06-13,41152,2096,361698
Politics,Unmatched (UK),2023-06-20,43670,2378,364076
Politics,Unmatched (UK),2023-06-27,41590,2203,366279
Politics,Unmatched (UK),2023-07-04,42638,2366,368645
Politics,Unmatched (UK),2023-07-11,47870,2917,371562
Politics,Unmatched (UK),2023-07-18,43935,2318,373880
Politics,Unmatched (UK),2023-07-25,43089,2510,376390
Politics,Unmatched (UK),2023-08-01,42794,2658,379048
Politics,Unmatched (UK),2023-08-08,45233,2841,381889
Politics,Unmatched (UK),2023-08-15,44322,2556,384445
Politics,Unmatched (UK),2023-08-22,39184,2082,386527
Politics,Unmatched (UK),2023-08-29,42241,2272,388799
Politics,Unmatched (UK),2023-09-05,42953,2180,390979
Politics,Unmatched (UK),2023-09-12,45293,2286,393265
Politics,Unmatched (UK),2023-09-19,47265,2556,395821
Politics,Unmatched (UK),2023-09-26,45138,2214,398035
Politics,Unmatched (UK),2023-10-03,45140,2101,400136
Politics,Unmatched (UK),2023-10-10,42968,2048,402184
Politics,Unmatched (UK),2023-10-17,42480,1968,404152
Politics,Unmatched (UK),2023-10-24,42182,1970,406122
Politics,Unmatched (UK),2023-10-31,42619,2030,408152
Politics,Unmatched (UK),2023-11-07,42255,1897,410049
Politics,Unmatched (UK),2023-11-14,42412,1975,412024
Politics,Unmatched (UK),2023-11-21,41855,1851,413875
Politics,Unmatched (UK),2023-11-28,39967,1856,415731
Politics,Unmatched (UK),2023-12-05,40795,1975,417706
Politics,Unmatched (UK),2023-12-12,39518,1918,419624
Politics,Unmatched (UK),2023-12-19,40905,1922,421546
Politics,Unmatched (UK),2023-12-26,40389,2081,423627
Politics,Unmatched (UK),2024-01-02,43647,2334,425961
Politics,Unmatched (UK),2024-01-09,43917,2310,428271
Politics,Unmatched (UK),2024-01-16,42513,2038,430309
Politics,Unmatched (UK),2024-01-23,43619,2136,432445
Politics,Unmatched (UK),2024-01-30,43259,2187,434632
Politics,Unmatched (UK),2024-02-06,42109,1918,436550
Politics,Unmatched (UK),2024-02-13,42283,2080,438630
Politics,Unmatched (UK),2024-02-20,43004,2200,440830
Politics,Unmatched (UK),2024-02-27,43875,2313,443143
Politics,Unmatched (UK),2024-03-05,42688,2073,445216
Politics,Unmatched (UK),2024-03-12,41894,2104,447320
Politics,Unmatched (UK),2024-03-19,43454,2302,449622
Politics,Unmatched (UK),2024-03-26,42113,2263,451885
Politics,Unmatched (UK),2024-04-02,43254,2150,454035
Politics,Unmatched (UK),2024-04-09,42714,2240,456275
Politics,Unmatched (UK),2024-04-16,44240,2401,458676
Politics,Unmatched (UK),2024-04-23,43016,2234,460910
Politics,Unmatched (UK),2024-04-30,43427,2087,462997
Politics,Unmatched (UK),2024-05-07,42763,2053,465050
Politics,Unmatched (UK),2024-05-14,41814,1953,467003
Politics,Unmatched (UK),2024-05-21,44937,2039,469042
Politics,Unmatched (UK),2024-05-28,43649,2147,471189
Politics,Unmatched (UK),2024-06-04,43298,1955,473144
Politics,Unmatched (UK),2024-06-11,40110,1629,474773
Politics,Unmatched (UK),2024-06-18,42491,1804,476577
Politics,Unmatched (UK),2024-06-25,43285,1973,478550
Politics,Unmatched (UK),2024-07-02,46752,2244,480794
Politics,Unmatched (UK),2024-07-09,44856,2022,482816
Politics,Unmatched (UK),2024-07-16,42377,1954,484770
Politics,Unmatched (UK),2024-07-23,42032,2008,486778
Politics,Unmatched (UK),2024-07-30,43644,2110,488888
Politics,Unmatched (UK),2024-08-06,42088,2050,490938
Politics,Unmatched (UK),2024-08-13,42522,2124,493062
Politics,Unmatched (UK),2024-08-20,40439,1898,494960
Politics,Unmatched (UK),2024-08-27,41510,1821,496781
Politics,Unmatched (UK),2024-09-03,42622,1973,498754
Politics,Unmatched (UK),2024-09-10,42589,1910,500664
Politics,Unmatched (UK),2024-09-17,41319,1912,502576
Politics,Unmatched (UK),2024-09-24,42209,1873,504449
Politics,Unmatched (UK),2024-10-01,41335,1719,506168
Politics,Unmatched (UK),2024-10-08,40066,1824,507992
Politics,Unmatched (UK),2024-10-15,41860,1813,509805
Politics,Unmatched (UK),2024-10-22,41707,1922,511727
Politics,Unmatched (UK),2024-10-29,40819,1621,513348
Politics,Unmatched (UK),2024-11-05,41150,1765,515113
Politics,Unmatched (UK),2024-11-12,40300,1686,516799
Politics,Unmatched (UK),2024-11-19,42540,2004,518803
Politics,Unmatched (UK),2024-11-26,41816,1875,520678
Politics,Unmatched (UK),2024-12-03,41931,1827,522505
Politics,Unmatched (UK),2024-12-10,40653,1720,524225
Politics,Unmatched (UK),2024-12-17,41505,1630,525855
Politics,Unmatched (UK),2024-12-24,40416,1784,527639
Politics,Unmatched (UK),2024-12-31,42085,1917,529556
Politics,Unmatched (UK),2025-01-07,47453,2539,532095
Politics,Unmatched (UK),2025-01-14,44072,2058,534153
Politics,Unmatched (UK),2025-01-21,45694,1970,536123
Politics,Unmatched (UK),2025-01-28,45486,1941,538064
Politics,Unmatched (UK),2025-02-04,43658,1864,539928
Politics,Unmatched (UK),2025-02-11,44228,1912,541840
Politics,Unmatched (UK),2025-02-18,44494,1906,543746
Politics,Unmatched (UK),2025-02-25,42949,1786,545532
Politics,Unmatched (UK),2025-03-04,44475,1992,547524
Politics,Unmatched (UK),2025-03-11,43660,1780,549304
Politics,Unmatched (UK),2025-03-18,45807,1816,551120
Politics,Unmatched (UK),2025-03-25,44055,1843,552963
Politics,Unmatched (UK),2025-04-01,43297,1918,554881
Politics,Unmatched (UK),2025-04-08,43146,1789,556670
Politics,Unmatched (UK),2025-04-15,45808,2094,558764
Politics,Unmatched (UK),2025-04-22,43987,1958,560722
Politics,Unmatched (UK),2025-04-29,44314,1721,562443
Politics,Unmatched (UK),2025-05-06,42152,1650,564093
Politics,Unmatched (UK),2025-05-13,43671,1718,565811
Politics,Unmatched (UK),2025-05-20,42725,1723,567534
Politics,Unmatched (UK),2025-05-27,44524,1871,569405
Politics,Unmatched (UK),2025-06-03,42816,1735,571140
Politics,Unmatched (UK),2025-06-10,45271,1847,572987
Politics,Unmatched (UK),2025-06-17,46652,2061,575048
Politics,Unmatched (UK),2025-06-24,47310,2099,577147
Politics,Unmatched (UK),2025-07-01,46803,1949,579096
Politics,Unmatched (UK),2025-07-08,47457,1871,580967
Politics,Unmatched (UK),2025-07-15,45395,1730,582697
Politics,Unmatched (UK),2025-07-22,46320,1893,584590
Politics,Unmatched (UK),2025-07-29,46166,1776,586366
Politics,Unmatched (UK),2025-08-05,41276,1485,587851
Politics,Unmatched (UK),2025-08-12,40676,1617,589468
Politics,Unmatched (UK),2025-08-19,40847,1761,591229
Politics,Unmatched (UK),2025-08-26,42341,1737,592966
Politics,Unmatched (UK),2025-09-02,42405,1686,594652
Politics,Unmatched (UK),2025-09-09,41304,1663,596315
Politics,Unmatched (UK),2025-09-16,41948,1700,598015
Politics,Unmatched (UK),2025-09-23,42608,1635,599650
Politics,Unmatched (UK),2025-09-30,43612,1791,601441
Politics,Unmatched (UK),2025-10-07,40781,1507,602948
Politics,Unmatched (UK),2025-10-14,38649,1392,604340
Politics,Unmatched (UK),2025-10-21,32986,1029,605369
Politics,Raw,2021-10-26,60118,60118,60118
Politics,Raw,2021-11-02,62002,35663,95781
Politics,Raw,2021-11-09,58692,26406,122187
Politics,Raw,2021-11-16,55129,20085,142272
Politics,Raw,2021-11-23,59529,20508,162780
Politics,Raw,2021-11-30,61727,20109,182889
Politics,Raw,2021-12-07,61550,18602,201491
Politics,Raw,2021-12-14,60564,16917,218408
Politics,Raw,2021-12-21,62961,18460,236868
Politics,Raw,2021-12-28,60913,15462,252330
Politics,Raw,2022-01-04,65483,16593,268923
Politics,Raw,2022-01-11,59120,13243,282166
Politics,Raw,2022-01-18,62894,14914,297080
Politics,Raw,2022-01-25,64953,17423,314503
Politics,Raw,2022-02-01,60026,13231,327734
Politics,Raw,2022-02-08,53558,9316,337050
Politics,Raw,2022-02-15,57839,12022,349072
Politics,Raw,2022-02-22,50357,9107,358179
Politics,Raw,2022-03-01,53168,10770,368949
Politics,Raw,2022-03-08,56343,13323,382272
Politics,Raw,2022-03-15,50100,8734,391006
Politics,Raw,2022-03-22,51345,9092,400098
Politics,Raw,2022-03-29,53004,9551,409649
Politics,Raw,2022-04-05,60870,12285,421934
Politics,Raw,2022-04-12,63095,12744,434678
Politics,Raw,2022-04-19,56694,9862,444540
Politics,Raw,2022-04-26,54085,9095,453635
Politics,Raw,2022-05-03,57137,9970,463605
Politics,Raw,2022-05-10,58083,10395,474000
Politics,Raw,2022-05-17,57567,10086,484086
Politics,Raw,2022-05-24,59323,11339,495425
Politics,Raw,2022-05-31,58173,10289,505714
Politics,Raw,2022-06-07,56645,9111,514825
Politics,Raw,2022-06-14,57113,9343,524168
Politics,Raw,2022-06-21,58536,9542,533710
Politics,Raw,2022-06-28,64597,10991,544701
Politics,Raw,2022-07-05,71117,12778,557479
Politics,Raw,2022-07-12,76966,15280,572759
Politics,Raw,2022-07-19,82508,19144,591903
Politics,Raw,2022-07-26,67848,11022,602925
Politics,Raw,2022-08-02,68732,11508,614433
Politics,Raw,2022-08-09,76643,14952,629385
Politics,Raw,2022-08-16,70683,12006,641391
Politics,Raw,2022-08-23,75947,14579,655970
Politics,Raw,2022-08-30,81274,14770,670740
Politics,Raw,2022-09-06,84449,16182,686922
Politics,Raw,2022-09-13,78076,13084,700006
Politics,Raw,2022-09-20,71088,10283,710289
Politics,Raw,2022-09-27,76999,11226,721515
Politics,Raw,2022-10-04,72569,11765,733280
Politics,Raw,2022-10-11,81823,13826,747106
Politics,Raw,2022-10-18,81711,13015,760121
Politics,Raw,2022-10-25,77356,12381,772502
Politics,Raw,2022-11-01,87354,17132,789634
Politics,Raw,2022-11-08,77120,12154,801788
Politics,Raw,2022-11-15,74505,11728,813516
Politics,Raw,2022-11-22,75093,12048,825564
Politics,Raw,2022-11-29,77123,11233,836797
Politics,Raw,2022-12-06,78196,13072,849869
Politics,Raw,2022-12-13,77599,12103,861972
Politics,Raw,2022-12-20,79085,13113,875085
Politics,Raw,2022-12-27,78462,13726,888811
Politics,Raw,2023-01-03,77010,11926,900737
Politics,Raw,2023-01-10,76821,11338,912075
Politics,Raw,2023-01-17,77994,11852,923927
Politics,Raw,2023-01-24,74109,10146,934073
Politics,Raw,2023-01-31,77744,11000,945073
Politics,Raw,2023-02-07,67465,8418,953491
Politics,Raw,2023-02-14,73929,10547,964038
Politics,Raw,2023-02-21,74353,11085,975123
Politics,Raw,2023-02-28,61925,7284,982407
Politics,Raw,2023-03-07,65930,8013,990420
Politics,Raw,2023-03-14,59318,6971,997391
Politics,Raw,2023-03-21,76448,16091,1013482
Politics,Raw,2023-03-28,57934,6655,1020137
Politics,Raw,2023-04-04,56779,6536,1026673
Politics,Raw,2023-04-11,65767,10396,1037069
Politics,Raw,2023-04-18,55291,6103,1043172
Politics,Raw,2023-04-25,57272,6758,1049930
Politics,Raw,2023-05-02,56970,6192,1056122
Politics,Raw,2023-05-09,58881,7352,1063474
Politics,Raw,2023-05-16,58103,6541,1070015
Politics,Raw,2023-05-23,57937,6863,1076878
Politics,Raw,2023-05-30,60508,8446,1085324
Politics,Raw,2023-06-06,56974,6530,1091854
Politics,Raw,2023-06-13,57289,7129,1098983
Politics,Raw,2023-06-20,61621,8311,1107294
Politics,Raw,2023-06-27,58910,7940,1115234
Politics,Raw,2023-07-04,58948,7630,1122864
Politics,Raw,2023-07-11,68319,10033,1132897
Politics,Raw,2023-07-18,61194,8279,1141176
Politics,Raw,2023-07-25,59721,8033,1149209
Politics,Raw,2023-08-01,60151,8919,1158128
Politics,Raw,2023-08-08,63611,9424,1167552
Politics,Raw,2023-08-15,62319,8726,1176278
Politics,Raw,2023-08-22,54112,6942,1183220
Politics,Raw,2023-08-29,58148,7601,1190821
Politics,Raw,2023-09-05,58506,6883,1197704
Politics,Raw,2023-09-12,62181,7468,1205172
Politics,Raw,2023-09-19,65443,8417,1213589
Politics,Raw,2023-09-26,61961,7341,1220930
Politics,Raw,2023-10-03,61411,6829,1227759
Politics,Raw,2023-10-10,58455,6778,1234537
Politics,Raw,2023-10-17,58483,6696,1241233
Politics,Raw,2023-10-24,56967,6235,1247468
Politics,Raw,2023-10-31,57934,6662,1254130
Politics,Raw,2023-11-07,56867,6113,1260243
Politics,Raw,2023-11-14,58050,6933,1267176
Politics,Raw,2023-11-21,56605,6288,1273464
Politics,Raw,2023-11-28,54397,6112,1279576
Politics,Raw,2023-12-05,55886,6706,1286282
Politics,Raw,2023-12-12,53408,6281,1292563
Politics,Raw,2023-12-19,55226,6276,1298839
Politics,Raw,2023-12-26,57069,8551,1307390
Politics,Raw,2024-01-02,59357,7611,1315001
Politics,Raw,2024-01-09,59450,7510,1322511
Politics,Raw,2024-01-16,58082,7205,1329716
Politics,Raw,2024-01-23,59351,7194,1336910
Politics,Raw,2024-01-30,58668,7226,1344136
Politics,Raw,2024-02-06,56187,6206,1350342
Politics,Raw,2024-02-13,56892,6683,1357025
Politics,Raw,2024-02-20,59261,7723,1364748
Politics,Raw,2024-02-27,62101,9442,1374190
Politics,Raw,2024-03-05,59242,8095,1382285
Politics,Raw,2024-03-12,57853,7619,1389904
Politics,Raw,2024-03-19,59974,8203,1398107
Politics,Raw,2024-03-26,60908,9876,1407983
Politics,Raw,2024-04-02,58677,7178,1415161
Politics,Raw,2024-04-09,58242,7339,1422500
Politics,Raw,2024-04-16,60624,7875,1430375
Politics,Raw,2024-04-23,59380,8145,1438520
Politics,Raw,2024-04-30,59539,7364,1445884
Politics,Raw,2024-05-07,58044,7159,1453043
Politics,Raw,2024-05-14,56684,6715,1459758
Politics,Raw,2024-05-21,61944,7447,1467205
Politics,Raw,2024-05-28,60414,7826,1475031
Politics,Raw,2024-06-04,59057,6863,1481894
Politics,Raw,2024-06-11,55020,6046,1487940
Politics,Raw,2024-06-18,58152,6584,1494524
Politics,Raw,2024-06-25,58958,6614,1501138
Politics,Raw,2024-07-02,65014,7963,1509101
Politics,Raw,2024-07-09,61047,6923,1516024
Politics,Raw,2024-07-16,57579,6567,1522591
Politics,Raw,2024-07-23,58160,7564,1530155
Politics,Raw,2024-07-30,60704,8064,1538219
Politics,Raw,2024-08-06,57788,7220,1545439
Politics,Raw,2024-08-13,59018,7780,1553219
Politics,Raw,2024-08-20,54996,6612,1559831
Politics,Raw,2024-08-27,56433,6596,1566427
Politics,Raw,2024-09-03,57529,6580,1573007
Politics,Raw,2024-09-10,58627,7454,1580461
Politics,Raw,2024-09-17,56639,7101,1587562
Politics,Raw,2024-09-24,57606,7027,1594589
Politics,Raw,2024-10-01,55879,6343,1600932
Politics,Raw,2024-10-08,55915,7670,1608602
Politics,Raw,2024-10-15,56779,6625,1615227
Politics,Raw,2024-10-22,56007,6336,1621563
Politics,Raw,2024-10-29,54866,5871,1627434
Politics,Raw,2024-11-05,55755,6462,1633896
Politics,Raw,2024-11-12,53713,5837,1639733
Politics,Raw,2024-11-19,57768,7197,1646930
Politics,Raw,2024-11-26,56632,6842,1653772
Politics,Raw,2024-12-03,57887,7578,1661350
Politics,Raw,2024-12-10,54740,6055,1667405
Politics,Raw,2024-12-17,54813,5479,1672884
Politics,Raw,2024-12-24,54505,6466,1679350
Politics,Raw,2024-12-31,56966,7003,1686353
Politics,Raw,2025-01-07,65303,8768,1695121
Politics,Raw,2025-01-14,59492,6928,1702049
Politics,Raw,2025-01-21,61394,6799,1708848
Politics,Raw,2025-01-28,61195,6808,1715656
Politics,Raw,2025-02-04,59021,6748,1722404
Politics,Raw,2025-02-11,61328,8243,1730647
Politics,Raw,2025-02-18,60178,6916,1737563
Politics,Raw,2025-02-25,58845,7006,1744569
Politics,Raw,2025-03-04,64573,10500,1755069
Politics,Raw,2025-03-11,59832,7193,1762262
Politics,Raw,2025-03-18,62060,6897,1769159
Politics,Raw,2025-03-25,59327,6822,1775981
Politics,Raw,2025-04-01,61094,8741,1784722
Politics,Raw,2025-04-08,58612,6797,1791519
Politics,Raw,2025-04-15,63639,8459,1799978
Politics,Raw,2025-04-22,60303,7501,1807479
Politics,Raw,2025-04-29,60149,6552,1814031
Politics,Raw,2025-05-06,56770,6009,1820040
Politics,Raw,2025-05-13,58790,6203,1826243
Politics,Raw,2025-05-20,57900,6247,1832490
Politics,Raw,2025-05-27,60473,7039,1839529
Politics,Raw,2025-06-03,57754,6302,1845831
Politics,Raw,2025-06-10,61701,7005,1852836
Politics,Raw,2025-06-17,63504,7368,1860204
Politics,Raw,2025-06-24,64852,7653,1867857
Politics,Raw,2025-07-01,63520,6811,1874668
Politics,Raw,2025-07-08,64770,6918,1881586
Politics,Raw,2025-07-15,62254,6702,1888288
Politics,Raw,2025-07-22,65448,7670,1895958
Politics,Raw,2025-07-29,64662,7234,1903192
Politics,Raw,2025-08-05,56504,6035,1909227
Politics,Raw,2025-08-12,56297,6577,1915804
Politics,Raw,2025-08-19,56412,6655,1922459
Politics,Raw,2025-08-26,59077,7076,1929535
Politics,Raw,2025-09-02,58487,6682,1936217
Politics,Raw,2025-09-09,57389,6713,1942930
Politics,Raw,2025-09-16,58657,6780,1949710
Politics,Raw,2025-09-23,59466,6860,1956570
Politics,Raw,2025-09-30,60795,7081,1963651
Politics,Raw,2025-10-07,56273,6066,1969717
Politics,Raw,2025-10-14,53631,6126,1975843
Politics,Raw,2025-10-21,44342,4118,1979961
Politics,Raw (UK),2021-10-26,37782,37782,37782
Politics,Raw (UK),2021-11-02,38145,17559,55341
Politics,Raw (UK),2021-11-09,36609,11994,67335
Politics,Raw (UK),2021-11-16,35926,9381,76716
Politics,Raw (UK),2021-11-23,38655,9165,85881
Politics,Raw (UK),2021-11-30,39936,8594,94475
Politics,Raw (UK),2021-12-07,39841,7671,102146
Politics,Raw (UK),2021-12-14,39426,6775,108921
Politics,Raw (UK),2021-12-21,39330,6333,115254
Politics,Raw (UK),2021-12-28,39827,5956,121210
Politics,Raw (UK),2022-01-04,42488,6204,127414
Politics,Raw (UK),2022-01-11,38988,4940,132354
Politics,Raw (UK),2022-01-18,40165,4855,137209
Politics,Raw (UK),2022-01-25,39154,4782,141991
Politics,Raw (UK),2022-02-01,38846,4273,146264
Politics,Raw (UK),2022-02-08,36460,3478,149742
Politics,Raw (UK),2022-02-15,38133,4033,153775
Politics,Raw (UK),2022-02-22,33904,3106,156881
Politics,Raw (UK),2022-03-01,34798,3257,160138
Politics,Raw (UK),2022-03-08,35111,3509,163647
Politics,Raw (UK),2022-03-15,34178,3023,166670
Politics,Raw (UK),2022-03-22,34767,3062,169732
Politics,Raw (UK),2022-03-29,35805,3208,172940
Politics,Raw (UK),2022-04-05,39768,3792,176732
Politics,Raw (UK),2022-04-12,41027,3986,180718
Politics,Raw (UK),2022-04-19,38079,3187,183905
Politics,Raw (UK),2022-04-26,36345,2816,186721
Politics,Raw (UK),2022-05-03,37707,3044,189765
Politics,Raw (UK),2022-05-10,38167,3010,192775
Politics,Raw (UK),2022-05-17,37891,2861,195636
Politics,Raw (UK),2022-05-24,38880,3195,198831
Politics,Raw (UK),2022-05-31,38339,3002,201833
Politics,Raw (UK),2022-06-07,37969,2702,204535
Politics,Raw (UK),2022-06-14,38219,2804,207339
Politics,Raw (UK),2022-06-21,39466,3053,210392
Politics,Raw (UK),2022-06-28,43376,3521,213913
Politics,Raw (UK),2022-07-05,46616,3883,217796
Politics,Raw (UK),2022-07-12,49562,4483,222279
Politics,Raw (UK),2022-07-19,49827,4335,226614
Politics,Raw (UK),2022-07-26,45470,3396,230010
Politics,Raw (UK),2022-08-02,45630,3420,233430
Politics,Raw (UK),2022-08-09,48614,3747,237177
Politics,Raw (UK),2022-08-16,47019,3437,240614
Politics,Raw (UK),2022-08-23,49062,3862,244476
Politics,Raw (UK),2022-08-30,52935,4152,248628
Politics,Raw (UK),2022-09-06,53426,4033,252661
Politics,Raw (UK),2022-09-13,51568,3639,256300
Politics,Raw (UK),2022-09-20,48386,3069,259369
Politics,Raw (UK),2022-09-27,52130,3306,262675
Politics,Raw (UK),2022-10-04,48441,3082,265757
Politics,Raw (UK),2022-10-11,53481,3579,269336
Politics,Raw (UK),2022-10-18,53425,3368,272704
Politics,Raw (UK),2022-10-25,51674,3473,276177
Politics,Raw (UK),2022-11-01,56135,4501,280678
Politics,Raw (UK),2022-11-08,52000,3252,283930
Politics,Raw (UK),2022-11-15,49765,3065,286995
Politics,Raw (UK),2022-11-22,50041,3060,290055
Politics,Raw (UK),2022-11-29,52256,3011,293066
Politics,Raw (UK),2022-12-06,51872,3172,296238
Politics,Raw (UK),2022-12-13,52239,3200,299438
Politics,Raw (UK),2022-12-20,52368,3085,302523
Politics,Raw (UK),2022-12-27,51542,3536,306059
Politics,Raw (UK),2023-01-03,51868,3097,309156
Politics,Raw (UK),2023-01-10,51904,2839,311995
Politics,Raw (UK),2023-01-17,53419,3347,315342
Politics,Raw (UK),2023-01-24,51679,2940,318282
Politics,Raw (UK),2023-01-31,52889,2977,321259
Politics,Raw (UK),2023-02-07,47365,2351,323610
Politics,Raw (UK),2023-02-14,50892,2700,326310
Politics,Raw (UK),2023-02-21,49844,2733,329043
Politics,Raw (UK),2023-02-28,43627,1979,331022
Politics,Raw (UK),2023-03-07,46223,2180,333202
Politics,Raw (UK),2023-03-14,42101,2007,335209
Politics,Raw (UK),2023-03-21,47234,2589,337798
Politics,Raw (UK),2023-03-28,41300,1939,339737
Politics,Raw (UK),2023-04-04,40378,1807,341544
Politics,Raw (UK),2023-04-11,44308,2553,344097
Politics,Raw (UK),2023-04-18,39907,1806,345903
Politics,Raw (UK),2023-04-25,40731,1937,347840
Politics,Raw (UK),2023-05-02,40832,1797,349637
Politics,Raw (UK),2023-05-09,40951,1978,351615
Politics,Raw (UK),2023-05-16,42308,1997,353612
Politics,Raw (UK),2023-05-23,42293,2198,355810
Politics,Raw (UK),2023-05-30,42806,2322,358132
Politics,Raw (UK),2023-06-06,41513,2005,360137
Politics,Raw (UK),2023-06-13,41269,2097,362234
Politics,Raw (UK),2023-06-20,43827,2380,364614
Politics,Raw (UK),2023-06-27,41762,2205,366819
Politics,Raw (UK),2023-07-04,42811,2371,369190
Politics,Raw (UK),2023-07-11,48083,2930,372120
Politics,Raw (UK),2023-07-18,44066,2330,374450
Politics,Raw (UK),2023-07-25,43259,2512,376962
Politics,Raw (UK),2023-08-01,43043,2682,379644
Politics,Raw (UK),2023-08-08,45419,2852,382496
Politics,Raw (UK),2023-08-15,44511,2564,385060
Politics,Raw (UK),2023-08-22,39322,2081,387141
Politics,Raw (UK),2023-08-29,42417,2276,389417
Politics,Raw (UK),2023-09-05,43198,2181,391598
Politics,Raw (UK),2023-09-12,45526,2298,393896
Politics,Raw (UK),2023-09-19,47486,2563,396459
Politics,Raw (UK),2023-09-26,45298,2214,398673
Politics,Raw (UK),2023-10-03,45286,2097,400770
Politics,Raw (UK),2023-10-10,43125,2055,402825
Politics,Raw (UK),2023-10-17,42628,1966,404791
Politics,Raw (UK),2023-10-24,42334,1969,406760
Politics,Raw (UK),2023-10-31,42783,2036,408796
Politics,Raw (UK),2023-11-07,42417,1900,410696
Politics,Raw (UK),2023-11-14,42553,1974,412670
Politics,Raw (UK),2023-11-21,42066,1855,414525
Politics,Raw (UK),2023-11-28,40087,1857,416382
Politics,Raw (UK),2023-12-05,40967,1983,418365
Politics,Raw (UK),2023-12-12,39674,1924,420289
Politics,Raw (UK),2023-12-19,41042,1913,422202
Politics,Raw (UK),2023-12-26,40558,2085,424287
Politics,Raw (UK),2024-01-02,43879,2346,426633
Politics,Raw (UK),2024-01-09,44093,2307,428940
Politics,Raw (UK),2024-01-16,42685,2042,430982
Politics,Raw (UK),2024-01-23,43850,2147,433129
Politics,Raw (UK),2024-01-30,43449,2195,435324
Politics,Raw (UK),2024-02-06,42320,1922,437246
Politics,Raw (UK),2024-02-13,42511,2091,439337
Politics,Raw (UK),2024-02-20,43174,2204,441541
Politics,Raw (UK),2024-02-27,44052,2311,443852
Politics,Raw (UK),2024-03-05,42849,2078,445930
Politics,Raw (UK),2024-03-12,42061,2102,448032
Politics,Raw (UK),2024-03-19,43668,2309,450341
Politics,Raw (UK),2024-03-26,42306,2262,452603
Politics,Raw (UK),2024-04-02,43469,2157,454760
Politics,Raw (UK),2024-04-09,42962,2234,456994
Politics,Raw (UK),2024-04-16,44442,2409,459403
Politics,Raw (UK),2024-04-23,43201,2228,461631
Politics,Raw (UK),2024-04-30,43600,2086,463717
Politics,Raw (UK),2024-05-07,42886,2050,465767
Politics,Raw (UK),2024-05-14,42007,1960,467727
Politics,Raw (UK),2024-05-21,45131,2043,469770
Politics,Raw (UK),2024-05-28,43805,2144,471914
Politics,Raw (UK),2024-06-04,43468,1958,473872
Politics,Raw (UK),2024-06-11,40256,1634,475506
Politics,Raw (UK),2024-06-18,42698,1812,477318
Politics,Raw (UK),2024-06-25,43425,1976,479294
Politics,Raw (UK),2024-07-02,46920,2240,481534
Politics,Raw (UK),2024-07-09,45072,2022,483556
Politics,Raw (UK),2024-07-16,42627,1974,485530
Politics,Raw (UK),2024-07-23,42239,2014,487544
Politics,Raw (UK),2024-07-30,43826,2114,489658
Politics,Raw (UK),2024-08-06,42292,2051,491709
Politics,Raw (UK),2024-08-13,42772,2133,493842
Politics,Raw (UK),2024-08-20,40636,1907,495749
Politics,Raw (UK),2024-08-27,41684,1823,497572
Politics,Raw (UK),2024-09-03,42821,1970,499542
Politics,Raw (UK),2024-09-10,42775,1915,501457
Politics,Raw (UK),2024-09-17,41552,1920,503377
Politics,Raw (UK),2024-09-24,42378,1875,505252
Politics,Raw (UK),2024-10-01,41543,1722,506974
Politics,Raw (UK),2024-10-08,40309,1831,508805
Politics,Raw (UK),2024-10-15,42039,1812,510617
Politics,Raw (UK),2024-10-22,41871,1927,512544
Politics,Raw (UK),2024-10-29,41038,1624,514168
Politics,Raw (UK),2024-11-05,41343,1775,515943
Politics,Raw (UK),2024-11-12,40459,1694,517637
Politics,Raw (UK),2024-11-19,42734,2012,519649
Politics,Raw (UK),2024-11-26,42051,1876,521525
Politics,Raw (UK),2024-12-03,42102,1825,523350
Politics,Raw (UK),2024-12-10,40894,1730,525080
Politics,Raw (UK),2024-12-17,41746,1638,526718
Politics,Raw (UK),2024-12-24,40570,1785,528503
Politics,Raw (UK),2024-12-31,42268,1932,530435
Politics,Raw (UK),2025-01-07,47680,2544,532979
Politics,Raw (UK),2025-01-14,44343,2064,535043
Politics,Raw (UK),2025-01-21,45919,1969,537012
Politics,Raw (UK),2025-01-28,45691,1945,538957
Politics,Raw (UK),2025-02-04,43878,1863,540820
Politics,Raw (UK),2025-02-11,44391,1905,542725
Politics,Raw (UK),2025-02-18,44735,1919,544644
Politics,Raw (UK),2025-02-25,43139,1789,546433
Politics,Raw (UK),2025-03-04,44622,1997,548430
Politics,Raw (UK),2025-03-11,43851,1781,550211
Politics,Raw (UK),2025-03-18,45999,1815,552026
Politics,Raw (UK),2025-03-25,44235,1843,553869
Politics,Raw (UK),2025-04-01,43465,1919,555788
Politics,Raw (UK),2025-04-08,43382,1804,557592
Politics,Raw (UK),2025-04-15,46031,2102,559694
Politics,Raw (UK),2025-04-22,44193,1960,561654
Politics,Raw (UK),2025-04-29,44558,1727,563381
Politics,Raw (UK),2025-05-06,42375,1659,565040
Politics,Raw (UK),2025-05-13,43837,1714,566754
Politics,Raw (UK),2025-05-20,42921,1729,568483
Politics,Raw (UK),2025-05-27,44701,1872,570355
Politics,Raw (UK),2025-06-03,43079,1743,572098
Politics,Raw (UK),2025-06-10,45505,1851,573949
Politics,Raw (UK),2025-06-17,46859,2068,576017
Politics,Raw (UK),2025-06-24,47590,2102,578119
Politics,Raw (UK),2025-07-01,47039,1949,580068
Politics,Raw (UK),2025-07-08,47727,1883,581951
Politics,Raw (UK),2025-07-15,45786,1738,583689
Politics,Raw (UK),2025-07-22,47209,1930,585619
Politics,Raw (UK),2025-07-29,46853,1803,587422
Politics,Raw (UK),2025-08-05,41562,1493,588915
Politics,Raw (UK),2025-08-12,40991,1615,590530
Politics,Raw (UK),2025-08-19,41171,1762,592292
Politics,Raw (UK),2025-08-26,42661,1746,594038
Politics,Raw (UK),2025-09-02,42604,1680,595718
Politics,Raw (UK),2025-09-09,41478,1655,597373
Politics,Raw (UK),2025-09-16,42171,1696,599069
Politics,Raw (UK),2025-09-23,42851,1640,600709
Politics,Raw (UK),2025-09-30,43888,1790,602499
Politics,Raw (UK),2025-10-07,41157,1519,604018
Politics,Raw (UK),2025-10-14,38825,1392,605410
Politics,Raw (UK),2025-10-21,33113,1019,606429
Politics,Matched,2021-10-26,1786,1786,1786
Politics,Matched,2021-11-02,1438,1248,3034
Politics,Matched,2021-11-09,1523,1234,4268
Politics,Matched,2021-11-16,1604,1217,5485
Politics,Matched,2021-11-23,1583,1113,6598
Politics,Matched,2021-11-30,1743,1213,7811
Politics,Matched,2021-12-07,1661,1082,8893
Politics,Matched,2021-12-14,1683,1070,9963
Politics,Matched,2021-12-21,1422,856,10819
Politics,Matched,2021-12-28,1781,1059,11878
Politics,Matched,2022-01-04,1757,1024,12902
Politics,Matched,2022-01-11,1581,881,13783
Politics,Matched,2022-01-18,1676,935,14718
Politics,Matched,2022-01-25,1810,916,15634
Politics,Matched,2022-02-01,1616,861,16495
Politics,Matched,2022-02-08,2033,1011,17506
Politics,Matched,2022-02-15,1742,872,18378
Politics,Matched,2022-02-22,1458,746,19124
Politics,Matched,2022-03-01,1471,716,19840
Politics,Matched,2022-03-08,1500,777,20617
Politics,Matched,2022-03-15,1390,636,21253
Politics,Matched,2022-03-22,1412,681,21934
Politics,Matched,2022-03-29,1394,650,22584
Politics,Matched,2022-04-05,1817,909,23493
Politics,Matched,2022-04-12,1720,830,24323
Politics,Matched,2022-04-19,1570,732,25055
Politics,Matched,2022-04-26,2302,1035,26090
Politics,Matched,2022-05-03,1448,641,26731
Politics,Matched,2022-05-10,1711,756,27487
Politics,Matched,2022-05-17,1484,619,28106
Politics,Matched,2022-05-24,1509,646,28752
Politics,Matched,2022-05-31,1626,686,29438
Politics,Matched,2022-06-07,1749,781,30219
Politics,Matched,2022-06-14,1521,635,30854
Politics,Matched,2022-06-21,1726,722,31576
Politics,Matched,2022-06-28,2032,890,32466
Politics,Matched,2022-07-05,1862,849,33315
Politics,Matched,2022-07-12,1925,825,34140
Politics,Matched,2022-07-19,2133,978,35118
Politics,Matched,2022-07-26,1939,829,35947
Politics,Matched,2022-08-02,1923,816,36763
Politics,Matched,2022-08-09,2153,1009,37772
Politics,Matched,2022-08-16,2066,880,38652
Politics,Matched,2022-08-23,2025,900,39552
Politics,Matched,2022-08-30,2237,978,40530
Politics,Matched,2022-09-06,2463,1181,41711
Politics,Matched,2022-09-13,1886,824,42535
Politics,Matched,2022-09-20,1669,690,43225
Politics,Matched,2022-09-27,2011,823,44048
Politics,Matched,2022-10-04,1934,738,44786
Politics,Matched,2022-10-11,2091,854,45640
Politics,Matched,2022-10-18,2030,847,46487
Politics,Matched,2022-10-25,2136,880,47367
Politics,Matched,2022-11-01,2131,844,48211
Politics,Matched,2022-11-08,2000,810,49021
Politics,Matched,2022-11-15,1974,853,49874
Politics,Matched,2022-11-22,2088,843,50717
Politics,Matched,2022-11-29,2158,828,51545
Politics,Matched,2022-12-06,2022,786,52331
Politics,Matched,2022-12-13,2233,991,53322
Politics,Matched,2022-12-20,1799,678,54000
Politics,Matched,2022-12-27,2021,810,54810
Politics,Matched,2023-01-03,2284,930,55740
Politics,Matched,2023-01-10,2468,961,56701
Politics,Matched,2023-01-17,2356,869,57570
Politics,Matched,2023-01-24,2473,1006,58576
Politics,Matched,2023-01-31,2485,1108,59684
Politics,Matched,2023-02-07,1982,729,60413
Politics,Matched,2023-02-14,1839,661,61074
Politics,Matched,2023-02-21,2209,756,61830
Politics,Matched,2023-02-28,1736,615,62445
Politics,Matched,2023-03-07,2130,783,63228
Politics,Matched,2023-03-14,1710,541,63769
Politics,Matched,2023-03-21,2091,807,64576
Politics,Matched,2023-03-28,1783,571,65147
Politics,Matched,2023-04-04,1800,617,65764
Politics,Matched,2023-04-11,1813,634,66398
Politics,Matched,2023-04-18,1719,551,66949
Politics,Matched,2023-04-25,1586,518,67467
Politics,Matched,2023-05-02,1749,588,68055
Politics,Matched,2023-05-09,1666,557,68612
Politics,Matched,2023-05-16,1757,582,69194
Politics,Matched,2023-05-23,1889,644,69838
Politics,Matched,2023-05-30,2040,711,70549
Politics,Matched,2023-06-06,1693,553,71102
Politics,Matched,2023-06-13,1535,512,71614
Politics,Matched,2023-06-20,1798,649,72263
Politics,Matched,2023-06-27,1828,601,72864
Politics,Matched,2023-07-04,2319,777,73641
Politics,Matched,2023-07-11,2629,967,74608
Politics,Matched,2023-07-18,1684,591,75199
Politics,Matched,2023-07-25,1848,607,75806
Politics,Matched,2023-08-01,2130,878,76684
Politics,Matched,2023-08-08,1977,713,77397
Politics,Matched,2023-08-15,2064,739,78136
Politics,Matched,2023-08-22,1689,590,78726
Politics,Matched,2023-08-29,1818,653,79379
Politics,Matched,2023-09-05,2379,847,80226
Politics,Matched,2023-09-12,2369,860,81086
Politics,Matched,2023-09-19,2249,757,81843
Politics,Matched,2023-09-26,2020,594,82437
Politics,Matched,2023-10-03,1974,672,83109
Politics,Matched,2023-10-10,1800,592,83701
Politics,Matched,2023-10-17,1672,539,84240
Politics,Matched,2023-10-24,1796,626,84866
Politics,Matched,2023-10-31,1745,637,85503
Politics,Matched,2023-11-07,1815,650,86153
Politics,Matched,2023-11-14,1690,563,86716
Politics,Matched,2023-11-21,2130,719,87435
Politics,Matched,2023-11-28,1575,500,87935
Politics,Matched,2023-12-05,1754,587,88522
Politics,Matched,2023-12-12,1656,563,89085
Politics,Matched,2023-12-19,1564,531,89616
Politics,Matched,2023-12-26,1569,567,90183
Politics,Matched,2024-01-02,2262,786,90969
Politics,Matched,2024-01-09,1971,664,91633
Politics,Matched,2024-01-16,1973,657,92290
Politics,Matched,2024-01-23,2420,789,93079
Politics,Matched,2024-01-30,2288,791,93870
Politics,Matched,2024-02-06,2251,695,94565
Politics,Matched,2024-02-13,2189,733,95298
Politics,Matched,2024-02-20,2120,704,96002
Politics,Matched,2024-02-27,2115,733,96735
Politics,Matched,2024-03-05,1674,551,97286
Politics,Matched,2024-03-12,1907,632,97918
Politics,Matched,2024-03-19,2285,790,98708
Politics,Matched,2024-03-26,1985,672,99380
Politics,Matched,2024-04-02,2072,687,100067
Politics,Matched,2024-04-09,2313,792,100859
Politics,Matched,2024-04-16,2087,677,101536
Politics,Matched,2024-04-23,1969,623,102159
Politics,Matched,2024-04-30,1714,547,102706
Politics,Matched,2024-05-07,1578,483,103189
Politics,Matched,2024-05-14,1977,644,103833
Politics,Matched,2024-05-21,2492,770,104603
Politics,Matched,2024-05-28,1990,629,105232
Politics,Matched,2024-06-04,2016,608,105840
Politics,Matched,2024-06-11,1870,579,106419
Politics,Matched,2024-06-18,2180,702,107121
Politics,Matched,2024-06-25,1821,550,107671
Politics,Matched,2024-07-02,2335,759,108430
Politics,Matched,2024-07-09,2186,717,109147
Politics,Matched,2024-07-16,2094,672,109819
Politics,Matched,2024-07-23,2079,608,110427
Politics,Matched,2024-07-30,2169,644,111071
Politics,Matched,2024-08-06,2016,687,111758
Politics,Matched,2024-08-13,2085,703,112461
Politics,Matched,2024-08-20,1786,568,113029
Politics,Matched,2024-08-27,2036,595,113624
Politics,Matched,2024-09-03,2084,632,114256
Politics,Matched,2024-09-10,2118,643,114899
Politics,Matched,2024-09-17,1918,639,115538
Politics,Matched,2024-09-24,1840,587,116125
Politics,Matched,2024-10-01,1995,619,116744
Politics,Matched,2024-10-08,1989,586,117330
Politics,Matched,2024-10-15,2108,637,117967
Politics,Matched,2024-10-22,1799,516,118483
Politics,Matched,2024-10-29,2016,626,119109
Politics,Matched,2024-11-05,1851,556,119665
Politics,Matched,2024-11-12,1684,516,120181
Politics,Matched,2024-11-19,2091,667,120848
Politics,Matched,2024-11-26,2395,766,121614
Politics,Matched,2024-12-03,1779,547,122161
Politics,Matched,2024-12-10,2215,616,122777
Politics,Matched,2024-12-17,2383,693,123470
Politics,Matched,2024-12-24,1696,550,124020
Politics,Matched,2024-12-31,1788,589,124609
Politics,Matched,2025-01-07,2285,730,125339
Politics,Matched,2025-01-14,2648,806,126145
Politics,Matched,2025-01-21,2257,659,126804
Politics,Matched,2025-01-28,2323,682,127486
Politics,Matched,2025-02-04,2255,677,128163
Politics,Matched,2025-02-11,1965,588,128751
Politics,Matched,2025-02-18,2474,758,129509
Politics,Matched,2025-02-25,2129,627,130136
Politics,Matched,2025-03-04,1886,562,130698
Politics,Matched,2025-03-11,2135,616,131314
Politics,Matched,2025-03-18,2543,776,132090
Politics,Matched,2025-03-25,1877,547,132637
Politics,Matched,2025-04-01,1831,558,133195
Politics,Matched,2025-04-08,2269,755,133950
Politics,Matched,2025-04-15,1969,646,134596
Politics,Matched,2025-04-22,2162,691,135287
Politics,Matched,2025-04-29,2487,735,136022
Politics,Matched,2025-05-06,2250,673,136695
Politics,Matched,2025-05-13,1895,537,137232
Politics,Matched,2025-05-20,2118,591,137823
Politics,Matched,2025-05-27,1998,616,138439
Politics,Matched,2025-06-03,2314,687,139126
Politics,Matched,2025-06-10,2354,673,139799
Politics,Matched,2025-06-17,2178,648,140447
Politics,Matched,2025-06-24,2681,818,141265
Politics,Matched,2025-07-01,2612,759,142024
Politics,Matched,2025-07-08,2546,778,142802
Politics,Matched,2025-07-15,3875,1131,143933
Politics,Matched,2025-07-22,6757,2382,146315
Politics,Matched,2025-07-29,6575,2046,148361
Politics,Matched,2025-08-05,3147,756,149117
Politics,Matched,2025-08-12,3010,765,149882
Politics,Matched,2025-08-19,2961,779,150661
Politics,Matched,2025-08-26,2834,790,151451
Politics,Matched,2025-09-02,2285,602,152053
Politics,Matched,2025-09-09,2064,522,152575
Politics,Matched,2025-09-16,2274,595,153170
Politics,Matched,2025-09-23,2758,726,153896
Politics,Matched,2025-09-30,2699,684,154580
Politics,Matched,2025-10-07,2887,780,155360
Politics,Matched,2025-10-14,1926,503,155863
Politics,Matched,2025-10-21,1455,329,156192
Politics,Matched (UK),2021-10-26,1348,1348,1348
Politics,Matched (UK),2021-11-02,1071,911,2259
Politics,Matched (UK),2021-11-09,1134,900,3159
Politics,Matched (UK),2021-11-16,1225,903,4062
Politics,Matched (UK),2021-11-23,1158,784,4846
Politics,Matched (UK),2021-11-30,1351,905,5751
Politics,Matched (UK),2021-12-07,1281,798,6549
Politics,Matched (UK),2021-12-14,1292,792,7341
Politics,Matched (UK),2021-12-21,1069,597,7938
Politics,Matched (UK),2021-12-28,1351,744,8682
Politics,Matched (UK),2022-01-04,1332,712,9394
Politics,Matched (UK),2022-01-11,1211,629,10023
Politics,Matched (UK),2022-01-18,1264,642,10665
Politics,Matched (UK),2022-01-25,1379,629,11294
Politics,Matched (UK),2022-02-01,1258,621,11915
Politics,Matched (UK),2022-02-08,1598,733,12648
Politics,Matched (UK),2022-02-15,1368,621,13269
Politics,Matched (UK),2022-02-22,1127,523,13792
Politics,Matched (UK),2022-03-01,1109,479,14271
Politics,Matched (UK),2022-03-08,1164,553,14824
Politics,Matched (UK),2022-03-15,1102,448,15272
Politics,Matched (UK),2022-03-22,1080,454,15726
Politics,Matched (UK),2022-03-29,1083,455,16181
Politics,Matched (UK),2022-04-05,1397,619,16800
Politics,Matched (UK),2022-04-12,1282,530,17330
Politics,Matched (UK),2022-04-19,1233,511,17841
Politics,Matched (UK),2022-04-26,1775,713,18554
Politics,Matched (UK),2022-05-03,1118,441,18995
Politics,Matched (UK),2022-05-10,1311,502,19497
Politics,Matched (UK),2022-05-17,1128,390,19887
Politics,Matched (UK),2022-05-24,1146,437,20324
Politics,Matched (UK),2022-05-31,1239,452,20776
Politics,Matched (UK),2022-06-07,1330,522,21298
Politics,Matched (UK),2022-06-14,1167,426,21724
Politics,Matched (UK),2022-06-21,1307,492,22216
Politics,Matched (UK),2022-06-28,1598,621,22837
Politics,Matched (UK),2022-07-05,1432,573,23410
Politics,Matched (UK),2022-07-12,1478,552,23962
Politics,Matched (UK),2022-07-19,1656,679,24641
Politics,Matched (UK),2022-07-26,1489,559,25200
Politics,Matched (UK),2022-08-02,1488,548,25748
Politics,Matched (UK),2022-08-09,1629,673,26421
Politics,Matched (UK),2022-08-16,1640,624,27045
Politics,Matched (UK),2022-08-23,1602,640,27685
Politics,Matched (UK),2022-08-30,1756,667,28352
Politics,Matched (UK),2022-09-06,1886,783,29135
Politics,Matched (UK),2022-09-13,1461,546,29681
Politics,Matched (UK),2022-09-20,1318,486,30167
Politics,Matched (UK),2022-09-27,1580,571,30738
Politics,Matched (UK),2022-10-04,1536,512,31250
Politics,Matched (UK),2022-10-11,1616,580,31830
Politics,Matched (UK),2022-10-18,1596,572,32402
Politics,Matched (UK),2022-10-25,1695,604,33006
Politics,Matched (UK),2022-11-01,1702,594,33600
Politics,Matched (UK),2022-11-08,1588,569,34169
Politics,Matched (UK),2022-11-15,1535,573,34742
Politics,Matched (UK),2022-11-22,1637,589,35331
Politics,Matched (UK),2022-11-29,1744,577,35908
Politics,Matched (UK),2022-12-06,1632,556,36464
Politics,Matched (UK),2022-12-13,1719,631,37095
Politics,Matched (UK),2022-12-20,1481,485,37580
Politics,Matched (UK),2022-12-27,1621,555,38135
Politics,Matched (UK),2023-01-03,1775,617,38752
Politics,Matched (UK),2023-01-10,1979,676,39428
Politics,Matched (UK),2023-01-17,1882,591,40019
Politics,Matched (UK),2023-01-24,1957,669,40688
Politics,Matched (UK),2023-01-31,1987,794,41482
Politics,Matched (UK),2023-02-07,1598,499,41981
Politics,Matched (UK),2023-02-14,1483,468,42449
Politics,Matched (UK),2023-02-21,1756,503,42952
Politics,Matched (UK),2023-02-28,1342,398,43350
Politics,Matched (UK),2023-03-07,1649,503,43853
Politics,Matched (UK),2023-03-14,1362,360,44213
Politics,Matched (UK),2023-03-21,1619,521,44734
Politics,Matched (UK),2023-03-28,1408,393,45127
Politics,Matched (UK),2023-04-04,1469,435,45562
Politics,Matched (UK),2023-04-11,1457,440,46002
Politics,Matched (UK),2023-04-18,1354,365,46367
Politics,Matched (UK),2023-04-25,1263,362,46729
Politics,Matched (UK),2023-05-02,1374,396,47125
Politics,Matched (UK),2023-05-09,1290,354,47479
Politics,Matched (UK),2023-05-16,1428,412,47891
Politics,Matched (UK),2023-05-23,1515,446,48337
Politics,Matched (UK),2023-05-30,1613,466,48803
Politics,Matched (UK),2023-06-06,1393,397,49200
Politics,Matched (UK),2023-06-13,1213,334,49534
Politics,Matched (UK),2023-06-20,1434,447,49981
Politics,Matched (UK),2023-06-27,1464,402,50383
Politics,Matched (UK),2023-07-04,1859,506,50889
Politics,Matched (UK),2023-07-11,2125,677,51566
Politics,Matched (UK),2023-07-18,1345,392,51958
Politics,Matched (UK),2023-07-25,1515,416,52374
Politics,Matched (UK),2023-08-01,1696,587,52961
Politics,Matched (UK),2023-08-08,1588,500,53461
Politics,Matched (UK),2023-08-15,1642,488,53949
Politics,Matched (UK),2023-08-22,1355,392,54341
Politics,Matched (UK),2023-08-29,1493,460,54801
Politics,Matched (UK),2023-09-05,1928,590,55391
Politics,Matched (UK),2023-09-12,1905,584,55975
Politics,Matched (UK),2023-09-19,1809,508,56483
Politics,Matched (UK),2023-09-26,1649,409,56892
Politics,Matched (UK),2023-10-03,1604,474,57366
Politics,Matched (UK),2023-10-10,1457,405,57771
Politics,Matched (UK),2023-10-17,1375,370,58141
Politics,Matched (UK),2023-10-24,1441,417,58558
Politics,Matched (UK),2023-10-31,1426,447,59005
Politics,Matched (UK),2023-11-07,1493,447,59452
Politics,Matched (UK),2023-11-14,1396,399,59851
Politics,Matched (UK),2023-11-21,1758,499,60350
Politics,Matched (UK),2023-11-28,1283,344,60694
Politics,Matched (UK),2023-12-05,1403,390,61084
Politics,Matched (UK),2023-12-12,1344,379,61463
Politics,Matched (UK),2023-12-19,1262,365,61828
Politics,Matched (UK),2023-12-26,1269,382,62210
Politics,Matched (UK),2024-01-02,1824,520,62730
Politics,Matched (UK),2024-01-09,1588,441,63171
Politics,Matched (UK),2024-01-16,1560,416,63587
Politics,Matched (UK),2024-01-23,1962,553,64140
Politics,Matched (UK),2024-01-30,1852,537,64677
Politics,Matched (UK),2024-02-06,1854,488,65165
Politics,Matched (UK),2024-02-13,1793,509,65674
Politics,Matched (UK),2024-02-20,1721,483,66157
Politics,Matched (UK),2024-02-27,1708,497,66654
Politics,Matched (UK),2024-03-05,1354,372,67026
Politics,Matched (UK),2024-03-12,1540,418,67444
Politics,Matched (UK),2024-03-19,1854,535,67979
Politics,Matched (UK),2024-03-26,1584,449,68428
Politics,Matched (UK),2024-04-02,1720,488,68916
Politics,Matched (UK),2024-04-09,1871,535,69451
Politics,Matched (UK),2024-04-16,1675,451,69902
Politics,Matched (UK),2024-04-23,1610,421,70323
Politics,Matched (UK),2024-04-30,1365,372,70695
Politics,Matched (UK),2024-05-07,1264,307,71002
Politics,Matched (UK),2024-05-14,1586,425,71427
Politics,Matched (UK),2024-05-21,1990,513,71940
Politics,Matched (UK),2024-05-28,1536,388,72328
Politics,Matched (UK),2024-06-04,1620,411,72739
Politics,Matched (UK),2024-06-11,1502,387,73126
Politics,Matched (UK),2024-06-18,1776,492,73618
Politics,Matched (UK),2024-06-25,1471,365,73983
Politics,Matched (UK),2024-07-02,1831,469,74452
Politics,Matched (UK),2024-07-09,1759,475,74927
Politics,Matched (UK),2024-07-16,1696,451,75378
Politics,Matched (UK),2024-07-23,1710,401,75779
Politics,Matched (UK),2024-07-30,1737,443,76222
Politics,Matched (UK),2024-08-06,1621,445,76667
Politics,Matched (UK),2024-08-13,1706,464,77131
Politics,Matched (UK),2024-08-20,1471,391,77522
Politics,Matched (UK),2024-08-27,1643,389,77911
Politics,Matched (UK),2024-09-03,1698,425,78336
Politics,Matched (UK),2024-09-10,1726,435,78771
Politics,Matched (UK),2024-09-17,1576,434,79205
Politics,Matched (UK),2024-09-24,1485,362,79567
Politics,Matched (UK),2024-10-01,1623,408,79975
Politics,Matched (UK),2024-10-08,1659,393,80368
Politics,Matched (UK),2024-10-15,1727,424,80792
Politics,Matched (UK),2024-10-22,1452,338,81130
Politics,Matched (UK),2024-10-29,1628,397,81527
Politics,Matched (UK),2024-11-05,1528,382,81909
Politics,Matched (UK),2024-11-12,1368,345,82254
Politics,Matched (UK),2024-11-19,1711,442,82696
Politics,Matched (UK),2024-11-26,1960,528,83224
Politics,Matched (UK),2024-12-03,1445,368,83592
Politics,Matched (UK),2024-12-10,1853,433,84025
Politics,Matched (UK),2024-12-17,1962,464,84489
Politics,Matched (UK),2024-12-24,1376,369,84858
Politics,Matched (UK),2024-12-31,1397,365,85223
Politics,Matched (UK),2025-01-07,1881,505,85728
Politics,Matched (UK),2025-01-14,2123,539,86267
Politics,Matched (UK),2025-01-21,1894,463,86730
Politics,Matched (UK),2025-01-28,1896,467,87197
Politics,Matched (UK),2025-02-04,1851,460,87657
Politics,Matched (UK),2025-02-11,1588,378,88035
Politics,Matched (UK),2025-02-18,2044,519,88554
Politics,Matched (UK),2025-02-25,1726,417,88971
Politics,Matched (UK),2025-03-04,1516,355,89326
Politics,Matched (UK),2025-03-11,1745,416,89742
Politics,Matched (UK),2025-03-18,2061,508,90250
Politics,Matched (UK),2025-03-25,1554,364,90614
Politics,Matched (UK),2025-04-01,1494,352,90966
Politics,Matched (UK),2025-04-08,1851,508,91474
Politics,Matched (UK),2025-04-15,1594,434,91908
Politics,Matched (UK),2025-04-22,1710,443,92351
Politics,Matched (UK),2025-04-29,2023,493,92844
Politics,Matched (UK),2025-05-06,1797,424,93268
Politics,Matched (UK),2025-05-13,1530,353,93621
Politics,Matched (UK),2025-05-20,1712,383,94004
Politics,Matched (UK),2025-05-27,1608,409,94413
Politics,Matched (UK),2025-06-03,1893,468,94881
Politics,Matched (UK),2025-06-10,1892,440,95321
Politics,Matched (UK),2025-06-17,1770,433,95754
Politics,Matched (UK),2025-06-24,2193,575,96329
Politics,Matched (UK),2025-07-01,2070,492,96821
Politics,Matched (UK),2025-07-08,2053,495,97316
Politics,Matched (UK),2025-07-15,3091,730,98046
Politics,Matched (UK),2025-07-22,5218,1481,99527
Politics,Matched (UK),2025-07-29,5012,1219,100746
Politics,Matched (UK),2025-08-05,2394,422,101168
Politics,Matched (UK),2025-08-12,2314,458,101626
Politics,Matched (UK),2025-08-19,2263,460,102086
Politics,Matched (UK),2025-08-26,2187,460,102546
Politics,Matched (UK),2025-09-02,1751,333,102879
Politics,Matched (UK),2025-09-09,1593,309,103188
Politics,Matched (UK),2025-09-16,1779,363,103551
Politics,Matched (UK),2025-09-23,2123,410,103961
Politics,Matched (UK),2025-09-30,2072,419,104380
Politics,Matched (UK),2025-10-07,2262,491,104871
Politics,Matched (UK),2025-10-14,1469,281,105152
Politics,Matched (UK),2025-10-21,1147,193,105345
Politics,Classified,2021-10-26,136,136,136
Politics,Classified,2021-11-02,84,79,215
Politics,Classified,2021-11-09,75,69,284
Politics,Classified,2021-11-16,104,90,374
Politics,Classified,2021-11-23,110,97,471
Politics,Classified,2021-11-30,97,82,553
Politics,Classified,2021-12-07,88,76,629
Politics,Classified,2021-12-14,85,71,700
Politics,Classified,2021-12-21,57,51,751
Politics,Classified,2021-12-28,87,75,826
Politics,Classified,2022-01-04,94,78,904
Politics,Classified,2022-01-11,86,69,973
Politics,Classified,2022-01-18,121,98,1071
Politics,Classified,2022-01-25,87,68,1139
Politics,Classified,2022-02-01,124,95,1234
Politics,Classified,2022-02-08,404,335,1569
Politics,Classified,2022-02-15,108,74,1643
Politics,Classified,2022-02-22,101,68,1711
Politics,Classified,2022-03-01,129,87,1798
Politics,Classified,2022-03-08,84,58,1856
Politics,Classified,2022-03-15,156,101,1957
Politics,Classified,2022-03-22,72,49,2006
Politics,Classified,2022-03-29,101,67,2073
Politics,Classified,2022-04-05,106,82,2155
Politics,Classified,2022-04-12,87,65,2220
Politics,Classified,2022-04-19,94,73,2293
Politics,Classified,2022-04-26,118,78,2371
Politics,Classified,2022-05-03,72,57,2428
Politics,Classified,2022-05-10,62,38,2466
Politics,Classified,2022-05-17,89,67,2533
Politics,Classified,2022-05-24,85,58,2591
Politics,Classified,2022-05-31,50,41,2632
Politics,Classified,2022-06-07,85,65,2697
Politics,Classified,2022-06-14,118,74,2771
Politics,Classified,2022-06-21,78,50,2821
Politics,Classified,2022-06-28,106,69,2890
Politics,Classified,2022-07-05,144,93,2983
Politics,Classified,2022-07-12,115,73,3056
Politics,Classified,2022-07-19,160,106,3162
Politics,Classified,2022-07-26,116,86,3248
Politics,Classified,2022-08-02,89,62,3310
Politics,Classified,2022-08-09,105,79,3389
Politics,Classified,2022-08-16,122,86,3475
Politics,Classified,2022-08-23,50,36,3511
Politics,Classified,2022-08-30,101,78,3589
Politics,Classified,2022-09-06,84,59,3648
Politics,Classified,2022-09-13,59,42,3690
Politics,Classified,2022-09-20,74,56,3746
Politics,Classified,2022-09-27,68,48,3794
Politics,Classified,2022-10-04,88,67,3861
Politics,Classified,2022-10-11,113,70,3931
Politics,Classified,2022-10-18,105,74,4005
Politics,Classified,2022-10-25,92,56,4061
Politics,Classified,2022-11-01,88,64,4125
Politics,Classified,2022-11-08,83,50,4175
Politics,Classified,2022-11-15,68,40,4215
Politics,Classified,2022-11-22,89,60,4275
Politics,Classified,2022-11-29,137,99,4374
Politics,Classified,2022-12-06,295,205,4579
Politics,Classified,2022-12-13,70,48,4627
Politics,Classified,2022-12-20,85,53,4680
Politics,Classified,2022-12-27,83,53,4733
Politics,Classified,2023-01-03,82,59,4792
Politics,Classified,2023-01-10,171,116,4908
Politics,Classified,2023-01-17,153,82,4990
Politics,Classified,2023-01-24,98,67,5057
Politics,Classified,2023-01-31,153,90,5147
Politics,Classified,2023-02-07,84,53,5200
Politics,Classified,2023-02-14,89,68,5268
Politics,Classified,2023-02-21,134,76,5344
Politics,Classified,2023-02-28,134,82,5426
Politics,Classified,2023-03-07,187,110,5536
Politics,Classified,2023-03-14,88,49,5585
Politics,Classified,2023-03-21,115,73,5658
Politics,Classified,2023-03-28,80,46,5704
Politics,Classified,2023-04-04,93,65,5769
Politics,Classified,2023-04-11,94,58,5827
Politics,Classified,2023-04-18,115,66,5893
Politics,Classified,2023-04-25,111,59,5952
Politics,Classified,2023-05-02,104,53,6005
Politics,Classified,2023-05-09,147,93,6098
Politics,Classified,2023-05-16,74,41,6139
Politics,Classified,2023-05-23,130,81,6220
Politics,Classified,2023-05-30,152,97,6317
Politics,Classified,2023-06-06,82,53,6370
Politics,Classified,2023-06-13,67,51,6421
Politics,Classified,2023-06-20,89,61,6482
Politics,Classified,2023-06-27,146,79,6561
Politics,Classified,2023-07-04,203,118,6679
Politics,Classified,2023-07-11,132,69,6748
Politics,Classified,2023-07-18,115,64,6812
Politics,Classified,2023-07-25,133,78,6890
Politics,Classified,2023-08-01,85,50,6940
Politics,Classified,2023-08-08,138,80,7020
Politics,Classified,2023-08-15,148,94,7114
Politics,Classified,2023-08-22,98,52,7166
Politics,Classified,2023-08-29,106,56,7222
Politics,Classified,2023-09-05,167,74,7296
Politics,Classified,2023-09-12,95,52,7348
Politics,Classified,2023-09-19,190,106,7454
Politics,Classified,2023-09-26,159,82,7536
Politics,Classified,2023-10-03,129,80,7616
Politics,Classified,2023-10-10,105,56,7672
Politics,Classified,2023-10-17,98,56,7728
Politics,Classified,2023-10-24,204,117,7845
Politics,Classified,2023-10-31,90,51,7896
Politics,Classified,2023-11-07,144,84,7980
Politics,Classified,2023-11-14,76,39,8019
Politics,Classified,2023-11-21,113,74,8093
Politics,Classified,2023-11-28,86,56,8149
Politics,Classified,2023-12-05,188,108,8257
Politics,Classified,2023-12-12,163,104,8361
Politics,Classified,2023-12-19,93,52,8413
Politics,Classified,2023-12-26,72,44,8457
Politics,Classified,2024-01-02,100,66,8523
Politics,Classified,2024-01-09,73,47,8570
Politics,Classified,2024-01-16,80,36,8606
Politics,Classified,2024-01-23,143,92,8698
Politics,Classified,2024-01-30,134,83,8781
Politics,Classified,2024-02-06,217,123,8904
Politics,Classified,2024-02-13,150,89,8993
Politics,Classified,2024-02-20,128,76,9069
Politics,Classified,2024-02-27,135,77,9146
Politics,Classified,2024-03-05,92,58,9204
Politics,Classified,2024-03-12,95,46,9250
Politics,Classified,2024-03-19,120,71,9321
Politics,Classified,2024-03-26,111,76,9397
Politics,Classified,2024-04-02,109,63,9460
Politics,Classified,2024-04-09,139,77,9537
Politics,Classified,2024-04-16,141,91,9628
Politics,Classified,2024-04-23,103,56,9684
Politics,Classified,2024-04-30,113,74,9758
Politics,Classified,2024-05-07,110,52,9810
Politics,Classified,2024-05-14,137,72,9882
Politics,Classified,2024-05-21,110,67,9949
Politics,Classified,2024-05-28,108,65,10014
Politics,Classified,2024-06-04,87,53,10067
Politics,Classified,2024-06-11,99,64,10131
Politics,Classified,2024-06-18,100,69,10200
Politics,Classified,2024-06-25,80,45,10245
Politics,Classified,2024-07-02,183,117,10362
Politics,Classified,2024-07-09,95,53,10415
Politics,Classified,2024-07-16,93,52,10467
Politics,Classified,2024-07-23,87,52,10519
Politics,Classified,2024-07-30,193,107,10626
Politics,Classified,2024-08-06,210,119,10745
Politics,Classified,2024-08-13,100,65,10810
Politics,Classified,2024-08-20,85,53,10863
Politics,Classified,2024-08-27,130,76,10939
Politics,Classified,2024-09-03,103,68,11007
Politics,Classified,2024-09-10,83,54,11061
Politics,Classified,2024-09-17,88,55,11116
Politics,Classified,2024-09-24,52,38,11154
Politics,Classified,2024-10-01,81,43,11197
Politics,Classified,2024-10-08,73,40,11237
Politics,Classified,2024-10-15,133,79,11316
Politics,Classified,2024-10-22,87,60,11376
Politics,Classified,2024-10-29,64,33,11409
Politics,Classified,2024-11-05,116,69,11478
Politics,Classified,2024-11-12,93,57,11535
Politics,Classified,2024-11-19,142,83,11618
Politics,Classified,2024-11-26,241,128,11746
Politics,Classified,2024-12-03,81,50,11796
Politics,Classified,2024-12-10,142,74,11870
Politics,Classified,2024-12-17,187,103,11973
Politics,Classified,2024-12-24,110,64,12037
Politics,Classified,2024-12-31,119,69,12106
Politics,Classified,2025-01-07,168,96,12202
Politics,Classified,2025-01-14,523,317,12519
Politics,Classified,2025-01-21,193,105,12624
Politics,Classified,2025-01-28,174,114,12738
Politics,Classified,2025-02-04,224,119,12857
Politics,Classified,2025-02-11,187,99,12956
Politics,Classified,2025-02-18,335,192,13148
Politics,Classified,2025-02-25,186,93,13241
Politics,Classified,2025-03-04,131,70,13311
Politics,Classified,2025-03-11,215,103,13414
Politics,Classified,2025-03-18,175,80,13494
Politics,Classified,2025-03-25,128,67,13561
Politics,Classified,2025-04-01,152,65,13626
Politics,Classified,2025-04-08,194,94,13720
Politics,Classified,2025-04-15,147,78,13798
Politics,Classified,2025-04-22,149,82,13880
Politics,Classified,2025-04-29,381,214,14094
Politics,Classified,2025-05-06,156,73,14167
Politics,Classified,2025-05-13,116,55,14222
Politics,Classified,2025-05-20,124,64,14286
Politics,Classified,2025-05-27,105,54,14340
Politics,Classified,2025-06-03,138,73,14413
Politics,Classified,2025-06-10,92,57,14470
Politics,Classified,2025-06-17,198,103,14573
Politics,Classified,2025-06-24,331,180,14753
Politics,Classified,2025-07-01,226,121,14874
Politics,Classified,2025-07-08,304,153,15027
Politics,Classified,2025-07-15,842,478,15505
Politics,Classified,2025-07-22,3567,2374,17879
Politics,Classified,2025-07-29,3893,2233,20112
Politics,Classified,2025-08-05,1171,460,20572
Politics,Classified,2025-08-12,1072,425,20997
Politics,Classified,2025-08-19,1156,433,21430
Politics,Classified,2025-08-26,800,328,21758
Politics,Classified,2025-09-02,534,187,21945
Politics,Classified,2025-09-09,356,126,22071
Politics,Classified,2025-09-16,363,123,22194
Politics,Classified,2025-09-23,818,328,22522
Politics,Classified,2025-09-30,890,308,22830
Politics,Classified,2025-10-07,677,252,23082
Politics,Classified,2025-10-14,379,129,23211
Politics,Classified,2025-10-21,280,93,23304
Politics,Classified (UK),2021-10-26,97,97,97
Politics,Classified (UK),2021-11-02,62,60,157
Politics,Classified (UK),2021-11-09,61,58,215
Politics,Classified (UK),2021-11-16,78,69,284
Politics,Classified (UK),2021-11-23,79,71,355
Politics,Classified (UK),2021-11-30,69,58,413
Politics,Classified (UK),2021-12-07,63,54,467
Politics,Classified (UK),2021-12-14,58,50,517
Politics,Classified (UK),2021-12-21,35,32,549
Politics,Classified (UK),2021-12-28,65,54,603
Politics,Classified (UK),2022-01-04,68,56,659
Politics,Classified (UK),2022-01-11,56,45,704
Politics,Classified (UK),2022-01-18,88,73,777
Politics,Classified (UK),2022-01-25,68,53,830
Politics,Classified (UK),2022-02-01,101,80,910
Politics,Classified (UK),2022-02-08,314,262,1172
Politics,Classified (UK),2022-02-15,82,56,1228
Politics,Classified (UK),2022-02-22,79,56,1284
Politics,Classified (UK),2022-03-01,86,54,1338
Politics,Classified (UK),2022-03-08,62,47,1385
Politics,Classified (UK),2022-03-15,121,82,1467
Politics,Classified (UK),2022-03-22,54,42,1509
Politics,Classified (UK),2022-03-29,79,50,1559
Politics,Classified (UK),2022-04-05,79,61,1620
Politics,Classified (UK),2022-04-12,64,48,1668
Politics,Classified (UK),2022-04-19,71,53,1721
Politics,Classified (UK),2022-04-26,87,58,1779
Politics,Classified (UK),2022-05-03,54,40,1819
Politics,Classified (UK),2022-05-10,47,25,1844
Politics,Classified (UK),2022-05-17,65,47,1891
Politics,Classified (UK),2022-05-24,66,48,1939
Politics,Classified (UK),2022-05-31,33,28,1967
Politics,Classified (UK),2022-06-07,67,51,2018
Politics,Classified (UK),2022-06-14,90,55,2073
Politics,Classified (UK),2022-06-21,58,37,2110
Politics,Classified (UK),2022-06-28,77,47,2157
Politics,Classified (UK),2022-07-05,101,62,2219
Politics,Classified (UK),2022-07-12,85,48,2267
Politics,Classified (UK),2022-07-19,117,73,2340
Politics,Classified (UK),2022-07-26,82,58,2398
Politics,Classified (UK),2022-08-02,66,49,2447
Politics,Classified (UK),2022-08-09,77,58,2505
Politics,Classified (UK),2022-08-16,91,65,2570
Politics,Classified (UK),2022-08-23,36,28,2598
Politics,Classified (UK),2022-08-30,78,60,2658
Politics,Classified (UK),2022-09-06,73,52,2710
Politics,Classified (UK),2022-09-13,48,33,2743
Politics,Classified (UK),2022-09-20,58,46,2789
Politics,Classified (UK),2022-09-27,52,37,2826
Politics,Classified (UK),2022-10-04,74,54,2880
Politics,Classified (UK),2022-10-11,89,56,2936
Politics,Classified (UK),2022-10-18,89,64,3000
Politics,Classified (UK),2022-10-25,72,44,3044
Politics,Classified (UK),2022-11-01,66,49,3093
Politics,Classified (UK),2022-11-08,58,31,3124
Politics,Classified (UK),2022-11-15,49,30,3154
Politics,Classified (UK),2022-11-22,61,41,3195
Politics,Classified (UK),2022-11-29,103,74,3269
Politics,Classified (UK),2022-12-06,232,167,3436
Politics,Classified (UK),2022-12-13,54,36,3472
Politics,Classified (UK),2022-12-20,62,37,3509
Politics,Classified (UK),2022-12-27,59,36,3545
Politics,Classified (UK),2023-01-03,58,41,3586
Politics,Classified (UK),2023-01-10,124,84,3670
Politics,Classified (UK),2023-01-17,109,55,3725
Politics,Classified (UK),2023-01-24,72,49,3774
Politics,Classified (UK),2023-01-31,121,71,3845
Politics,Classified (UK),2023-02-07,64,42,3887
Politics,Classified (UK),2023-02-14,67,51,3938
Politics,Classified (UK),2023-02-21,98,55,3993
Politics,Classified (UK),2023-02-28,87,50,4043
Politics,Classified (UK),2023-03-07,140,78,4121
Politics,Classified (UK),2023-03-14,68,36,4157
Politics,Classified (UK),2023-03-21,88,53,4210
Politics,Classified (UK),2023-03-28,60,35,4245
Politics,Classified (UK),2023-04-04,72,49,4294
Politics,Classified (UK),2023-04-11,72,46,4340
Politics,Classified (UK),2023-04-18,82,49,4389
Politics,Classified (UK),2023-04-25,82,40,4429
Politics,Classified (UK),2023-05-02,72,32,4461
Politics,Classified (UK),2023-05-09,103,67,4528
Politics,Classified (UK),2023-05-16,62,34,4562
Politics,Classified (UK),2023-05-23,99,59,4621
Politics,Classified (UK),2023-05-30,112,68,4689
Politics,Classified (UK),2023-06-06,65,42,4731
Politics,Classified (UK),2023-06-13,54,39,4770
Politics,Classified (UK),2023-06-20,65,41,4811
Politics,Classified (UK),2023-06-27,115,58,4869
Politics,Classified (UK),2023-07-04,171,101,4970
Politics,Classified (UK),2023-07-11,108,56,5026
Politics,Classified (UK),2023-07-18,90,47,5073
Politics,Classified (UK),2023-07-25,105,60,5133
Politics,Classified (UK),2023-08-01,62,34,5167
Politics,Classified (UK),2023-08-08,108,60,5227
Politics,Classified (UK),2023-08-15,119,73,5300
Politics,Classified (UK),2023-08-22,74,37,5337
Politics,Classified (UK),2023-08-29,86,45,5382
Politics,Classified (UK),2023-09-05,131,63,5445
Politics,Classified (UK),2023-09-12,63,33,5478
Politics,Classified (UK),2023-09-19,137,79,5557
Politics,Classified (UK),2023-09-26,128,66,5623
Politics,Classified (UK),2023-10-03,98,60,5683
Politics,Classified (UK),2023-10-10,83,46,5729
Politics,Classified (UK),2023-10-17,77,40,5769
Politics,Classified (UK),2023-10-24,166,97,5866
Politics,Classified (UK),2023-10-31,69,40,5906
Politics,Classified (UK),2023-11-07,107,58,5964
Politics,Classified (UK),2023-11-14,55,28,5992
Politics,Classified (UK),2023-11-21,91,57,6049
Politics,Classified (UK),2023-11-28,67,43,6092
Politics,Classified (UK),2023-12-05,147,80,6172
Politics,Classified (UK),2023-12-12,135,83,6255
Politics,Classified (UK),2023-12-19,81,46,6301
Politics,Classified (UK),2023-12-26,53,27,6328
Politics,Classified (UK),2024-01-02,82,52,6380
Politics,Classified (UK),2024-01-09,56,37,6417
Politics,Classified (UK),2024-01-16,61,23,6440
Politics,Classified (UK),2024-01-23,109,64,6504
Politics,Classified (UK),2024-01-30,109,67,6571
Politics,Classified (UK),2024-02-06,180,100,6671
Politics,Classified (UK),2024-02-13,113,64,6735
Politics,Classified (UK),2024-02-20,105,62,6797
Politics,Classified (UK),2024-02-27,106,59,6856
Politics,Classified (UK),2024-03-05,67,41,6897
Politics,Classified (UK),2024-03-12,72,33,6930
Politics,Classified (UK),2024-03-19,102,59,6989
Politics,Classified (UK),2024-03-26,89,59,7048
Politics,Classified (UK),2024-04-02,86,51,7099
Politics,Classified (UK),2024-04-09,115,64,7163
Politics,Classified (UK),2024-04-16,106,67,7230
Politics,Classified (UK),2024-04-23,76,42,7272
Politics,Classified (UK),2024-04-30,80,49,7321
Politics,Classified (UK),2024-05-07,82,35,7356
Politics,Classified (UK),2024-05-14,105,54,7410
Politics,Classified (UK),2024-05-21,80,48,7458
Politics,Classified (UK),2024-05-28,82,46,7504
Politics,Classified (UK),2024-06-04,68,44,7548
Politics,Classified (UK),2024-06-11,70,44,7592
Politics,Classified (UK),2024-06-18,82,55,7647
Politics,Classified (UK),2024-06-25,68,37,7684
Politics,Classified (UK),2024-07-02,139,86,7770
Politics,Classified (UK),2024-07-09,68,35,7805
Politics,Classified (UK),2024-07-16,75,40,7845
Politics,Classified (UK),2024-07-23,67,42,7887
Politics,Classified (UK),2024-07-30,150,81,7968
Politics,Classified (UK),2024-08-06,168,93,8061
Politics,Classified (UK),2024-08-13,78,47,8108
Politics,Classified (UK),2024-08-20,67,38,8146
Politics,Classified (UK),2024-08-27,96,56,8202
Politics,Classified (UK),2024-09-03,73,47,8249
Politics,Classified (UK),2024-09-10,69,46,8295
Politics,Classified (UK),2024-09-17,73,44,8339
Politics,Classified (UK),2024-09-24,37,25,8364
Politics,Classified (UK),2024-10-01,61,27,8391
Politics,Classified (UK),2024-10-08,64,33,8424
Politics,Classified (UK),2024-10-15,106,63,8487
Politics,Classified (UK),2024-10-22,65,45,8532
Politics,Classified (UK),2024-10-29,46,20,8552
Politics,Classified (UK),2024-11-05,95,56,8608
Politics,Classified (UK),2024-11-12,68,37,8645
Politics,Classified (UK),2024-11-19,115,69,8714
Politics,Classified (UK),2024-11-26,200,100,8814
Politics,Classified (UK),2024-12-03,62,35,8849
Politics,Classified (UK),2024-12-10,117,61,8910
Politics,Classified (UK),2024-12-17,157,84,8994
Politics,Classified (UK),2024-12-24,85,51,9045
Politics,Classified (UK),2024-12-31,80,38,9083
Politics,Classified (UK),2025-01-07,135,75,9158
Politics,Classified (UK),2025-01-14,418,248,9406
Politics,Classified (UK),2025-01-21,160,90,9496
Politics,Classified (UK),2025-01-28,143,90,9586
Politics,Classified (UK),2025-02-04,183,94,9680
Politics,Classified (UK),2025-02-11,155,83,9763
Politics,Classified (UK),2025-02-18,271,144,9907
Politics,Classified (UK),2025-02-25,149,74,9981
Politics,Classified (UK),2025-03-04,104,52,10033
Politics,Classified (UK),2025-03-11,161,77,10110
Politics,Classified (UK),2025-03-18,140,61,10171
Politics,Classified (UK),2025-03-25,99,47,10218
Politics,Classified (UK),2025-04-01,116,49,10267
Politics,Classified (UK),2025-04-08,152,72,10339
Politics,Classified (UK),2025-04-15,103,55,10394
Politics,Classified (UK),2025-04-22,109,56,10450
Politics,Classified (UK),2025-04-29,302,166,10616
Politics,Classified (UK),2025-05-06,114,49,10665
Politics,Classified (UK),2025-05-13,100,48,10713
Politics,Classified (UK),2025-05-20,95,50,10763
Politics,Classified (UK),2025-05-27,82,38,10801
Politics,Classified (UK),2025-06-03,117,63,10864
Politics,Classified (UK),2025-06-10,64,38,10902
Politics,Classified (UK),2025-06-17,153,75,10977
Politics,Classified (UK),2025-06-24,256,130,11107
Politics,Classified (UK),2025-07-01,164,81,11188
Politics,Classified (UK),2025-07-08,240,113,11301
Politics,Classified (UK),2025-07-15,673,365,11666
Politics,Classified (UK),2025-07-22,2678,1683,13349
Politics,Classified (UK),2025-07-29,2926,1581,14930
Politics,Classified (UK),2025-08-05,855,294,15224
Politics,Classified (UK),2025-08-12,797,294,15518
Politics,Classified (UK),2025-08-19,858,304,15822
Politics,Classified (UK),2025-08-26,599,223,16045
Politics,Classified (UK),2025-09-02,378,111,16156
Politics,Classified (UK),2025-09-09,261,80,16236
Politics,Classified (UK),2025-09-16,268,79,16315
Politics,Classified (UK),2025-09-23,619,233,16548
Politics,Classified (UK),2025-09-30,666,210,16758
Politics,Classified (UK),2025-10-07,516,183,16941
Politics,Classified (UK),2025-10-14,273,82,17023
Politics,Classified (UK),2025-10-21,214,63,17086
