group,filter,week,posts,comments,total
VPN,Unmatched (non-UK),2021-11-01,435,5895,6330
VPN,Unmatched (non-UK),2021-11-08,449,5650,6099
VPN,Unmatched (non-UK),2021-11-15,432,4646,5078
VPN,Unmatched (non-UK),2021-11-22,425,5356,5781
VPN,Unmatched (non-UK),2021-11-29,415,5383,5798
VPN,Unmatched (non-UK),2021-12-06,458,5181,5639
VPN,Unmatched (non-UK),2021-12-13,371,5241,5612
VPN,Unmatched (non-UK),2021-12-20,412,5816,6228
VPN,Unmatched (non-UK),2021-12-27,398,6516,6914
VPN,Unmatched (non-UK),2022-01-03,449,6697,7146
VPN,Unmatched (non-UK),2022-01-10,461,6023,6484
VPN,Unmatched (non-UK),2022-01-17,436,5911,6347
VPN,Unmatched (non-UK),2022-01-24,505,6046,6551
VPN,Unmatched (non-UK),2022-01-31,496,5928,6424
VPN,Unmatched (non-UK),2022-02-07,486,6333,6819
VPN,Unmatched (non-UK),2022-02-14,460,5919,6379
VPN,Unmatched (non-UK),2022-02-21,417,5449,5866
VPN,Unmatched (non-UK),2022-02-28,453,5435,5888
VPN,Unmatched (non-UK),2022-03-07,477,6052,6529
VPN,Unmatched (non-UK),2022-03-14,402,5837,6239
VPN,Unmatched (non-UK),2022-03-21,403,5493,5896
VPN,Unmatched (non-UK),2022-03-28,407,5051,5458
VPN,Unmatched (non-UK),2022-04-04,468,5232,5700
VPN,Unmatched (non-UK),2022-04-11,466,5414,5880
VPN,Unmatched (non-UK),2022-04-18,438,6084,6522
VPN,Unmatched (non-UK),2022-04-25,483,5053,5536
VPN,Unmatched (non-UK),2022-05-02,419,4871,5290
VPN,Unmatched (non-UK),2022-05-09,389,4804,5193
VPN,Unmatched (non-UK),2022-05-16,465,5517,5982
VPN,Unmatched (non-UK),2022-05-23,481,6356,6837
VPN,Unmatched (non-UK),2022-05-30,467,6299,6766
VPN,Unmatched (non-UK),2022-06-06,447,6133,6580
VPN,Unmatched (non-UK),2022-06-13,425,5266,5691
VPN,Unmatched (non-UK),2022-06-20,492,5579,6071
VPN,Unmatched (non-UK),2022-06-27,463,5686,6149
VPN,Unmatched (non-UK),2022-07-04,432,5359,5791
VPN,Unmatched (non-UK),2022-07-11,440,5684,6124
VPN,Unmatched (non-UK),2022-07-18,510,5478,5988
VPN,Unmatched (non-UK),2022-07-25,412,5581,5993
VPN,Unmatched (non-UK),2022-08-01,447,5285,5732
VPN,Unmatched (non-UK),2022-08-08,456,5834,6290
VPN,Unmatched (non-UK),2022-08-15,432,5592,6024
VPN,Unmatched (non-UK),2022-08-22,465,6135,6600
VPN,Unmatched (non-UK),2022-08-29,430,6638,7068
VPN,Unmatched (non-UK),2022-09-05,417,6384,6801
VPN,Unmatched (non-UK),2022-09-12,450,5635,6085
VPN,Unmatched (non-UK),2022-09-19,458,5756,6214
VPN,Unmatched (non-UK),2022-09-26,418,5367,5785
VPN,Unmatched (non-UK),2022-10-03,394,5194,5588
VPN,Unmatched (non-UK),2022-10-10,442,5662,6104
VPN,Unmatched (non-UK),2022-10-17,393,5955,6348
VPN,Unmatched (non-UK),2022-10-24,421,6094,6515
VPN,Unmatched (non-UK),2022-10-31,378,5786,6164
VPN,Unmatched (non-UK),2022-11-07,367,5555,5922
VPN,Unmatched (non-UK),2022-11-14,436,5106,5542
VPN,Unmatched (non-UK),2022-11-21,403,5601,6004
VPN,Unmatched (non-UK),2022-11-28,435,6158,6593
VPN,Unmatched (non-UK),2022-12-05,433,5364,5797
VPN,Unmatched (non-UK),2022-12-12,443,5854,6297
VPN,Unmatched (non-UK),2022-12-19,768,5630,6398
VPN,Unmatched (non-UK),2022-12-26,385,6358,6743
VPN,Unmatched (non-UK),2023-01-02,433,5693,6126
VPN,Unmatched (non-UK),2023-01-09,392,5423,5815
VPN,Unmatched (non-UK),2023-01-16,410,5695,6105
VPN,Unmatched (non-UK),2023-01-23,483,6783,7266
VPN,Unmatched (non-UK),2023-01-30,421,5371,5792
VPN,Unmatched (non-UK),2023-02-06,426,6074,6500
VPN,Unmatched (non-UK),2023-02-13,465,5893,6358
VPN,Unmatched (non-UK),2023-02-20,461,6113,6574
VPN,Unmatched (non-UK),2023-02-27,383,5782,6165
VPN,Unmatched (non-UK),2023-03-06,392,5338,5730
VPN,Unmatched (non-UK),2023-03-13,401,5125,5526
VPN,Unmatched (non-UK),2023-03-20,395,5118,5513
VPN,Unmatched (non-UK),2023-03-27,418,6260,6678
VPN,Unmatched (non-UK),2023-04-03,334,5010,5344
VPN,Unmatched (non-UK),2023-04-10,336,5029,5365
VPN,Unmatched (non-UK),2023-04-17,320,5669,5989
VPN,Unmatched (non-UK),2023-04-24,375,5674,6049
VPN,Unmatched (non-UK),2023-05-01,329,5643,5972
VPN,Unmatched (non-UK),2023-05-08,311,4859,5170
VPN,Unmatched (non-UK),2023-05-15,355,4675,5030
VPN,Unmatched (non-UK),2023-05-22,356,4846,5202
VPN,Unmatched (non-UK),2023-05-29,394,6032,6426
VPN,Unmatched (non-UK),2023-06-05,498,5933,6431
VPN,Unmatched (non-UK),2023-06-12,388,4072,4460
VPN,Unmatched (non-UK),2023-06-19,498,4074,4572
VPN,Unmatched (non-UK),2023-06-26,537,4336,4873
VPN,Unmatched (non-UK),2023-07-03,570,3970,4540
VPN,Unmatched (non-UK),2023-07-10,607,4615,5222
VPN,Unmatched (non-UK),2023-07-17,722,3886,4608
VPN,Unmatched (non-UK),2023-07-24,582,4132,4714
VPN,Unmatched (non-UK),2023-07-31,545,3612,4157
VPN,Unmatched (non-UK),2023-08-07,455,4380,4835
VPN,Unmatched (non-UK),2023-08-14,485,4217,4702
VPN,Unmatched (non-UK),2023-08-21,474,4055,4529
VPN,Unmatched (non-UK),2023-08-28,459,4064,4523
VPN,Unmatched (non-UK),2023-09-04,500,4704,5204
VPN,Unmatched (non-UK),2023-09-11,451,4331,4782
VPN,Unmatched (non-UK),2023-09-18,439,4460,4899
VPN,Unmatched (non-UK),2023-09-25,425,4397,4822
VPN,Unmatched (non-UK),2023-10-02,228,2336,2564
VPN,Unmatched (non-UK),2023-10-09,205,2048,2253
VPN,Unmatched (non-UK),2023-10-16,213,2244,2457
VPN,Unmatched (non-UK),2023-10-23,221,2402,2623
VPN,Unmatched (non-UK),2023-10-30,343,3579,3922
VPN,Unmatched (non-UK),2023-11-06,366,4573,4939
VPN,Unmatched (non-UK),2023-11-13,377,4770,5147
VPN,Unmatched (non-UK),2023-11-20,431,4427,4858
VPN,Unmatched (non-UK),2023-11-27,501,5047,5548
VPN,Unmatched (non-UK),2023-12-04,472,5464,5936
VPN,Unmatched (non-UK),2023-12-11,427,4879,5306
VPN,Unmatched (non-UK),2023-12-18,445,4873,5318
VPN,Unmatched (non-UK),2023-12-25,408,4941,5349
VPN,Unmatched (non-UK),2024-01-01,466,5241,5707
VPN,Unmatched (non-UK),2024-01-08,477,5038,5515
VPN,Unmatched (non-UK),2024-01-15,437,5018,5455
VPN,Unmatched (non-UK),2024-01-22,484,5773,6257
VPN,Unmatched (non-UK),2024-01-29,447,5867,6314
VPN,Unmatched (non-UK),2024-02-05,478,5872,6350
VPN,Unmatched (non-UK),2024-02-12,448,5903,6351
VPN,Unmatched (non-UK),2024-02-19,510,6595,7105
VPN,Unmatched (non-UK),2024-02-26,515,5860,6375
VPN,Unmatched (non-UK),2024-03-04,514,5340,5854
VPN,Unmatched (non-UK),2024-03-11,460,5505,5965
VPN,Unmatched (non-UK),2024-03-18,515,5323,5838
VPN,Unmatched (non-UK),2024-03-25,528,5725,6253
VPN,Unmatched (non-UK),2024-04-01,498,5854,6352
VPN,Unmatched (non-UK),2024-04-08,509,6307,6816
VPN,Unmatched (non-UK),2024-04-15,487,6664,7151
VPN,Unmatched (non-UK),2024-04-22,488,6112,6600
VPN,Unmatched (non-UK),2024-04-29,439,5096,5535
VPN,Unmatched (non-UK),2024-05-06,510,5317,5827
VPN,Unmatched (non-UK),2024-05-13,492,5328,5820
VPN,Unmatched (non-UK),2024-05-20,478,6577,7055
VPN,Unmatched (non-UK),2024-05-27,506,5868,6374
VPN,Unmatched (non-UK),2024-06-03,519,5634,6153
VPN,Unmatched (non-UK),2024-06-10,562,6209,6771
VPN,Unmatched (non-UK),2024-06-17,467,5917,6384
VPN,Unmatched (non-UK),2024-06-24,520,6307,6827
VPN,Unmatched (non-UK),2024-07-01,522,6466,6988
VPN,Unmatched (non-UK),2024-07-08,496,5717,6213
VPN,Unmatched (non-UK),2024-07-15,500,6446,6946
VPN,Unmatched (non-UK),2024-07-22,528,6098,6626
VPN,Unmatched (non-UK),2024-07-29,570,7357,7927
VPN,Unmatched (non-UK),2024-08-05,507,6941,7448
VPN,Unmatched (non-UK),2024-08-12,588,6379,6967
VPN,Unmatched (non-UK),2024-08-19,530,6674,7204
VPN,Unmatched (non-UK),2024-08-26,561,7185,7746
VPN,Unmatched (non-UK),2024-09-02,560,7450,8010
VPN,Unmatched (non-UK),2024-09-09,549,6790,7339
VPN,Unmatched (non-UK),2024-09-16,585,7612,8197
VPN,Unmatched (non-UK),2024-09-23,583,7871,8454
VPN,Unmatched (non-UK),2024-09-30,575,7589,8164
VPN,Unmatched (non-UK),2024-10-07,564,6936,7500
VPN,Unmatched (non-UK),2024-10-14,538,6856,7394
VPN,Unmatched (non-UK),2024-10-21,500,6249,6749
VPN,Unmatched (non-UK),2024-10-28,529,5473,6002
VPN,Unmatched (non-UK),2024-11-04,503,6680,7183
VPN,Unmatched (non-UK),2024-11-11,522,5886,6408
VPN,Unmatched (non-UK),2024-11-18,528,5499,6027
VPN,Unmatched (non-UK),2024-11-25,462,5032,5494
VPN,Unmatched (non-UK),2024-12-02,477,5347,5824
VPN,Unmatched (non-UK),2024-12-09,524,5811,6335
VPN,Unmatched (non-UK),2024-12-16,516,5759,6275
VPN,Unmatched (non-UK),2024-12-23,483,5390,5873
VPN,Unmatched (non-UK),2024-12-30,556,7469,8025
VPN,Unmatched (non-UK),2025-01-06,549,6836,7385
VPN,Unmatched (non-UK),2025-01-13,644,9768,10412
VPN,Unmatched (non-UK),2025-01-20,593,7336,7929
VPN,Unmatched (non-UK),2025-01-27,563,8859,9422
VPN,Unmatched (non-UK),2025-02-03,599,8724,9323
VPN,Unmatched (non-UK),2025-02-10,604,9881,10485
VPN,Unmatched (non-UK),2025-02-17,650,10324,10974
VPN,Unmatched (non-UK),2025-02-24,647,9292,9939
VPN,Unmatched (non-UK),2025-03-03,535,7546,8081
VPN,Unmatched (non-UK),2025-03-10,469,6429,6898
VPN,Unmatched (non-UK),2025-03-17,454,6346,6800
VPN,Unmatched (non-UK),2025-03-24,480,5631,6111
VPN,Unmatched (non-UK),2025-03-31,396,5770,6166
VPN,Unmatched (non-UK),2025-04-07,425,5217,5642
VPN,Unmatched (non-UK),2025-04-14,521,6098,6619
VPN,Unmatched (non-UK),2025-04-21,463,7357,7820
VPN,Unmatched (non-UK),2025-04-28,415,5190,5605
VPN,Unmatched (non-UK),2025-05-05,406,5113,5519
VPN,Unmatched (non-UK),2025-05-12,357,5602,5959
VPN,Unmatched (non-UK),2025-05-19,397,4899,5296
VPN,Unmatched (non-UK),2025-05-26,383,5727,6110
VPN,Unmatched (non-UK),2025-06-02,482,6034,6516
VPN,Unmatched (non-UK),2025-06-09,438,5487,5925
VPN,Unmatched (non-UK),2025-06-16,423,6488,6911
VPN,Unmatched (non-UK),2025-06-23,507,7689,8196
VPN,Unmatched (non-UK),2025-06-30,582,6697,7279
VPN,Unmatched (non-UK),2025-07-07,528,6634,7162
VPN,Unmatched (non-UK),2025-07-14,457,5969,6426
VPN,Unmatched (non-UK),2025-07-21,543,8289,8832
VPN,Unmatched (non-UK),2025-07-28,636,10197,10833
VPN,Unmatched (non-UK),2025-08-04,642,11050,11692
VPN,Unmatched (non-UK),2025-08-11,708,9184,9892
VPN,Unmatched (non-UK),2025-08-18,611,9640,10251
VPN,Unmatched (non-UK),2025-08-25,734,10978,11712
VPN,Unmatched (non-UK),2025-09-01,766,10324,11090
VPN,Unmatched (non-UK),2025-09-08,690,9731,10421
VPN,Unmatched (non-UK),2025-09-15,705,11734,12439
VPN,Unmatched (non-UK),2025-09-22,610,9175,9785
VPN,Unmatched (non-UK),2025-09-29,593,10078,10671
VPN,Unmatched (non-UK),2025-10-06,580,9119,9699
VPN,Unmatched (non-UK),2025-10-13,552,8509,9061
VPN,Unmatched (non-UK),2025-10-20,565,8509,9074
VPN,Unmatched,2021-11-01,463,6413,6876
VPN,Unmatched,2021-11-08,483,6106,6589
VPN,Unmatched,2021-11-15,459,5010,5469
VPN,Unmatched,2021-11-22,456,5775,6231
VPN,Unmatched,2021-11-29,438,5818,6256
VPN,Unmatched,2021-12-06,503,5561,6064
VPN,Unmatched,2021-12-13,407,5731,6138
VPN,Unmatched,2021-12-20,439,6348,6787
VPN,Unmatched,2021-12-27,427,6984,7411
VPN,Unmatched,2022-01-03,492,7339,7831
VPN,Unmatched,2022-01-10,504,6562,7066
VPN,Unmatched,2022-01-17,476,6598,7074
VPN,Unmatched,2022-01-24,536,6522,7058
VPN,Unmatched,2022-01-31,538,6476,7014
VPN,Unmatched,2022-02-07,531,6885,7416
VPN,Unmatched,2022-02-14,495,6393,6888
VPN,Unmatched,2022-02-21,450,5867,6317
VPN,Unmatched,2022-02-28,478,5838,6316
VPN,Unmatched,2022-03-07,510,6569,7079
VPN,Unmatched,2022-03-14,432,6419,6851
VPN,Unmatched,2022-03-21,430,5956,6386
VPN,Unmatched,2022-03-28,428,5455,5883
VPN,Unmatched,2022-04-04,498,5677,6175
VPN,Unmatched,2022-04-11,489,5849,6338
VPN,Unmatched,2022-04-18,473,6591,7064
VPN,Unmatched,2022-04-25,523,5515,6038
VPN,Unmatched,2022-05-02,453,5286,5739
VPN,Unmatched,2022-05-09,420,5185,5605
VPN,Unmatched,2022-05-16,484,5875,6359
VPN,Unmatched,2022-05-23,512,6886,7398
VPN,Unmatched,2022-05-30,488,6777,7265
VPN,Unmatched,2022-06-06,473,6598,7071
VPN,Unmatched,2022-06-13,453,5673,6126
VPN,Unmatched,2022-06-20,522,5971,6493
VPN,Unmatched,2022-06-27,491,6050,6541
VPN,Unmatched,2022-07-04,459,5692,6151
VPN,Unmatched,2022-07-11,462,6166,6628
VPN,Unmatched,2022-07-18,539,5921,6460
VPN,Unmatched,2022-07-25,432,5987,6419
VPN,Unmatched,2022-08-01,472,5739,6211
VPN,Unmatched,2022-08-08,489,6340,6829
VPN,Unmatched,2022-08-15,480,6013,6493
VPN,Unmatched,2022-08-22,504,6645,7149
VPN,Unmatched,2022-08-29,446,7175,7621
VPN,Unmatched,2022-09-05,448,6879,7327
VPN,Unmatched,2022-09-12,486,6093,6579
VPN,Unmatched,2022-09-19,495,6198,6693
VPN,Unmatched,2022-09-26,455,5798,6253
VPN,Unmatched,2022-10-03,418,5682,6100
VPN,Unmatched,2022-10-10,477,6142,6619
VPN,Unmatched,2022-10-17,429,6526,6955
VPN,Unmatched,2022-10-24,459,6559,7018
VPN,Unmatched,2022-10-31,394,6183,6577
VPN,Unmatched,2022-11-07,392,5994,6386
VPN,Unmatched,2022-11-14,465,5514,5979
VPN,Unmatched,2022-11-21,436,6027,6463
VPN,Unmatched,2022-11-28,467,6599,7066
VPN,Unmatched,2022-12-05,474,5791,6265
VPN,Unmatched,2022-12-12,466,6474,6940
VPN,Unmatched,2022-12-19,800,6098,6898
VPN,Unmatched,2022-12-26,411,7038,7449
VPN,Unmatched,2023-01-02,458,6201,6659
VPN,Unmatched,2023-01-09,421,5903,6324
VPN,Unmatched,2023-01-16,444,6190,6634
VPN,Unmatched,2023-01-23,522,7367,7889
VPN,Unmatched,2023-01-30,463,5781,6244
VPN,Unmatched,2023-02-06,456,6656,7112
VPN,Unmatched,2023-02-13,497,6311,6808
VPN,Unmatched,2023-02-20,491,6595,7086
VPN,Unmatched,2023-02-27,422,6269,6691
VPN,Unmatched,2023-03-06,422,5799,6221
VPN,Unmatched,2023-03-13,428,5577,6005
VPN,Unmatched,2023-03-20,416,5557,5973
VPN,Unmatched,2023-03-27,442,6743,7185
VPN,Unmatched,2023-04-03,365,5420,5785
VPN,Unmatched,2023-04-10,355,5449,5804
VPN,Unmatched,2023-04-17,347,6125,6472
VPN,Unmatched,2023-04-24,404,6063,6467
VPN,Unmatched,2023-05-01,364,6102,6466
VPN,Unmatched,2023-05-08,337,5285,5622
VPN,Unmatched,2023-05-15,382,5048,5430
VPN,Unmatched,2023-05-22,383,5281,5664
VPN,Unmatched,2023-05-29,430,6584,7014
VPN,Unmatched,2023-06-05,531,6492,7023
VPN,Unmatched,2023-06-12,415,4495,4910
VPN,Unmatched,2023-06-19,528,4465,4993
VPN,Unmatched,2023-06-26,565,4824,5389
VPN,Unmatched,2023-07-03,602,4469,5071
VPN,Unmatched,2023-07-10,634,5056,5690
VPN,Unmatched,2023-07-17,760,4315,5075
VPN,Unmatched,2023-07-24,618,4481,5099
VPN,Unmatched,2023-07-31,570,3994,4564
VPN,Unmatched,2023-08-07,484,4770,5254
VPN,Unmatched,2023-08-14,520,4607,5127
VPN,Unmatched,2023-08-21,503,4460,4963
VPN,Unmatched,2023-08-28,490,4541,5031
VPN,Unmatched,2023-09-04,528,5189,5717
VPN,Unmatched,2023-09-11,481,4750,5231
VPN,Unmatched,2023-09-18,469,4827,5296
VPN,Unmatched,2023-09-25,447,4800,5247
VPN,Unmatched,2023-10-02,245,2571,2816
VPN,Unmatched,2023-10-09,226,2280,2506
VPN,Unmatched,2023-10-16,233,2506,2739
VPN,Unmatched,2023-10-23,238,2638,2876
VPN,Unmatched,2023-10-30,361,3947,4308
VPN,Unmatched,2023-11-06,389,4996,5385
VPN,Unmatched,2023-11-13,399,5248,5647
VPN,Unmatched,2023-11-20,463,4798,5261
VPN,Unmatched,2023-11-27,524,5565,6089
VPN,Unmatched,2023-12-04,500,5964,6464
VPN,Unmatched,2023-12-11,461,5290,5751
VPN,Unmatched,2023-12-18,476,5372,5848
VPN,Unmatched,2023-12-25,427,5339,5766
VPN,Unmatched,2024-01-01,484,5713,6197
VPN,Unmatched,2024-01-08,501,5473,5974
VPN,Unmatched,2024-01-15,463,5413,5876
VPN,Unmatched,2024-01-22,513,6477,6990
VPN,Unmatched,2024-01-29,480,6443,6923
VPN,Unmatched,2024-02-05,506,6480,6986
VPN,Unmatched,2024-02-12,479,6494,6973
VPN,Unmatched,2024-02-19,537,7164,7701
VPN,Unmatched,2024-02-26,542,6474,7016
VPN,Unmatched,2024-03-04,546,5841,6387
VPN,Unmatched,2024-03-11,496,6085,6581
VPN,Unmatched,2024-03-18,552,5849,6401
VPN,Unmatched,2024-03-25,573,6308,6881
VPN,Unmatched,2024-04-01,540,6459,6999
VPN,Unmatched,2024-04-08,544,6847,7391
VPN,Unmatched,2024-04-15,532,7327,7859
VPN,Unmatched,2024-04-22,518,6792,7310
VPN,Unmatched,2024-04-29,474,5606,6080
VPN,Unmatched,2024-05-06,546,5891,6437
VPN,Unmatched,2024-05-13,536,5819,6355
VPN,Unmatched,2024-05-20,509,7375,7884
VPN,Unmatched,2024-05-27,527,6414,6941
VPN,Unmatched,2024-06-03,557,6188,6745
VPN,Unmatched,2024-06-10,585,6726,7311
VPN,Unmatched,2024-06-17,503,6456,6959
VPN,Unmatched,2024-06-24,558,6888,7446
VPN,Unmatched,2024-07-01,559,7045,7604
VPN,Unmatched,2024-07-08,531,6129,6660
VPN,Unmatched,2024-07-15,534,7077,7611
VPN,Unmatched,2024-07-22,565,6687,7252
VPN,Unmatched,2024-07-29,611,8089,8700
VPN,Unmatched,2024-08-05,545,7508,8053
VPN,Unmatched,2024-08-12,625,7046,7671
VPN,Unmatched,2024-08-19,574,7312,7886
VPN,Unmatched,2024-08-26,593,7862,8455
VPN,Unmatched,2024-09-02,593,8178,8771
VPN,Unmatched,2024-09-09,589,7380,7969
VPN,Unmatched,2024-09-16,616,8361,8977
VPN,Unmatched,2024-09-23,615,8617,9232
VPN,Unmatched,2024-09-30,622,8218,8840
VPN,Unmatched,2024-10-07,610,7521,8131
VPN,Unmatched,2024-10-14,573,7560,8133
VPN,Unmatched,2024-10-21,543,6917,7460
VPN,Unmatched,2024-10-28,564,6054,6618
VPN,Unmatched,2024-11-04,552,7333,7885
VPN,Unmatched,2024-11-11,560,6439,6999
VPN,Unmatched,2024-11-18,570,6039,6609
VPN,Unmatched,2024-11-25,488,5556,6044
VPN,Unmatched,2024-12-02,513,5818,6331
VPN,Unmatched,2024-12-09,548,6451,6999
VPN,Unmatched,2024-12-16,541,6326,6867
VPN,Unmatched,2024-12-23,517,5963,6480
VPN,Unmatched,2024-12-30,584,8206,8790
VPN,Unmatched,2025-01-06,579,7468,8047
VPN,Unmatched,2025-01-13,683,10804,11487
VPN,Unmatched,2025-01-20,621,7951,8572
VPN,Unmatched,2025-01-27,604,9706,10310
VPN,Unmatched,2025-02-03,640,9599,10239
VPN,Unmatched,2025-02-10,650,10812,11462
VPN,Unmatched,2025-02-17,705,11601,12306
VPN,Unmatched,2025-02-24,696,10392,11088
VPN,Unmatched,2025-03-03,567,8253,8820
VPN,Unmatched,2025-03-10,501,7072,7573
VPN,Unmatched,2025-03-17,489,6917,7406
VPN,Unmatched,2025-03-24,509,6184,6693
VPN,Unmatched,2025-03-31,425,6429,6854
VPN,Unmatched,2025-04-07,460,5741,6201
VPN,Unmatched,2025-04-14,566,6774,7340
VPN,Unmatched,2025-04-21,497,8156,8653
VPN,Unmatched,2025-04-28,434,5685,6119
VPN,Unmatched,2025-05-05,438,5592,6030
VPN,Unmatched,2025-05-12,383,6206,6589
VPN,Unmatched,2025-05-19,430,5383,5813
VPN,Unmatched,2025-05-26,409,6318,6727
VPN,Unmatched,2025-06-02,523,6679,7202
VPN,Unmatched,2025-06-09,467,5999,6466
VPN,Unmatched,2025-06-16,450,7273,7723
VPN,Unmatched,2025-06-23,544,8522,9066
VPN,Unmatched,2025-06-30,613,7376,7989
VPN,Unmatched,2025-07-07,559,7487,8046
VPN,Unmatched,2025-07-14,500,6728,7228
VPN,Unmatched,2025-07-21,599,9559,10158
VPN,Unmatched,2025-07-28,690,12244,12934
VPN,Unmatched,2025-08-04,699,12781,13480
VPN,Unmatched,2025-08-11,751,10678,11429
VPN,Unmatched,2025-08-18,653,11374,12027
VPN,Unmatched,2025-08-25,771,12323,13094
VPN,Unmatched,2025-09-01,811,11522,12333
VPN,Unmatched,2025-09-08,733,10942,11675
VPN,Unmatched,2025-09-15,753,13227,13980
VPN,Unmatched,2025-09-22,667,10343,11010
VPN,Unmatched,2025-09-29,639,11384,12023
VPN,Unmatched,2025-10-06,623,10193,10816
VPN,Unmatched,2025-10-13,581,9469,10050
VPN,Unmatched,2025-10-20,581,9391,9972
VPN,Unmatched (UK),2021-11-01,28,518,546
VPN,Unmatched (UK),2021-11-08,34,456,490
VPN,Unmatched (UK),2021-11-15,27,364,391
VPN,Unmatched (UK),2021-11-22,31,419,450
VPN,Unmatched (UK),2021-11-29,23,435,458
VPN,Unmatched (UK),2021-12-06,45,380,425
VPN,Unmatched (UK),2021-12-13,36,490,526
VPN,Unmatched (UK),2021-12-20,27,532,559
VPN,Unmatched (UK),2021-12-27,29,468,497
VPN,Unmatched (UK),2022-01-03,43,642,685
VPN,Unmatched (UK),2022-01-10,43,539,582
VPN,Unmatched (UK),2022-01-17,40,687,727
VPN,Unmatched (UK),2022-01-24,31,476,507
VPN,Unmatched (UK),2022-01-31,42,548,590
VPN,Unmatched (UK),2022-02-07,45,552,597
VPN,Unmatched (UK),2022-02-14,35,474,509
VPN,Unmatched (UK),2022-02-21,33,418,451
VPN,Unmatched (UK),2022-02-28,25,403,428
VPN,Unmatched (UK),2022-03-07,33,517,550
VPN,Unmatched (UK),2022-03-14,30,582,612
VPN,Unmatched (UK),2022-03-21,27,463,490
VPN,Unmatched (UK),2022-03-28,21,404,425
VPN,Unmatched (UK),2022-04-04,30,445,475
VPN,Unmatched (UK),2022-04-11,23,435,458
VPN,Unmatched (UK),2022-04-18,35,507,542
VPN,Unmatched (UK),2022-04-25,40,462,502
VPN,Unmatched (UK),2022-05-02,34,415,449
VPN,Unmatched (UK),2022-05-09,31,381,412
VPN,Unmatched (UK),2022-05-16,19,358,377
VPN,Unmatched (UK),2022-05-23,31,530,561
VPN,Unmatched (UK),2022-05-30,21,478,499
VPN,Unmatched (UK),2022-06-06,26,465,491
VPN,Unmatched (UK),2022-06-13,28,407,435
VPN,Unmatched (UK),2022-06-20,30,392,422
VPN,Unmatched (UK),2022-06-27,28,364,392
VPN,Unmatched (UK),2022-07-04,27,333,360
VPN,Unmatched (UK),2022-07-11,22,482,504
VPN,Unmatched (UK),2022-07-18,29,443,472
VPN,Unmatched (UK),2022-07-25,20,406,426
VPN,Unmatched (UK),2022-08-01,25,454,479
VPN,Unmatched (UK),2022-08-08,33,506,539
VPN,Unmatched (UK),2022-08-15,48,421,469
VPN,Unmatched (UK),2022-08-22,39,510,549
VPN,Unmatched (UK),2022-08-29,16,537,553
VPN,Unmatched (UK),2022-09-05,31,495,526
VPN,Unmatched (UK),2022-09-12,36,458,494
VPN,Unmatched (UK),2022-09-19,37,442,479
VPN,Unmatched (UK),2022-09-26,37,431,468
VPN,Unmatched (UK),2022-10-03,24,488,512
VPN,Unmatched (UK),2022-10-10,35,480,515
VPN,Unmatched (UK),2022-10-17,36,571,607
VPN,Unmatched (UK),2022-10-24,38,465,503
VPN,Unmatched (UK),2022-10-31,16,397,413
VPN,Unmatched (UK),2022-11-07,25,439,464
VPN,Unmatched (UK),2022-11-14,29,408,437
VPN,Unmatched (UK),2022-11-21,33,426,459
VPN,Unmatched (UK),2022-11-28,32,441,473
VPN,Unmatched (UK),2022-12-05,41,427,468
VPN,Unmatched (UK),2022-12-12,23,620,643
VPN,Unmatched (UK),2022-12-19,32,468,500
VPN,Unmatched (UK),2022-12-26,26,680,706
VPN,Unmatched (UK),2023-01-02,25,508,533
VPN,Unmatched (UK),2023-01-09,29,480,509
VPN,Unmatched (UK),2023-01-16,34,495,529
VPN,Unmatched (UK),2023-01-23,39,584,623
VPN,Unmatched (UK),2023-01-30,42,410,452
VPN,Unmatched (UK),2023-02-06,30,582,612
VPN,Unmatched (UK),2023-02-13,32,418,450
VPN,Unmatched (UK),2023-02-20,30,482,512
VPN,Unmatched (UK),2023-02-27,39,487,526
VPN,Unmatched (UK),2023-03-06,30,461,491
VPN,Unmatched (UK),2023-03-13,27,452,479
VPN,Unmatched (UK),2023-03-20,21,439,460
VPN,Unmatched (UK),2023-03-27,24,483,507
VPN,Unmatched (UK),2023-04-03,31,410,441
VPN,Unmatched (UK),2023-04-10,19,420,439
VPN,Unmatched (UK),2023-04-17,27,456,483
VPN,Unmatched (UK),2023-04-24,29,389,418
VPN,Unmatched (UK),2023-05-01,35,459,494
VPN,Unmatched (UK),2023-05-08,26,426,452
VPN,Unmatched (UK),2023-05-15,27,373,400
VPN,Unmatched (UK),2023-05-22,27,435,462
VPN,Unmatched (UK),2023-05-29,36,552,588
VPN,Unmatched (UK),2023-06-05,33,559,592
VPN,Unmatched (UK),2023-06-12,27,423,450
VPN,Unmatched (UK),2023-06-19,30,391,421
VPN,Unmatched (UK),2023-06-26,28,488,516
VPN,Unmatched (UK),2023-07-03,32,499,531
VPN,Unmatched (UK),2023-07-10,27,441,468
VPN,Unmatched (UK),2023-07-17,38,429,467
VPN,Unmatched (UK),2023-07-24,36,349,385
VPN,Unmatched (UK),2023-07-31,25,382,407
VPN,Unmatched (UK),2023-08-07,29,390,419
VPN,Unmatched (UK),2023-08-14,35,390,425
VPN,Unmatched (UK),2023-08-21,29,405,434
VPN,Unmatched (UK),2023-08-28,31,477,508
VPN,Unmatched (UK),2023-09-04,28,485,513
VPN,Unmatched (UK),2023-09-11,30,419,449
VPN,Unmatched (UK),2023-09-18,30,367,397
VPN,Unmatched (UK),2023-09-25,22,403,425
VPN,Unmatched (UK),2023-10-02,17,235,252
VPN,Unmatched (UK),2023-10-09,21,232,253
VPN,Unmatched (UK),2023-10-16,20,262,282
VPN,Unmatched (UK),2023-10-23,17,236,253
VPN,Unmatched (UK),2023-10-30,18,368,386
VPN,Unmatched (UK),2023-11-06,23,423,446
VPN,Unmatched (UK),2023-11-13,22,478,500
VPN,Unmatched (UK),2023-11-20,32,371,403
VPN,Unmatched (UK),2023-11-27,23,518,541
VPN,Unmatched (UK),2023-12-04,28,500,528
VPN,Unmatched (UK),2023-12-11,34,411,445
VPN,Unmatched (UK),2023-12-18,31,499,530
VPN,Unmatched (UK),2023-12-25,19,398,417
VPN,Unmatched (UK),2024-01-01,18,472,490
VPN,Unmatched (UK),2024-01-08,24,435,459
VPN,Unmatched (UK),2024-01-15,26,395,421
VPN,Unmatched (UK),2024-01-22,29,704,733
VPN,Unmatched (UK),2024-01-29,33,576,609
VPN,Unmatched (UK),2024-02-05,28,608,636
VPN,Unmatched (UK),2024-02-12,31,591,622
VPN,Unmatched (UK),2024-02-19,27,569,596
VPN,Unmatched (UK),2024-02-26,27,614,641
VPN,Unmatched (UK),2024-03-04,32,501,533
VPN,Unmatched (UK),2024-03-11,36,580,616
VPN,Unmatched (UK),2024-03-18,37,526,563
VPN,Unmatched (UK),2024-03-25,45,583,628
VPN,Unmatched (UK),2024-04-01,42,605,647
VPN,Unmatched (UK),2024-04-08,35,540,575
VPN,Unmatched (UK),2024-04-15,45,663,708
VPN,Unmatched (UK),2024-04-22,30,680,710
VPN,Unmatched (UK),2024-04-29,35,510,545
VPN,Unmatched (UK),2024-05-06,36,574,610
VPN,Unmatched (UK),2024-05-13,44,491,535
VPN,Unmatched (UK),2024-05-20,31,798,829
VPN,Unmatched (UK),2024-05-27,21,546,567
VPN,Unmatched (UK),2024-06-03,38,554,592
VPN,Unmatched (UK),2024-06-10,23,517,540
VPN,Unmatched (UK),2024-06-17,36,539,575
VPN,Unmatched (UK),2024-06-24,38,581,619
VPN,Unmatched (UK),2024-07-01,37,579,616
VPN,Unmatched (UK),2024-07-08,35,412,447
VPN,Unmatched (UK),2024-07-15,34,631,665
VPN,Unmatched (UK),2024-07-22,37,589,626
VPN,Unmatched (UK),2024-07-29,41,732,773
VPN,Unmatched (UK),2024-08-05,38,567,605
VPN,Unmatched (UK),2024-08-12,37,667,704
VPN,Unmatched (UK),2024-08-19,44,638,682
VPN,Unmatched (UK),2024-08-26,32,677,709
VPN,Unmatched (UK),2024-09-02,33,728,761
VPN,Unmatched (UK),2024-09-09,40,590,630
VPN,Unmatched (UK),2024-09-16,31,749,780
VPN,Unmatched (UK),2024-09-23,32,746,778
VPN,Unmatched (UK),2024-09-30,47,629,676
VPN,Unmatched (UK),2024-10-07,46,585,631
VPN,Unmatched (UK),2024-10-14,35,704,739
VPN,Unmatched (UK),2024-10-21,43,668,711
VPN,Unmatched (UK),2024-10-28,35,581,616
VPN,Unmatched (UK),2024-11-04,49,653,702
VPN,Unmatched (UK),2024-11-11,38,553,591
VPN,Unmatched (UK),2024-11-18,42,540,582
VPN,Unmatched (UK),2024-11-25,26,524,550
VPN,Unmatched (UK),2024-12-02,36,471,507
VPN,Unmatched (UK),2024-12-09,24,640,664
VPN,Unmatched (UK),2024-12-16,25,567,592
VPN,Unmatched (UK),2024-12-23,34,573,607
VPN,Unmatched (UK),2024-12-30,28,737,765
VPN,Unmatched (UK),2025-01-06,30,632,662
VPN,Unmatched (UK),2025-01-13,39,1036,1075
VPN,Unmatched (UK),2025-01-20,28,615,643
VPN,Unmatched (UK),2025-01-27,41,847,888
VPN,Unmatched (UK),2025-02-03,41,875,916
VPN,Unmatched (UK),2025-02-10,46,931,977
VPN,Unmatched (UK),2025-02-17,55,1277,1332
VPN,Unmatched (UK),2025-02-24,49,1100,1149
VPN,Unmatched (UK),2025-03-03,32,707,739
VPN,Unmatched (UK),2025-03-10,32,643,675
VPN,Unmatched (UK),2025-03-17,35,571,606
VPN,Unmatched (UK),2025-03-24,29,553,582
VPN,Unmatched (UK),2025-03-31,29,659,688
VPN,Unmatched (UK),2025-04-07,35,524,559
VPN,Unmatched (UK),2025-04-14,45,676,721
VPN,Unmatched (UK),2025-04-21,34,799,833
VPN,Unmatched (UK),2025-04-28,19,495,514
VPN,Unmatched (UK),2025-05-05,32,479,511
VPN,Unmatched (UK),2025-05-12,26,604,630
VPN,Unmatched (UK),2025-05-19,33,484,517
VPN,Unmatched (UK),2025-05-26,26,591,617
VPN,Unmatched (UK),2025-06-02,41,645,686
VPN,Unmatched (UK),2025-06-09,29,512,541
VPN,Unmatched (UK),2025-06-16,27,785,812
VPN,Unmatched (UK),2025-06-23,37,833,870
VPN,Unmatched (UK),2025-06-30,31,679,710
VPN,Unmatched (UK),2025-07-07,31,853,884
VPN,Unmatched (UK),2025-07-14,43,759,802
VPN,Unmatched (UK),2025-07-21,56,1270,1326
VPN,Unmatched (UK),2025-07-28,54,2047,2101
VPN,Unmatched (UK),2025-08-04,57,1731,1788
VPN,Unmatched (UK),2025-08-11,43,1494,1537
VPN,Unmatched (UK),2025-08-18,42,1734,1776
VPN,Unmatched (UK),2025-08-25,37,1345,1382
VPN,Unmatched (UK),2025-09-01,45,1198,1243
VPN,Unmatched (UK),2025-09-08,43,1211,1254
VPN,Unmatched (UK),2025-09-15,48,1493,1541
VPN,Unmatched (UK),2025-09-22,57,1168,1225
VPN,Unmatched (UK),2025-09-29,46,1306,1352
VPN,Unmatched (UK),2025-10-06,43,1074,1117
VPN,Unmatched (UK),2025-10-13,29,960,989
VPN,Unmatched (UK),2025-10-20,16,882,898
VPN,Raw,2021-11-01,681,7396,8077
VPN,Raw,2021-11-08,713,6993,7706
VPN,Raw,2021-11-15,675,6024,6699
VPN,Raw,2021-11-22,689,6737,7426
VPN,Raw,2021-11-29,705,6897,7602
VPN,Raw,2021-12-06,685,6535,7220
VPN,Raw,2021-12-13,595,6557,7152
VPN,Raw,2021-12-20,646,7221,7867
VPN,Raw,2021-12-27,670,8025,8695
VPN,Raw,2022-01-03,776,8399,9175
VPN,Raw,2022-01-10,743,7858,8601
VPN,Raw,2022-01-17,779,7913,8692
VPN,Raw,2022-01-24,798,7567,8365
VPN,Raw,2022-01-31,818,7546,8364
VPN,Raw,2022-02-07,806,8077,8883
VPN,Raw,2022-02-14,738,7453,8191
VPN,Raw,2022-02-21,686,6841,7527
VPN,Raw,2022-02-28,726,6999,7725
VPN,Raw,2022-03-07,787,7688,8475
VPN,Raw,2022-03-14,723,7590,8313
VPN,Raw,2022-03-21,693,7096,7789
VPN,Raw,2022-03-28,707,6386,7093
VPN,Raw,2022-04-04,751,6689,7440
VPN,Raw,2022-04-11,747,6916,7663
VPN,Raw,2022-04-18,723,7808,8531
VPN,Raw,2022-04-25,761,6489,7250
VPN,Raw,2022-05-02,716,6369,7085
VPN,Raw,2022-05-09,644,6087,6731
VPN,Raw,2022-05-16,688,6885,7573
VPN,Raw,2022-05-23,765,8120,8885
VPN,Raw,2022-05-30,734,7972,8706
VPN,Raw,2022-06-06,747,7814,8561
VPN,Raw,2022-06-13,745,6761,7506
VPN,Raw,2022-06-20,804,7180,7984
VPN,Raw,2022-06-27,752,7130,7882
VPN,Raw,2022-07-04,700,6692,7392
VPN,Raw,2022-07-11,725,7245,7970
VPN,Raw,2022-07-18,776,6987,7763
VPN,Raw,2022-07-25,689,7153,7842
VPN,Raw,2022-08-01,721,6690,7411
VPN,Raw,2022-08-08,725,7401,8126
VPN,Raw,2022-08-15,726,7148,7874
VPN,Raw,2022-08-22,781,7870,8651
VPN,Raw,2022-08-29,778,8449,9227
VPN,Raw,2022-09-05,700,8065,8765
VPN,Raw,2022-09-12,736,7293,8029
VPN,Raw,2022-09-19,782,7419,8201
VPN,Raw,2022-09-26,740,6904,7644
VPN,Raw,2022-10-03,681,6728,7409
VPN,Raw,2022-10-10,770,7384,8154
VPN,Raw,2022-10-17,713,7666,8379
VPN,Raw,2022-10-24,698,7805,8503
VPN,Raw,2022-10-31,635,7301,7936
VPN,Raw,2022-11-07,641,7087,7728
VPN,Raw,2022-11-14,693,6611,7304
VPN,Raw,2022-11-21,747,7231,7978
VPN,Raw,2022-11-28,756,8098,8854
VPN,Raw,2022-12-05,764,7036,7800
VPN,Raw,2022-12-12,719,7572,8291
VPN,Raw,2022-12-19,1054,7223,8277
VPN,Raw,2022-12-26,659,8193,8852
VPN,Raw,2023-01-02,711,7474,8185
VPN,Raw,2023-01-09,705,7007,7712
VPN,Raw,2023-01-16,718,7368,8086
VPN,Raw,2023-01-23,773,8560,9333
VPN,Raw,2023-01-30,731,6974,7705
VPN,Raw,2023-02-06,718,7966,8684
VPN,Raw,2023-02-13,769,7486,8255
VPN,Raw,2023-02-20,760,7866,8626
VPN,Raw,2023-02-27,703,7613,8316
VPN,Raw,2023-03-06,683,7000,7683
VPN,Raw,2023-03-13,702,6800,7502
VPN,Raw,2023-03-20,682,6552,7234
VPN,Raw,2023-03-27,720,7897,8617
VPN,Raw,2023-04-03,658,6697,7355
VPN,Raw,2023-04-10,628,6606,7234
VPN,Raw,2023-04-17,654,7363,8017
VPN,Raw,2023-04-24,657,7277,7934
VPN,Raw,2023-05-01,624,7362,7986
VPN,Raw,2023-05-08,584,6492,7076
VPN,Raw,2023-05-15,647,6064,6711
VPN,Raw,2023-05-22,644,6319,6963
VPN,Raw,2023-05-29,713,8115,8828
VPN,Raw,2023-06-05,793,7631,8424
VPN,Raw,2023-06-12,644,5588,6232
VPN,Raw,2023-06-19,810,5339,6149
VPN,Raw,2023-06-26,871,5830,6701
VPN,Raw,2023-07-03,873,5347,6220
VPN,Raw,2023-07-10,920,6000,6920
VPN,Raw,2023-07-17,1030,5200,6230
VPN,Raw,2023-07-24,869,5371,6240
VPN,Raw,2023-07-31,850,4833,5683
VPN,Raw,2023-08-07,822,5759,6581
VPN,Raw,2023-08-14,832,5648,6480
VPN,Raw,2023-08-21,790,5301,6091
VPN,Raw,2023-08-28,773,5447,6220
VPN,Raw,2023-09-04,813,6090,6903
VPN,Raw,2023-09-11,767,5674,6441
VPN,Raw,2023-09-18,759,5796,6555
VPN,Raw,2023-09-25,717,5807,6524
VPN,Raw,2023-10-02,491,3229,3720
VPN,Raw,2023-10-09,475,2884,3359
VPN,Raw,2023-10-16,484,3106,3590
VPN,Raw,2023-10-23,562,3297,3859
VPN,Raw,2023-10-30,640,4732,5372
VPN,Raw,2023-11-06,675,5914,6589
VPN,Raw,2023-11-13,712,6169,6881
VPN,Raw,2023-11-20,809,5760,6569
VPN,Raw,2023-11-27,851,6416,7267
VPN,Raw,2023-12-04,799,7036,7835
VPN,Raw,2023-12-11,829,6365,7194
VPN,Raw,2023-12-18,789,6268,7057
VPN,Raw,2023-12-25,746,6507,7253
VPN,Raw,2024-01-01,805,6929,7734
VPN,Raw,2024-01-08,839,6565,7404
VPN,Raw,2024-01-15,791,6391,7182
VPN,Raw,2024-01-22,844,7704,8548
VPN,Raw,2024-01-29,818,7750,8568
VPN,Raw,2024-02-05,863,7875,8738
VPN,Raw,2024-02-12,815,7806,8621
VPN,Raw,2024-02-19,883,8519,9402
VPN,Raw,2024-02-26,927,7636,8563
VPN,Raw,2024-03-04,875,6987,7862
VPN,Raw,2024-03-11,808,7189,7997
VPN,Raw,2024-03-18,901,6956,7857
VPN,Raw,2024-03-25,918,7380,8298
VPN,Raw,2024-04-01,900,7800,8700
VPN,Raw,2024-04-08,898,8165,9063
VPN,Raw,2024-04-15,826,8538,9364
VPN,Raw,2024-04-22,858,7894,8752
VPN,Raw,2024-04-29,791,6821,7612
VPN,Raw,2024-05-06,878,7095,7973
VPN,Raw,2024-05-13,882,6943,7825
VPN,Raw,2024-05-20,845,8444,9289
VPN,Raw,2024-05-27,829,7432,8261
VPN,Raw,2024-06-03,840,7288,8128
VPN,Raw,2024-06-10,900,7758,8658
VPN,Raw,2024-06-17,833,7721,8554
VPN,Raw,2024-06-24,898,7964,8862
VPN,Raw,2024-07-01,838,8216,9054
VPN,Raw,2024-07-08,827,7265,8092
VPN,Raw,2024-07-15,879,8288,9167
VPN,Raw,2024-07-22,899,7936,8835
VPN,Raw,2024-07-29,980,9266,10246
VPN,Raw,2024-08-05,855,8672,9527
VPN,Raw,2024-08-12,953,8400,9353
VPN,Raw,2024-08-19,918,8579,9497
VPN,Raw,2024-08-26,942,9364,10306
VPN,Raw,2024-09-02,971,9450,10421
VPN,Raw,2024-09-09,916,8717,9633
VPN,Raw,2024-09-16,955,9637,10592
VPN,Raw,2024-09-23,990,10086,11076
VPN,Raw,2024-09-30,945,9652,10597
VPN,Raw,2024-10-07,1008,8775,9783
VPN,Raw,2024-10-14,899,8637,9536
VPN,Raw,2024-10-21,897,8135,9032
VPN,Raw,2024-10-28,896,7187,8083
VPN,Raw,2024-11-04,938,8758,9696
VPN,Raw,2024-11-11,902,7611,8513
VPN,Raw,2024-11-18,926,7222,8148
VPN,Raw,2024-11-25,849,6748,7597
VPN,Raw,2024-12-02,846,7019,7865
VPN,Raw,2024-12-09,882,7653,8535
VPN,Raw,2024-12-16,868,7564,8432
VPN,Raw,2024-12-23,792,7059,7851
VPN,Raw,2024-12-30,929,9500,10429
VPN,Raw,2025-01-06,947,8885,9832
VPN,Raw,2025-01-13,1105,12978,14083
VPN,Raw,2025-01-20,1005,9507,10512
VPN,Raw,2025-01-27,986,11441,12427
VPN,Raw,2025-02-03,960,11082,12042
VPN,Raw,2025-02-10,998,12439,13437
VPN,Raw,2025-02-17,1066,13451,14517
VPN,Raw,2025-02-24,1039,12202,13241
VPN,Raw,2025-03-03,917,9744,10661
VPN,Raw,2025-03-10,816,8388,9204
VPN,Raw,2025-03-17,803,8138,8941
VPN,Raw,2025-03-24,812,7316,8128
VPN,Raw,2025-03-31,734,7746,8480
VPN,Raw,2025-04-07,741,6987,7728
VPN,Raw,2025-04-14,852,8231,9083
VPN,Raw,2025-04-21,804,9541,10345
VPN,Raw,2025-04-28,690,6856,7546
VPN,Raw,2025-05-05,703,6833,7536
VPN,Raw,2025-05-12,651,7601,8252
VPN,Raw,2025-05-19,723,6558,7281
VPN,Raw,2025-05-26,680,7335,8015
VPN,Raw,2025-06-02,786,7851,8637
VPN,Raw,2025-06-09,747,7176,7923
VPN,Raw,2025-06-16,717,8384,9101
VPN,Raw,2025-06-23,831,9876,10707
VPN,Raw,2025-06-30,903,8734,9637
VPN,Raw,2025-07-07,845,8593,9438
VPN,Raw,2025-07-14,791,7959,8750
VPN,Raw,2025-07-21,1010,11781,12791
VPN,Raw,2025-07-28,1220,15522,16742
VPN,Raw,2025-08-04,1165,15350,16515
VPN,Raw,2025-08-11,1165,12846,14011
VPN,Raw,2025-08-18,1064,13994,15058
VPN,Raw,2025-08-25,1209,14400,15609
VPN,Raw,2025-09-01,1191,13509,14700
VPN,Raw,2025-09-08,1150,12969,14119
VPN,Raw,2025-09-15,1155,15385,16540
VPN,Raw,2025-09-22,1036,12382,13418
VPN,Raw,2025-09-29,970,13271,14241
VPN,Raw,2025-10-06,962,11941,12903
VPN,Raw,2025-10-13,947,11233,12180
VPN,Raw,2025-10-20,972,11086,12058
VPN,Raw (UK),2021-11-01,39,570,609
VPN,Raw (UK),2021-11-08,52,490,542
VPN,Raw (UK),2021-11-15,39,417,456
VPN,Raw (UK),2021-11-22,51,475,526
VPN,Raw (UK),2021-11-29,34,502,536
VPN,Raw (UK),2021-12-06,53,441,494
VPN,Raw (UK),2021-12-13,48,541,589
VPN,Raw (UK),2021-12-20,36,608,644
VPN,Raw (UK),2021-12-27,44,527,571
VPN,Raw (UK),2022-01-03,54,714,768
VPN,Raw (UK),2022-01-10,55,651,706
VPN,Raw (UK),2022-01-17,62,817,879
VPN,Raw (UK),2022-01-24,44,531,575
VPN,Raw (UK),2022-01-31,60,626,686
VPN,Raw (UK),2022-02-07,66,602,668
VPN,Raw (UK),2022-02-14,55,537,592
VPN,Raw (UK),2022-02-21,50,491,541
VPN,Raw (UK),2022-02-28,33,468,501
VPN,Raw (UK),2022-03-07,49,592,641
VPN,Raw (UK),2022-03-14,52,664,716
VPN,Raw (UK),2022-03-21,40,525,565
VPN,Raw (UK),2022-03-28,33,475,508
VPN,Raw (UK),2022-04-04,53,526,579
VPN,Raw (UK),2022-04-11,37,502,539
VPN,Raw (UK),2022-04-18,46,587,633
VPN,Raw (UK),2022-04-25,59,528,587
VPN,Raw (UK),2022-05-02,52,482,534
VPN,Raw (UK),2022-05-09,45,440,485
VPN,Raw (UK),2022-05-16,32,420,452
VPN,Raw (UK),2022-05-23,42,600,642
VPN,Raw (UK),2022-05-30,36,551,587
VPN,Raw (UK),2022-06-06,47,551,598
VPN,Raw (UK),2022-06-13,43,458,501
VPN,Raw (UK),2022-06-20,46,446,492
VPN,Raw (UK),2022-06-27,47,422,469
VPN,Raw (UK),2022-07-04,35,388,423
VPN,Raw (UK),2022-07-11,34,548,582
VPN,Raw (UK),2022-07-18,45,508,553
VPN,Raw (UK),2022-07-25,45,487,532
VPN,Raw (UK),2022-08-01,41,524,565
VPN,Raw (UK),2022-08-08,45,586,631
VPN,Raw (UK),2022-08-15,60,498,558
VPN,Raw (UK),2022-08-22,55,599,654
VPN,Raw (UK),2022-08-29,37,626,663
VPN,Raw (UK),2022-09-05,46,589,635
VPN,Raw (UK),2022-09-12,50,528,578
VPN,Raw (UK),2022-09-19,59,512,571
VPN,Raw (UK),2022-09-26,49,497,546
VPN,Raw (UK),2022-10-03,39,567,606
VPN,Raw (UK),2022-10-10,53,545,598
VPN,Raw (UK),2022-10-17,50,628,678
VPN,Raw (UK),2022-10-24,52,532,584
VPN,Raw (UK),2022-10-31,33,466,499
VPN,Raw (UK),2022-11-07,37,504,541
VPN,Raw (UK),2022-11-14,46,457,503
VPN,Raw (UK),2022-11-21,52,481,533
VPN,Raw (UK),2022-11-28,44,523,567
VPN,Raw (UK),2022-12-05,63,509,572
VPN,Raw (UK),2022-12-12,40,714,754
VPN,Raw (UK),2022-12-19,55,548,603
VPN,Raw (UK),2022-12-26,43,765,808
VPN,Raw (UK),2023-01-02,49,599,648
VPN,Raw (UK),2023-01-09,49,528,577
VPN,Raw (UK),2023-01-16,49,559,608
VPN,Raw (UK),2023-01-23,59,636,695
VPN,Raw (UK),2023-01-30,63,486,549
VPN,Raw (UK),2023-02-06,47,671,718
VPN,Raw (UK),2023-02-13,54,482,536
VPN,Raw (UK),2023-02-20,43,566,609
VPN,Raw (UK),2023-02-27,64,577,641
VPN,Raw (UK),2023-03-06,50,543,593
VPN,Raw (UK),2023-03-13,43,548,591
VPN,Raw (UK),2023-03-20,38,501,539
VPN,Raw (UK),2023-03-27,48,539,587
VPN,Raw (UK),2023-04-03,53,479,532
VPN,Raw (UK),2023-04-10,41,496,537
VPN,Raw (UK),2023-04-17,40,505,545
VPN,Raw (UK),2023-04-24,48,475,523
VPN,Raw (UK),2023-05-01,55,568,623
VPN,Raw (UK),2023-05-08,45,519,564
VPN,Raw (UK),2023-05-15,37,440,477
VPN,Raw (UK),2023-05-22,47,521,568
VPN,Raw (UK),2023-05-29,53,666,719
VPN,Raw (UK),2023-06-05,52,644,696
VPN,Raw (UK),2023-06-12,46,492,538
VPN,Raw (UK),2023-06-19,44,463,507
VPN,Raw (UK),2023-06-26,50,551,601
VPN,Raw (UK),2023-07-03,50,572,622
VPN,Raw (UK),2023-07-10,40,505,545
VPN,Raw (UK),2023-07-17,53,496,549
VPN,Raw (UK),2023-07-24,58,441,499
VPN,Raw (UK),2023-07-31,45,449,494
VPN,Raw (UK),2023-08-07,52,472,524
VPN,Raw (UK),2023-08-14,56,459,515
VPN,Raw (UK),2023-08-21,47,468,515
VPN,Raw (UK),2023-08-28,48,547,595
VPN,Raw (UK),2023-09-04,50,559,609
VPN,Raw (UK),2023-09-11,47,474,521
VPN,Raw (UK),2023-09-18,54,438,492
VPN,Raw (UK),2023-09-25,45,474,519
VPN,Raw (UK),2023-10-02,33,281,314
VPN,Raw (UK),2023-10-09,29,277,306
VPN,Raw (UK),2023-10-16,30,303,333
VPN,Raw (UK),2023-10-23,40,291,331
VPN,Raw (UK),2023-10-30,31,415,446
VPN,Raw (UK),2023-11-06,38,502,540
VPN,Raw (UK),2023-11-13,48,547,595
VPN,Raw (UK),2023-11-20,68,436,504
VPN,Raw (UK),2023-11-27,35,573,608
VPN,Raw (UK),2023-12-04,44,591,635
VPN,Raw (UK),2023-12-11,73,507,580
VPN,Raw (UK),2023-12-18,60,571,631
VPN,Raw (UK),2023-12-25,41,492,533
VPN,Raw (UK),2024-01-01,31,553,584
VPN,Raw (UK),2024-01-08,46,521,567
VPN,Raw (UK),2024-01-15,52,477,529
VPN,Raw (UK),2024-01-22,45,823,868
VPN,Raw (UK),2024-01-29,58,687,745
VPN,Raw (UK),2024-02-05,49,718,767
VPN,Raw (UK),2024-02-12,67,707,774
VPN,Raw (UK),2024-02-19,48,677,725
VPN,Raw (UK),2024-02-26,62,708,770
VPN,Raw (UK),2024-03-04,55,594,649
VPN,Raw (UK),2024-03-11,58,663,721
VPN,Raw (UK),2024-03-18,56,604,660
VPN,Raw (UK),2024-03-25,66,647,713
VPN,Raw (UK),2024-04-01,68,713,781
VPN,Raw (UK),2024-04-08,66,637,703
VPN,Raw (UK),2024-04-15,63,745,808
VPN,Raw (UK),2024-04-22,47,755,802
VPN,Raw (UK),2024-04-29,49,602,651
VPN,Raw (UK),2024-05-06,61,677,738
VPN,Raw (UK),2024-05-13,61,578,639
VPN,Raw (UK),2024-05-20,58,866,924
VPN,Raw (UK),2024-05-27,43,625,668
VPN,Raw (UK),2024-06-03,53,620,673
VPN,Raw (UK),2024-06-10,44,579,623
VPN,Raw (UK),2024-06-17,58,634,692
VPN,Raw (UK),2024-06-24,64,680,744
VPN,Raw (UK),2024-07-01,55,693,748
VPN,Raw (UK),2024-07-08,48,480,528
VPN,Raw (UK),2024-07-15,50,717,767
VPN,Raw (UK),2024-07-22,58,662,720
VPN,Raw (UK),2024-07-29,68,840,908
VPN,Raw (UK),2024-08-05,69,629,698
VPN,Raw (UK),2024-08-12,58,794,852
VPN,Raw (UK),2024-08-19,55,750,805
VPN,Raw (UK),2024-08-26,55,784,839
VPN,Raw (UK),2024-09-02,57,834,891
VPN,Raw (UK),2024-09-09,64,671,735
VPN,Raw (UK),2024-09-16,56,847,903
VPN,Raw (UK),2024-09-23,69,892,961
VPN,Raw (UK),2024-09-30,65,733,798
VPN,Raw (UK),2024-10-07,70,681,751
VPN,Raw (UK),2024-10-14,64,786,850
VPN,Raw (UK),2024-10-21,56,758,814
VPN,Raw (UK),2024-10-28,59,662,721
VPN,Raw (UK),2024-11-04,76,768,844
VPN,Raw (UK),2024-11-11,64,662,726
VPN,Raw (UK),2024-11-18,63,616,679
VPN,Raw (UK),2024-11-25,45,625,670
VPN,Raw (UK),2024-12-02,56,548,604
VPN,Raw (UK),2024-12-09,44,742,786
VPN,Raw (UK),2024-12-16,45,645,690
VPN,Raw (UK),2024-12-23,54,665,719
VPN,Raw (UK),2024-12-30,45,846,891
VPN,Raw (UK),2025-01-06,55,752,807
VPN,Raw (UK),2025-01-13,71,1209,1280
VPN,Raw (UK),2025-01-20,53,724,777
VPN,Raw (UK),2025-01-27,68,962,1030
VPN,Raw (UK),2025-02-03,61,1001,1062
VPN,Raw (UK),2025-02-10,67,1054,1121
VPN,Raw (UK),2025-02-17,82,1438,1520
VPN,Raw (UK),2025-02-24,67,1267,1334
VPN,Raw (UK),2025-03-03,59,824,883
VPN,Raw (UK),2025-03-10,47,741,788
VPN,Raw (UK),2025-03-17,63,667,730
VPN,Raw (UK),2025-03-24,47,643,690
VPN,Raw (UK),2025-03-31,54,775,829
VPN,Raw (UK),2025-04-07,51,597,648
VPN,Raw (UK),2025-04-14,70,771,841
VPN,Raw (UK),2025-04-21,51,921,972
VPN,Raw (UK),2025-04-28,37,572,609
VPN,Raw (UK),2025-05-05,46,558,604
VPN,Raw (UK),2025-05-12,48,713,761
VPN,Raw (UK),2025-05-19,52,581,633
VPN,Raw (UK),2025-05-26,43,665,708
VPN,Raw (UK),2025-06-02,61,744,805
VPN,Raw (UK),2025-06-09,42,597,639
VPN,Raw (UK),2025-06-16,46,894,940
VPN,Raw (UK),2025-06-23,68,964,1032
VPN,Raw (UK),2025-06-30,48,782,830
VPN,Raw (UK),2025-07-07,49,965,1014
VPN,Raw (UK),2025-07-14,71,886,957
VPN,Raw (UK),2025-07-21,114,1586,1700
VPN,Raw (UK),2025-07-28,119,2736,2855
VPN,Raw (UK),2025-08-04,107,2176,2283
VPN,Raw (UK),2025-08-11,90,1895,1985
VPN,Raw (UK),2025-08-18,85,2254,2339
VPN,Raw (UK),2025-08-25,74,1612,1686
VPN,Raw (UK),2025-09-01,72,1459,1531
VPN,Raw (UK),2025-09-08,76,1483,1559
VPN,Raw (UK),2025-09-15,81,1751,1832
VPN,Raw (UK),2025-09-22,93,1401,1494
VPN,Raw (UK),2025-09-29,84,1515,1599
VPN,Raw (UK),2025-10-06,76,1285,1361
VPN,Raw (UK),2025-10-13,52,1159,1211
VPN,Raw (UK),2025-10-20,43,1072,1115
VPN,Matched,2021-11-01,218,983,1201
VPN,Matched,2021-11-08,230,887,1117
VPN,Matched,2021-11-15,216,1014,1230
VPN,Matched,2021-11-22,233,962,1195
VPN,Matched,2021-11-29,267,1079,1346
VPN,Matched,2021-12-06,182,974,1156
VPN,Matched,2021-12-13,188,826,1014
VPN,Matched,2021-12-20,207,873,1080
VPN,Matched,2021-12-27,243,1041,1284
VPN,Matched,2022-01-03,284,1060,1344
VPN,Matched,2022-01-10,239,1296,1535
VPN,Matched,2022-01-17,303,1315,1618
VPN,Matched,2022-01-24,262,1045,1307
VPN,Matched,2022-01-31,280,1070,1350
VPN,Matched,2022-02-07,275,1192,1467
VPN,Matched,2022-02-14,243,1060,1303
VPN,Matched,2022-02-21,236,974,1210
VPN,Matched,2022-02-28,248,1161,1409
VPN,Matched,2022-03-07,277,1119,1396
VPN,Matched,2022-03-14,291,1171,1462
VPN,Matched,2022-03-21,263,1140,1403
VPN,Matched,2022-03-28,279,931,1210
VPN,Matched,2022-04-04,253,1012,1265
VPN,Matched,2022-04-11,258,1067,1325
VPN,Matched,2022-04-18,250,1217,1467
VPN,Matched,2022-04-25,238,974,1212
VPN,Matched,2022-05-02,263,1083,1346
VPN,Matched,2022-05-09,224,902,1126
VPN,Matched,2022-05-16,204,1010,1214
VPN,Matched,2022-05-23,253,1234,1487
VPN,Matched,2022-05-30,246,1195,1441
VPN,Matched,2022-06-06,274,1216,1490
VPN,Matched,2022-06-13,292,1088,1380
VPN,Matched,2022-06-20,282,1209,1491
VPN,Matched,2022-06-27,261,1080,1341
VPN,Matched,2022-07-04,241,1000,1241
VPN,Matched,2022-07-11,263,1079,1342
VPN,Matched,2022-07-18,237,1066,1303
VPN,Matched,2022-07-25,257,1166,1423
VPN,Matched,2022-08-01,249,951,1200
VPN,Matched,2022-08-08,236,1061,1297
VPN,Matched,2022-08-15,246,1135,1381
VPN,Matched,2022-08-22,277,1225,1502
VPN,Matched,2022-08-29,332,1274,1606
VPN,Matched,2022-09-05,252,1186,1438
VPN,Matched,2022-09-12,250,1200,1450
VPN,Matched,2022-09-19,287,1221,1508
VPN,Matched,2022-09-26,285,1106,1391
VPN,Matched,2022-10-03,263,1046,1309
VPN,Matched,2022-10-10,293,1242,1535
VPN,Matched,2022-10-17,284,1140,1424
VPN,Matched,2022-10-24,239,1246,1485
VPN,Matched,2022-10-31,241,1118,1359
VPN,Matched,2022-11-07,249,1093,1342
VPN,Matched,2022-11-14,228,1097,1325
VPN,Matched,2022-11-21,311,1204,1515
VPN,Matched,2022-11-28,289,1499,1788
VPN,Matched,2022-12-05,290,1245,1535
VPN,Matched,2022-12-12,253,1098,1351
VPN,Matched,2022-12-19,254,1125,1379
VPN,Matched,2022-12-26,248,1155,1403
VPN,Matched,2023-01-02,253,1273,1526
VPN,Matched,2023-01-09,284,1104,1388
VPN,Matched,2023-01-16,274,1178,1452
VPN,Matched,2023-01-23,251,1193,1444
VPN,Matched,2023-01-30,268,1193,1461
VPN,Matched,2023-02-06,262,1310,1572
VPN,Matched,2023-02-13,272,1175,1447
VPN,Matched,2023-02-20,269,1271,1540
VPN,Matched,2023-02-27,281,1344,1625
VPN,Matched,2023-03-06,261,1201,1462
VPN,Matched,2023-03-13,274,1223,1497
VPN,Matched,2023-03-20,266,995,1261
VPN,Matched,2023-03-27,278,1154,1432
VPN,Matched,2023-04-03,293,1277,1570
VPN,Matched,2023-04-10,273,1157,1430
VPN,Matched,2023-04-17,307,1238,1545
VPN,Matched,2023-04-24,253,1214,1467
VPN,Matched,2023-05-01,260,1260,1520
VPN,Matched,2023-05-08,247,1207,1454
VPN,Matched,2023-05-15,265,1016,1281
VPN,Matched,2023-05-22,261,1038,1299
VPN,Matched,2023-05-29,283,1531,1814
VPN,Matched,2023-06-05,262,1139,1401
VPN,Matched,2023-06-12,229,1093,1322
VPN,Matched,2023-06-19,282,874,1156
VPN,Matched,2023-06-26,306,1006,1312
VPN,Matched,2023-07-03,271,878,1149
VPN,Matched,2023-07-10,286,944,1230
VPN,Matched,2023-07-17,270,885,1155
VPN,Matched,2023-07-24,251,890,1141
VPN,Matched,2023-07-31,280,839,1119
VPN,Matched,2023-08-07,338,989,1327
VPN,Matched,2023-08-14,312,1041,1353
VPN,Matched,2023-08-21,287,841,1128
VPN,Matched,2023-08-28,283,906,1189
VPN,Matched,2023-09-04,285,901,1186
VPN,Matched,2023-09-11,286,924,1210
VPN,Matched,2023-09-18,290,969,1259
VPN,Matched,2023-09-25,270,1007,1277
VPN,Matched,2023-10-02,246,658,904
VPN,Matched,2023-10-09,249,604,853
VPN,Matched,2023-10-16,251,600,851
VPN,Matched,2023-10-23,324,659,983
VPN,Matched,2023-10-30,279,785,1064
VPN,Matched,2023-11-06,286,918,1204
VPN,Matched,2023-11-13,313,921,1234
VPN,Matched,2023-11-20,346,962,1308
VPN,Matched,2023-11-27,327,851,1178
VPN,Matched,2023-12-04,299,1072,1371
VPN,Matched,2023-12-11,368,1075,1443
VPN,Matched,2023-12-18,313,896,1209
VPN,Matched,2023-12-25,319,1168,1487
VPN,Matched,2024-01-01,321,1216,1537
VPN,Matched,2024-01-08,338,1092,1430
VPN,Matched,2024-01-15,328,978,1306
VPN,Matched,2024-01-22,331,1227,1558
VPN,Matched,2024-01-29,338,1307,1645
VPN,Matched,2024-02-05,357,1395,1752
VPN,Matched,2024-02-12,336,1312,1648
VPN,Matched,2024-02-19,346,1355,1701
VPN,Matched,2024-02-26,385,1162,1547
VPN,Matched,2024-03-04,329,1146,1475
VPN,Matched,2024-03-11,312,1104,1416
VPN,Matched,2024-03-18,349,1107,1456
VPN,Matched,2024-03-25,345,1072,1417
VPN,Matched,2024-04-01,360,1341,1701
VPN,Matched,2024-04-08,354,1318,1672
VPN,Matched,2024-04-15,294,1211,1505
VPN,Matched,2024-04-22,340,1102,1442
VPN,Matched,2024-04-29,317,1215,1532
VPN,Matched,2024-05-06,332,1204,1536
VPN,Matched,2024-05-13,346,1124,1470
VPN,Matched,2024-05-20,336,1069,1405
VPN,Matched,2024-05-27,302,1018,1320
VPN,Matched,2024-06-03,283,1100,1383
VPN,Matched,2024-06-10,315,1032,1347
VPN,Matched,2024-06-17,330,1265,1595
VPN,Matched,2024-06-24,340,1076,1416
VPN,Matched,2024-07-01,279,1171,1450
VPN,Matched,2024-07-08,296,1136,1432
VPN,Matched,2024-07-15,345,1211,1556
VPN,Matched,2024-07-22,334,1249,1583
VPN,Matched,2024-07-29,369,1177,1546
VPN,Matched,2024-08-05,310,1164,1474
VPN,Matched,2024-08-12,328,1354,1682
VPN,Matched,2024-08-19,344,1267,1611
VPN,Matched,2024-08-26,349,1502,1851
VPN,Matched,2024-09-02,378,1272,1650
VPN,Matched,2024-09-09,327,1337,1664
VPN,Matched,2024-09-16,339,1276,1615
VPN,Matched,2024-09-23,375,1469,1844
VPN,Matched,2024-09-30,323,1434,1757
VPN,Matched,2024-10-07,398,1254,1652
VPN,Matched,2024-10-14,326,1077,1403
VPN,Matched,2024-10-21,354,1218,1572
VPN,Matched,2024-10-28,332,1133,1465
VPN,Matched,2024-11-04,386,1425,1811
VPN,Matched,2024-11-11,342,1172,1514
VPN,Matched,2024-11-18,356,1183,1539
VPN,Matched,2024-11-25,361,1192,1553
VPN,Matched,2024-12-02,333,1201,1534
VPN,Matched,2024-12-09,334,1202,1536
VPN,Matched,2024-12-16,327,1238,1565
VPN,Matched,2024-12-23,275,1096,1371
VPN,Matched,2024-12-30,345,1294,1639
VPN,Matched,2025-01-06,368,1417,1785
VPN,Matched,2025-01-13,422,2174,2596
VPN,Matched,2025-01-20,384,1556,1940
VPN,Matched,2025-01-27,382,1735,2117
VPN,Matched,2025-02-03,320,1483,1803
VPN,Matched,2025-02-10,348,1627,1975
VPN,Matched,2025-02-17,361,1850,2211
VPN,Matched,2025-02-24,343,1810,2153
VPN,Matched,2025-03-03,350,1491,1841
VPN,Matched,2025-03-10,315,1316,1631
VPN,Matched,2025-03-17,314,1221,1535
VPN,Matched,2025-03-24,303,1132,1435
VPN,Matched,2025-03-31,309,1317,1626
VPN,Matched,2025-04-07,281,1246,1527
VPN,Matched,2025-04-14,286,1457,1743
VPN,Matched,2025-04-21,307,1385,1692
VPN,Matched,2025-04-28,256,1171,1427
VPN,Matched,2025-05-05,265,1241,1506
VPN,Matched,2025-05-12,268,1395,1663
VPN,Matched,2025-05-19,293,1175,1468
VPN,Matched,2025-05-26,271,1017,1288
VPN,Matched,2025-06-02,263,1172,1435
VPN,Matched,2025-06-09,280,1177,1457
VPN,Matched,2025-06-16,267,1111,1378
VPN,Matched,2025-06-23,287,1354,1641
VPN,Matched,2025-06-30,290,1358,1648
VPN,Matched,2025-07-07,286,1106,1392
VPN,Matched,2025-07-14,291,1231,1522
VPN,Matched,2025-07-21,411,2222,2633
VPN,Matched,2025-07-28,530,3278,3808
VPN,Matched,2025-08-04,466,2569,3035
VPN,Matched,2025-08-11,414,2168,2582
VPN,Matched,2025-08-18,411,2620,3031
VPN,Matched,2025-08-25,438,2077,2515
VPN,Matched,2025-09-01,380,1987,2367
VPN,Matched,2025-09-08,417,2027,2444
VPN,Matched,2025-09-15,402,2158,2560
VPN,Matched,2025-09-22,369,2039,2408
VPN,Matched,2025-09-29,331,1887,2218
VPN,Matched,2025-10-06,339,1748,2087
VPN,Matched,2025-10-13,366,1764,2130
VPN,Matched,2025-10-20,391,1695,2086
VPN,Matched (UK),2021-11-01,11,52,63
VPN,Matched (UK),2021-11-08,18,34,52
VPN,Matched (UK),2021-11-15,12,53,65
VPN,Matched (UK),2021-11-22,20,56,76
VPN,Matched (UK),2021-11-29,11,67,78
VPN,Matched (UK),2021-12-06,8,61,69
VPN,Matched (UK),2021-12-13,12,51,63
VPN,Matched (UK),2021-12-20,9,76,85
VPN,Matched (UK),2021-12-27,15,59,74
VPN,Matched (UK),2022-01-03,11,72,83
VPN,Matched (UK),2022-01-10,12,112,124
VPN,Matched (UK),2022-01-17,22,130,152
VPN,Matched (UK),2022-01-24,13,55,68
VPN,Matched (UK),2022-01-31,18,78,96
VPN,Matched (UK),2022-02-07,21,50,71
VPN,Matched (UK),2022-02-14,20,63,83
VPN,Matched (UK),2022-02-21,17,73,90
VPN,Matched (UK),2022-02-28,8,65,73
VPN,Matched (UK),2022-03-07,16,75,91
VPN,Matched (UK),2022-03-14,22,82,104
VPN,Matched (UK),2022-03-21,13,62,75
VPN,Matched (UK),2022-03-28,12,71,83
VPN,Matched (UK),2022-04-04,23,81,104
VPN,Matched (UK),2022-04-11,14,67,81
VPN,Matched (UK),2022-04-18,11,80,91
VPN,Matched (UK),2022-04-25,19,66,85
VPN,Matched (UK),2022-05-02,18,67,85
VPN,Matched (UK),2022-05-09,14,59,73
VPN,Matched (UK),2022-05-16,13,62,75
VPN,Matched (UK),2022-05-23,11,70,81
VPN,Matched (UK),2022-05-30,15,73,88
VPN,Matched (UK),2022-06-06,21,86,107
VPN,Matched (UK),2022-06-13,15,51,66
VPN,Matched (UK),2022-06-20,16,54,70
VPN,Matched (UK),2022-06-27,19,58,77
VPN,Matched (UK),2022-07-04,8,55,63
VPN,Matched (UK),2022-07-11,12,66,78
VPN,Matched (UK),2022-07-18,16,65,81
VPN,Matched (UK),2022-07-25,25,81,106
VPN,Matched (UK),2022-08-01,16,70,86
VPN,Matched (UK),2022-08-08,12,80,92
VPN,Matched (UK),2022-08-15,12,77,89
VPN,Matched (UK),2022-08-22,16,89,105
VPN,Matched (UK),2022-08-29,21,89,110
VPN,Matched (UK),2022-09-05,15,94,109
VPN,Matched (UK),2022-09-12,14,70,84
VPN,Matched (UK),2022-09-19,22,70,92
VPN,Matched (UK),2022-09-26,12,66,78
VPN,Matched (UK),2022-10-03,15,79,94
VPN,Matched (UK),2022-10-10,18,65,83
VPN,Matched (UK),2022-10-17,14,57,71
VPN,Matched (UK),2022-10-24,14,67,81
VPN,Matched (UK),2022-10-31,17,69,86
VPN,Matched (UK),2022-11-07,12,65,77
VPN,Matched (UK),2022-11-14,17,49,66
VPN,Matched (UK),2022-11-21,19,55,74
VPN,Matched (UK),2022-11-28,12,82,94
VPN,Matched (UK),2022-12-05,22,82,104
VPN,Matched (UK),2022-12-12,17,94,111
VPN,Matched (UK),2022-12-19,23,80,103
VPN,Matched (UK),2022-12-26,17,85,102
VPN,Matched (UK),2023-01-02,24,91,115
VPN,Matched (UK),2023-01-09,20,48,68
VPN,Matched (UK),2023-01-16,15,64,79
VPN,Matched (UK),2023-01-23,20,52,72
VPN,Matched (UK),2023-01-30,21,76,97
VPN,Matched (UK),2023-02-06,17,89,106
VPN,Matched (UK),2023-02-13,22,64,86
VPN,Matched (UK),2023-02-20,13,84,97
VPN,Matched (UK),2023-02-27,25,90,115
VPN,Matched (UK),2023-03-06,20,82,102
VPN,Matched (UK),2023-03-13,16,96,112
VPN,Matched (UK),2023-03-20,17,62,79
VPN,Matched (UK),2023-03-27,24,56,80
VPN,Matched (UK),2023-04-03,22,69,91
VPN,Matched (UK),2023-04-10,22,76,98
VPN,Matched (UK),2023-04-17,13,49,62
VPN,Matched (UK),2023-04-24,19,86,105
VPN,Matched (UK),2023-05-01,20,109,129
VPN,Matched (UK),2023-05-08,19,93,112
VPN,Matched (UK),2023-05-15,10,67,77
VPN,Matched (UK),2023-05-22,20,86,106
VPN,Matched (UK),2023-05-29,17,114,131
VPN,Matched (UK),2023-06-05,19,85,104
VPN,Matched (UK),2023-06-12,19,69,88
VPN,Matched (UK),2023-06-19,14,72,86
VPN,Matched (UK),2023-06-26,22,63,85
VPN,Matched (UK),2023-07-03,18,73,91
VPN,Matched (UK),2023-07-10,13,64,77
VPN,Matched (UK),2023-07-17,15,67,82
VPN,Matched (UK),2023-07-24,22,92,114
VPN,Matched (UK),2023-07-31,20,67,87
VPN,Matched (UK),2023-08-07,23,82,105
VPN,Matched (UK),2023-08-14,21,69,90
VPN,Matched (UK),2023-08-21,18,63,81
VPN,Matched (UK),2023-08-28,17,70,87
VPN,Matched (UK),2023-09-04,22,74,96
VPN,Matched (UK),2023-09-11,17,55,72
VPN,Matched (UK),2023-09-18,24,71,95
VPN,Matched (UK),2023-09-25,23,71,94
VPN,Matched (UK),2023-10-02,16,46,62
VPN,Matched (UK),2023-10-09,8,45,53
VPN,Matched (UK),2023-10-16,10,41,51
VPN,Matched (UK),2023-10-23,23,55,78
VPN,Matched (UK),2023-10-30,13,47,60
VPN,Matched (UK),2023-11-06,15,79,94
VPN,Matched (UK),2023-11-13,26,69,95
VPN,Matched (UK),2023-11-20,36,65,101
VPN,Matched (UK),2023-11-27,12,55,67
VPN,Matched (UK),2023-12-04,16,91,107
VPN,Matched (UK),2023-12-11,39,96,135
VPN,Matched (UK),2023-12-18,29,72,101
VPN,Matched (UK),2023-12-25,22,94,116
VPN,Matched (UK),2024-01-01,13,81,94
VPN,Matched (UK),2024-01-08,22,86,108
VPN,Matched (UK),2024-01-15,26,82,108
VPN,Matched (UK),2024-01-22,16,119,135
VPN,Matched (UK),2024-01-29,25,111,136
VPN,Matched (UK),2024-02-05,21,110,131
VPN,Matched (UK),2024-02-12,36,116,152
VPN,Matched (UK),2024-02-19,21,108,129
VPN,Matched (UK),2024-02-26,35,94,129
VPN,Matched (UK),2024-03-04,23,93,116
VPN,Matched (UK),2024-03-11,22,83,105
VPN,Matched (UK),2024-03-18,19,78,97
VPN,Matched (UK),2024-03-25,21,64,85
VPN,Matched (UK),2024-04-01,26,108,134
VPN,Matched (UK),2024-04-08,31,97,128
VPN,Matched (UK),2024-04-15,18,82,100
VPN,Matched (UK),2024-04-22,17,75,92
VPN,Matched (UK),2024-04-29,14,92,106
VPN,Matched (UK),2024-05-06,25,103,128
VPN,Matched (UK),2024-05-13,17,87,104
VPN,Matched (UK),2024-05-20,27,68,95
VPN,Matched (UK),2024-05-27,22,79,101
VPN,Matched (UK),2024-06-03,15,66,81
VPN,Matched (UK),2024-06-10,21,62,83
VPN,Matched (UK),2024-06-17,22,95,117
VPN,Matched (UK),2024-06-24,26,99,125
VPN,Matched (UK),2024-07-01,18,114,132
VPN,Matched (UK),2024-07-08,13,68,81
VPN,Matched (UK),2024-07-15,16,86,102
VPN,Matched (UK),2024-07-22,21,73,94
VPN,Matched (UK),2024-07-29,27,108,135
VPN,Matched (UK),2024-08-05,31,62,93
VPN,Matched (UK),2024-08-12,21,127,148
VPN,Matched (UK),2024-08-19,11,112,123
VPN,Matched (UK),2024-08-26,23,107,130
VPN,Matched (UK),2024-09-02,24,106,130
VPN,Matched (UK),2024-09-09,24,81,105
VPN,Matched (UK),2024-09-16,25,98,123
VPN,Matched (UK),2024-09-23,37,146,183
VPN,Matched (UK),2024-09-30,18,104,122
VPN,Matched (UK),2024-10-07,24,96,120
VPN,Matched (UK),2024-10-14,29,82,111
VPN,Matched (UK),2024-10-21,13,90,103
VPN,Matched (UK),2024-10-28,24,81,105
VPN,Matched (UK),2024-11-04,27,115,142
VPN,Matched (UK),2024-11-11,26,109,135
VPN,Matched (UK),2024-11-18,21,76,97
VPN,Matched (UK),2024-11-25,19,101,120
VPN,Matched (UK),2024-12-02,20,77,97
VPN,Matched (UK),2024-12-09,20,102,122
VPN,Matched (UK),2024-12-16,20,78,98
VPN,Matched (UK),2024-12-23,20,92,112
VPN,Matched (UK),2024-12-30,17,109,126
VPN,Matched (UK),2025-01-06,25,120,145
VPN,Matched (UK),2025-01-13,32,173,205
VPN,Matched (UK),2025-01-20,25,109,134
VPN,Matched (UK),2025-01-27,27,115,142
VPN,Matched (UK),2025-02-03,20,126,146
VPN,Matched (UK),2025-02-10,21,123,144
VPN,Matched (UK),2025-02-17,27,161,188
VPN,Matched (UK),2025-02-24,18,167,185
VPN,Matched (UK),2025-03-03,27,117,144
VPN,Matched (UK),2025-03-10,15,98,113
VPN,Matched (UK),2025-03-17,28,96,124
VPN,Matched (UK),2025-03-24,18,90,108
VPN,Matched (UK),2025-03-31,25,116,141
VPN,Matched (UK),2025-04-07,16,73,89
VPN,Matched (UK),2025-04-14,25,95,120
VPN,Matched (UK),2025-04-21,17,122,139
VPN,Matched (UK),2025-04-28,18,77,95
VPN,Matched (UK),2025-05-05,14,79,93
VPN,Matched (UK),2025-05-12,22,109,131
VPN,Matched (UK),2025-05-19,19,97,116
VPN,Matched (UK),2025-05-26,17,74,91
VPN,Matched (UK),2025-06-02,20,99,119
VPN,Matched (UK),2025-06-09,13,85,98
VPN,Matched (UK),2025-06-16,19,109,128
VPN,Matched (UK),2025-06-23,31,131,162
VPN,Matched (UK),2025-06-30,17,103,120
VPN,Matched (UK),2025-07-07,18,112,130
VPN,Matched (UK),2025-07-14,28,127,155
VPN,Matched (UK),2025-07-21,58,316,374
VPN,Matched (UK),2025-07-28,65,689,754
VPN,Matched (UK),2025-08-04,50,445,495
VPN,Matched (UK),2025-08-11,47,401,448
VPN,Matched (UK),2025-08-18,43,520,563
VPN,Matched (UK),2025-08-25,37,267,304
VPN,Matched (UK),2025-09-01,27,261,288
VPN,Matched (UK),2025-09-08,33,272,305
VPN,Matched (UK),2025-09-15,33,258,291
VPN,Matched (UK),2025-09-22,36,233,269
VPN,Matched (UK),2025-09-29,38,209,247
VPN,Matched (UK),2025-10-06,33,211,244
VPN,Matched (UK),2025-10-13,23,199,222
VPN,Matched (UK),2025-10-20,27,190,217
VPN,Classified,2021-11-01,4,59,63
VPN,Classified,2021-11-08,9,50,59
VPN,Classified,2021-11-15,6,42,48
VPN,Classified,2021-11-22,2,48,50
VPN,Classified,2021-11-29,8,52,60
VPN,Classified,2021-12-06,5,52,57
VPN,Classified,2021-12-13,4,35,39
VPN,Classified,2021-12-20,2,42,44
VPN,Classified,2021-12-27,9,32,41
VPN,Classified,2022-01-03,9,47,56
VPN,Classified,2022-01-10,10,104,114
VPN,Classified,2022-01-17,7,145,152
VPN,Classified,2022-01-24,9,45,54
VPN,Classified,2022-01-31,5,46,51
VPN,Classified,2022-02-07,10,117,127
VPN,Classified,2022-02-14,12,67,79
VPN,Classified,2022-02-21,9,86,95
VPN,Classified,2022-02-28,14,87,101
VPN,Classified,2022-03-07,17,99,116
VPN,Classified,2022-03-14,8,61,69
VPN,Classified,2022-03-21,8,79,87
VPN,Classified,2022-03-28,10,37,47
VPN,Classified,2022-04-04,11,43,54
VPN,Classified,2022-04-11,15,55,70
VPN,Classified,2022-04-18,14,78,92
VPN,Classified,2022-04-25,7,52,59
VPN,Classified,2022-05-02,20,103,123
VPN,Classified,2022-05-09,5,72,77
VPN,Classified,2022-05-16,10,81,91
VPN,Classified,2022-05-23,7,72,79
VPN,Classified,2022-05-30,16,60,76
VPN,Classified,2022-06-06,11,73,84
VPN,Classified,2022-06-13,5,67,72
VPN,Classified,2022-06-20,11,66,77
VPN,Classified,2022-06-27,9,69,78
VPN,Classified,2022-07-04,5,58,63
VPN,Classified,2022-07-11,8,47,55
VPN,Classified,2022-07-18,12,75,87
VPN,Classified,2022-07-25,12,59,71
VPN,Classified,2022-08-01,8,45,53
VPN,Classified,2022-08-08,10,44,54
VPN,Classified,2022-08-15,15,71,86
VPN,Classified,2022-08-22,8,73,81
VPN,Classified,2022-08-29,9,57,66
VPN,Classified,2022-09-05,15,69,84
VPN,Classified,2022-09-12,15,51,66
VPN,Classified,2022-09-19,13,107,120
VPN,Classified,2022-09-26,21,81,102
VPN,Classified,2022-10-03,15,67,82
VPN,Classified,2022-10-10,21,106,127
VPN,Classified,2022-10-17,20,79,99
VPN,Classified,2022-10-24,17,65,82
VPN,Classified,2022-10-31,11,59,70
VPN,Classified,2022-11-07,12,79,91
VPN,Classified,2022-11-14,9,71,80
VPN,Classified,2022-11-21,19,72,91
VPN,Classified,2022-11-28,15,65,80
VPN,Classified,2022-12-05,19,92,111
VPN,Classified,2022-12-12,18,71,89
VPN,Classified,2022-12-19,13,72,85
VPN,Classified,2022-12-26,9,58,67
VPN,Classified,2023-01-02,7,93,100
VPN,Classified,2023-01-09,9,49,58
VPN,Classified,2023-01-16,9,58,67
VPN,Classified,2023-01-23,11,67,78
VPN,Classified,2023-01-30,10,71,81
VPN,Classified,2023-02-06,7,111,118
VPN,Classified,2023-02-13,8,69,77
VPN,Classified,2023-02-20,10,75,85
VPN,Classified,2023-02-27,13,61,74
VPN,Classified,2023-03-06,12,103,115
VPN,Classified,2023-03-13,15,55,70
VPN,Classified,2023-03-20,10,39,49
VPN,Classified,2023-03-27,15,160,175
VPN,Classified,2023-04-03,8,81,89
VPN,Classified,2023-04-10,7,73,80
VPN,Classified,2023-04-17,17,76,93
VPN,Classified,2023-04-24,14,76,90
VPN,Classified,2023-05-01,9,119,128
VPN,Classified,2023-05-08,17,83,100
VPN,Classified,2023-05-15,15,67,82
VPN,Classified,2023-05-22,12,92,104
VPN,Classified,2023-05-29,7,68,75
VPN,Classified,2023-06-05,11,49,60
VPN,Classified,2023-06-12,11,46,57
VPN,Classified,2023-06-19,13,43,56
VPN,Classified,2023-06-26,20,61,81
VPN,Classified,2023-07-03,19,58,77
VPN,Classified,2023-07-10,8,39,47
VPN,Classified,2023-07-17,15,53,68
VPN,Classified,2023-07-24,16,88,104
VPN,Classified,2023-07-31,18,68,86
VPN,Classified,2023-08-07,20,83,103
VPN,Classified,2023-08-14,16,44,60
VPN,Classified,2023-08-21,18,64,82
VPN,Classified,2023-08-28,21,75,96
VPN,Classified,2023-09-04,10,48,58
VPN,Classified,2023-09-11,13,65,78
VPN,Classified,2023-09-18,7,36,43
VPN,Classified,2023-09-25,13,76,89
VPN,Classified,2023-10-02,7,28,35
VPN,Classified,2023-10-09,9,44,53
VPN,Classified,2023-10-16,10,20,30
VPN,Classified,2023-10-23,8,48,56
VPN,Classified,2023-10-30,12,26,38
VPN,Classified,2023-11-06,10,50,60
VPN,Classified,2023-11-13,19,60,79
VPN,Classified,2023-11-20,15,57,72
VPN,Classified,2023-11-27,12,44,56
VPN,Classified,2023-12-04,8,51,59
VPN,Classified,2023-12-11,11,62,73
VPN,Classified,2023-12-18,11,72,83
VPN,Classified,2023-12-25,11,60,71
VPN,Classified,2024-01-01,19,79,98
VPN,Classified,2024-01-08,21,63,84
VPN,Classified,2024-01-15,15,42,57
VPN,Classified,2024-01-22,19,93,112
VPN,Classified,2024-01-29,14,78,92
VPN,Classified,2024-02-05,11,112,123
VPN,Classified,2024-02-12,17,144,161
VPN,Classified,2024-02-19,17,142,159
VPN,Classified,2024-02-26,12,71,83
VPN,Classified,2024-03-04,5,67,72
VPN,Classified,2024-03-11,15,51,66
VPN,Classified,2024-03-18,20,67,87
VPN,Classified,2024-03-25,14,84,98
VPN,Classified,2024-04-01,12,64,76
VPN,Classified,2024-04-08,14,81,95
VPN,Classified,2024-04-15,12,77,89
VPN,Classified,2024-04-22,30,70,100
VPN,Classified,2024-04-29,15,65,80
VPN,Classified,2024-05-06,17,77,94
VPN,Classified,2024-05-13,22,47,69
VPN,Classified,2024-05-20,17,77,94
VPN,Classified,2024-05-27,13,59,72
VPN,Classified,2024-06-03,7,50,57
VPN,Classified,2024-06-10,11,58,69
VPN,Classified,2024-06-17,18,113,131
VPN,Classified,2024-06-24,24,67,91
VPN,Classified,2024-07-01,19,145,164
VPN,Classified,2024-07-08,12,63,75
VPN,Classified,2024-07-15,17,81,98
VPN,Classified,2024-07-22,14,106,120
VPN,Classified,2024-07-29,21,70,91
VPN,Classified,2024-08-05,28,94,122
VPN,Classified,2024-08-12,16,77,93
VPN,Classified,2024-08-19,20,89,109
VPN,Classified,2024-08-26,16,114,130
VPN,Classified,2024-09-02,23,94,117
VPN,Classified,2024-09-09,17,121,138
VPN,Classified,2024-09-16,21,126,147
VPN,Classified,2024-09-23,12,92,104
VPN,Classified,2024-09-30,12,78,90
VPN,Classified,2024-10-07,15,73,88
VPN,Classified,2024-10-14,15,57,72
VPN,Classified,2024-10-21,19,84,103
VPN,Classified,2024-10-28,14,79,93
VPN,Classified,2024-11-04,12,81,93
VPN,Classified,2024-11-11,16,81,97
VPN,Classified,2024-11-18,14,60,74
VPN,Classified,2024-11-25,14,79,93
VPN,Classified,2024-12-02,8,82,90
VPN,Classified,2024-12-09,11,67,78
VPN,Classified,2024-12-16,10,114,124
VPN,Classified,2024-12-23,9,79,88
VPN,Classified,2024-12-30,16,63,79
VPN,Classified,2025-01-06,12,66,78
VPN,Classified,2025-01-13,26,231,257
VPN,Classified,2025-01-20,25,115,140
VPN,Classified,2025-01-27,21,105,126
VPN,Classified,2025-02-03,13,100,113
VPN,Classified,2025-02-10,13,56,69
VPN,Classified,2025-02-17,14,167,181
VPN,Classified,2025-02-24,16,128,144
VPN,Classified,2025-03-03,8,47,55
VPN,Classified,2025-03-10,4,42,46
VPN,Classified,2025-03-17,8,57,65
VPN,Classified,2025-03-24,15,75,90
VPN,Classified,2025-03-31,9,75,84
VPN,Classified,2025-04-07,10,66,76
VPN,Classified,2025-04-14,6,103,109
VPN,Classified,2025-04-21,6,53,59
VPN,Classified,2025-04-28,11,68,79
VPN,Classified,2025-05-05,11,52,63
VPN,Classified,2025-05-12,20,77,97
VPN,Classified,2025-05-19,17,33,50
VPN,Classified,2025-05-26,12,56,68
VPN,Classified,2025-06-02,18,93,111
VPN,Classified,2025-06-09,19,69,88
VPN,Classified,2025-06-16,15,68,83
VPN,Classified,2025-06-23,10,109,119
VPN,Classified,2025-06-30,14,81,95
VPN,Classified,2025-07-07,16,71,87
VPN,Classified,2025-07-14,15,123,138
VPN,Classified,2025-07-21,54,294,348
VPN,Classified,2025-07-28,80,625,705
VPN,Classified,2025-08-04,60,415,475
VPN,Classified,2025-08-11,39,342,381
VPN,Classified,2025-08-18,33,440,473
VPN,Classified,2025-08-25,31,241,272
VPN,Classified,2025-09-01,14,162,176
VPN,Classified,2025-09-08,31,174,205
VPN,Classified,2025-09-15,32,183,215
VPN,Classified,2025-09-22,24,160,184
VPN,Classified,2025-09-29,21,153,174
VPN,Classified,2025-10-06,21,113,134
VPN,Classified,2025-10-13,25,222,247
VPN,Classified,2025-10-20,25,169,194
VPN,Classified (UK),2021-11-01,0,3,3
VPN,Classified (UK),2021-11-08,0,2,2
VPN,Classified (UK),2021-11-15,1,0,1
VPN,Classified (UK),2021-11-22,2,4,6
VPN,Classified (UK),2021-11-29,0,3,3
VPN,Classified (UK),2021-12-06,0,2,2
VPN,Classified (UK),2021-12-13,0,10,10
VPN,Classified (UK),2021-12-20,0,8,8
VPN,Classified (UK),2021-12-27,0,3,3
VPN,Classified (UK),2022-01-03,0,2,2
VPN,Classified (UK),2022-01-10,1,19,20
VPN,Classified (UK),2022-01-17,1,22,23
VPN,Classified (UK),2022-01-24,1,3,4
VPN,Classified (UK),2022-01-31,0,8,8
VPN,Classified (UK),2022-02-07,0,6,6
VPN,Classified (UK),2022-02-14,0,8,8
VPN,Classified (UK),2022-02-21,0,3,3
VPN,Classified (UK),2022-02-28,0,7,7
VPN,Classified (UK),2022-03-07,0,12,12
VPN,Classified (UK),2022-03-14,0,4,4
VPN,Classified (UK),2022-03-21,1,4,5
VPN,Classified (UK),2022-03-28,0,6,6
VPN,Classified (UK),2022-04-04,0,3,3
VPN,Classified (UK),2022-04-11,2,2,4
VPN,Classified (UK),2022-04-18,0,6,6
VPN,Classified (UK),2022-04-25,0,0,0
VPN,Classified (UK),2022-05-02,1,12,13
VPN,Classified (UK),2022-05-09,1,4,5
VPN,Classified (UK),2022-05-16,1,4,5
VPN,Classified (UK),2022-05-23,2,6,8
VPN,Classified (UK),2022-05-30,0,2,2
VPN,Classified (UK),2022-06-06,0,7,7
VPN,Classified (UK),2022-06-13,0,9,9
VPN,Classified (UK),2022-06-20,0,3,3
VPN,Classified (UK),2022-06-27,1,2,3
VPN,Classified (UK),2022-07-04,0,6,6
VPN,Classified (UK),2022-07-11,1,5,6
VPN,Classified (UK),2022-07-18,2,4,6
VPN,Classified (UK),2022-07-25,0,11,11
VPN,Classified (UK),2022-08-01,1,3,4
VPN,Classified (UK),2022-08-08,2,5,7
VPN,Classified (UK),2022-08-15,0,12,12
VPN,Classified (UK),2022-08-22,1,6,7
VPN,Classified (UK),2022-08-29,2,7,9
VPN,Classified (UK),2022-09-05,4,11,15
VPN,Classified (UK),2022-09-12,0,1,1
VPN,Classified (UK),2022-09-19,0,7,7
VPN,Classified (UK),2022-09-26,1,3,4
VPN,Classified (UK),2022-10-03,0,9,9
VPN,Classified (UK),2022-10-10,0,8,8
VPN,Classified (UK),2022-10-17,0,3,3
VPN,Classified (UK),2022-10-24,0,3,3
VPN,Classified (UK),2022-10-31,1,5,6
VPN,Classified (UK),2022-11-07,0,10,10
VPN,Classified (UK),2022-11-14,0,1,1
VPN,Classified (UK),2022-11-21,0,3,3
VPN,Classified (UK),2022-11-28,0,4,4
VPN,Classified (UK),2022-12-05,1,5,6
VPN,Classified (UK),2022-12-12,0,6,6
VPN,Classified (UK),2022-12-19,0,7,7
VPN,Classified (UK),2022-12-26,0,6,6
VPN,Classified (UK),2023-01-02,0,4,4
VPN,Classified (UK),2023-01-09,1,3,4
VPN,Classified (UK),2023-01-16,0,4,4
VPN,Classified (UK),2023-01-23,1,2,3
VPN,Classified (UK),2023-01-30,0,9,9
VPN,Classified (UK),2023-02-06,1,11,12
VPN,Classified (UK),2023-02-13,0,4,4
VPN,Classified (UK),2023-02-20,0,11,11
VPN,Classified (UK),2023-02-27,1,5,6
VPN,Classified (UK),2023-03-06,2,12,14
VPN,Classified (UK),2023-03-13,1,3,4
VPN,Classified (UK),2023-03-20,2,3,5
VPN,Classified (UK),2023-03-27,1,7,8
VPN,Classified (UK),2023-04-03,0,2,2
VPN,Classified (UK),2023-04-10,0,8,8
VPN,Classified (UK),2023-04-17,1,4,5
VPN,Classified (UK),2023-04-24,2,6,8
VPN,Classified (UK),2023-05-01,2,20,22
VPN,Classified (UK),2023-05-08,2,11,13
VPN,Classified (UK),2023-05-15,1,7,8
VPN,Classified (UK),2023-05-22,0,17,17
VPN,Classified (UK),2023-05-29,0,3,3
VPN,Classified (UK),2023-06-05,2,5,7
VPN,Classified (UK),2023-06-12,3,5,8
VPN,Classified (UK),2023-06-19,0,3,3
VPN,Classified (UK),2023-06-26,2,8,10
VPN,Classified (UK),2023-07-03,3,4,7
VPN,Classified (UK),2023-07-10,0,0,0
VPN,Classified (UK),2023-07-17,0,7,7
VPN,Classified (UK),2023-07-24,2,20,22
VPN,Classified (UK),2023-07-31,1,7,8
VPN,Classified (UK),2023-08-07,3,11,14
VPN,Classified (UK),2023-08-14,2,4,6
VPN,Classified (UK),2023-08-21,1,4,5
VPN,Classified (UK),2023-08-28,1,6,7
VPN,Classified (UK),2023-09-04,1,5,6
VPN,Classified (UK),2023-09-11,1,6,7
VPN,Classified (UK),2023-09-18,1,4,5
VPN,Classified (UK),2023-09-25,4,3,7
VPN,Classified (UK),2023-10-02,1,0,1
VPN,Classified (UK),2023-10-09,0,3,3
VPN,Classified (UK),2023-10-16,0,1,1
VPN,Classified (UK),2023-10-23,1,4,5
VPN,Classified (UK),2023-10-30,1,3,4
VPN,Classified (UK),2023-11-06,1,5,6
VPN,Classified (UK),2023-11-13,1,6,7
VPN,Classified (UK),2023-11-20,2,7,9
VPN,Classified (UK),2023-11-27,0,3,3
VPN,Classified (UK),2023-12-04,0,8,8
VPN,Classified (UK),2023-12-11,0,0,0
VPN,Classified (UK),2023-12-18,1,12,13
VPN,Classified (UK),2023-12-25,0,7,7
VPN,Classified (UK),2024-01-01,2,2,4
VPN,Classified (UK),2024-01-08,2,4,6
VPN,Classified (UK),2024-01-15,1,6,7
VPN,Classified (UK),2024-01-22,1,10,11
VPN,Classified (UK),2024-01-29,1,4,5
VPN,Classified (UK),2024-02-05,1,9,10
VPN,Classified (UK),2024-02-12,1,22,23
VPN,Classified (UK),2024-02-19,1,9,10
VPN,Classified (UK),2024-02-26,0,8,8
VPN,Classified (UK),2024-03-04,0,10,10
VPN,Classified (UK),2024-03-11,1,8,9
VPN,Classified (UK),2024-03-18,0,6,6
VPN,Classified (UK),2024-03-25,1,3,4
VPN,Classified (UK),2024-04-01,1,7,8
VPN,Classified (UK),2024-04-08,1,3,4
VPN,Classified (UK),2024-04-15,1,6,7
VPN,Classified (UK),2024-04-22,3,3,6
VPN,Classified (UK),2024-04-29,2,5,7
VPN,Classified (UK),2024-05-06,1,10,11
VPN,Classified (UK),2024-05-13,2,3,5
VPN,Classified (UK),2024-05-20,3,4,7
VPN,Classified (UK),2024-05-27,0,8,8
VPN,Classified (UK),2024-06-03,0,5,5
VPN,Classified (UK),2024-06-10,1,1,2
VPN,Classified (UK),2024-06-17,1,11,12
VPN,Classified (UK),2024-06-24,1,2,3
VPN,Classified (UK),2024-07-01,0,27,27
VPN,Classified (UK),2024-07-08,0,6,6
VPN,Classified (UK),2024-07-15,1,5,6
VPN,Classified (UK),2024-07-22,0,7,7
VPN,Classified (UK),2024-07-29,2,5,7
VPN,Classified (UK),2024-08-05,2,3,5
VPN,Classified (UK),2024-08-12,0,8,8
VPN,Classified (UK),2024-08-19,2,10,12
VPN,Classified (UK),2024-08-26,0,9,9
VPN,Classified (UK),2024-09-02,0,5,5
VPN,Classified (UK),2024-09-09,1,8,9
VPN,Classified (UK),2024-09-16,1,14,15
VPN,Classified (UK),2024-09-23,2,9,11
VPN,Classified (UK),2024-09-30,0,2,2
VPN,Classified (UK),2024-10-07,1,4,5
VPN,Classified (UK),2024-10-14,1,9,10
VPN,Classified (UK),2024-10-21,0,9,9
VPN,Classified (UK),2024-10-28,1,5,6
VPN,Classified (UK),2024-11-04,2,7,9
VPN,Classified (UK),2024-11-11,2,5,7
VPN,Classified (UK),2024-11-18,1,6,7
VPN,Classified (UK),2024-11-25,0,12,12
VPN,Classified (UK),2024-12-02,0,5,5
VPN,Classified (UK),2024-12-09,2,11,13
VPN,Classified (UK),2024-12-16,2,5,7
VPN,Classified (UK),2024-12-23,0,11,11
VPN,Classified (UK),2024-12-30,2,8,10
VPN,Classified (UK),2025-01-06,1,5,6
VPN,Classified (UK),2025-01-13,2,22,24
VPN,Classified (UK),2025-01-20,1,14,15
VPN,Classified (UK),2025-01-27,1,6,7
VPN,Classified (UK),2025-02-03,0,9,9
VPN,Classified (UK),2025-02-10,2,4,6
VPN,Classified (UK),2025-02-17,1,28,29
VPN,Classified (UK),2025-02-24,2,16,18
VPN,Classified (UK),2025-03-03,0,4,4
VPN,Classified (UK),2025-03-10,0,6,6
VPN,Classified (UK),2025-03-17,0,3,3
VPN,Classified (UK),2025-03-24,2,6,8
VPN,Classified (UK),2025-03-31,0,12,12
VPN,Classified (UK),2025-04-07,1,6,7
VPN,Classified (UK),2025-04-14,0,10,10
VPN,Classified (UK),2025-04-21,0,5,5
VPN,Classified (UK),2025-04-28,0,5,5
VPN,Classified (UK),2025-05-05,0,1,1
VPN,Classified (UK),2025-05-12,1,3,4
VPN,Classified (UK),2025-05-19,4,5,9
VPN,Classified (UK),2025-05-26,2,3,5
VPN,Classified (UK),2025-06-02,2,18,20
VPN,Classified (UK),2025-06-09,1,3,4
VPN,Classified (UK),2025-06-16,0,7,7
VPN,Classified (UK),2025-06-23,0,8,8
VPN,Classified (UK),2025-06-30,1,7,8
VPN,Classified (UK),2025-07-07,1,9,10
VPN,Classified (UK),2025-07-14,2,18,20
VPN,Classified (UK),2025-07-21,15,77,92
VPN,Classified (UK),2025-07-28,21,201,222
VPN,Classified (UK),2025-08-04,12,96,108
VPN,Classified (UK),2025-08-11,4,115,119
VPN,Classified (UK),2025-08-18,8,154,162
VPN,Classified (UK),2025-08-25,3,48,51
VPN,Classified (UK),2025-09-01,2,29,31
VPN,Classified (UK),2025-09-08,2,29,31
VPN,Classified (UK),2025-09-15,5,32,37
VPN,Classified (UK),2025-09-22,6,28,34
VPN,Classified (UK),2025-09-29,8,27,35
VPN,Classified (UK),2025-10-06,6,16,22
VPN,Classified (UK),2025-10-13,1,39,40
VPN,Classified (UK),2025-10-20,0,39,39
Politics,Unmatched (non-UK),2021-11-01,1944,56743,58687
Politics,Unmatched (non-UK),2021-11-08,1954,53738,55692
Politics,Unmatched (non-UK),2021-11-15,1886,56672,58558
Politics,Unmatched (non-UK),2021-11-22,1870,57876,59746
Politics,Unmatched (non-UK),2021-11-29,1883,56911,58794
Politics,Unmatched (non-UK),2021-12-06,2032,64348,66380
Politics,Unmatched (non-UK),2021-12-13,1945,58973,60918
Politics,Unmatched (non-UK),2021-12-20,1892,60225,62117
Politics,Unmatched (non-UK),2021-12-27,1926,57189,59115
Politics,Unmatched (non-UK),2022-01-03,2165,67387,69552
Politics,Unmatched (non-UK),2022-01-10,2248,60705,62953
Politics,Unmatched (non-UK),2022-01-17,2384,65894,68278
Politics,Unmatched (non-UK),2022-01-24,2338,70137,72475
Politics,Unmatched (non-UK),2022-01-31,2424,59284,61708
Politics,Unmatched (non-UK),2022-02-07,2231,57420,59651
Politics,Unmatched (non-UK),2022-02-14,2487,54340,56827
Politics,Unmatched (non-UK),2022-02-21,2247,50206,52453
Politics,Unmatched (non-UK),2022-02-28,2291,47377,49668
Politics,Unmatched (non-UK),2022-03-07,2056,51501,53557
Politics,Unmatched (non-UK),2022-03-14,2037,40563,42600
Politics,Unmatched (non-UK),2022-03-21,2006,43656,45662
Politics,Unmatched (non-UK),2022-03-28,2324,44108,46432
Politics,Unmatched (non-UK),2022-04-04,2122,49569,51691
Politics,Unmatched (non-UK),2022-04-11,2292,61374,63666
Politics,Unmatched (non-UK),2022-04-18,2314,50044,52358
Politics,Unmatched (non-UK),2022-04-25,2457,51378,53835
Politics,Unmatched (non-UK),2022-05-02,2259,56121,58380
Politics,Unmatched (non-UK),2022-05-09,2327,58227,60554
Politics,Unmatched (non-UK),2022-05-16,2361,53813,56174
Politics,Unmatched (non-UK),2022-05-23,2445,57964,60409
Politics,Unmatched (non-UK),2022-05-30,2147,52561,54708
Politics,Unmatched (non-UK),2022-06-06,2317,59675,61992
Politics,Unmatched (non-UK),2022-06-13,2359,53724,56083
Politics,Unmatched (non-UK),2022-06-20,2431,57776,60207
Politics,Unmatched (non-UK),2022-06-27,2474,59962,62436
Politics,Unmatched (non-UK),2022-07-04,2635,81739,84374
Politics,Unmatched (non-UK),2022-07-11,2480,76964,79444
Politics,Unmatched (non-UK),2022-07-18,2865,75915,78780
Politics,Unmatched (non-UK),2022-07-25,2440,75599,78039
Politics,Unmatched (non-UK),2022-08-01,2260,62058,64318
Politics,Unmatched (non-UK),2022-08-08,2323,71484,73807
Politics,Unmatched (non-UK),2022-08-15,2455,64575,67030
Politics,Unmatched (non-UK),2022-08-22,2543,68059,70602
Politics,Unmatched (non-UK),2022-08-29,2598,66248,68846
Politics,Unmatched (non-UK),2022-09-05,4801,78637,83438
Politics,Unmatched (non-UK),2022-09-12,3814,65162,68976
Politics,Unmatched (non-UK),2022-09-19,3070,63343,66413
Politics,Unmatched (non-UK),2022-09-26,2859,74787,77646
Politics,Unmatched (non-UK),2022-10-03,2335,61441,63776
Politics,Unmatched (non-UK),2022-10-10,2446,73581,76027
Politics,Unmatched (non-UK),2022-10-17,3022,91343,94365
Politics,Unmatched (non-UK),2022-10-24,2852,70156,73008
Politics,Unmatched (non-UK),2022-10-31,2530,74208,76738
Politics,Unmatched (non-UK),2022-11-07,2253,61518,63771
Politics,Unmatched (non-UK),2022-11-14,2387,60545,62932
Politics,Unmatched (non-UK),2022-11-21,2251,63187,65438
Politics,Unmatched (non-UK),2022-11-28,2353,60116,62469
Politics,Unmatched (non-UK),2022-12-05,2658,60813,63471
Politics,Unmatched (non-UK),2022-12-12,2781,60355,63136
Politics,Unmatched (non-UK),2022-12-19,3331,59131,62462
Politics,Unmatched (non-UK),2022-12-26,2085,57327,59412
Politics,Unmatched (non-UK),2023-01-02,2351,57703,60054
Politics,Unmatched (non-UK),2023-01-09,2460,58900,61360
Politics,Unmatched (non-UK),2023-01-16,2470,59138,61608
Politics,Unmatched (non-UK),2023-01-23,2421,55416,57837
Politics,Unmatched (non-UK),2023-01-30,2312,58415,60727
Politics,Unmatched (non-UK),2023-02-06,2250,50148,52398
Politics,Unmatched (non-UK),2023-02-13,2397,55439,57836
Politics,Unmatched (non-UK),2023-02-20,2406,58708,61114
Politics,Unmatched (non-UK),2023-02-27,2269,48961,51230
Politics,Unmatched (non-UK),2023-03-06,2398,51882,54280
Politics,Unmatched (non-UK),2023-03-13,2144,41938,44082
Politics,Unmatched (non-UK),2023-03-20,2379,58484,60863
Politics,Unmatched (non-UK),2023-03-27,2204,44940,47144
Politics,Unmatched (non-UK),2023-04-03,2010,41662,43672
Politics,Unmatched (non-UK),2023-04-10,2212,47610,49822
Politics,Unmatched (non-UK),2023-04-17,2060,43096,45156
Politics,Unmatched (non-UK),2023-04-24,2111,41382,43493
Politics,Unmatched (non-UK),2023-05-01,2274,44880,47154
Politics,Unmatched (non-UK),2023-05-08,2099,46371,48470
Politics,Unmatched (non-UK),2023-05-15,2138,41469,43607
Politics,Unmatched (non-UK),2023-05-22,1914,41488,43402
Politics,Unmatched (non-UK),2023-05-29,1905,42894,44799
Politics,Unmatched (non-UK),2023-06-05,2081,45774,47855
Politics,Unmatched (non-UK),2023-06-12,1635,36805,38440
Politics,Unmatched (non-UK),2023-06-19,2798,46649,49447
Politics,Unmatched (non-UK),2023-06-26,2752,43420,46172
Politics,Unmatched (non-UK),2023-07-03,2752,41549,44301
Politics,Unmatched (non-UK),2023-07-10,2903,48950,51853
Politics,Unmatched (non-UK),2023-07-17,2956,47165,50121
Politics,Unmatched (non-UK),2023-07-24,2810,42760,45570
Politics,Unmatched (non-UK),2023-07-31,2754,40514,43268
Politics,Unmatched (non-UK),2023-08-07,2808,44326,47134
Politics,Unmatched (non-UK),2023-08-14,2764,45418,48182
Politics,Unmatched (non-UK),2023-08-21,2919,37195,40114
Politics,Unmatched (non-UK),2023-08-28,2801,36719,39520
Politics,Unmatched (non-UK),2023-09-04,2916,41289,44205
Politics,Unmatched (non-UK),2023-09-11,2750,43593,46343
Politics,Unmatched (non-UK),2023-09-18,2754,48329,51083
Politics,Unmatched (non-UK),2023-09-25,2571,44089,46660
Politics,Unmatched (non-UK),2023-10-02,2715,48807,51522
Politics,Unmatched (non-UK),2023-10-09,2782,43535,46317
Politics,Unmatched (non-UK),2023-10-16,2740,43259,45999
Politics,Unmatched (non-UK),2023-10-23,2633,41980,44613
Politics,Unmatched (non-UK),2023-10-30,2605,40466,43071
Politics,Unmatched (non-UK),2023-11-06,2569,39414,41983
Politics,Unmatched (non-UK),2023-11-13,2775,44061,46836
Politics,Unmatched (non-UK),2023-11-20,2602,39953,42555
Politics,Unmatched (non-UK),2023-11-27,2540,37493,40033
Politics,Unmatched (non-UK),2023-12-04,2624,40998,43622
Politics,Unmatched (non-UK),2023-12-11,2506,36499,39005
Politics,Unmatched (non-UK),2023-12-18,2380,36456,38836
Politics,Unmatched (non-UK),2023-12-25,2339,36638,38977
Politics,Unmatched (non-UK),2024-01-01,2914,39891,42805
Politics,Unmatched (non-UK),2024-01-08,2981,42919,45900
Politics,Unmatched (non-UK),2024-01-15,3056,41788,44844
Politics,Unmatched (non-UK),2024-01-22,3110,41758,44868
Politics,Unmatched (non-UK),2024-01-29,3035,42236,45271
Politics,Unmatched (non-UK),2024-02-05,2957,39940,42897
Politics,Unmatched (non-UK),2024-02-12,2881,39474,42355
Politics,Unmatched (non-UK),2024-02-19,3056,44286,47342
Politics,Unmatched (non-UK),2024-02-26,2995,43723,46718
Politics,Unmatched (non-UK),2024-03-04,2793,41418,44211
Politics,Unmatched (non-UK),2024-03-11,2861,42233,45094
Politics,Unmatched (non-UK),2024-03-18,2935,41779,44714
Politics,Unmatched (non-UK),2024-03-25,2975,43109,46084
Politics,Unmatched (non-UK),2024-04-01,2801,41739,44540
Politics,Unmatched (non-UK),2024-04-08,2866,39168,42034
Politics,Unmatched (non-UK),2024-04-15,2902,41199,44101
Politics,Unmatched (non-UK),2024-04-22,2851,41371,44222
Politics,Unmatched (non-UK),2024-04-29,2760,43809,46569
Politics,Unmatched (non-UK),2024-05-06,3023,40816,43839
Politics,Unmatched (non-UK),2024-05-13,2892,38751,41643
Politics,Unmatched (non-UK),2024-05-20,2976,49010,51986
Politics,Unmatched (non-UK),2024-05-27,3086,49810,52896
Politics,Unmatched (non-UK),2024-06-03,2989,51214,54203
Politics,Unmatched (non-UK),2024-06-10,2931,48203,51134
Politics,Unmatched (non-UK),2024-06-17,2820,45529,48349
Politics,Unmatched (non-UK),2024-06-24,2977,47210,50187
Politics,Unmatched (non-UK),2024-07-01,3424,70670,74094
Politics,Unmatched (non-UK),2024-07-08,2766,45182,47948
Politics,Unmatched (non-UK),2024-07-15,2897,41152,44049
Politics,Unmatched (non-UK),2024-07-22,2929,39660,42589
Politics,Unmatched (non-UK),2024-07-29,3186,45340,48526
Politics,Unmatched (non-UK),2024-08-05,3388,45107,48495
Politics,Unmatched (non-UK),2024-08-12,3202,39140,42342
Politics,Unmatched (non-UK),2024-08-19,3036,36131,39167
Politics,Unmatched (non-UK),2024-08-26,3017,37775,40792
Politics,Unmatched (non-UK),2024-09-02,2946,37248,40194
Politics,Unmatched (non-UK),2024-09-09,3032,38082,41114
Politics,Unmatched (non-UK),2024-09-16,2992,38205,41197
Politics,Unmatched (non-UK),2024-09-23,2813,38134,40947
Politics,Unmatched (non-UK),2024-09-30,2732,36118,38850
Politics,Unmatched (non-UK),2024-10-07,2799,37335,40134
Politics,Unmatched (non-UK),2024-10-14,2724,35362,38086
Politics,Unmatched (non-UK),2024-10-21,2803,37131,39934
Politics,Unmatched (non-UK),2024-10-28,2888,37049,39937
Politics,Unmatched (non-UK),2024-11-04,3361,44604,47965
Politics,Unmatched (non-UK),2024-11-11,2859,34888,37747
Politics,Unmatched (non-UK),2024-11-18,2841,39801,42642
Politics,Unmatched (non-UK),2024-11-25,2880,39643,42523
Politics,Unmatched (non-UK),2024-12-02,2715,37482,40197
Politics,Unmatched (non-UK),2024-12-09,2470,37506,39976
Politics,Unmatched (non-UK),2024-12-16,2602,35416,38018
Politics,Unmatched (non-UK),2024-12-23,2301,34379,36680
Politics,Unmatched (non-UK),2024-12-30,2680,36692,39372
Politics,Unmatched (non-UK),2025-01-06,3059,43955,47014
Politics,Unmatched (non-UK),2025-01-13,2892,41213,44105
Politics,Unmatched (non-UK),2025-01-20,3128,42680,45808
Politics,Unmatched (non-UK),2025-01-27,3066,44546,47612
Politics,Unmatched (non-UK),2025-02-03,3089,43613,46702
Politics,Unmatched (non-UK),2025-02-10,2950,45011,47961
Politics,Unmatched (non-UK),2025-02-17,3041,46225,49266
Politics,Unmatched (non-UK),2025-02-24,3076,43370,46446
Politics,Unmatched (non-UK),2025-03-03,3208,49913,53121
Politics,Unmatched (non-UK),2025-03-10,3041,43055,46096
Politics,Unmatched (non-UK),2025-03-17,3284,45725,49009
Politics,Unmatched (non-UK),2025-03-24,3129,42111,45240
Politics,Unmatched (non-UK),2025-03-31,3090,42077,45167
Politics,Unmatched (non-UK),2025-04-07,3202,38255,41457
Politics,Unmatched (non-UK),2025-04-14,3090,43899,46989
Politics,Unmatched (non-UK),2025-04-21,3061,41235,44296
Politics,Unmatched (non-UK),2025-04-28,3287,47240,50527
Politics,Unmatched (non-UK),2025-05-05,2939,41867,44806
Politics,Unmatched (non-UK),2025-05-12,2915,44275,47190
Politics,Unmatched (non-UK),2025-05-19,2860,45281,48141
Politics,Unmatched (non-UK),2025-05-26,2810,43344,46154
Politics,Unmatched (non-UK),2025-06-02,2877,40780,43657
Politics,Unmatched (non-UK),2025-06-09,3037,46620,49657
Politics,Unmatched (non-UK),2025-06-16,2955,46186,49141
Politics,Unmatched (non-UK),2025-06-23,3118,46301,49419
Politics,Unmatched (non-UK),2025-06-30,3020,48351,51371
Politics,Unmatched (non-UK),2025-07-07,3147,46700,49847
Politics,Unmatched (non-UK),2025-07-14,3106,48949,52055
Politics,Unmatched (non-UK),2025-07-21,3330,49619,52949
Politics,Unmatched (non-UK),2025-07-28,3321,50938,54259
Politics,Unmatched (non-UK),2025-08-04,3050,42387,45437
Politics,Unmatched (non-UK),2025-08-11,3071,43646,46717
Politics,Unmatched (non-UK),2025-08-18,2868,43007,45875
Politics,Unmatched (non-UK),2025-08-25,3132,48156,51288
Politics,Unmatched (non-UK),2025-09-01,3376,47854,51230
Politics,Unmatched (non-UK),2025-09-08,3175,46875,50050
Politics,Unmatched (non-UK),2025-09-15,3353,50494,53847
Politics,Unmatched (non-UK),2025-09-22,3089,51259,54348
Politics,Unmatched (non-UK),2025-09-29,3517,51440,54957
Politics,Unmatched (non-UK),2025-10-06,2914,44074,46988
Politics,Unmatched (non-UK),2025-10-13,2852,45382,48234
Politics,Unmatched (non-UK),2025-10-20,2778,42537,45315
Politics,Unmatched,2021-11-01,5437,231218,236655
Politics,Unmatched,2021-11-08,5597,219525,225122
Politics,Unmatched,2021-11-15,5483,231202,236685
Politics,Unmatched,2021-11-22,5686,241026,246712
Politics,Unmatched,2021-11-29,5532,240519,246051
Politics,Unmatched,2021-12-06,6003,265817,271820
Politics,Unmatched,2021-12-13,5904,256596,262500
Politics,Unmatched,2021-12-20,5995,251998,257993
Politics,Unmatched,2021-12-27,5420,245136,250556
Politics,Unmatched,2022-01-03,6018,283626,289644
Politics,Unmatched,2022-01-10,6625,261376,268001
Politics,Unmatched,2022-01-17,6815,278058,284873
Politics,Unmatched,2022-01-24,6500,268812,275312
Politics,Unmatched,2022-01-31,6624,258166,264790
Politics,Unmatched,2022-02-07,6220,247458,253678
Politics,Unmatched,2022-02-14,6610,240502,247112
Politics,Unmatched,2022-02-21,6103,220642,226745
Politics,Unmatched,2022-02-28,6102,202816,208918
Politics,Unmatched,2022-03-07,5885,208401,214286
Politics,Unmatched,2022-03-14,5581,188491,194072
Politics,Unmatched,2022-03-21,5642,200010,205652
Politics,Unmatched,2022-03-28,6178,200580,206758
Politics,Unmatched,2022-04-04,5892,222960,228852
Politics,Unmatched,2022-04-11,6247,259913,266160
Politics,Unmatched,2022-04-18,5918,220235,226153
Politics,Unmatched,2022-04-25,6395,224689,231084
Politics,Unmatched,2022-05-02,6495,238702,245197
Politics,Unmatched,2022-05-09,6438,242558,248996
Politics,Unmatched,2022-05-16,6435,232382,238817
Politics,Unmatched,2022-05-23,6753,242003,248756
Politics,Unmatched,2022-05-30,6179,228262,234441
Politics,Unmatched,2022-06-06,6569,252609,259178
Politics,Unmatched,2022-06-13,6810,240712,247522
Politics,Unmatched,2022-06-20,6855,248229,255084
Politics,Unmatched,2022-06-27,6757,270176,276933
Politics,Unmatched,2022-07-04,7509,343112,350621
Politics,Unmatched,2022-07-11,7381,331108,338489
Politics,Unmatched,2022-07-18,7874,315023,322897
Politics,Unmatched,2022-07-25,7255,310196,317451
Politics,Unmatched,2022-08-01,6522,273614,280136
Politics,Unmatched,2022-08-08,6974,307485,314459
Politics,Unmatched,2022-08-15,7002,293711,300713
Politics,Unmatched,2022-08-22,7155,302208,309363
Politics,Unmatched,2022-08-29,7133,306548,313681
Politics,Unmatched,2022-09-05,10575,349503,360078
Politics,Unmatched,2022-09-12,8556,304569,313125
Politics,Unmatched,2022-09-19,7595,295828,303423
Politics,Unmatched,2022-09-26,8101,342026,350127
Politics,Unmatched,2022-10-03,6933,289378,296311
Politics,Unmatched,2022-10-10,7354,329612,336966
Politics,Unmatched,2022-10-17,8643,388193,396836
Politics,Unmatched,2022-10-24,7645,323497,331142
Politics,Unmatched,2022-10-31,7222,325192,332414
Politics,Unmatched,2022-11-07,6402,295608,302010
Politics,Unmatched,2022-11-14,6542,283124,289666
Politics,Unmatched,2022-11-21,6465,294574,301039
Politics,Unmatched,2022-11-28,6516,294396,300912
Politics,Unmatched,2022-12-05,7130,290064,297194
Politics,Unmatched,2022-12-12,7401,290081,297482
Politics,Unmatched,2022-12-19,7994,294659,302653
Politics,Unmatched,2022-12-26,5823,267118,272941
Politics,Unmatched,2023-01-02,6292,285501,291793
Politics,Unmatched,2023-01-09,6585,291161,297746
Politics,Unmatched,2023-01-16,6852,292986,299838
Politics,Unmatched,2023-01-23,6844,283880,290724
Politics,Unmatched,2023-01-30,6614,281806,288420
Politics,Unmatched,2023-02-06,6185,252348,258533
Politics,Unmatched,2023-02-13,6555,272778,279333
Politics,Unmatched,2023-02-20,6498,276265,282763
Politics,Unmatched,2023-02-27,6175,239932,246107
Politics,Unmatched,2023-03-06,6305,254592,260897
Politics,Unmatched,2023-03-13,5863,219217,225080
Politics,Unmatched,2023-03-20,6228,246883,253111
Politics,Unmatched,2023-03-27,5832,219732,225564
Politics,Unmatched,2023-04-03,5388,207523,212911
Politics,Unmatched,2023-04-10,5571,219644,225215
Politics,Unmatched,2023-04-17,5870,216784,222654
Politics,Unmatched,2023-04-24,5750,209123,214873
Politics,Unmatched,2023-05-01,6272,223839,230111
Politics,Unmatched,2023-05-08,5611,221385,226996
Politics,Unmatched,2023-05-15,5932,226225,232157
Politics,Unmatched,2023-05-22,5483,220790,226273
Politics,Unmatched,2023-05-29,5451,217387,222838
Politics,Unmatched,2023-06-05,5781,235405,241186
Politics,Unmatched,2023-06-12,4653,195002,199655
Politics,Unmatched,2023-06-19,7443,241774,249217
Politics,Unmatched,2023-06-26,7474,228085,235559
Politics,Unmatched,2023-07-03,7568,226495,234063
Politics,Unmatched,2023-07-10,7959,256083,264042
Politics,Unmatched,2023-07-17,7818,250622,258440
Politics,Unmatched,2023-07-24,7682,227220,234902
Politics,Unmatched,2023-07-31,7264,218240,225504
Politics,Unmatched,2023-08-07,7451,236815,244266
Politics,Unmatched,2023-08-14,7201,235519,242720
Politics,Unmatched,2023-08-21,7391,206222,213613
Politics,Unmatched,2023-08-28,7169,207008,214177
Politics,Unmatched,2023-09-04,7781,231587,239368
Politics,Unmatched,2023-09-11,7291,248430,255721
Politics,Unmatched,2023-09-18,7226,263008,270234
Politics,Unmatched,2023-09-25,6979,246173,253152
Politics,Unmatched,2023-10-02,7295,263361,270656
Politics,Unmatched,2023-10-09,7395,233876,241271
Politics,Unmatched,2023-10-16,7134,232943,240077
Politics,Unmatched,2023-10-23,7109,237446,244555
Politics,Unmatched,2023-10-30,6908,224206,231114
Politics,Unmatched,2023-11-06,6796,227045,233841
Politics,Unmatched,2023-11-13,7359,238458,245817
Politics,Unmatched,2023-11-20,6776,225481,232257
Politics,Unmatched,2023-11-27,6767,209407,216174
Politics,Unmatched,2023-12-04,6954,222902,229856
Politics,Unmatched,2023-12-11,6453,203176,209629
Politics,Unmatched,2023-12-18,6573,214419,220992
Politics,Unmatched,2023-12-25,5958,196699,202657
Politics,Unmatched,2024-01-01,7217,228187,235404
Politics,Unmatched,2024-01-08,7420,250343,257763
Politics,Unmatched,2024-01-15,7684,235330,243014
Politics,Unmatched,2024-01-22,7650,241180,248830
Politics,Unmatched,2024-01-29,7656,244371,252027
Politics,Unmatched,2024-02-05,7389,232899,240288
Politics,Unmatched,2024-02-12,7329,231660,238989
Politics,Unmatched,2024-02-19,7599,244627,252226
Politics,Unmatched,2024-02-26,7511,237293,244804
Politics,Unmatched,2024-03-04,6876,218144,225020
Politics,Unmatched,2024-03-11,7178,225745,232923
Politics,Unmatched,2024-03-18,7333,232038,239371
Politics,Unmatched,2024-03-25,7205,224892,232097
Politics,Unmatched,2024-04-01,7031,233300,240331
Politics,Unmatched,2024-04-08,7218,225663,232881
Politics,Unmatched,2024-04-15,7102,229405,236507
Politics,Unmatched,2024-04-22,7163,229186,236349
Politics,Unmatched,2024-04-29,7083,246708,253791
Politics,Unmatched,2024-05-06,7304,225131,232435
Politics,Unmatched,2024-05-13,6778,219279,226057
Politics,Unmatched,2024-05-20,7390,263205,270595
Politics,Unmatched,2024-05-27,7399,255541,262940
Politics,Unmatched,2024-06-03,7248,265466,272714
Politics,Unmatched,2024-06-10,7153,250350,257503
Politics,Unmatched,2024-06-17,7133,247892,255025
Politics,Unmatched,2024-06-24,7468,257946,265414
Politics,Unmatched,2024-07-01,8658,346218,354876
Politics,Unmatched,2024-07-08,6968,257962,264930
Politics,Unmatched,2024-07-15,6880,235447,242327
Politics,Unmatched,2024-07-22,6707,221173,227880
Politics,Unmatched,2024-07-29,7511,244715,252226
Politics,Unmatched,2024-08-05,7742,237809,245551
Politics,Unmatched,2024-08-12,7053,212771,219824
Politics,Unmatched,2024-08-19,6778,207755,214533
Politics,Unmatched,2024-08-26,6811,214687,221498
Politics,Unmatched,2024-09-02,6893,215553,222446
Politics,Unmatched,2024-09-09,6707,219572,226279
Politics,Unmatched,2024-09-16,6695,213886,220581
Politics,Unmatched,2024-09-23,6721,216390,223111
Politics,Unmatched,2024-09-30,6462,209453,215915
Politics,Unmatched,2024-10-07,6881,206931,213812
Politics,Unmatched,2024-10-14,6524,212636,219160
Politics,Unmatched,2024-10-21,6739,218803,225542
Politics,Unmatched,2024-10-28,6795,216879,223674
Politics,Unmatched,2024-11-04,7169,225500,232669
Politics,Unmatched,2024-11-11,6594,206464,213058
Politics,Unmatched,2024-11-18,6798,225082,231880
Politics,Unmatched,2024-11-25,6976,235315,242291
Politics,Unmatched,2024-12-02,6648,214033,220681
Politics,Unmatched,2024-12-09,6290,215516,221806
Politics,Unmatched,2024-12-16,6415,211850,218265
Politics,Unmatched,2024-12-23,5725,201143,206868
Politics,Unmatched,2024-12-30,6470,212043,218513
Politics,Unmatched,2025-01-06,7497,244565,252062
Politics,Unmatched,2025-01-13,7013,239379,246392
Politics,Unmatched,2025-01-20,7559,245179,252738
Politics,Unmatched,2025-01-27,6956,258682,265638
Politics,Unmatched,2025-02-03,7013,245579,252592
Politics,Unmatched,2025-02-10,6987,249662,256649
Politics,Unmatched,2025-02-17,6956,252747,259703
Politics,Unmatched,2025-02-24,6992,237205,244197
Politics,Unmatched,2025-03-03,7428,247082,254510
Politics,Unmatched,2025-03-10,7083,232888,239971
Politics,Unmatched,2025-03-17,7484,253875,261359
Politics,Unmatched,2025-03-24,7270,238201,245471
Politics,Unmatched,2025-03-31,6887,219897,226784
Politics,Unmatched,2025-04-07,6956,215163,222119
Politics,Unmatched,2025-04-14,6809,231911,238720
Politics,Unmatched,2025-04-21,6765,223624,230389
Politics,Unmatched,2025-04-28,7324,250401,257725
Politics,Unmatched,2025-05-05,6872,230014,236886
Politics,Unmatched,2025-05-12,6805,235469,242274
Politics,Unmatched,2025-05-19,6744,235886,242630
Politics,Unmatched,2025-05-26,6464,229708,236172
Politics,Unmatched,2025-06-02,6668,226386,233054
Politics,Unmatched,2025-06-09,7026,243719,250745
Politics,Unmatched,2025-06-16,6960,245615,252575
Politics,Unmatched,2025-06-23,7060,248693,255753
Politics,Unmatched,2025-06-30,7188,264400,271588
Politics,Unmatched,2025-07-07,7231,252542,259773
Politics,Unmatched,2025-07-14,7095,252418,259513
Politics,Unmatched,2025-07-21,7447,249562,257009
Politics,Unmatched,2025-07-28,7354,255749,263103
Politics,Unmatched,2025-08-04,6734,219942,226676
Politics,Unmatched,2025-08-11,6836,220304,227140
Politics,Unmatched,2025-08-18,6528,212793,219321
Politics,Unmatched,2025-08-25,6930,226026,232956
Politics,Unmatched,2025-09-01,7712,237083,244795
Politics,Unmatched,2025-09-08,7163,216632,223795
Politics,Unmatched,2025-09-15,7385,230314,237699
Politics,Unmatched,2025-09-22,7125,241550,248675
Politics,Unmatched,2025-09-29,7691,245928,253619
Politics,Unmatched,2025-10-06,6828,215801,222629
Politics,Unmatched,2025-10-13,6693,214249,220942
Politics,Unmatched,2025-10-20,6737,204070,210807
Politics,Unmatched (UK),2021-11-01,3493,174475,177968
Politics,Unmatched (UK),2021-11-08,3643,165787,169430
Politics,Unmatched (UK),2021-11-15,3597,174530,178127
Politics,Unmatched (UK),2021-11-22,3816,183150,186966
Politics,Unmatched (UK),2021-11-29,3649,183608,187257
Politics,Unmatched (UK),2021-12-06,3971,201469,205440
Politics,Unmatched (UK),2021-12-13,3959,197623,201582
Politics,Unmatched (UK),2021-12-20,4103,191773,195876
Politics,Unmatched (UK),2021-12-27,3494,187947,191441
Politics,Unmatched (UK),2022-01-03,3853,216239,220092
Politics,Unmatched (UK),2022-01-10,4377,200671,205048
Politics,Unmatched (UK),2022-01-17,4431,212164,216595
Politics,Unmatched (UK),2022-01-24,4162,198675,202837
Politics,Unmatched (UK),2022-01-31,4200,198882,203082
Politics,Unmatched (UK),2022-02-07,3989,190038,194027
Politics,Unmatched (UK),2022-02-14,4123,186162,190285
Politics,Unmatched (UK),2022-02-21,3856,170436,174292
Politics,Unmatched (UK),2022-02-28,3811,155439,159250
Politics,Unmatched (UK),2022-03-07,3829,156900,160729
Politics,Unmatched (UK),2022-03-14,3544,147928,151472
Politics,Unmatched (UK),2022-03-21,3636,156354,159990
Politics,Unmatched (UK),2022-03-28,3854,156472,160326
Politics,Unmatched (UK),2022-04-04,3770,173391,177161
Politics,Unmatched (UK),2022-04-11,3955,198539,202494
Politics,Unmatched (UK),2022-04-18,3604,170191,173795
Politics,Unmatched (UK),2022-04-25,3938,173311,177249
Politics,Unmatched (UK),2022-05-02,4236,182581,186817
Politics,Unmatched (UK),2022-05-09,4111,184331,188442
Politics,Unmatched (UK),2022-05-16,4074,178569,182643
Politics,Unmatched (UK),2022-05-23,4308,184039,188347
Politics,Unmatched (UK),2022-05-30,4032,175701,179733
Politics,Unmatched (UK),2022-06-06,4252,192934,197186
Politics,Unmatched (UK),2022-06-13,4451,186988,191439
Politics,Unmatched (UK),2022-06-20,4424,190453,194877
Politics,Unmatched (UK),2022-06-27,4283,210214,214497
Politics,Unmatched (UK),2022-07-04,4874,261373,266247
Politics,Unmatched (UK),2022-07-11,4901,254144,259045
Politics,Unmatched (UK),2022-07-18,5009,239108,244117
Politics,Unmatched (UK),2022-07-25,4815,234597,239412
Politics,Unmatched (UK),2022-08-01,4262,211556,215818
Politics,Unmatched (UK),2022-08-08,4651,236001,240652
Politics,Unmatched (UK),2022-08-15,4547,229136,233683
Politics,Unmatched (UK),2022-08-22,4612,234149,238761
Politics,Unmatched (UK),2022-08-29,4535,240300,244835
Politics,Unmatched (UK),2022-09-05,5774,270866,276640
Politics,Unmatched (UK),2022-09-12,4742,239407,244149
Politics,Unmatched (UK),2022-09-19,4525,232485,237010
Politics,Unmatched (UK),2022-09-26,5242,267239,272481
Politics,Unmatched (UK),2022-10-03,4598,227937,232535
Politics,Unmatched (UK),2022-10-10,4908,256031,260939
Politics,Unmatched (UK),2022-10-17,5621,296850,302471
Politics,Unmatched (UK),2022-10-24,4793,253341,258134
Politics,Unmatched (UK),2022-10-31,4692,250984,255676
Politics,Unmatched (UK),2022-11-07,4149,234090,238239
Politics,Unmatched (UK),2022-11-14,4155,222579,226734
Politics,Unmatched (UK),2022-11-21,4214,231387,235601
Politics,Unmatched (UK),2022-11-28,4163,234280,238443
Politics,Unmatched (UK),2022-12-05,4472,229251,233723
Politics,Unmatched (UK),2022-12-12,4620,229726,234346
Politics,Unmatched (UK),2022-12-19,4663,235528,240191
Politics,Unmatched (UK),2022-12-26,3738,209791,213529
Politics,Unmatched (UK),2023-01-02,3941,227798,231739
Politics,Unmatched (UK),2023-01-09,4125,232261,236386
Politics,Unmatched (UK),2023-01-16,4382,233848,238230
Politics,Unmatched (UK),2023-01-23,4423,228464,232887
Politics,Unmatched (UK),2023-01-30,4302,223391,227693
Politics,Unmatched (UK),2023-02-06,3935,202200,206135
Politics,Unmatched (UK),2023-02-13,4158,217339,221497
Politics,Unmatched (UK),2023-02-20,4092,217557,221649
Politics,Unmatched (UK),2023-02-27,3906,190971,194877
Politics,Unmatched (UK),2023-03-06,3907,202710,206617
Politics,Unmatched (UK),2023-03-13,3719,177279,180998
Politics,Unmatched (UK),2023-03-20,3849,188399,192248
Politics,Unmatched (UK),2023-03-27,3628,174792,178420
Politics,Unmatched (UK),2023-04-03,3378,165861,169239
Politics,Unmatched (UK),2023-04-10,3359,172034,175393
Politics,Unmatched (UK),2023-04-17,3810,173688,177498
Politics,Unmatched (UK),2023-04-24,3639,167741,171380
Politics,Unmatched (UK),2023-05-01,3998,178959,182957
Politics,Unmatched (UK),2023-05-08,3512,175014,178526
Politics,Unmatched (UK),2023-05-15,3794,184756,188550
Politics,Unmatched (UK),2023-05-22,3569,179302,182871
Politics,Unmatched (UK),2023-05-29,3546,174493,178039
Politics,Unmatched (UK),2023-06-05,3700,189631,193331
Politics,Unmatched (UK),2023-06-12,3018,158197,161215
Politics,Unmatched (UK),2023-06-19,4645,195125,199770
Politics,Unmatched (UK),2023-06-26,4722,184665,189387
Politics,Unmatched (UK),2023-07-03,4816,184946,189762
Politics,Unmatched (UK),2023-07-10,5056,207133,212189
Politics,Unmatched (UK),2023-07-17,4862,203457,208319
Politics,Unmatched (UK),2023-07-24,4872,184460,189332
Politics,Unmatched (UK),2023-07-31,4510,177726,182236
Politics,Unmatched (UK),2023-08-07,4643,192489,197132
Politics,Unmatched (UK),2023-08-14,4437,190101,194538
Politics,Unmatched (UK),2023-08-21,4472,169027,173499
Politics,Unmatched (UK),2023-08-28,4368,170289,174657
Politics,Unmatched (UK),2023-09-04,4865,190298,195163
Politics,Unmatched (UK),2023-09-11,4541,204837,209378
Politics,Unmatched (UK),2023-09-18,4472,214679,219151
Politics,Unmatched (UK),2023-09-25,4408,202084,206492
Politics,Unmatched (UK),2023-10-02,4580,214554,219134
Politics,Unmatched (UK),2023-10-09,4613,190341,194954
Politics,Unmatched (UK),2023-10-16,4394,189684,194078
Politics,Unmatched (UK),2023-10-23,4476,195466,199942
Politics,Unmatched (UK),2023-10-30,4303,183740,188043
Politics,Unmatched (UK),2023-11-06,4227,187631,191858
Politics,Unmatched (UK),2023-11-13,4584,194397,198981
Politics,Unmatched (UK),2023-11-20,4174,185528,189702
Politics,Unmatched (UK),2023-11-27,4227,171914,176141
Politics,Unmatched (UK),2023-12-04,4330,181904,186234
Politics,Unmatched (UK),2023-12-11,3947,166677,170624
Politics,Unmatched (UK),2023-12-18,4193,177963,182156
Politics,Unmatched (UK),2023-12-25,3619,160061,163680
Politics,Unmatched (UK),2024-01-01,4303,188296,192599
Politics,Unmatched (UK),2024-01-08,4439,207424,211863
Politics,Unmatched (UK),2024-01-15,4628,193542,198170
Politics,Unmatched (UK),2024-01-22,4540,199422,203962
Politics,Unmatched (UK),2024-01-29,4621,202135,206756
Politics,Unmatched (UK),2024-02-05,4432,192959,197391
Politics,Unmatched (UK),2024-02-12,4448,192186,196634
Politics,Unmatched (UK),2024-02-19,4543,200341,204884
Politics,Unmatched (UK),2024-02-26,4516,193570,198086
Politics,Unmatched (UK),2024-03-04,4083,176726,180809
Politics,Unmatched (UK),2024-03-11,4317,183512,187829
Politics,Unmatched (UK),2024-03-18,4398,190259,194657
Politics,Unmatched (UK),2024-03-25,4230,181783,186013
Politics,Unmatched (UK),2024-04-01,4230,191561,195791
Politics,Unmatched (UK),2024-04-08,4352,186495,190847
Politics,Unmatched (UK),2024-04-15,4200,188206,192406
Politics,Unmatched (UK),2024-04-22,4312,187815,192127
Politics,Unmatched (UK),2024-04-29,4323,202899,207222
Politics,Unmatched (UK),2024-05-06,4281,184315,188596
Politics,Unmatched (UK),2024-05-13,3886,180528,184414
Politics,Unmatched (UK),2024-05-20,4414,214195,218609
Politics,Unmatched (UK),2024-05-27,4313,205731,210044
Politics,Unmatched (UK),2024-06-03,4259,214252,218511
Politics,Unmatched (UK),2024-06-10,4222,202147,206369
Politics,Unmatched (UK),2024-06-17,4313,202363,206676
Politics,Unmatched (UK),2024-06-24,4491,210736,215227
Politics,Unmatched (UK),2024-07-01,5234,275548,280782
Politics,Unmatched (UK),2024-07-08,4202,212780,216982
Politics,Unmatched (UK),2024-07-15,3983,194295,198278
Politics,Unmatched (UK),2024-07-22,3778,181513,185291
Politics,Unmatched (UK),2024-07-29,4325,199375,203700
Politics,Unmatched (UK),2024-08-05,4354,192702,197056
Politics,Unmatched (UK),2024-08-12,3851,173631,177482
Politics,Unmatched (UK),2024-08-19,3742,171624,175366
Politics,Unmatched (UK),2024-08-26,3794,176912,180706
Politics,Unmatched (UK),2024-09-02,3947,178305,182252
Politics,Unmatched (UK),2024-09-09,3675,181490,185165
Politics,Unmatched (UK),2024-09-16,3703,175681,179384
Politics,Unmatched (UK),2024-09-23,3908,178256,182164
Politics,Unmatched (UK),2024-09-30,3730,173335,177065
Politics,Unmatched (UK),2024-10-07,4082,169596,173678
Politics,Unmatched (UK),2024-10-14,3800,177274,181074
Politics,Unmatched (UK),2024-10-21,3936,181672,185608
Politics,Unmatched (UK),2024-10-28,3907,179830,183737
Politics,Unmatched (UK),2024-11-04,3808,180896,184704
Politics,Unmatched (UK),2024-11-11,3735,171576,175311
Politics,Unmatched (UK),2024-11-18,3957,185281,189238
Politics,Unmatched (UK),2024-11-25,4096,195672,199768
Politics,Unmatched (UK),2024-12-02,3933,176551,180484
Politics,Unmatched (UK),2024-12-09,3820,178010,181830
Politics,Unmatched (UK),2024-12-16,3813,176434,180247
Politics,Unmatched (UK),2024-12-23,3424,166764,170188
Politics,Unmatched (UK),2024-12-30,3790,175351,179141
Politics,Unmatched (UK),2025-01-06,4438,200610,205048
Politics,Unmatched (UK),2025-01-13,4121,198166,202287
Politics,Unmatched (UK),2025-01-20,4431,202499,206930
Politics,Unmatched (UK),2025-01-27,3890,214136,218026
Politics,Unmatched (UK),2025-02-03,3924,201966,205890
Politics,Unmatched (UK),2025-02-10,4037,204651,208688
Politics,Unmatched (UK),2025-02-17,3915,206522,210437
Politics,Unmatched (UK),2025-02-24,3916,193835,197751
Politics,Unmatched (UK),2025-03-03,4220,197169,201389
Politics,Unmatched (UK),2025-03-10,4042,189833,193875
Politics,Unmatched (UK),2025-03-17,4200,208150,212350
Politics,Unmatched (UK),2025-03-24,4141,196090,200231
Politics,Unmatched (UK),2025-03-31,3797,177820,181617
Politics,Unmatched (UK),2025-04-07,3754,176908,180662
Politics,Unmatched (UK),2025-04-14,3719,188012,191731
Politics,Unmatched (UK),2025-04-21,3704,182389,186093
Politics,Unmatched (UK),2025-04-28,4037,203161,207198
Politics,Unmatched (UK),2025-05-05,3933,188147,192080
Politics,Unmatched (UK),2025-05-12,3890,191194,195084
Politics,Unmatched (UK),2025-05-19,3884,190605,194489
Politics,Unmatched (UK),2025-05-26,3654,186364,190018
Politics,Unmatched (UK),2025-06-02,3791,185606,189397
Politics,Unmatched (UK),2025-06-09,3989,197099,201088
Politics,Unmatched (UK),2025-06-16,4005,199429,203434
Politics,Unmatched (UK),2025-06-23,3942,202392,206334
Politics,Unmatched (UK),2025-06-30,4168,216049,220217
Politics,Unmatched (UK),2025-07-07,4084,205842,209926
Politics,Unmatched (UK),2025-07-14,3989,203469,207458
Politics,Unmatched (UK),2025-07-21,4117,199943,204060
Politics,Unmatched (UK),2025-07-28,4033,204811,208844
Politics,Unmatched (UK),2025-08-04,3684,177555,181239
Politics,Unmatched (UK),2025-08-11,3765,176658,180423
Politics,Unmatched (UK),2025-08-18,3660,169786,173446
Politics,Unmatched (UK),2025-08-25,3798,177870,181668
Politics,Unmatched (UK),2025-09-01,4336,189229,193565
Politics,Unmatched (UK),2025-09-08,3988,169757,173745
Politics,Unmatched (UK),2025-09-15,4032,179820,183852
Politics,Unmatched (UK),2025-09-22,4036,190291,194327
Politics,Unmatched (UK),2025-09-29,4174,194488,198662
Politics,Unmatched (UK),2025-10-06,3914,171727,175641
Politics,Unmatched (UK),2025-10-13,3841,168867,172708
Politics,Unmatched (UK),2025-10-20,3959,161533,165492
Politics,Raw,2021-11-01,5479,232912,238391
Politics,Raw,2021-11-08,5647,221163,226810
Politics,Raw,2021-11-15,5551,233133,238684
Politics,Raw,2021-11-22,5754,242878,248632
Politics,Raw,2021-11-29,5595,242618,248213
Politics,Raw,2021-12-06,6056,267651,273707
Politics,Raw,2021-12-13,5963,258658,264621
Politics,Raw,2021-12-20,6033,253650,259683
Politics,Raw,2021-12-27,5484,247115,252599
Politics,Raw,2022-01-03,6075,285856,291931
Politics,Raw,2022-01-10,6684,263206,269890
Politics,Raw,2022-01-17,6899,279933,286832
Politics,Raw,2022-01-24,6563,271015,277578
Politics,Raw,2022-01-31,6678,260086,266764
Politics,Raw,2022-02-07,6285,250018,256303
Politics,Raw,2022-02-14,6664,242763,249427
Politics,Raw,2022-02-21,6157,222414,228571
Politics,Raw,2022-02-28,6164,204510,210674
Politics,Raw,2022-03-07,5946,210080,216026
Politics,Raw,2022-03-14,5657,190071,195728
Politics,Raw,2022-03-21,5700,201798,207498
Politics,Raw,2022-03-28,6234,202025,208259
Politics,Raw,2022-04-04,5948,225032,230980
Politics,Raw,2022-04-11,6302,261937,268239
Politics,Raw,2022-04-18,5971,222124,228095
Politics,Raw,2022-04-25,6523,227750,234273
Politics,Raw,2022-05-02,6548,240438,246986
Politics,Raw,2022-05-09,6508,244476,250984
Politics,Raw,2022-05-16,6474,234291,240765
Politics,Raw,2022-05-23,6823,243729,250552
Politics,Raw,2022-05-30,6224,230147,236371
Politics,Raw,2022-06-06,6632,254822,261454
Politics,Raw,2022-06-13,6869,242438,249307
Politics,Raw,2022-06-20,6928,250282,257210
Politics,Raw,2022-06-27,6837,272727,279564
Politics,Raw,2022-07-04,7573,345275,352848
Politics,Raw,2022-07-11,7460,333314,340774
Politics,Raw,2022-07-18,7945,317517,325462
Politics,Raw,2022-07-25,7340,312496,319836
Politics,Raw,2022-08-01,6612,275848,282460
Politics,Raw,2022-08-08,7023,309860,316883
Politics,Raw,2022-08-15,7052,296289,303341
Politics,Raw,2022-08-22,7221,304592,311813
Politics,Raw,2022-08-29,7199,309149,316348
Politics,Raw,2022-09-05,10669,352360,363029
Politics,Raw,2022-09-12,8604,306686,315290
Politics,Raw,2022-09-19,7662,297851,305513
Politics,Raw,2022-09-26,8198,344320,352518
Politics,Raw,2022-10-03,6996,291662,298658
Politics,Raw,2022-10-10,7409,332044,339453
Politics,Raw,2022-10-17,8701,390580,399281
Politics,Raw,2022-10-24,7728,325948,333676
Politics,Raw,2022-10-31,7302,327778,335080
Politics,Raw,2022-11-07,6465,297909,304374
Politics,Raw,2022-11-14,6596,285437,292033
Politics,Raw,2022-11-21,6521,297040,303561
Politics,Raw,2022-11-28,6581,296938,303519
Politics,Raw,2022-12-05,7197,292566,299763
Politics,Raw,2022-12-12,7445,292698,300143
Politics,Raw,2022-12-19,8045,296817,304862
Politics,Raw,2022-12-26,5890,269528,275418
Politics,Raw,2023-01-02,6360,287969,294329
Politics,Raw,2023-01-09,6677,294144,300821
Politics,Raw,2023-01-16,6943,296146,303089
Politics,Raw,2023-01-23,6932,286886,293818
Politics,Raw,2023-01-30,6684,284675,291359
Politics,Raw,2023-02-06,6253,254666,260919
Politics,Raw,2023-02-13,6628,274984,281612
Politics,Raw,2023-02-20,6572,278848,285420
Politics,Raw,2023-02-27,6238,242208,248446
Politics,Raw,2023-03-06,6389,257079,263468
Politics,Raw,2023-03-13,5930,221380,227310
Politics,Raw,2023-03-20,6306,249258,255564
Politics,Raw,2023-03-27,5897,221873,227770
Politics,Raw,2023-04-03,5445,209861,215306
Politics,Raw,2023-04-10,5631,221757,227388
Politics,Raw,2023-04-17,5939,218802,224741
Politics,Raw,2023-04-24,5816,211055,216871
Politics,Raw,2023-05-01,6334,225949,232283
Politics,Raw,2023-05-08,5657,223316,228973
Politics,Raw,2023-05-15,5992,228316,234308
Politics,Raw,2023-05-22,5550,223079,228629
Politics,Raw,2023-05-29,5511,219802,225313
Politics,Raw,2023-06-05,5851,237463,243314
Politics,Raw,2023-06-12,4698,196654,201352
Politics,Raw,2023-06-19,7538,243839,251377
Politics,Raw,2023-06-26,7560,230272,237832
Politics,Raw,2023-07-03,7690,229306,236996
Politics,Raw,2023-07-10,8037,259724,267761
Politics,Raw,2023-07-17,7913,252672,260585
Politics,Raw,2023-07-24,7776,229310,237086
Politics,Raw,2023-07-31,7365,220627,227992
Politics,Raw,2023-08-07,7538,239053,246591
Politics,Raw,2023-08-14,7291,237946,245237
Politics,Raw,2023-08-21,7487,208272,215759
Politics,Raw,2023-08-28,7267,209045,216312
Politics,Raw,2023-09-04,7885,234254,242139
Politics,Raw,2023-09-11,7382,251372,258754
Politics,Raw,2023-09-18,7361,266007,273368
Politics,Raw,2023-09-25,7073,248577,255650
Politics,Raw,2023-10-02,7387,265818,273205
Politics,Raw,2023-10-09,7501,235942,243443
Politics,Raw,2023-10-16,7230,234832,242062
Politics,Raw,2023-10-23,7230,239618,246848
Politics,Raw,2023-10-30,6993,226074,233067
Politics,Raw,2023-11-06,6882,229243,236125
Politics,Raw,2023-11-13,7452,240372,247824
Politics,Raw,2023-11-20,6847,227780,234627
Politics,Raw,2023-11-27,6848,211413,218261
Politics,Raw,2023-12-04,7035,225028,232063
Politics,Raw,2023-12-11,6532,205058,211590
Politics,Raw,2023-12-18,6629,216402,223031
Politics,Raw,2023-12-25,6021,198338,204359
Politics,Raw,2024-01-01,7300,230742,238042
Politics,Raw,2024-01-08,7519,252771,260290
Politics,Raw,2024-01-15,7787,237558,245345
Politics,Raw,2024-01-22,7771,244083,251854
Politics,Raw,2024-01-29,7769,246845,254614
Politics,Raw,2024-02-05,7515,235876,243391
Politics,Raw,2024-02-12,7432,234172,241604
Politics,Raw,2024-02-19,7715,247113,254828
Politics,Raw,2024-02-26,7605,239851,247456
Politics,Raw,2024-03-04,6986,220113,227099
Politics,Raw,2024-03-11,7269,227851,235120
Politics,Raw,2024-03-18,7451,234668,242119
Politics,Raw,2024-03-25,7304,227354,234658
Politics,Raw,2024-04-01,7136,235602,242738
Politics,Raw,2024-04-08,7316,228474,235790
Politics,Raw,2024-04-15,7204,231988,239192
Politics,Raw,2024-04-22,7281,231495,238776
Politics,Raw,2024-04-29,7168,248797,255965
Politics,Raw,2024-05-06,7386,226941,234327
Politics,Raw,2024-05-13,6871,221466,228337
Politics,Raw,2024-05-20,7491,266212,273703
Politics,Raw,2024-05-27,7501,258036,265537
Politics,Raw,2024-06-03,7358,267880,275238
Politics,Raw,2024-06-10,7249,252491,259740
Politics,Raw,2024-06-17,7224,250217,257441
Politics,Raw,2024-06-24,7563,260355,267918
Politics,Raw,2024-07-01,8786,348964,357750
Politics,Raw,2024-07-08,7063,260487,267550
Politics,Raw,2024-07-15,6978,237976,244954
Politics,Raw,2024-07-22,6804,223360,230164
Politics,Raw,2024-07-29,7616,247672,255288
Politics,Raw,2024-08-05,7852,240120,247972
Politics,Raw,2024-08-12,7164,215210,222374
Politics,Raw,2024-08-19,6860,209814,216674
Politics,Raw,2024-08-26,6915,217053,223968
Politics,Raw,2024-09-02,7001,218088,225089
Politics,Raw,2024-09-09,6794,222060,228854
Politics,Raw,2024-09-16,6797,216182,222979
Politics,Raw,2024-09-23,6824,218534,225358
Politics,Raw,2024-09-30,6567,211542,218109
Politics,Raw,2024-10-07,6975,209535,216510
Politics,Raw,2024-10-14,6610,215207,221817
Politics,Raw,2024-10-21,6840,220976,227816
Politics,Raw,2024-10-28,6885,219063,225948
Politics,Raw,2024-11-04,7262,227533,234795
Politics,Raw,2024-11-11,6689,208581,215270
Politics,Raw,2024-11-18,6883,227427,234310
Politics,Raw,2024-11-25,7092,238174,245266
Politics,Raw,2024-12-02,6745,216161,222906
Politics,Raw,2024-12-09,6379,218044,224423
Politics,Raw,2024-12-16,6513,214955,221468
Politics,Raw,2024-12-23,5807,203262,209069
Politics,Raw,2024-12-30,6551,214299,220850
Politics,Raw,2025-01-06,7607,247200,254807
Politics,Raw,2025-01-13,7134,243013,250147
Politics,Raw,2025-01-20,7646,247744,255390
Politics,Raw,2025-01-27,7061,261496,268557
Politics,Raw,2025-02-03,7106,248461,255567
Politics,Raw,2025-02-10,7091,251997,259088
Politics,Raw,2025-02-17,7054,255762,262816
Politics,Raw,2025-02-24,7102,239831,246933
Politics,Raw,2025-03-03,7549,249329,256878
Politics,Raw,2025-03-10,7166,235340,242506
Politics,Raw,2025-03-17,7604,257025,264629
Politics,Raw,2025-03-24,7384,240526,247910
Politics,Raw,2025-03-31,6988,222043,229031
Politics,Raw,2025-04-07,7068,217878,224946
Politics,Raw,2025-04-14,6906,234157,241063
Politics,Raw,2025-04-21,6884,226066,232950
Politics,Raw,2025-04-28,7419,253505,260924
Politics,Raw,2025-05-05,6977,232711,239688
Politics,Raw,2025-05-12,6898,237814,244712
Politics,Raw,2025-05-19,6853,238468,245321
Politics,Raw,2025-05-26,6565,232063,238628
Politics,Raw,2025-06-02,6744,228955,235699
Politics,Raw,2025-06-09,7192,246687,253879
Politics,Raw,2025-06-16,7047,248284,255331
Politics,Raw,2025-06-23,7164,252015,259179
Politics,Raw,2025-06-30,7319,267755,275074
Politics,Raw,2025-07-07,7356,255296,262652
Politics,Raw,2025-07-14,7282,257712,264994
Politics,Raw,2025-07-21,7862,260312,268174
Politics,Raw,2025-07-28,7939,269321,277260
Politics,Raw,2025-08-04,6987,224937,231924
Politics,Raw,2025-08-11,7047,224432,231479
Politics,Raw,2025-08-18,6730,217406,224136
Politics,Raw,2025-08-25,7049,229622,236671
Politics,Raw,2025-09-01,7851,240053,247904
Politics,Raw,2025-09-08,7288,219176,226464
Politics,Raw,2025-09-15,7494,232976,240470
Politics,Raw,2025-09-22,7240,245359,252599
Politics,Raw,2025-09-29,7818,249557,257375
Politics,Raw,2025-10-06,6962,219362,226324
Politics,Raw,2025-10-13,6832,216893,223725
Politics,Raw,2025-10-20,6835,206315,213150
Politics,Raw (UK),2021-11-01,3518,175742,179260
Politics,Raw (UK),2021-11-08,3674,167038,170712
Politics,Raw (UK),2021-11-15,3646,175967,179613
Politics,Raw (UK),2021-11-22,3862,184534,188396
Politics,Raw (UK),2021-11-29,3690,185258,188948
Politics,Raw (UK),2021-12-06,4011,202876,206887
Politics,Raw (UK),2021-12-13,3994,199210,203204
Politics,Raw (UK),2021-12-20,4131,193030,197161
Politics,Raw (UK),2021-12-27,3528,189470,192998
Politics,Raw (UK),2022-01-03,3889,217982,221871
Politics,Raw (UK),2022-01-10,4412,202089,206501
Politics,Raw (UK),2022-01-17,4485,213564,218049
Politics,Raw (UK),2022-01-24,4203,200384,204587
Politics,Raw (UK),2022-01-31,4238,200386,204624
Politics,Raw (UK),2022-02-07,4026,192062,196088
Politics,Raw (UK),2022-02-14,4161,187935,192096
Politics,Raw (UK),2022-02-21,3897,171824,175721
Politics,Raw (UK),2022-02-28,3845,156698,160543
Politics,Raw (UK),2022-03-07,3862,158218,162080
Politics,Raw (UK),2022-03-14,3589,149186,152775
Politics,Raw (UK),2022-03-21,3668,157745,161413
Politics,Raw (UK),2022-03-28,3883,157589,161472
Politics,Raw (UK),2022-04-04,3805,175014,178819
Politics,Raw (UK),2022-04-11,3991,200045,204036
Politics,Raw (UK),2022-04-18,3638,171684,175322
Politics,Raw (UK),2022-04-25,4018,175641,179659
Politics,Raw (UK),2022-05-02,4264,183933,188197
Politics,Raw (UK),2022-05-09,4154,185787,189941
Politics,Raw (UK),2022-05-16,4094,180045,184139
Politics,Raw (UK),2022-05-23,4344,185327,189671
Politics,Raw (UK),2022-05-30,4058,177147,181205
Politics,Raw (UK),2022-06-06,4290,194600,198890
Politics,Raw (UK),2022-06-13,4489,188320,192809
Politics,Raw (UK),2022-06-20,4467,192030,196497
Politics,Raw (UK),2022-06-27,4334,212236,216570
Politics,Raw (UK),2022-07-04,4907,263043,267950
Politics,Raw (UK),2022-07-11,4952,255859,260811
Politics,Raw (UK),2022-07-18,5053,241052,246105
Politics,Raw (UK),2022-07-25,4869,236356,241225
Politics,Raw (UK),2022-08-01,4315,213293,217608
Politics,Raw (UK),2022-08-08,4680,237816,242496
Politics,Raw (UK),2022-08-15,4576,231156,235732
Politics,Raw (UK),2022-08-22,4645,236045,240690
Politics,Raw (UK),2022-08-29,4573,242358,246931
Politics,Raw (UK),2022-09-05,5824,273090,278914
Politics,Raw (UK),2022-09-12,4766,241058,245824
Politics,Raw (UK),2022-09-19,4570,234071,238641
Politics,Raw (UK),2022-09-26,5304,269006,274310
Politics,Raw (UK),2022-10-03,4639,229787,234426
Politics,Raw (UK),2022-10-10,4942,257932,262874
Politics,Raw (UK),2022-10-17,5655,298736,304391
Politics,Raw (UK),2022-10-24,4858,255295,260153
Politics,Raw (UK),2022-10-31,4739,253063,257802
Politics,Raw (UK),2022-11-07,4188,235918,240106
Politics,Raw (UK),2022-11-14,4187,224388,228575
Politics,Raw (UK),2022-11-21,4246,233333,237579
Politics,Raw (UK),2022-11-28,4201,236305,240506
Politics,Raw (UK),2022-12-05,4513,231268,235781
Politics,Raw (UK),2022-12-12,4644,231767,236411
Politics,Raw (UK),2022-12-19,4698,237316,242014
Politics,Raw (UK),2022-12-26,3782,211747,215529
Politics,Raw (UK),2023-01-02,3984,229712,233696
Politics,Raw (UK),2023-01-09,4175,234676,238851
Politics,Raw (UK),2023-01-16,4439,236363,240802
Politics,Raw (UK),2023-01-23,4472,230882,235354
Politics,Raw (UK),2023-01-30,4338,225678,230016
Politics,Raw (UK),2023-02-06,3977,204082,208059
Politics,Raw (UK),2023-02-13,4199,219098,223297
Politics,Raw (UK),2023-02-20,4138,219598,223736
Politics,Raw (UK),2023-02-27,3946,192682,196628
Politics,Raw (UK),2023-03-06,3959,204583,208542
Politics,Raw (UK),2023-03-13,3766,179042,182808
Politics,Raw (UK),2023-03-20,3903,190241,194144
Politics,Raw (UK),2023-03-27,3663,176501,180164
Politics,Raw (UK),2023-04-03,3407,167762,171169
Politics,Raw (UK),2023-04-10,3387,173755,177142
Politics,Raw (UK),2023-04-17,3843,175273,179116
Politics,Raw (UK),2023-04-24,3673,169274,172947
Politics,Raw (UK),2023-05-01,4037,180601,184638
Politics,Raw (UK),2023-05-08,3534,176511,180045
Politics,Raw (UK),2023-05-15,3836,186463,190299
Politics,Raw (UK),2023-05-22,3613,181155,184768
Politics,Raw (UK),2023-05-29,3579,176396,179975
Politics,Raw (UK),2023-06-05,3735,191371,195106
Politics,Raw (UK),2023-06-12,3051,159512,162563
Politics,Raw (UK),2023-06-19,4697,196805,201502
Politics,Raw (UK),2023-06-26,4772,186424,191196
Politics,Raw (UK),2023-07-03,4888,187254,192142
Politics,Raw (UK),2023-07-10,5103,210096,215199
Politics,Raw (UK),2023-07-17,4914,205111,210025
Politics,Raw (UK),2023-07-24,4925,186164,191089
Politics,Raw (UK),2023-07-31,4573,179696,184269
Politics,Raw (UK),2023-08-07,4696,194290,198986
Politics,Raw (UK),2023-08-14,4491,192031,196522
Politics,Raw (UK),2023-08-21,4521,170719,175240
Politics,Raw (UK),2023-08-28,4427,171966,176393
Politics,Raw (UK),2023-09-04,4912,192453,197365
Politics,Raw (UK),2023-09-11,4591,207238,211829
Politics,Raw (UK),2023-09-18,4548,217090,221638
Politics,Raw (UK),2023-09-25,4459,204086,208545
Politics,Raw (UK),2023-10-02,4628,216584,221212
Politics,Raw (UK),2023-10-09,4685,192028,196713
Politics,Raw (UK),2023-10-16,4449,191274,195723
Politics,Raw (UK),2023-10-23,4552,197223,201775
Politics,Raw (UK),2023-10-30,4354,185272,189626
Politics,Raw (UK),2023-11-06,4276,189450,193726
Politics,Raw (UK),2023-11-13,4639,196005,200644
Politics,Raw (UK),2023-11-20,4212,187472,191684
Politics,Raw (UK),2023-11-27,4268,173566,177834
Politics,Raw (UK),2023-12-04,4376,183629,188005
Politics,Raw (UK),2023-12-11,3987,168241,172228
Politics,Raw (UK),2023-12-18,4230,179579,183809
Politics,Raw (UK),2023-12-25,3653,161421,165074
Politics,Raw (UK),2024-01-01,4343,190394,194737
Politics,Raw (UK),2024-01-08,4491,209437,213928
Politics,Raw (UK),2024-01-15,4679,195347,200026
Politics,Raw (UK),2024-01-22,4611,201806,206417
Politics,Raw (UK),2024-01-29,4684,204173,208857
Politics,Raw (UK),2024-02-05,4514,195450,199964
Politics,Raw (UK),2024-02-12,4509,194293,198802
Politics,Raw (UK),2024-02-19,4606,202376,206982
Politics,Raw (UK),2024-02-26,4570,195688,200258
Politics,Raw (UK),2024-03-04,4142,178357,182499
Politics,Raw (UK),2024-03-11,4373,185249,189622
Politics,Raw (UK),2024-03-18,4460,192412,196872
Politics,Raw (UK),2024-03-25,4286,183807,188093
Politics,Raw (UK),2024-04-01,4289,193505,197794
Politics,Raw (UK),2024-04-08,4407,188808,193215
Politics,Raw (UK),2024-04-15,4262,190296,194558
Politics,Raw (UK),2024-04-22,4365,189732,194097
Politics,Raw (UK),2024-04-29,4372,204554,208926
Politics,Raw (UK),2024-05-06,4325,185788,190113
Politics,Raw (UK),2024-05-13,3936,182319,186255
Politics,Raw (UK),2024-05-20,4476,216637,221113
Politics,Raw (UK),2024-05-27,4361,207719,212080
Politics,Raw (UK),2024-06-03,4310,216225,220535
Politics,Raw (UK),2024-06-10,4275,203881,208156
Politics,Raw (UK),2024-06-17,4360,204287,208647
Politics,Raw (UK),2024-06-24,4541,212736,217277
Politics,Raw (UK),2024-07-01,5304,277747,283051
Politics,Raw (UK),2024-07-08,4257,214849,219106
Politics,Raw (UK),2024-07-15,4033,196410,200443
Politics,Raw (UK),2024-07-22,3820,183362,187182
Politics,Raw (UK),2024-07-29,4388,201803,206191
Politics,Raw (UK),2024-08-05,4417,194589,199006
Politics,Raw (UK),2024-08-12,3917,175671,179588
Politics,Raw (UK),2024-08-19,3792,173349,177141
Politics,Raw (UK),2024-08-26,3848,178857,182705
Politics,Raw (UK),2024-09-02,4007,180411,184418
Politics,Raw (UK),2024-09-09,3730,183564,187294
Politics,Raw (UK),2024-09-16,3763,177623,181386
Politics,Raw (UK),2024-09-23,3962,180020,183982
Politics,Raw (UK),2024-09-30,3787,175051,178838
Politics,Raw (UK),2024-10-07,4141,171785,175926
Politics,Raw (UK),2024-10-14,3842,179414,183256
Politics,Raw (UK),2024-10-21,3998,183484,187482
Politics,Raw (UK),2024-10-28,3954,181622,185576
Politics,Raw (UK),2024-11-04,3863,182574,186437
Politics,Raw (UK),2024-11-11,3794,173357,177151
Politics,Raw (UK),2024-11-18,4006,187229,191235
Politics,Raw (UK),2024-11-25,4161,198048,202209
Politics,Raw (UK),2024-12-02,3979,178329,182308
Politics,Raw (UK),2024-12-09,3868,180125,183993
Politics,Raw (UK),2024-12-16,3871,179004,182875
Politics,Raw (UK),2024-12-23,3466,168507,171973
Politics,Raw (UK),2024-12-30,3828,177174,181002
Politics,Raw (UK),2025-01-06,4500,202800,207300
Politics,Raw (UK),2025-01-13,4185,201135,205320
Politics,Raw (UK),2025-01-20,4475,204685,209160
Politics,Raw (UK),2025-01-27,3941,216489,220430
Politics,Raw (UK),2025-02-03,3972,204371,208343
Politics,Raw (UK),2025-02-10,4086,206566,210652
Politics,Raw (UK),2025-02-17,3967,209033,213000
Politics,Raw (UK),2025-02-24,3971,196026,199997
Politics,Raw (UK),2025-03-03,4284,198993,203277
Politics,Raw (UK),2025-03-10,4092,191842,195934
Politics,Raw (UK),2025-03-17,4270,210754,215024
Politics,Raw (UK),2025-03-24,4206,198051,202257
Politics,Raw (UK),2025-03-31,3851,179601,183452
Politics,Raw (UK),2025-04-07,3817,179152,182969
Politics,Raw (UK),2025-04-14,3771,189830,193601
Politics,Raw (UK),2025-04-21,3766,184367,188133
Politics,Raw (UK),2025-04-28,4087,205674,209761
Politics,Raw (UK),2025-05-05,3981,190352,194333
Politics,Raw (UK),2025-05-12,3942,193121,197063
Politics,Raw (UK),2025-05-19,3939,192712,196651
Politics,Raw (UK),2025-05-26,3705,188310,192015
Politics,Raw (UK),2025-06-02,3829,187724,191553
Politics,Raw (UK),2025-06-09,4078,199543,203621
Politics,Raw (UK),2025-06-16,4037,201634,205671
Politics,Raw (UK),2025-06-23,3998,205090,209088
Politics,Raw (UK),2025-06-30,4233,218768,223001
Politics,Raw (UK),2025-07-07,4161,208053,212214
Politics,Raw (UK),2025-07-14,4080,207643,211723
Politics,Raw (UK),2025-07-21,4360,208357,212717
Politics,Raw (UK),2025-07-28,4395,215381,219776
Politics,Raw (UK),2025-08-04,3811,181427,185238
Politics,Raw (UK),2025-08-11,3874,179894,183768
Politics,Raw (UK),2025-08-18,3770,173382,177152
Politics,Raw (UK),2025-08-25,3851,180683,184534
Politics,Raw (UK),2025-09-01,4410,191554,195964
Politics,Raw (UK),2025-09-08,4045,171751,175796
Politics,Raw (UK),2025-09-15,4087,181932,186019
Politics,Raw (UK),2025-09-22,4091,193297,197388
Politics,Raw (UK),2025-09-29,4245,197314,201559
Politics,Raw (UK),2025-10-06,3998,174584,178582
Politics,Raw (UK),2025-10-13,3920,170930,174850
Politics,Raw (UK),2025-10-20,4013,163304,167317
Politics,Matched,2021-11-01,42,1694,1736
Politics,Matched,2021-11-08,50,1638,1688
Politics,Matched,2021-11-15,68,1931,1999
Politics,Matched,2021-11-22,68,1852,1920
Politics,Matched,2021-11-29,63,2099,2162
Politics,Matched,2021-12-06,53,1834,1887
Politics,Matched,2021-12-13,59,2062,2121
Politics,Matched,2021-12-20,38,1652,1690
Politics,Matched,2021-12-27,64,1979,2043
Politics,Matched,2022-01-03,57,2230,2287
Politics,Matched,2022-01-10,59,1830,1889
Politics,Matched,2022-01-17,84,1875,1959
Politics,Matched,2022-01-24,63,2203,2266
Politics,Matched,2022-01-31,54,1920,1974
Politics,Matched,2022-02-07,65,2560,2625
Politics,Matched,2022-02-14,54,2261,2315
Politics,Matched,2022-02-21,54,1772,1826
Politics,Matched,2022-02-28,62,1694,1756
Politics,Matched,2022-03-07,61,1679,1740
Politics,Matched,2022-03-14,76,1580,1656
Politics,Matched,2022-03-21,58,1788,1846
Politics,Matched,2022-03-28,56,1445,1501
Politics,Matched,2022-04-04,56,2072,2128
Politics,Matched,2022-04-11,55,2024,2079
Politics,Matched,2022-04-18,53,1889,1942
Politics,Matched,2022-04-25,128,3061,3189
Politics,Matched,2022-05-02,53,1736,1789
Politics,Matched,2022-05-09,70,1918,1988
Politics,Matched,2022-05-16,39,1909,1948
Politics,Matched,2022-05-23,70,1726,1796
Politics,Matched,2022-05-30,45,1885,1930
Politics,Matched,2022-06-06,63,2213,2276
Politics,Matched,2022-06-13,59,1726,1785
Politics,Matched,2022-06-20,73,2053,2126
Politics,Matched,2022-06-27,80,2551,2631
Politics,Matched,2022-07-04,64,2163,2227
Politics,Matched,2022-07-11,79,2206,2285
Politics,Matched,2022-07-18,71,2494,2565
Politics,Matched,2022-07-25,85,2300,2385
Politics,Matched,2022-08-01,90,2234,2324
Politics,Matched,2022-08-08,49,2375,2424
Politics,Matched,2022-08-15,50,2578,2628
Politics,Matched,2022-08-22,66,2384,2450
Politics,Matched,2022-08-29,66,2601,2667
Politics,Matched,2022-09-05,94,2857,2951
Politics,Matched,2022-09-12,48,2117,2165
Politics,Matched,2022-09-19,67,2023,2090
Politics,Matched,2022-09-26,97,2294,2391
Politics,Matched,2022-10-03,63,2284,2347
Politics,Matched,2022-10-10,55,2432,2487
Politics,Matched,2022-10-17,58,2387,2445
Politics,Matched,2022-10-24,83,2451,2534
Politics,Matched,2022-10-31,80,2586,2666
Politics,Matched,2022-11-07,63,2301,2364
Politics,Matched,2022-11-14,54,2313,2367
Politics,Matched,2022-11-21,56,2466,2522
Politics,Matched,2022-11-28,65,2542,2607
Politics,Matched,2022-12-05,67,2502,2569
Politics,Matched,2022-12-12,44,2617,2661
Politics,Matched,2022-12-19,51,2158,2209
Politics,Matched,2022-12-26,67,2410,2477
Politics,Matched,2023-01-02,68,2468,2536
Politics,Matched,2023-01-09,92,2983,3075
Politics,Matched,2023-01-16,91,3160,3251
Politics,Matched,2023-01-23,88,3006,3094
Politics,Matched,2023-01-30,70,2869,2939
Politics,Matched,2023-02-06,68,2318,2386
Politics,Matched,2023-02-13,73,2206,2279
Politics,Matched,2023-02-20,74,2583,2657
Politics,Matched,2023-02-27,63,2276,2339
Politics,Matched,2023-03-06,84,2487,2571
Politics,Matched,2023-03-13,67,2163,2230
Politics,Matched,2023-03-20,78,2375,2453
Politics,Matched,2023-03-27,65,2141,2206
Politics,Matched,2023-04-03,57,2338,2395
Politics,Matched,2023-04-10,60,2113,2173
Politics,Matched,2023-04-17,69,2018,2087
Politics,Matched,2023-04-24,66,1932,1998
Politics,Matched,2023-05-01,62,2110,2172
Politics,Matched,2023-05-08,46,1931,1977
Politics,Matched,2023-05-15,60,2091,2151
Politics,Matched,2023-05-22,67,2289,2356
Politics,Matched,2023-05-29,60,2415,2475
Politics,Matched,2023-06-05,70,2058,2128
Politics,Matched,2023-06-12,45,1652,1697
Politics,Matched,2023-06-19,95,2065,2160
Politics,Matched,2023-06-26,86,2187,2273
Politics,Matched,2023-07-03,122,2811,2933
Politics,Matched,2023-07-10,78,3641,3719
Politics,Matched,2023-07-17,95,2050,2145
Politics,Matched,2023-07-24,94,2090,2184
Politics,Matched,2023-07-31,101,2387,2488
Politics,Matched,2023-08-07,87,2238,2325
Politics,Matched,2023-08-14,90,2427,2517
Politics,Matched,2023-08-21,96,2050,2146
Politics,Matched,2023-08-28,98,2037,2135
Politics,Matched,2023-09-04,104,2667,2771
Politics,Matched,2023-09-11,91,2942,3033
Politics,Matched,2023-09-18,135,2999,3134
Politics,Matched,2023-09-25,94,2404,2498
Politics,Matched,2023-10-02,92,2457,2549
Politics,Matched,2023-10-09,106,2066,2172
Politics,Matched,2023-10-16,96,1889,1985
Politics,Matched,2023-10-23,121,2172,2293
Politics,Matched,2023-10-30,85,1868,1953
Politics,Matched,2023-11-06,86,2198,2284
Politics,Matched,2023-11-13,93,1914,2007
Politics,Matched,2023-11-20,71,2299,2370
Politics,Matched,2023-11-27,81,2006,2087
Politics,Matched,2023-12-04,81,2126,2207
Politics,Matched,2023-12-11,79,1882,1961
Politics,Matched,2023-12-18,56,1983,2039
Politics,Matched,2023-12-25,63,1639,1702
Politics,Matched,2024-01-01,83,2555,2638
Politics,Matched,2024-01-08,99,2428,2527
Politics,Matched,2024-01-15,103,2228,2331
Politics,Matched,2024-01-22,121,2903,3024
Politics,Matched,2024-01-29,113,2474,2587
Politics,Matched,2024-02-05,126,2977,3103
Politics,Matched,2024-02-12,103,2512,2615
Politics,Matched,2024-02-19,116,2486,2602
Politics,Matched,2024-02-26,94,2558,2652
Politics,Matched,2024-03-04,110,1969,2079
Politics,Matched,2024-03-11,91,2106,2197
Politics,Matched,2024-03-18,118,2630,2748
Politics,Matched,2024-03-25,99,2462,2561
Politics,Matched,2024-04-01,105,2302,2407
Politics,Matched,2024-04-08,98,2811,2909
Politics,Matched,2024-04-15,102,2583,2685
Politics,Matched,2024-04-22,118,2309,2427
Politics,Matched,2024-04-29,85,2089,2174
Politics,Matched,2024-05-06,82,1810,1892
Politics,Matched,2024-05-13,93,2187,2280
Politics,Matched,2024-05-20,101,3007,3108
Politics,Matched,2024-05-27,102,2495,2597
Politics,Matched,2024-06-03,110,2414,2524
Politics,Matched,2024-06-10,96,2141,2237
Politics,Matched,2024-06-17,91,2325,2416
Politics,Matched,2024-06-24,95,2409,2504
Politics,Matched,2024-07-01,128,2746,2874
Politics,Matched,2024-07-08,95,2525,2620
Politics,Matched,2024-07-15,98,2529,2627
Politics,Matched,2024-07-22,97,2187,2284
Politics,Matched,2024-07-29,105,2957,3062
Politics,Matched,2024-08-05,110,2311,2421
Politics,Matched,2024-08-12,111,2439,2550
Politics,Matched,2024-08-19,82,2059,2141
Politics,Matched,2024-08-26,104,2366,2470
Politics,Matched,2024-09-02,108,2535,2643
Politics,Matched,2024-09-09,87,2488,2575
Politics,Matched,2024-09-16,102,2296,2398
Politics,Matched,2024-09-23,103,2144,2247
Politics,Matched,2024-09-30,105,2089,2194
Politics,Matched,2024-10-07,94,2604,2698
Politics,Matched,2024-10-14,86,2571,2657
Politics,Matched,2024-10-21,101,2173,2274
Politics,Matched,2024-10-28,90,2184,2274
Politics,Matched,2024-11-04,93,2033,2126
Politics,Matched,2024-11-11,95,2117,2212
Politics,Matched,2024-11-18,85,2345,2430
Politics,Matched,2024-11-25,116,2859,2975
Politics,Matched,2024-12-02,97,2128,2225
Politics,Matched,2024-12-09,89,2528,2617
Politics,Matched,2024-12-16,98,3105,3203
Politics,Matched,2024-12-23,82,2119,2201
Politics,Matched,2024-12-30,81,2256,2337
Politics,Matched,2025-01-06,110,2635,2745
Politics,Matched,2025-01-13,121,3634,3755
Politics,Matched,2025-01-20,87,2565,2652
Politics,Matched,2025-01-27,105,2814,2919
Politics,Matched,2025-02-03,93,2882,2975
Politics,Matched,2025-02-10,104,2335,2439
Politics,Matched,2025-02-17,98,3015,3113
Politics,Matched,2025-02-24,110,2626,2736
Politics,Matched,2025-03-03,121,2247,2368
Politics,Matched,2025-03-10,83,2452,2535
Politics,Matched,2025-03-17,120,3150,3270
Politics,Matched,2025-03-24,114,2325,2439
Politics,Matched,2025-03-31,101,2146,2247
Politics,Matched,2025-04-07,112,2715,2827
Politics,Matched,2025-04-14,97,2246,2343
Politics,Matched,2025-04-21,119,2442,2561
Politics,Matched,2025-04-28,95,3104,3199
Politics,Matched,2025-05-05,105,2697,2802
Politics,Matched,2025-05-12,93,2345,2438
Politics,Matched,2025-05-19,109,2582,2691
Politics,Matched,2025-05-26,101,2355,2456
Politics,Matched,2025-06-02,76,2569,2645
Politics,Matched,2025-06-09,166,2968,3134
Politics,Matched,2025-06-16,87,2669,2756
Politics,Matched,2025-06-23,104,3322,3426
Politics,Matched,2025-06-30,131,3355,3486
Politics,Matched,2025-07-07,125,2754,2879
Politics,Matched,2025-07-14,187,5294,5481
Politics,Matched,2025-07-21,415,10750,11165
Politics,Matched,2025-07-28,585,13572,14157
Politics,Matched,2025-08-04,253,4995,5248
Politics,Matched,2025-08-11,211,4128,4339
Politics,Matched,2025-08-18,202,4613,4815
Politics,Matched,2025-08-25,119,3596,3715
Politics,Matched,2025-09-01,139,2970,3109
Politics,Matched,2025-09-08,125,2544,2669
Politics,Matched,2025-09-15,109,2662,2771
Politics,Matched,2025-09-22,115,3809,3924
Politics,Matched,2025-09-29,127,3629,3756
Politics,Matched,2025-10-06,134,3561,3695
Politics,Matched,2025-10-13,139,2644,2783
Politics,Matched,2025-10-20,98,2245,2343
Politics,Matched (UK),2021-11-01,25,1267,1292
Politics,Matched (UK),2021-11-08,31,1251,1282
Politics,Matched (UK),2021-11-15,49,1437,1486
Politics,Matched (UK),2021-11-22,46,1384,1430
Politics,Matched (UK),2021-11-29,41,1650,1691
Politics,Matched (UK),2021-12-06,40,1407,1447
Politics,Matched (UK),2021-12-13,35,1587,1622
Politics,Matched (UK),2021-12-20,28,1257,1285
Politics,Matched (UK),2021-12-27,34,1523,1557
Politics,Matched (UK),2022-01-03,36,1743,1779
Politics,Matched (UK),2022-01-10,35,1418,1453
Politics,Matched (UK),2022-01-17,54,1400,1454
Politics,Matched (UK),2022-01-24,41,1709,1750
Politics,Matched (UK),2022-01-31,38,1504,1542
Politics,Matched (UK),2022-02-07,37,2024,2061
Politics,Matched (UK),2022-02-14,38,1773,1811
Politics,Matched (UK),2022-02-21,41,1388,1429
Politics,Matched (UK),2022-02-28,34,1259,1293
Politics,Matched (UK),2022-03-07,33,1318,1351
Politics,Matched (UK),2022-03-14,45,1258,1303
Politics,Matched (UK),2022-03-21,32,1391,1423
Politics,Matched (UK),2022-03-28,29,1117,1146
Politics,Matched (UK),2022-04-04,35,1623,1658
Politics,Matched (UK),2022-04-11,36,1506,1542
Politics,Matched (UK),2022-04-18,34,1493,1527
Politics,Matched (UK),2022-04-25,80,2330,2410
Politics,Matched (UK),2022-05-02,28,1352,1380
Politics,Matched (UK),2022-05-09,43,1456,1499
Politics,Matched (UK),2022-05-16,20,1476,1496
Politics,Matched (UK),2022-05-23,36,1288,1324
Politics,Matched (UK),2022-05-30,26,1446,1472
Politics,Matched (UK),2022-06-06,38,1666,1704
Politics,Matched (UK),2022-06-13,38,1332,1370
Politics,Matched (UK),2022-06-20,43,1577,1620
Politics,Matched (UK),2022-06-27,51,2022,2073
Politics,Matched (UK),2022-07-04,33,1670,1703
Politics,Matched (UK),2022-07-11,51,1715,1766
Politics,Matched (UK),2022-07-18,44,1944,1988
Politics,Matched (UK),2022-07-25,54,1759,1813
Politics,Matched (UK),2022-08-01,53,1737,1790
Politics,Matched (UK),2022-08-08,29,1815,1844
Politics,Matched (UK),2022-08-15,29,2020,2049
Politics,Matched (UK),2022-08-22,33,1896,1929
Politics,Matched (UK),2022-08-29,38,2058,2096
Politics,Matched (UK),2022-09-05,50,2224,2274
Politics,Matched (UK),2022-09-12,24,1651,1675
Politics,Matched (UK),2022-09-19,45,1586,1631
Politics,Matched (UK),2022-09-26,62,1767,1829
Politics,Matched (UK),2022-10-03,41,1850,1891
Politics,Matched (UK),2022-10-10,34,1901,1935
Politics,Matched (UK),2022-10-17,34,1886,1920
Politics,Matched (UK),2022-10-24,65,1954,2019
Politics,Matched (UK),2022-10-31,47,2079,2126
Politics,Matched (UK),2022-11-07,39,1828,1867
Politics,Matched (UK),2022-11-14,32,1809,1841
Politics,Matched (UK),2022-11-21,32,1946,1978
Politics,Matched (UK),2022-11-28,38,2025,2063
Politics,Matched (UK),2022-12-05,41,2017,2058
Politics,Matched (UK),2022-12-12,24,2041,2065
Politics,Matched (UK),2022-12-19,35,1788,1823
Politics,Matched (UK),2022-12-26,44,1956,2000
Politics,Matched (UK),2023-01-02,43,1914,1957
Politics,Matched (UK),2023-01-09,50,2415,2465
Politics,Matched (UK),2023-01-16,57,2515,2572
Politics,Matched (UK),2023-01-23,49,2418,2467
Politics,Matched (UK),2023-01-30,36,2287,2323
Politics,Matched (UK),2023-02-06,42,1882,1924
Politics,Matched (UK),2023-02-13,41,1759,1800
Politics,Matched (UK),2023-02-20,46,2041,2087
Politics,Matched (UK),2023-02-27,40,1711,1751
Politics,Matched (UK),2023-03-06,52,1873,1925
Politics,Matched (UK),2023-03-13,47,1763,1810
Politics,Matched (UK),2023-03-20,54,1842,1896
Politics,Matched (UK),2023-03-27,35,1709,1744
Politics,Matched (UK),2023-04-03,29,1901,1930
Politics,Matched (UK),2023-04-10,28,1721,1749
Politics,Matched (UK),2023-04-17,33,1585,1618
Politics,Matched (UK),2023-04-24,34,1533,1567
Politics,Matched (UK),2023-05-01,39,1642,1681
Politics,Matched (UK),2023-05-08,22,1497,1519
Politics,Matched (UK),2023-05-15,42,1707,1749
Politics,Matched (UK),2023-05-22,44,1853,1897
Politics,Matched (UK),2023-05-29,33,1903,1936
Politics,Matched (UK),2023-06-05,35,1740,1775
Politics,Matched (UK),2023-06-12,33,1315,1348
Politics,Matched (UK),2023-06-19,52,1680,1732
Politics,Matched (UK),2023-06-26,50,1759,1809
Politics,Matched (UK),2023-07-03,72,2308,2380
Politics,Matched (UK),2023-07-10,47,2963,3010
Politics,Matched (UK),2023-07-17,52,1654,1706
Politics,Matched (UK),2023-07-24,53,1704,1757
Politics,Matched (UK),2023-07-31,63,1970,2033
Politics,Matched (UK),2023-08-07,53,1801,1854
Politics,Matched (UK),2023-08-14,54,1930,1984
Politics,Matched (UK),2023-08-21,49,1692,1741
Politics,Matched (UK),2023-08-28,59,1677,1736
Politics,Matched (UK),2023-09-04,47,2155,2202
Politics,Matched (UK),2023-09-11,50,2401,2451
Politics,Matched (UK),2023-09-18,76,2411,2487
Politics,Matched (UK),2023-09-25,51,2002,2053
Politics,Matched (UK),2023-10-02,48,2030,2078
Politics,Matched (UK),2023-10-09,72,1687,1759
Politics,Matched (UK),2023-10-16,55,1590,1645
Politics,Matched (UK),2023-10-23,76,1757,1833
Politics,Matched (UK),2023-10-30,51,1532,1583
Politics,Matched (UK),2023-11-06,49,1819,1868
Politics,Matched (UK),2023-11-13,55,1608,1663
Politics,Matched (UK),2023-11-20,38,1944,1982
Politics,Matched (UK),2023-11-27,41,1652,1693
Politics,Matched (UK),2023-12-04,46,1725,1771
Politics,Matched (UK),2023-12-11,40,1564,1604
Politics,Matched (UK),2023-12-18,37,1616,1653
Politics,Matched (UK),2023-12-25,34,1360,1394
Politics,Matched (UK),2024-01-01,40,2098,2138
Politics,Matched (UK),2024-01-08,52,2013,2065
Politics,Matched (UK),2024-01-15,51,1805,1856
Politics,Matched (UK),2024-01-22,71,2384,2455
Politics,Matched (UK),2024-01-29,63,2038,2101
Politics,Matched (UK),2024-02-05,82,2491,2573
Politics,Matched (UK),2024-02-12,61,2107,2168
Politics,Matched (UK),2024-02-19,63,2035,2098
Politics,Matched (UK),2024-02-26,54,2118,2172
Politics,Matched (UK),2024-03-04,59,1631,1690
Politics,Matched (UK),2024-03-11,56,1737,1793
Politics,Matched (UK),2024-03-18,62,2153,2215
Politics,Matched (UK),2024-03-25,56,2024,2080
Politics,Matched (UK),2024-04-01,59,1944,2003
Politics,Matched (UK),2024-04-08,55,2313,2368
Politics,Matched (UK),2024-04-15,62,2090,2152
Politics,Matched (UK),2024-04-22,53,1917,1970
Politics,Matched (UK),2024-04-29,49,1655,1704
Politics,Matched (UK),2024-05-06,44,1473,1517
Politics,Matched (UK),2024-05-13,50,1791,1841
Politics,Matched (UK),2024-05-20,62,2442,2504
Politics,Matched (UK),2024-05-27,48,1988,2036
Politics,Matched (UK),2024-06-03,51,1973,2024
Politics,Matched (UK),2024-06-10,53,1734,1787
Politics,Matched (UK),2024-06-17,47,1924,1971
Politics,Matched (UK),2024-06-24,50,2000,2050
Politics,Matched (UK),2024-07-01,70,2199,2269
Politics,Matched (UK),2024-07-08,55,2069,2124
Politics,Matched (UK),2024-07-15,50,2115,2165
Politics,Matched (UK),2024-07-22,42,1849,1891
Politics,Matched (UK),2024-07-29,63,2428,2491
Politics,Matched (UK),2024-08-05,63,1887,1950
Politics,Matched (UK),2024-08-12,66,2040,2106
Politics,Matched (UK),2024-08-19,50,1725,1775
Politics,Matched (UK),2024-08-26,54,1945,1999
Politics,Matched (UK),2024-09-02,60,2106,2166
Politics,Matched (UK),2024-09-09,55,2074,2129
Politics,Matched (UK),2024-09-16,60,1942,2002
Politics,Matched (UK),2024-09-23,54,1764,1818
Politics,Matched (UK),2024-09-30,57,1716,1773
Politics,Matched (UK),2024-10-07,59,2189,2248
Politics,Matched (UK),2024-10-14,42,2140,2182
Politics,Matched (UK),2024-10-21,62,1812,1874
Politics,Matched (UK),2024-10-28,47,1792,1839
Politics,Matched (UK),2024-11-04,55,1678,1733
Politics,Matched (UK),2024-11-11,59,1781,1840
Politics,Matched (UK),2024-11-18,49,1948,1997
Politics,Matched (UK),2024-11-25,65,2376,2441
Politics,Matched (UK),2024-12-02,46,1778,1824
Politics,Matched (UK),2024-12-09,48,2115,2163
Politics,Matched (UK),2024-12-16,58,2570,2628
Politics,Matched (UK),2024-12-23,42,1743,1785
Politics,Matched (UK),2024-12-30,38,1823,1861
Politics,Matched (UK),2025-01-06,62,2190,2252
Politics,Matched (UK),2025-01-13,64,2969,3033
Politics,Matched (UK),2025-01-20,44,2186,2230
Politics,Matched (UK),2025-01-27,51,2353,2404
Politics,Matched (UK),2025-02-03,48,2405,2453
Politics,Matched (UK),2025-02-10,49,1915,1964
Politics,Matched (UK),2025-02-17,52,2511,2563
Politics,Matched (UK),2025-02-24,55,2191,2246
Politics,Matched (UK),2025-03-03,64,1824,1888
Politics,Matched (UK),2025-03-10,50,2009,2059
Politics,Matched (UK),2025-03-17,70,2604,2674
Politics,Matched (UK),2025-03-24,65,1961,2026
Politics,Matched (UK),2025-03-31,54,1781,1835
Politics,Matched (UK),2025-04-07,63,2244,2307
Politics,Matched (UK),2025-04-14,52,1818,1870
Politics,Matched (UK),2025-04-21,62,1978,2040
Politics,Matched (UK),2025-04-28,50,2513,2563
Politics,Matched (UK),2025-05-05,48,2205,2253
Politics,Matched (UK),2025-05-12,52,1927,1979
Politics,Matched (UK),2025-05-19,55,2107,2162
Politics,Matched (UK),2025-05-26,51,1946,1997
Politics,Matched (UK),2025-06-02,38,2118,2156
Politics,Matched (UK),2025-06-09,89,2444,2533
Politics,Matched (UK),2025-06-16,32,2205,2237
Politics,Matched (UK),2025-06-23,56,2698,2754
Politics,Matched (UK),2025-06-30,65,2719,2784
Politics,Matched (UK),2025-07-07,77,2211,2288
Politics,Matched (UK),2025-07-14,91,4174,4265
Politics,Matched (UK),2025-07-21,243,8414,8657
Politics,Matched (UK),2025-07-28,362,10570,10932
Politics,Matched (UK),2025-08-04,127,3872,3999
Politics,Matched (UK),2025-08-11,109,3236,3345
Politics,Matched (UK),2025-08-18,110,3596,3706
Politics,Matched (UK),2025-08-25,53,2813,2866
Politics,Matched (UK),2025-09-01,74,2325,2399
Politics,Matched (UK),2025-09-08,57,1994,2051
Politics,Matched (UK),2025-09-15,55,2112,2167
Politics,Matched (UK),2025-09-22,55,3006,3061
Politics,Matched (UK),2025-09-29,71,2826,2897
Politics,Matched (UK),2025-10-06,84,2857,2941
Politics,Matched (UK),2025-10-13,79,2063,2142
Politics,Matched (UK),2025-10-20,54,1771,1825
Politics,Classified,2021-11-01,7,138,145
Politics,Classified,2021-11-08,5,72,77
Politics,Classified,2021-11-15,8,112,120
Politics,Classified,2021-11-22,4,139,143
Politics,Classified,2021-11-29,5,102,107
Politics,Classified,2021-12-06,4,95,99
Politics,Classified,2021-12-13,6,100,106
Politics,Classified,2021-12-20,2,54,56
Politics,Classified,2021-12-27,4,85,89
Politics,Classified,2022-01-03,0,97,97
Politics,Classified,2022-01-10,6,112,118
Politics,Classified,2022-01-17,13,133,146
Politics,Classified,2022-01-24,4,112,116
Politics,Classified,2022-01-31,9,121,130
Politics,Classified,2022-02-07,26,464,490
Politics,Classified,2022-02-14,7,235,242
Politics,Classified,2022-02-21,6,113,119
Politics,Classified,2022-02-28,8,136,144
Politics,Classified,2022-03-07,12,96,108
Politics,Classified,2022-03-14,27,180,207
Politics,Classified,2022-03-21,9,101,110
Politics,Classified,2022-03-28,9,92,101
Politics,Classified,2022-04-04,3,120,123
Politics,Classified,2022-04-11,5,75,80
Politics,Classified,2022-04-18,8,124,132
Politics,Classified,2022-04-25,18,118,136
Politics,Classified,2022-05-02,3,83,86
Politics,Classified,2022-05-09,3,66,69
Politics,Classified,2022-05-16,4,93,97
Politics,Classified,2022-05-23,11,90,101
Politics,Classified,2022-05-30,4,55,59
Politics,Classified,2022-06-06,1,81,82
Politics,Classified,2022-06-13,1,134,135
Politics,Classified,2022-06-20,5,76,81
Politics,Classified,2022-06-27,9,128,137
Politics,Classified,2022-07-04,5,160,165
Politics,Classified,2022-07-11,21,148,169
Politics,Classified,2022-07-18,17,175,192
Politics,Classified,2022-07-25,14,115,129
Politics,Classified,2022-08-01,4,108,112
Politics,Classified,2022-08-08,7,104,111
Politics,Classified,2022-08-15,13,131,144
Politics,Classified,2022-08-22,2,70,72
Politics,Classified,2022-08-29,5,96,101
Politics,Classified,2022-09-05,3,95,98
Politics,Classified,2022-09-12,1,59,60
Politics,Classified,2022-09-19,7,65,72
Politics,Classified,2022-09-26,11,73,84
Politics,Classified,2022-10-03,4,75,79
Politics,Classified,2022-10-10,6,137,143
Politics,Classified,2022-10-17,5,123,128
Politics,Classified,2022-10-24,10,88,98
Politics,Classified,2022-10-31,5,91,96
Politics,Classified,2022-11-07,7,98,105
Politics,Classified,2022-11-14,4,76,80
Politics,Classified,2022-11-21,9,87,96
Politics,Classified,2022-11-28,11,151,162
Politics,Classified,2022-12-05,19,415,434
Politics,Classified,2022-12-12,0,85,85
Politics,Classified,2022-12-19,0,81,81
Politics,Classified,2022-12-26,11,112,123
Politics,Classified,2023-01-02,3,86,89
Politics,Classified,2023-01-09,14,170,184
Politics,Classified,2023-01-16,13,203,216
Politics,Classified,2023-01-23,4,99,103
Politics,Classified,2023-01-30,11,191,202
Politics,Classified,2023-02-06,5,88,93
Politics,Classified,2023-02-13,5,88,93
Politics,Classified,2023-02-20,12,173,185
Politics,Classified,2023-02-27,5,159,164
Politics,Classified,2023-03-06,17,233,250
Politics,Classified,2023-03-13,13,121,134
Politics,Classified,2023-03-20,4,123,127
Politics,Classified,2023-03-27,4,77,81
Politics,Classified,2023-04-03,10,103,113
Politics,Classified,2023-04-10,5,110,115
Politics,Classified,2023-04-17,8,137,145
Politics,Classified,2023-04-24,9,120,129
Politics,Classified,2023-05-01,6,86,92
Politics,Classified,2023-05-08,9,194,203
Politics,Classified,2023-05-15,5,93,98
Politics,Classified,2023-05-22,8,145,153
Politics,Classified,2023-05-29,5,163,168
Politics,Classified,2023-06-05,6,81,87
Politics,Classified,2023-06-12,1,88,89
Politics,Classified,2023-06-19,6,89,95
Politics,Classified,2023-06-26,13,177,190
Politics,Classified,2023-07-03,15,251,266
Politics,Classified,2023-07-10,3,153,156
Politics,Classified,2023-07-17,6,142,148
Politics,Classified,2023-07-24,11,145,156
Politics,Classified,2023-07-31,8,73,81
Politics,Classified,2023-08-07,10,154,164
Politics,Classified,2023-08-14,7,193,200
Politics,Classified,2023-08-21,7,149,156
Politics,Classified,2023-08-28,5,112,117
Politics,Classified,2023-09-04,19,246,265
Politics,Classified,2023-09-11,10,105,115
Politics,Classified,2023-09-18,29,290,319
Politics,Classified,2023-09-25,7,186,193
Politics,Classified,2023-10-02,12,141,153
Politics,Classified,2023-10-09,8,84,92
Politics,Classified,2023-10-16,12,109,121
Politics,Classified,2023-10-23,18,273,291
Politics,Classified,2023-10-30,13,103,116
Politics,Classified,2023-11-06,11,169,180
Politics,Classified,2023-11-13,7,85,92
Politics,Classified,2023-11-20,3,89,92
Politics,Classified,2023-11-27,5,115,120
Politics,Classified,2023-12-04,16,216,232
Politics,Classified,2023-12-11,7,194,201
Politics,Classified,2023-12-18,2,106,108
Politics,Classified,2023-12-25,1,68,69
Politics,Classified,2024-01-01,2,108,110
Politics,Classified,2024-01-08,8,85,93
Politics,Classified,2024-01-15,6,79,85
Politics,Classified,2024-01-22,14,132,146
Politics,Classified,2024-01-29,8,157,165
Politics,Classified,2024-02-05,12,250,262
Politics,Classified,2024-02-12,6,157,163
Politics,Classified,2024-02-19,16,147,163
Politics,Classified,2024-02-26,15,126,141
Politics,Classified,2024-03-04,11,120,131
Politics,Classified,2024-03-11,5,63,68
Politics,Classified,2024-03-18,17,149,166
Politics,Classified,2024-03-25,2,105,107
Politics,Classified,2024-04-01,11,132,143
Politics,Classified,2024-04-08,8,120,128
Politics,Classified,2024-04-15,14,186,200
Politics,Classified,2024-04-22,23,112,135
Politics,Classified,2024-04-29,8,130,138
Politics,Classified,2024-05-06,6,141,147
Politics,Classified,2024-05-13,5,109,114
Politics,Classified,2024-05-20,22,145,167
Politics,Classified,2024-05-27,5,101,106
Politics,Classified,2024-06-03,5,110,115
Politics,Classified,2024-06-10,6,86,92
Politics,Classified,2024-06-17,4,103,107
Politics,Classified,2024-06-24,6,91,97
Politics,Classified,2024-07-01,7,189,196
Politics,Classified,2024-07-08,4,123,127
Politics,Classified,2024-07-15,9,93,102
Politics,Classified,2024-07-22,5,88,93
Politics,Classified,2024-07-29,11,182,193
Politics,Classified,2024-08-05,19,292,311
Politics,Classified,2024-08-12,12,115,127
Politics,Classified,2024-08-19,8,90,98
Politics,Classified,2024-08-26,7,126,133
Politics,Classified,2024-09-02,8,104,112
Politics,Classified,2024-09-09,7,82,89
Politics,Classified,2024-09-16,3,90,93
Politics,Classified,2024-09-23,8,63,71
Politics,Classified,2024-09-30,9,95,104
Politics,Classified,2024-10-07,0,62,62
Politics,Classified,2024-10-14,13,180,193
Politics,Classified,2024-10-21,9,91,100
Politics,Classified,2024-10-28,7,75,82
Politics,Classified,2024-11-04,6,67,73
Politics,Classified,2024-11-11,9,180,189
Politics,Classified,2024-11-18,4,158,162
Politics,Classified,2024-11-25,14,328,342
Politics,Classified,2024-12-02,4,76,80
Politics,Classified,2024-12-09,6,147,153
Politics,Classified,2024-12-16,27,278,305
Politics,Classified,2024-12-23,9,137,146
Politics,Classified,2024-12-30,6,144,150
Politics,Classified,2025-01-06,9,230,239
Politics,Classified,2025-01-13,16,759,775
Politics,Classified,2025-01-20,6,232,238
Politics,Classified,2025-01-27,6,169,175
Politics,Classified,2025-02-03,12,332,344
Politics,Classified,2025-02-10,12,206,218
Politics,Classified,2025-02-17,21,483,504
Politics,Classified,2025-02-24,19,190,209
Politics,Classified,2025-03-03,12,170,182
Politics,Classified,2025-03-10,5,200,205
Politics,Classified,2025-03-17,19,243,262
Politics,Classified,2025-03-24,13,161,174
Politics,Classified,2025-03-31,16,157,173
Politics,Classified,2025-04-07,14,279,293
Politics,Classified,2025-04-14,12,190,202
Politics,Classified,2025-04-21,14,141,155
Politics,Classified,2025-04-28,13,526,539
Politics,Classified,2025-05-05,7,174,181
Politics,Classified,2025-05-12,6,163,169
Politics,Classified,2025-05-19,5,123,128
Politics,Classified,2025-05-26,16,116,132
Politics,Classified,2025-06-02,2,156,158
Politics,Classified,2025-06-09,10,100,110
Politics,Classified,2025-06-16,14,241,255
Politics,Classified,2025-06-23,13,430,443
Politics,Classified,2025-06-30,16,290,306
Politics,Classified,2025-07-07,18,237,255
Politics,Classified,2025-07-14,54,1156,1210
Politics,Classified,2025-07-21,276,4914,5190
Politics,Classified,2025-07-28,453,8036,8489
Politics,Classified,2025-08-04,137,2050,2187
Politics,Classified,2025-08-11,89,1536,1625
Politics,Classified,2025-08-18,88,1922,2010
Politics,Classified,2025-08-25,38,963,1001
Politics,Classified,2025-09-01,32,715,747
Politics,Classified,2025-09-08,24,517,541
Politics,Classified,2025-09-15,12,432,444
Politics,Classified,2025-09-22,22,1142,1164
Politics,Classified,2025-09-29,38,1247,1285
Politics,Classified,2025-10-06,34,850,884
Politics,Classified,2025-10-13,23,589,612
Politics,Classified,2025-10-20,22,463,485
Politics,Classified (UK),2021-11-01,7,96,103
Politics,Classified (UK),2021-11-08,5,58,63
Politics,Classified (UK),2021-11-15,6,83,89
Politics,Classified (UK),2021-11-22,3,104,107
Politics,Classified (UK),2021-11-29,2,78,80
Politics,Classified (UK),2021-12-06,3,64,67
Politics,Classified (UK),2021-12-13,3,73,76
Politics,Classified (UK),2021-12-20,1,36,37
Politics,Classified (UK),2021-12-27,1,61,62
Politics,Classified (UK),2022-01-03,0,69,69
Politics,Classified (UK),2022-01-10,3,76,79
Politics,Classified (UK),2022-01-17,6,98,104
Politics,Classified (UK),2022-01-24,4,90,94
Politics,Classified (UK),2022-01-31,5,101,106
Politics,Classified (UK),2022-02-07,11,354,365
Politics,Classified (UK),2022-02-14,7,189,196
Politics,Classified (UK),2022-02-21,6,83,89
Politics,Classified (UK),2022-02-28,2,84,86
Politics,Classified (UK),2022-03-07,7,70,77
Politics,Classified (UK),2022-03-14,15,133,148
Politics,Classified (UK),2022-03-21,3,72,75
Politics,Classified (UK),2022-03-28,3,73,76
Politics,Classified (UK),2022-04-04,2,94,96
Politics,Classified (UK),2022-04-11,0,55,55
Politics,Classified (UK),2022-04-18,5,93,98
Politics,Classified (UK),2022-04-25,12,82,94
Politics,Classified (UK),2022-05-02,2,68,70
Politics,Classified (UK),2022-05-09,0,51,51
Politics,Classified (UK),2022-05-16,0,68,68
Politics,Classified (UK),2022-05-23,6,68,74
Politics,Classified (UK),2022-05-30,2,37,39
Politics,Classified (UK),2022-06-06,1,65,66
Politics,Classified (UK),2022-06-13,1,94,95
Politics,Classified (UK),2022-06-20,3,58,61
Politics,Classified (UK),2022-06-27,6,92,98
Politics,Classified (UK),2022-07-04,2,114,116
Politics,Classified (UK),2022-07-11,11,112,123
Politics,Classified (UK),2022-07-18,11,124,135
Politics,Classified (UK),2022-07-25,9,83,92
Politics,Classified (UK),2022-08-01,1,81,82
Politics,Classified (UK),2022-08-08,4,74,78
Politics,Classified (UK),2022-08-15,7,96,103
Politics,Classified (UK),2022-08-22,2,50,52
Politics,Classified (UK),2022-08-29,2,77,79
Politics,Classified (UK),2022-09-05,2,83,85
Politics,Classified (UK),2022-09-12,0,49,49
Politics,Classified (UK),2022-09-19,2,50,52
Politics,Classified (UK),2022-09-26,4,56,60
Politics,Classified (UK),2022-10-03,4,57,61
Politics,Classified (UK),2022-10-10,4,115,119
Politics,Classified (UK),2022-10-17,3,107,110
Politics,Classified (UK),2022-10-24,6,67,73
Politics,Classified (UK),2022-10-31,2,65,67
Politics,Classified (UK),2022-11-07,3,73,76
Politics,Classified (UK),2022-11-14,1,57,58
Politics,Classified (UK),2022-11-21,1,58,59
Politics,Classified (UK),2022-11-28,7,110,117
Politics,Classified (UK),2022-12-05,12,324,336
Politics,Classified (UK),2022-12-12,0,69,69
Politics,Classified (UK),2022-12-19,0,59,59
Politics,Classified (UK),2022-12-26,6,80,86
Politics,Classified (UK),2023-01-02,0,59,59
Politics,Classified (UK),2023-01-09,11,126,137
Politics,Classified (UK),2023-01-16,8,137,145
Politics,Classified (UK),2023-01-23,1,73,74
Politics,Classified (UK),2023-01-30,6,145,151
Politics,Classified (UK),2023-02-06,2,71,73
Politics,Classified (UK),2023-02-13,2,70,72
Politics,Classified (UK),2023-02-20,8,120,128
Politics,Classified (UK),2023-02-27,3,98,101
Politics,Classified (UK),2023-03-06,10,163,173
Politics,Classified (UK),2023-03-13,7,98,105
Politics,Classified (UK),2023-03-20,3,98,101
Politics,Classified (UK),2023-03-27,2,58,60
Politics,Classified (UK),2023-04-03,9,81,90
Politics,Classified (UK),2023-04-10,4,81,85
Politics,Classified (UK),2023-04-17,4,93,97
Politics,Classified (UK),2023-04-24,6,93,99
Politics,Classified (UK),2023-05-01,4,47,51
Politics,Classified (UK),2023-05-08,4,148,152
Politics,Classified (UK),2023-05-15,5,72,77
Politics,Classified (UK),2023-05-22,6,113,119
Politics,Classified (UK),2023-05-29,1,123,124
Politics,Classified (UK),2023-06-05,3,66,69
Politics,Classified (UK),2023-06-12,1,69,70
Politics,Classified (UK),2023-06-19,3,66,69
Politics,Classified (UK),2023-06-26,5,129,134
Politics,Classified (UK),2023-07-03,7,203,210
Politics,Classified (UK),2023-07-10,2,127,129
Politics,Classified (UK),2023-07-17,5,102,107
Politics,Classified (UK),2023-07-24,6,110,116
Politics,Classified (UK),2023-07-31,4,51,55
Politics,Classified (UK),2023-08-07,5,122,127
Politics,Classified (UK),2023-08-14,6,151,157
Politics,Classified (UK),2023-08-21,2,102,104
Politics,Classified (UK),2023-08-28,1,89,90
Politics,Classified (UK),2023-09-04,4,163,167
Politics,Classified (UK),2023-09-11,5,68,73
Politics,Classified (UK),2023-09-18,11,180,191
Politics,Classified (UK),2023-09-25,3,154,157
Politics,Classified (UK),2023-10-02,6,108,114
Politics,Classified (UK),2023-10-09,5,68,73
Politics,Classified (UK),2023-10-16,6,86,92
Politics,Classified (UK),2023-10-23,11,198,209
Politics,Classified (UK),2023-10-30,8,73,81
Politics,Classified (UK),2023-11-06,5,122,127
Politics,Classified (UK),2023-11-13,2,64,66
Politics,Classified (UK),2023-11-20,1,71,72
Politics,Classified (UK),2023-11-27,4,90,94
Politics,Classified (UK),2023-12-04,9,161,170
Politics,Classified (UK),2023-12-11,3,160,163
Politics,Classified (UK),2023-12-18,1,94,95
Politics,Classified (UK),2023-12-25,1,53,54
Politics,Classified (UK),2024-01-01,1,86,87
Politics,Classified (UK),2024-01-08,5,68,73
Politics,Classified (UK),2024-01-15,3,64,67
Politics,Classified (UK),2024-01-22,8,101,109
Politics,Classified (UK),2024-01-29,6,119,125
Politics,Classified (UK),2024-02-05,9,202,211
Politics,Classified (UK),2024-02-12,4,122,126
Politics,Classified (UK),2024-02-19,12,115,127
Politics,Classified (UK),2024-02-26,8,98,106
Politics,Classified (UK),2024-03-04,7,94,101
Politics,Classified (UK),2024-03-11,3,48,51
Politics,Classified (UK),2024-03-18,10,120,130
Politics,Classified (UK),2024-03-25,0,85,85
Politics,Classified (UK),2024-04-01,4,111,115
Politics,Classified (UK),2024-04-08,6,95,101
Politics,Classified (UK),2024-04-15,8,153,161
Politics,Classified (UK),2024-04-22,8,80,88
Politics,Classified (UK),2024-04-29,2,87,89
Politics,Classified (UK),2024-05-06,4,93,97
Politics,Classified (UK),2024-05-13,3,75,78
Politics,Classified (UK),2024-05-20,14,113,127
Politics,Classified (UK),2024-05-27,3,78,81
Politics,Classified (UK),2024-06-03,4,89,93
Politics,Classified (UK),2024-06-10,5,59,64
Politics,Classified (UK),2024-06-17,3,83,86
Politics,Classified (UK),2024-06-24,4,79,83
Politics,Classified (UK),2024-07-01,5,141,146
Politics,Classified (UK),2024-07-08,2,96,98
Politics,Classified (UK),2024-07-15,4,78,82
Politics,Classified (UK),2024-07-22,5,69,74
Politics,Classified (UK),2024-07-29,6,142,148
Politics,Classified (UK),2024-08-05,15,232,247
Politics,Classified (UK),2024-08-12,7,96,103
Politics,Classified (UK),2024-08-19,5,72,77
Politics,Classified (UK),2024-08-26,4,95,99
Politics,Classified (UK),2024-09-02,2,76,78
Politics,Classified (UK),2024-09-09,4,65,69
Politics,Classified (UK),2024-09-16,2,80,82
Politics,Classified (UK),2024-09-23,3,46,49
Politics,Classified (UK),2024-09-30,3,67,70
Politics,Classified (UK),2024-10-07,0,52,52
Politics,Classified (UK),2024-10-14,4,137,141
Politics,Classified (UK),2024-10-21,4,69,73
Politics,Classified (UK),2024-10-28,5,56,61
Politics,Classified (UK),2024-11-04,1,56,57
Politics,Classified (UK),2024-11-11,3,142,145
Politics,Classified (UK),2024-11-18,2,125,127
Politics,Classified (UK),2024-11-25,10,274,284
Politics,Classified (UK),2024-12-02,3,62,65
Politics,Classified (UK),2024-12-09,5,126,131
Politics,Classified (UK),2024-12-16,10,199,209
Politics,Classified (UK),2024-12-23,5,93,98
Politics,Classified (UK),2024-12-30,3,97,100
Politics,Classified (UK),2025-01-06,4,190,194
Politics,Classified (UK),2025-01-13,10,606,616
Politics,Classified (UK),2025-01-20,4,186,190
Politics,Classified (UK),2025-01-27,2,141,143
Politics,Classified (UK),2025-02-03,4,267,271
Politics,Classified (UK),2025-02-10,1,159,160
Politics,Classified (UK),2025-02-17,8,393,401
Politics,Classified (UK),2025-02-24,10,154,164
Politics,Classified (UK),2025-03-03,5,129,134
Politics,Classified (UK),2025-03-10,3,145,148
Politics,Classified (UK),2025-03-17,11,193,204
Politics,Classified (UK),2025-03-24,10,116,126
Politics,Classified (UK),2025-03-31,10,115,125
Politics,Classified (UK),2025-04-07,7,215,222
Politics,Classified (UK),2025-04-14,6,129,135
Politics,Classified (UK),2025-04-21,5,100,105
Politics,Classified (UK),2025-04-28,6,404,410
Politics,Classified (UK),2025-05-05,3,128,131
Politics,Classified (UK),2025-05-12,3,139,142
Politics,Classified (UK),2025-05-19,4,92,96
Politics,Classified (UK),2025-05-26,8,98,106
Politics,Classified (UK),2025-06-02,0,130,130
Politics,Classified (UK),2025-06-09,4,73,77
Politics,Classified (UK),2025-06-16,2,196,198
Politics,Classified (UK),2025-06-23,4,328,332
Politics,Classified (UK),2025-06-30,7,210,217
Politics,Classified (UK),2025-07-07,11,175,186
Politics,Classified (UK),2025-07-14,21,899,920
Politics,Classified (UK),2025-07-21,164,3713,3877
Politics,Classified (UK),2025-07-28,288,6185,6473
Politics,Classified (UK),2025-08-04,78,1535,1613
Politics,Classified (UK),2025-08-11,43,1177,1220
Politics,Classified (UK),2025-08-18,54,1486,1540
Politics,Classified (UK),2025-08-25,18,720,738
Politics,Classified (UK),2025-09-01,21,520,541
Politics,Classified (UK),2025-09-08,13,388,401
Politics,Classified (UK),2025-09-15,2,319,321
Politics,Classified (UK),2025-09-22,8,868,876
Politics,Classified (UK),2025-09-29,22,932,954
Politics,Classified (UK),2025-10-06,20,661,681
Politics,Classified (UK),2025-10-13,13,430,443
Politics,Classified (UK),2025-10-20,9,352,361
