group,definition,k,week,posts,comments,total
VPN,Raw,1,2021-11-01,39,570,609
VPN,Raw,2,2021-11-01,17,213,230
VPN,Raw,3,2021-11-01,12,123,135
VPN,Raw,4,2021-11-01,6,73,79
VPN,Raw,5,2021-11-01,4,57,61
VPN,Raw,1,2021-11-08,52,490,542
VPN,Raw,2,2021-11-08,17,149,166
VPN,Raw,3,2021-11-08,8,93,101
VPN,Raw,4,2021-11-08,5,53,58
VPN,Raw,5,2021-11-08,4,32,36
VPN,Raw,1,2021-11-15,39,417,456
VPN,Raw,2,2021-11-15,14,139,153
VPN,Raw,3,2021-11-15,11,89,100
VPN,Raw,4,2021-11-15,7,49,56
VPN,Raw,5,2021-11-15,6,29,35
VPN,Raw,1,2021-11-22,51,475,526
VPN,Raw,2,2021-11-22,26,183,209
VPN,Raw,3,2021-11-22,12,106,118
VPN,Raw,4,2021-11-22,9,59,68
VPN,Raw,5,2021-11-22,6,40,46
VPN,Raw,1,2021-11-29,34,502,536
VPN,Raw,2,2021-11-29,15,194,209
VPN,Raw,3,2021-11-29,7,106,113
VPN,Raw,4,2021-11-29,4,75,79
VPN,Raw,5,2021-11-29,3,49,52
VPN,Raw,1,2021-12-06,53,441,494
VPN,Raw,2,2021-12-06,19,147,166
VPN,Raw,3,2021-12-06,12,88,100
VPN,Raw,4,2021-12-06,5,41,46
VPN,Raw,5,2021-12-06,3,22,25
VPN,Raw,1,2021-12-13,48,541,589
VPN,Raw,2,2021-12-13,18,165,183
VPN,Raw,3,2021-12-13,10,97,107
VPN,Raw,4,2021-12-13,5,64,69
VPN,Raw,5,2021-12-13,2,40,42
VPN,Raw,1,2021-12-20,36,608,644
VPN,Raw,2,2021-12-20,16,167,183
VPN,Raw,3,2021-12-20,9,69,78
VPN,Raw,4,2021-12-20,7,43,50
VPN,Raw,5,2021-12-20,6,25,31
VPN,Raw,1,2021-12-27,44,527,571
VPN,Raw,2,2021-12-27,20,187,207
VPN,Raw,3,2021-12-27,9,104,113
VPN,Raw,4,2021-12-27,7,57,64
VPN,Raw,5,2021-12-27,3,45,48
VPN,Raw,1,2022-01-03,54,714,768
VPN,Raw,2,2022-01-03,19,270,289
VPN,Raw,3,2022-01-03,10,129,139
VPN,Raw,4,2022-01-03,6,77,83
VPN,Raw,5,2022-01-03,3,51,54
VPN,Raw,1,2022-01-10,55,651,706
VPN,Raw,2,2022-01-10,13,199,212
VPN,Raw,3,2022-01-10,8,111,119
VPN,Raw,4,2022-01-10,4,66,70
VPN,Raw,5,2022-01-10,4,38,42
VPN,Raw,1,2022-01-17,62,817,879
VPN,Raw,2,2022-01-17,20,259,279
VPN,Raw,3,2022-01-17,8,156,164
VPN,Raw,4,2022-01-17,5,103,108
VPN,Raw,5,2022-01-17,4,75,79
VPN,Raw,1,2022-01-24,44,531,575
VPN,Raw,2,2022-01-24,21,161,182
VPN,Raw,3,2022-01-24,16,83,99
VPN,Raw,4,2022-01-24,8,38,46
VPN,Raw,5,2022-01-24,6,31,37
VPN,Raw,1,2022-01-31,60,626,686
VPN,Raw,2,2022-01-31,25,174,199
VPN,Raw,3,2022-01-31,12,90,102
VPN,Raw,4,2022-01-31,6,58,64
VPN,Raw,5,2022-01-31,6,43,49
VPN,Raw,1,2022-02-07,66,602,668
VPN,Raw,2,2022-02-07,31,201,232
VPN,Raw,3,2022-02-07,19,117,136
VPN,Raw,4,2022-02-07,3,60,63
VPN,Raw,5,2022-02-07,3,34,37
VPN,Raw,1,2022-02-14,55,537,592
VPN,Raw,2,2022-02-14,14,195,209
VPN,Raw,3,2022-02-14,9,104,113
VPN,Raw,4,2022-02-14,2,61,63
VPN,Raw,5,2022-02-14,2,44,46
VPN,Raw,1,2022-02-21,50,491,541
VPN,Raw,2,2022-02-21,20,144,164
VPN,Raw,3,2022-02-21,12,86,98
VPN,Raw,4,2022-02-21,8,41,49
VPN,Raw,5,2022-02-21,5,33,38
VPN,Raw,1,2022-02-28,33,468,501
VPN,Raw,2,2022-02-28,11,150,161
VPN,Raw,3,2022-02-28,6,113,119
VPN,Raw,4,2022-02-28,2,72,74
VPN,Raw,5,2022-02-28,2,65,67
VPN,Raw,1,2022-03-07,49,592,641
VPN,Raw,2,2022-03-07,20,128,148
VPN,Raw,3,2022-03-07,11,78,89
VPN,Raw,4,2022-03-07,5,52,57
VPN,Raw,5,2022-03-07,2,33,35
VPN,Raw,1,2022-03-14,52,664,716
VPN,Raw,2,2022-03-14,21,252,273
VPN,Raw,3,2022-03-14,10,172,182
VPN,Raw,4,2022-03-14,5,137,142
VPN,Raw,5,2022-03-14,2,44,46
VPN,Raw,1,2022-03-21,40,525,565
VPN,Raw,2,2022-03-21,14,207,221
VPN,Raw,3,2022-03-21,10,115,125
VPN,Raw,4,2022-03-21,5,63,68
VPN,Raw,5,2022-03-21,5,40,45
VPN,Raw,1,2022-03-28,33,475,508
VPN,Raw,2,2022-03-28,13,176,189
VPN,Raw,3,2022-03-28,7,99,106
VPN,Raw,4,2022-03-28,5,67,72
VPN,Raw,5,2022-03-28,3,46,49
VPN,Raw,1,2022-04-04,53,526,579
VPN,Raw,2,2022-04-04,13,120,133
VPN,Raw,3,2022-04-04,8,79,87
VPN,Raw,4,2022-04-04,3,48,51
VPN,Raw,5,2022-04-04,1,32,33
VPN,Raw,1,2022-04-11,37,502,539
VPN,Raw,2,2022-04-11,13,153,166
VPN,Raw,3,2022-04-11,5,84,89
VPN,Raw,4,2022-04-11,4,51,55
VPN,Raw,5,2022-04-11,2,34,36
VPN,Raw,1,2022-04-18,46,587,633
VPN,Raw,2,2022-04-18,19,190,209
VPN,Raw,3,2022-04-18,12,131,143
VPN,Raw,4,2022-04-18,4,71,75
VPN,Raw,5,2022-04-18,4,56,60
VPN,Raw,1,2022-04-25,59,528,587
VPN,Raw,2,2022-04-25,27,141,168
VPN,Raw,3,2022-04-25,19,78,97
VPN,Raw,4,2022-04-25,10,50,60
VPN,Raw,5,2022-04-25,9,32,41
VPN,Raw,1,2022-05-02,52,482,534
VPN,Raw,2,2022-05-02,21,142,163
VPN,Raw,3,2022-05-02,14,88,102
VPN,Raw,4,2022-05-02,4,55,59
VPN,Raw,5,2022-05-02,2,37,39
VPN,Raw,1,2022-05-09,45,440,485
VPN,Raw,2,2022-05-09,20,156,176
VPN,Raw,3,2022-05-09,8,71,79
VPN,Raw,4,2022-05-09,8,48,56
VPN,Raw,5,2022-05-09,6,32,38
VPN,Raw,1,2022-05-16,32,420,452
VPN,Raw,2,2022-05-16,9,146,155
VPN,Raw,3,2022-05-16,6,98,104
VPN,Raw,4,2022-05-16,1,51,52
VPN,Raw,5,2022-05-16,0,32,32
VPN,Raw,1,2022-05-23,42,600,642
VPN,Raw,2,2022-05-23,13,175,188
VPN,Raw,3,2022-05-23,8,112,120
VPN,Raw,4,2022-05-23,6,56,62
VPN,Raw,5,2022-05-23,3,32,35
VPN,Raw,1,2022-05-30,36,551,587
VPN,Raw,2,2022-05-30,11,183,194
VPN,Raw,3,2022-05-30,6,107,113
VPN,Raw,4,2022-05-30,4,68,72
VPN,Raw,5,2022-05-30,1,34,35
VPN,Raw,1,2022-06-06,47,551,598
VPN,Raw,2,2022-06-06,21,180,201
VPN,Raw,3,2022-06-06,12,112,124
VPN,Raw,4,2022-06-06,10,52,62
VPN,Raw,5,2022-06-06,7,38,45
VPN,Raw,1,2022-06-13,43,458,501
VPN,Raw,2,2022-06-13,18,147,165
VPN,Raw,3,2022-06-13,7,89,96
VPN,Raw,4,2022-06-13,5,45,50
VPN,Raw,5,2022-06-13,4,28,32
VPN,Raw,1,2022-06-20,46,446,492
VPN,Raw,2,2022-06-20,21,131,152
VPN,Raw,3,2022-06-20,11,63,74
VPN,Raw,4,2022-06-20,9,25,34
VPN,Raw,5,2022-06-20,3,19,22
VPN,Raw,1,2022-06-27,47,422,469
VPN,Raw,2,2022-06-27,25,139,164
VPN,Raw,3,2022-06-27,12,89,101
VPN,Raw,4,2022-06-27,8,46,54
VPN,Raw,5,2022-06-27,6,20,26
VPN,Raw,1,2022-07-04,35,388,423
VPN,Raw,2,2022-07-04,18,109,127
VPN,Raw,3,2022-07-04,9,62,71
VPN,Raw,4,2022-07-04,3,47,50
VPN,Raw,5,2022-07-04,3,30,33
VPN,Raw,1,2022-07-11,34,548,582
VPN,Raw,2,2022-07-11,15,124,139
VPN,Raw,3,2022-07-11,10,72,82
VPN,Raw,4,2022-07-11,4,52,56
VPN,Raw,5,2022-07-11,4,34,38
VPN,Raw,1,2022-07-18,45,508,553
VPN,Raw,2,2022-07-18,20,180,200
VPN,Raw,3,2022-07-18,9,101,110
VPN,Raw,4,2022-07-18,6,47,53
VPN,Raw,5,2022-07-18,4,31,35
VPN,Raw,1,2022-07-25,45,487,532
VPN,Raw,2,2022-07-25,13,161,174
VPN,Raw,3,2022-07-25,3,73,76
VPN,Raw,4,2022-07-25,3,39,42
VPN,Raw,5,2022-07-25,2,26,28
VPN,Raw,1,2022-08-01,41,524,565
VPN,Raw,2,2022-08-01,17,160,177
VPN,Raw,3,2022-08-01,8,83,91
VPN,Raw,4,2022-08-01,6,50,56
VPN,Raw,5,2022-08-01,5,23,28
VPN,Raw,1,2022-08-08,45,586,631
VPN,Raw,2,2022-08-08,19,241,260
VPN,Raw,3,2022-08-08,7,97,104
VPN,Raw,4,2022-08-08,4,59,63
VPN,Raw,5,2022-08-08,2,36,38
VPN,Raw,1,2022-08-15,60,498,558
VPN,Raw,2,2022-08-15,25,158,183
VPN,Raw,3,2022-08-15,7,83,90
VPN,Raw,4,2022-08-15,4,59,63
VPN,Raw,5,2022-08-15,3,49,52
VPN,Raw,1,2022-08-22,55,599,654
VPN,Raw,2,2022-08-22,20,189,209
VPN,Raw,3,2022-08-22,9,94,103
VPN,Raw,4,2022-08-22,7,55,62
VPN,Raw,5,2022-08-22,3,28,31
VPN,Raw,1,2022-08-29,37,626,663
VPN,Raw,2,2022-08-29,10,198,208
VPN,Raw,3,2022-08-29,6,110,116
VPN,Raw,4,2022-08-29,1,70,71
VPN,Raw,5,2022-08-29,0,41,41
VPN,Raw,1,2022-09-05,46,589,635
VPN,Raw,2,2022-09-05,13,199,212
VPN,Raw,3,2022-09-05,6,92,98
VPN,Raw,4,2022-09-05,1,54,55
VPN,Raw,5,2022-09-05,1,34,35
VPN,Raw,1,2022-09-12,50,528,578
VPN,Raw,2,2022-09-12,26,208,234
VPN,Raw,3,2022-09-12,10,140,150
VPN,Raw,4,2022-09-12,7,61,68
VPN,Raw,5,2022-09-12,6,44,50
VPN,Raw,1,2022-09-19,59,512,571
VPN,Raw,2,2022-09-19,26,174,200
VPN,Raw,3,2022-09-19,11,97,108
VPN,Raw,4,2022-09-19,8,44,52
VPN,Raw,5,2022-09-19,5,33,38
VPN,Raw,1,2022-09-26,49,497,546
VPN,Raw,2,2022-09-26,19,194,213
VPN,Raw,3,2022-09-26,9,119,128
VPN,Raw,4,2022-09-26,7,86,93
VPN,Raw,5,2022-09-26,4,49,53
VPN,Raw,1,2022-10-03,39,567,606
VPN,Raw,2,2022-10-03,14,217,231
VPN,Raw,3,2022-10-03,9,147,156
VPN,Raw,4,2022-10-03,6,87,93
VPN,Raw,5,2022-10-03,5,69,74
VPN,Raw,1,2022-10-10,53,545,598
VPN,Raw,2,2022-10-10,25,229,254
VPN,Raw,3,2022-10-10,6,99,105
VPN,Raw,4,2022-10-10,5,65,70
VPN,Raw,5,2022-10-10,4,45,49
VPN,Raw,1,2022-10-17,50,628,678
VPN,Raw,2,2022-10-17,19,215,234
VPN,Raw,3,2022-10-17,10,130,140
VPN,Raw,4,2022-10-17,6,84,90
VPN,Raw,5,2022-10-17,5,67,72
VPN,Raw,1,2022-10-24,52,532,584
VPN,Raw,2,2022-10-24,23,172,195
VPN,Raw,3,2022-10-24,12,116,128
VPN,Raw,4,2022-10-24,5,58,63
VPN,Raw,5,2022-10-24,2,45,47
VPN,Raw,1,2022-10-31,33,466,499
VPN,Raw,2,2022-10-31,15,157,172
VPN,Raw,3,2022-10-31,7,102,109
VPN,Raw,4,2022-10-31,5,67,72
VPN,Raw,5,2022-10-31,2,44,46
VPN,Raw,1,2022-11-07,37,504,541
VPN,Raw,2,2022-11-07,19,183,202
VPN,Raw,3,2022-11-07,12,114,126
VPN,Raw,4,2022-11-07,6,78,84
VPN,Raw,5,2022-11-07,4,61,65
VPN,Raw,1,2022-11-14,46,457,503
VPN,Raw,2,2022-11-14,18,178,196
VPN,Raw,3,2022-11-14,14,105,119
VPN,Raw,4,2022-11-14,6,55,61
VPN,Raw,5,2022-11-14,5,28,33
VPN,Raw,1,2022-11-21,52,481,533
VPN,Raw,2,2022-11-21,20,169,189
VPN,Raw,3,2022-11-21,10,110,120
VPN,Raw,4,2022-11-21,4,77,81
VPN,Raw,5,2022-11-21,1,43,44
VPN,Raw,1,2022-11-28,44,523,567
VPN,Raw,2,2022-11-28,23,193,216
VPN,Raw,3,2022-11-28,12,139,151
VPN,Raw,4,2022-11-28,5,79,84
VPN,Raw,5,2022-11-28,2,45,47
VPN,Raw,1,2022-12-05,63,509,572
VPN,Raw,2,2022-12-05,28,180,208
VPN,Raw,3,2022-12-05,21,102,123
VPN,Raw,4,2022-12-05,15,74,89
VPN,Raw,5,2022-12-05,9,35,44
VPN,Raw,1,2022-12-12,40,714,754
VPN,Raw,2,2022-12-12,13,231,244
VPN,Raw,3,2022-12-12,6,125,131
VPN,Raw,4,2022-12-12,5,58,63
VPN,Raw,5,2022-12-12,4,42,46
VPN,Raw,1,2022-12-19,55,548,603
VPN,Raw,2,2022-12-19,22,205,227
VPN,Raw,3,2022-12-19,8,115,123
VPN,Raw,4,2022-12-19,5,81,86
VPN,Raw,5,2022-12-19,4,55,59
VPN,Raw,1,2022-12-26,43,765,808
VPN,Raw,2,2022-12-26,15,271,286
VPN,Raw,3,2022-12-26,7,157,164
VPN,Raw,4,2022-12-26,6,107,113
VPN,Raw,5,2022-12-26,2,67,69
VPN,Raw,1,2023-01-02,49,599,648
VPN,Raw,2,2023-01-02,26,233,259
VPN,Raw,3,2023-01-02,11,127,138
VPN,Raw,4,2023-01-02,7,68,75
VPN,Raw,5,2023-01-02,5,34,39
VPN,Raw,1,2023-01-09,49,528,577
VPN,Raw,2,2023-01-09,13,195,208
VPN,Raw,3,2023-01-09,8,92,100
VPN,Raw,4,2023-01-09,7,47,54
VPN,Raw,5,2023-01-09,3,34,37
VPN,Raw,1,2023-01-16,49,559,608
VPN,Raw,2,2023-01-16,14,176,190
VPN,Raw,3,2023-01-16,5,94,99
VPN,Raw,4,2023-01-16,1,52,53
VPN,Raw,5,2023-01-16,1,37,38
VPN,Raw,1,2023-01-23,59,636,695
VPN,Raw,2,2023-01-23,22,223,245
VPN,Raw,3,2023-01-23,13,118,131
VPN,Raw,4,2023-01-23,2,60,62
VPN,Raw,5,2023-01-23,2,44,46
VPN,Raw,1,2023-01-30,63,486,549
VPN,Raw,2,2023-01-30,29,194,223
VPN,Raw,3,2023-01-30,11,135,146
VPN,Raw,4,2023-01-30,4,80,84
VPN,Raw,5,2023-01-30,2,63,65
VPN,Raw,1,2023-02-06,47,671,718
VPN,Raw,2,2023-02-06,19,293,312
VPN,Raw,3,2023-02-06,12,154,166
VPN,Raw,4,2023-02-06,4,72,76
VPN,Raw,5,2023-02-06,3,47,50
VPN,Raw,1,2023-02-13,54,482,536
VPN,Raw,2,2023-02-13,25,181,206
VPN,Raw,3,2023-02-13,11,94,105
VPN,Raw,4,2023-02-13,4,55,59
VPN,Raw,5,2023-02-13,4,47,51
VPN,Raw,1,2023-02-20,43,566,609
VPN,Raw,2,2023-02-20,14,212,226
VPN,Raw,3,2023-02-20,6,104,110
VPN,Raw,4,2023-02-20,6,65,71
VPN,Raw,5,2023-02-20,5,47,52
VPN,Raw,1,2023-02-27,64,577,641
VPN,Raw,2,2023-02-27,26,159,185
VPN,Raw,3,2023-02-27,14,98,112
VPN,Raw,4,2023-02-27,9,61,70
VPN,Raw,5,2023-02-27,8,49,57
VPN,Raw,1,2023-03-06,50,543,593
VPN,Raw,2,2023-03-06,20,174,194
VPN,Raw,3,2023-03-06,10,95,105
VPN,Raw,4,2023-03-06,6,58,64
VPN,Raw,5,2023-03-06,5,45,50
VPN,Raw,1,2023-03-13,43,548,591
VPN,Raw,2,2023-03-13,12,186,198
VPN,Raw,3,2023-03-13,9,132,141
VPN,Raw,4,2023-03-13,4,92,96
VPN,Raw,5,2023-03-13,4,78,82
VPN,Raw,1,2023-03-20,38,501,539
VPN,Raw,2,2023-03-20,20,149,169
VPN,Raw,3,2023-03-20,10,78,88
VPN,Raw,4,2023-03-20,9,61,70
VPN,Raw,5,2023-03-20,7,47,54
VPN,Raw,1,2023-03-27,48,539,587
VPN,Raw,2,2023-03-27,19,207,226
VPN,Raw,3,2023-03-27,15,117,132
VPN,Raw,4,2023-03-27,6,73,79
VPN,Raw,5,2023-03-27,2,58,60
VPN,Raw,1,2023-04-03,53,479,532
VPN,Raw,2,2023-04-03,18,195,213
VPN,Raw,3,2023-04-03,10,113,123
VPN,Raw,4,2023-04-03,8,79,87
VPN,Raw,5,2023-04-03,4,53,57
VPN,Raw,1,2023-04-10,41,496,537
VPN,Raw,2,2023-04-10,18,201,219
VPN,Raw,3,2023-04-10,10,138,148
VPN,Raw,4,2023-04-10,4,81,85
VPN,Raw,5,2023-04-10,2,51,53
VPN,Raw,1,2023-04-17,40,505,545
VPN,Raw,2,2023-04-17,18,215,233
VPN,Raw,3,2023-04-17,11,148,159
VPN,Raw,4,2023-04-17,5,102,107
VPN,Raw,5,2023-04-17,4,75,79
VPN,Raw,1,2023-04-24,48,475,523
VPN,Raw,2,2023-04-24,14,203,217
VPN,Raw,3,2023-04-24,3,123,126
VPN,Raw,4,2023-04-24,2,94,96
VPN,Raw,5,2023-04-24,0,60,60
VPN,Raw,1,2023-05-01,55,568,623
VPN,Raw,2,2023-05-01,24,205,229
VPN,Raw,3,2023-05-01,12,121,133
VPN,Raw,4,2023-05-01,9,84,93
VPN,Raw,5,2023-05-01,4,68,72
VPN,Raw,1,2023-05-08,45,519,564
VPN,Raw,2,2023-05-08,15,191,206
VPN,Raw,3,2023-05-08,8,115,123
VPN,Raw,4,2023-05-08,4,59,63
VPN,Raw,5,2023-05-08,3,49,52
VPN,Raw,1,2023-05-15,37,440,477
VPN,Raw,2,2023-05-15,15,209,224
VPN,Raw,3,2023-05-15,11,118,129
VPN,Raw,4,2023-05-15,9,80,89
VPN,Raw,5,2023-05-15,3,57,60
VPN,Raw,1,2023-05-22,47,521,568
VPN,Raw,2,2023-05-22,19,205,224
VPN,Raw,3,2023-05-22,11,85,96
VPN,Raw,4,2023-05-22,6,67,73
VPN,Raw,5,2023-05-22,2,50,52
VPN,Raw,1,2023-05-29,53,666,719
VPN,Raw,2,2023-05-29,21,297,318
VPN,Raw,3,2023-05-29,14,149,163
VPN,Raw,4,2023-05-29,4,94,98
VPN,Raw,5,2023-05-29,2,60,62
VPN,Raw,1,2023-06-05,52,644,696
VPN,Raw,2,2023-06-05,22,257,279
VPN,Raw,3,2023-06-05,13,131,144
VPN,Raw,4,2023-06-05,7,74,81
VPN,Raw,5,2023-06-05,2,46,48
VPN,Raw,1,2023-06-12,46,492,538
VPN,Raw,2,2023-06-12,24,216,240
VPN,Raw,3,2023-06-12,18,92,110
VPN,Raw,4,2023-06-12,11,59,70
VPN,Raw,5,2023-06-12,4,43,47
VPN,Raw,1,2023-06-19,44,463,507
VPN,Raw,2,2023-06-19,21,236,257
VPN,Raw,3,2023-06-19,8,113,121
VPN,Raw,4,2023-06-19,3,80,83
VPN,Raw,5,2023-06-19,2,60,62
VPN,Raw,1,2023-06-26,50,551,601
VPN,Raw,2,2023-06-26,26,263,289
VPN,Raw,3,2023-06-26,16,132,148
VPN,Raw,4,2023-06-26,4,72,76
VPN,Raw,5,2023-06-26,0,50,50
VPN,Raw,1,2023-07-03,50,572,622
VPN,Raw,2,2023-07-03,22,227,249
VPN,Raw,3,2023-07-03,14,119,133
VPN,Raw,4,2023-07-03,8,76,84
VPN,Raw,5,2023-07-03,5,54,59
VPN,Raw,1,2023-07-10,40,505,545
VPN,Raw,2,2023-07-10,19,191,210
VPN,Raw,3,2023-07-10,7,84,91
VPN,Raw,4,2023-07-10,5,47,52
VPN,Raw,5,2023-07-10,3,36,39
VPN,Raw,1,2023-07-17,53,496,549
VPN,Raw,2,2023-07-17,18,149,167
VPN,Raw,3,2023-07-17,9,78,87
VPN,Raw,4,2023-07-17,2,61,63
VPN,Raw,5,2023-07-17,2,38,40
VPN,Raw,1,2023-07-24,58,441,499
VPN,Raw,2,2023-07-24,20,192,212
VPN,Raw,3,2023-07-24,12,121,133
VPN,Raw,4,2023-07-24,10,82,92
VPN,Raw,5,2023-07-24,5,64,69
VPN,Raw,1,2023-07-31,45,449,494
VPN,Raw,2,2023-07-31,19,174,193
VPN,Raw,3,2023-07-31,11,85,96
VPN,Raw,4,2023-07-31,9,58,67
VPN,Raw,5,2023-07-31,6,46,52
VPN,Raw,1,2023-08-07,52,472,524
VPN,Raw,2,2023-08-07,28,170,198
VPN,Raw,3,2023-08-07,16,94,110
VPN,Raw,4,2023-08-07,11,62,73
VPN,Raw,5,2023-08-07,6,57,63
VPN,Raw,1,2023-08-14,56,459,515
VPN,Raw,2,2023-08-14,20,160,180
VPN,Raw,3,2023-08-14,11,81,92
VPN,Raw,4,2023-08-14,7,49,56
VPN,Raw,5,2023-08-14,6,32,38
VPN,Raw,1,2023-08-21,47,468,515
VPN,Raw,2,2023-08-21,15,178,193
VPN,Raw,3,2023-08-21,8,115,123
VPN,Raw,4,2023-08-21,5,75,80
VPN,Raw,5,2023-08-21,4,46,50
VPN,Raw,1,2023-08-28,48,547,595
VPN,Raw,2,2023-08-28,26,220,246
VPN,Raw,3,2023-08-28,8,117,125
VPN,Raw,4,2023-08-28,4,75,79
VPN,Raw,5,2023-08-28,4,51,55
VPN,Raw,1,2023-09-04,50,559,609
VPN,Raw,2,2023-09-04,19,204,223
VPN,Raw,3,2023-09-04,9,124,133
VPN,Raw,4,2023-09-04,5,100,105
VPN,Raw,5,2023-09-04,4,70,74
VPN,Raw,1,2023-09-11,47,474,521
VPN,Raw,2,2023-09-11,19,129,148
VPN,Raw,3,2023-09-11,11,81,92
VPN,Raw,4,2023-09-11,5,62,67
VPN,Raw,5,2023-09-11,4,46,50
VPN,Raw,1,2023-09-18,54,438,492
VPN,Raw,2,2023-09-18,21,147,168
VPN,Raw,3,2023-09-18,6,92,98
VPN,Raw,4,2023-09-18,3,60,63
VPN,Raw,5,2023-09-18,3,49,52
VPN,Raw,1,2023-09-25,45,474,519
VPN,Raw,2,2023-09-25,18,179,197
VPN,Raw,3,2023-09-25,11,121,132
VPN,Raw,4,2023-09-25,6,83,89
VPN,Raw,5,2023-09-25,5,76,81
VPN,Raw,1,2023-10-02,33,281,314
VPN,Raw,2,2023-10-02,14,101,115
VPN,Raw,3,2023-10-02,8,55,63
VPN,Raw,4,2023-10-02,3,38,41
VPN,Raw,5,2023-10-02,2,32,34
VPN,Raw,1,2023-10-09,29,277,306
VPN,Raw,2,2023-10-09,16,116,132
VPN,Raw,3,2023-10-09,6,65,71
VPN,Raw,4,2023-10-09,2,34,36
VPN,Raw,5,2023-10-09,1,28,29
VPN,Raw,1,2023-10-16,30,303,333
VPN,Raw,2,2023-10-16,18,112,130
VPN,Raw,3,2023-10-16,12,91,103
VPN,Raw,4,2023-10-16,9,74,83
VPN,Raw,5,2023-10-16,7,41,48
VPN,Raw,1,2023-10-23,40,291,331
VPN,Raw,2,2023-10-23,23,149,172
VPN,Raw,3,2023-10-23,9,76,85
VPN,Raw,4,2023-10-23,7,55,62
VPN,Raw,5,2023-10-23,4,33,37
VPN,Raw,1,2023-10-30,31,415,446
VPN,Raw,2,2023-10-30,11,177,188
VPN,Raw,3,2023-10-30,1,96,97
VPN,Raw,4,2023-10-30,0,65,65
VPN,Raw,5,2023-10-30,0,54,54
VPN,Raw,1,2023-11-06,38,502,540
VPN,Raw,2,2023-11-06,15,219,234
VPN,Raw,3,2023-11-06,2,113,115
VPN,Raw,4,2023-11-06,1,83,84
VPN,Raw,5,2023-11-06,1,64,65
VPN,Raw,1,2023-11-13,48,547,595
VPN,Raw,2,2023-11-13,15,178,193
VPN,Raw,3,2023-11-13,11,108,119
VPN,Raw,4,2023-11-13,9,73,82
VPN,Raw,5,2023-11-13,6,49,55
VPN,Raw,1,2023-11-20,68,436,504
VPN,Raw,2,2023-11-20,34,164,198
VPN,Raw,3,2023-11-20,14,94,108
VPN,Raw,4,2023-11-20,10,78,88
VPN,Raw,5,2023-11-20,8,58,66
VPN,Raw,1,2023-11-27,35,573,608
VPN,Raw,2,2023-11-27,12,217,229
VPN,Raw,3,2023-11-27,5,123,128
VPN,Raw,4,2023-11-27,3,94,97
VPN,Raw,5,2023-11-27,2,81,83
VPN,Raw,1,2023-12-04,44,591,635
VPN,Raw,2,2023-12-04,13,253,266
VPN,Raw,3,2023-12-04,7,167,174
VPN,Raw,4,2023-12-04,5,129,134
VPN,Raw,5,2023-12-04,3,97,100
VPN,Raw,1,2023-12-11,73,507,580
VPN,Raw,2,2023-12-11,31,187,218
VPN,Raw,3,2023-12-11,9,135,144
VPN,Raw,4,2023-12-11,7,102,109
VPN,Raw,5,2023-12-11,5,85,90
VPN,Raw,1,2023-12-18,60,571,631
VPN,Raw,2,2023-12-18,29,212,241
VPN,Raw,3,2023-12-18,13,138,151
VPN,Raw,4,2023-12-18,8,105,113
VPN,Raw,5,2023-12-18,7,79,86
VPN,Raw,1,2023-12-25,41,492,533
VPN,Raw,2,2023-12-25,18,245,263
VPN,Raw,3,2023-12-25,8,138,146
VPN,Raw,4,2023-12-25,4,91,95
VPN,Raw,5,2023-12-25,2,68,70
VPN,Raw,1,2024-01-01,31,553,584
VPN,Raw,2,2024-01-01,15,209,224
VPN,Raw,3,2024-01-01,12,146,158
VPN,Raw,4,2024-01-01,7,110,117
VPN,Raw,5,2024-01-01,4,63,67
VPN,Raw,1,2024-01-08,46,521,567
VPN,Raw,2,2024-01-08,18,197,215
VPN,Raw,3,2024-01-08,9,130,139
VPN,Raw,4,2024-01-08,5,102,107
VPN,Raw,5,2024-01-08,2,72,74
VPN,Raw,1,2024-01-15,52,477,529
VPN,Raw,2,2024-01-15,17,196,213
VPN,Raw,3,2024-01-15,13,113,126
VPN,Raw,4,2024-01-15,10,82,92
VPN,Raw,5,2024-01-15,7,62,69
VPN,Raw,1,2024-01-22,45,823,868
VPN,Raw,2,2024-01-22,20,309,329
VPN,Raw,3,2024-01-22,7,189,196
VPN,Raw,4,2024-01-22,5,143,148
VPN,Raw,5,2024-01-22,3,98,101
VPN,Raw,1,2024-01-29,58,687,745
VPN,Raw,2,2024-01-29,27,279,306
VPN,Raw,3,2024-01-29,14,177,191
VPN,Raw,4,2024-01-29,10,134,144
VPN,Raw,5,2024-01-29,8,84,92
VPN,Raw,1,2024-02-05,49,718,767
VPN,Raw,2,2024-02-05,21,361,382
VPN,Raw,3,2024-02-05,11,233,244
VPN,Raw,4,2024-02-05,4,150,154
VPN,Raw,5,2024-02-05,4,109,113
VPN,Raw,1,2024-02-12,67,707,774
VPN,Raw,2,2024-02-12,32,292,324
VPN,Raw,3,2024-02-12,15,194,209
VPN,Raw,4,2024-02-12,5,130,135
VPN,Raw,5,2024-02-12,5,94,99
VPN,Raw,1,2024-02-19,48,677,725
VPN,Raw,2,2024-02-19,23,237,260
VPN,Raw,3,2024-02-19,16,166,182
VPN,Raw,4,2024-02-19,7,112,119
VPN,Raw,5,2024-02-19,6,80,86
VPN,Raw,1,2024-02-26,62,708,770
VPN,Raw,2,2024-02-26,25,254,279
VPN,Raw,3,2024-02-26,15,150,165
VPN,Raw,4,2024-02-26,6,102,108
VPN,Raw,5,2024-02-26,3,74,77
VPN,Raw,1,2024-03-04,55,594,649
VPN,Raw,2,2024-03-04,29,254,283
VPN,Raw,3,2024-03-04,16,163,179
VPN,Raw,4,2024-03-04,10,130,140
VPN,Raw,5,2024-03-04,7,109,116
VPN,Raw,1,2024-03-11,58,663,721
VPN,Raw,2,2024-03-11,23,264,287
VPN,Raw,3,2024-03-11,15,178,193
VPN,Raw,4,2024-03-11,7,125,132
VPN,Raw,5,2024-03-11,5,109,114
VPN,Raw,1,2024-03-18,56,604,660
VPN,Raw,2,2024-03-18,20,250,270
VPN,Raw,3,2024-03-18,8,186,194
VPN,Raw,4,2024-03-18,5,139,144
VPN,Raw,5,2024-03-18,3,74,77
VPN,Raw,1,2024-03-25,66,647,713
VPN,Raw,2,2024-03-25,31,253,284
VPN,Raw,3,2024-03-25,14,165,179
VPN,Raw,4,2024-03-25,9,123,132
VPN,Raw,5,2024-03-25,7,91,98
VPN,Raw,1,2024-04-01,68,713,781
VPN,Raw,2,2024-04-01,25,221,246
VPN,Raw,3,2024-04-01,12,149,161
VPN,Raw,4,2024-04-01,10,94,104
VPN,Raw,5,2024-04-01,7,69,76
VPN,Raw,1,2024-04-08,66,637,703
VPN,Raw,2,2024-04-08,15,223,238
VPN,Raw,3,2024-04-08,7,132,139
VPN,Raw,4,2024-04-08,4,83,87
VPN,Raw,5,2024-04-08,2,67,69
VPN,Raw,1,2024-04-15,63,745,808
VPN,Raw,2,2024-04-15,21,275,296
VPN,Raw,3,2024-04-15,5,160,165
VPN,Raw,4,2024-04-15,4,112,116
VPN,Raw,5,2024-04-15,3,95,98
VPN,Raw,1,2024-04-22,47,755,802
VPN,Raw,2,2024-04-22,19,246,265
VPN,Raw,3,2024-04-22,10,158,168
VPN,Raw,4,2024-04-22,8,112,120
VPN,Raw,5,2024-04-22,7,92,99
VPN,Raw,1,2024-04-29,49,602,651
VPN,Raw,2,2024-04-29,18,202,220
VPN,Raw,3,2024-04-29,7,129,136
VPN,Raw,4,2024-04-29,4,100,104
VPN,Raw,5,2024-04-29,3,52,55
VPN,Raw,1,2024-05-06,61,677,738
VPN,Raw,2,2024-05-06,16,242,258
VPN,Raw,3,2024-05-06,10,159,169
VPN,Raw,4,2024-05-06,8,117,125
VPN,Raw,5,2024-05-06,4,66,70
VPN,Raw,1,2024-05-13,61,578,639
VPN,Raw,2,2024-05-13,20,168,188
VPN,Raw,3,2024-05-13,9,98,107
VPN,Raw,4,2024-05-13,5,72,77
VPN,Raw,5,2024-05-13,3,52,55
VPN,Raw,1,2024-05-20,58,866,924
VPN,Raw,2,2024-05-20,21,314,335
VPN,Raw,3,2024-05-20,14,178,192
VPN,Raw,4,2024-05-20,7,124,131
VPN,Raw,5,2024-05-20,2,97,99
VPN,Raw,1,2024-05-27,43,625,668
VPN,Raw,2,2024-05-27,26,229,255
VPN,Raw,3,2024-05-27,15,128,143
VPN,Raw,4,2024-05-27,8,79,87
VPN,Raw,5,2024-05-27,3,53,56
VPN,Raw,1,2024-06-03,53,620,673
VPN,Raw,2,2024-06-03,13,212,225
VPN,Raw,3,2024-06-03,5,119,124
VPN,Raw,4,2024-06-03,3,78,81
VPN,Raw,5,2024-06-03,2,37,39
VPN,Raw,1,2024-06-10,44,579,623
VPN,Raw,2,2024-06-10,10,213,223
VPN,Raw,3,2024-06-10,6,130,136
VPN,Raw,4,2024-06-10,5,81,86
VPN,Raw,5,2024-06-10,4,56,60
VPN,Raw,1,2024-06-17,58,634,692
VPN,Raw,2,2024-06-17,15,235,250
VPN,Raw,3,2024-06-17,9,158,167
VPN,Raw,4,2024-06-17,6,81,87
VPN,Raw,5,2024-06-17,3,67,70
VPN,Raw,1,2024-06-24,64,680,744
VPN,Raw,2,2024-06-24,27,262,289
VPN,Raw,3,2024-06-24,16,195,211
VPN,Raw,4,2024-06-24,9,136,145
VPN,Raw,5,2024-06-24,6,94,100
VPN,Raw,1,2024-07-01,55,693,748
VPN,Raw,2,2024-07-01,20,222,242
VPN,Raw,3,2024-07-01,13,138,151
VPN,Raw,4,2024-07-01,4,76,80
VPN,Raw,5,2024-07-01,2,46,48
VPN,Raw,1,2024-07-08,48,480,528
VPN,Raw,2,2024-07-08,19,182,201
VPN,Raw,3,2024-07-08,17,110,127
VPN,Raw,4,2024-07-08,13,78,91
VPN,Raw,5,2024-07-08,7,39,46
VPN,Raw,1,2024-07-15,50,717,767
VPN,Raw,2,2024-07-15,26,284,310
VPN,Raw,3,2024-07-15,10,184,194
VPN,Raw,4,2024-07-15,9,135,144
VPN,Raw,5,2024-07-15,7,92,99
VPN,Raw,1,2024-07-22,58,662,720
VPN,Raw,2,2024-07-22,15,241,256
VPN,Raw,3,2024-07-22,7,161,168
VPN,Raw,4,2024-07-22,4,109,113
VPN,Raw,5,2024-07-22,3,63,66
VPN,Raw,1,2024-07-29,68,840,908
VPN,Raw,2,2024-07-29,23,310,333
VPN,Raw,3,2024-07-29,11,203,214
VPN,Raw,4,2024-07-29,6,122,128
VPN,Raw,5,2024-07-29,3,86,89
VPN,Raw,1,2024-08-05,69,629,698
VPN,Raw,2,2024-08-05,24,252,276
VPN,Raw,3,2024-08-05,11,167,178
VPN,Raw,4,2024-08-05,9,100,109
VPN,Raw,5,2024-08-05,6,64,70
VPN,Raw,1,2024-08-12,58,794,852
VPN,Raw,2,2024-08-12,17,283,300
VPN,Raw,3,2024-08-12,9,163,172
VPN,Raw,4,2024-08-12,3,111,114
VPN,Raw,5,2024-08-12,3,77,80
VPN,Raw,1,2024-08-19,55,750,805
VPN,Raw,2,2024-08-19,14,292,306
VPN,Raw,3,2024-08-19,6,186,192
VPN,Raw,4,2024-08-19,4,110,114
VPN,Raw,5,2024-08-19,2,64,66
VPN,Raw,1,2024-08-26,55,784,839
VPN,Raw,2,2024-08-26,20,316,336
VPN,Raw,3,2024-08-26,10,202,212
VPN,Raw,4,2024-08-26,6,128,134
VPN,Raw,5,2024-08-26,4,93,97
VPN,Raw,1,2024-09-02,57,834,891
VPN,Raw,2,2024-09-02,22,353,375
VPN,Raw,3,2024-09-02,12,200,212
VPN,Raw,4,2024-09-02,8,118,126
VPN,Raw,5,2024-09-02,4,79,83
VPN,Raw,1,2024-09-09,64,671,735
VPN,Raw,2,2024-09-09,34,260,294
VPN,Raw,3,2024-09-09,19,139,158
VPN,Raw,4,2024-09-09,10,94,104
VPN,Raw,5,2024-09-09,6,66,72
VPN,Raw,1,2024-09-16,56,847,903
VPN,Raw,2,2024-09-16,16,273,289
VPN,Raw,3,2024-09-16,7,172,179
VPN,Raw,4,2024-09-16,4,127,131
VPN,Raw,5,2024-09-16,4,90,94
VPN,Raw,1,2024-09-23,69,892,961
VPN,Raw,2,2024-09-23,18,357,375
VPN,Raw,3,2024-09-23,10,190,200
VPN,Raw,4,2024-09-23,7,125,132
VPN,Raw,5,2024-09-23,6,87,93
VPN,Raw,1,2024-09-30,65,733,798
VPN,Raw,2,2024-09-30,17,270,287
VPN,Raw,3,2024-09-30,13,161,174
VPN,Raw,4,2024-09-30,6,119,125
VPN,Raw,5,2024-09-30,5,81,86
VPN,Raw,1,2024-10-07,70,681,751
VPN,Raw,2,2024-10-07,27,296,323
VPN,Raw,3,2024-10-07,17,149,166
VPN,Raw,4,2024-10-07,12,105,117
VPN,Raw,5,2024-10-07,9,72,81
VPN,Raw,1,2024-10-14,64,786,850
VPN,Raw,2,2024-10-14,28,295,323
VPN,Raw,3,2024-10-14,12,182,194
VPN,Raw,4,2024-10-14,5,114,119
VPN,Raw,5,2024-10-14,4,81,85
VPN,Raw,1,2024-10-21,56,758,814
VPN,Raw,2,2024-10-21,18,333,351
VPN,Raw,3,2024-10-21,10,193,203
VPN,Raw,4,2024-10-21,6,122,128
VPN,Raw,5,2024-10-21,4,88,92
VPN,Raw,1,2024-10-28,59,662,721
VPN,Raw,2,2024-10-28,21,275,296
VPN,Raw,3,2024-10-28,11,142,153
VPN,Raw,4,2024-10-28,4,102,106
VPN,Raw,5,2024-10-28,4,65,69
VPN,Raw,1,2024-11-04,76,768,844
VPN,Raw,2,2024-11-04,22,308,330
VPN,Raw,3,2024-11-04,6,195,201
VPN,Raw,4,2024-11-04,3,120,123
VPN,Raw,5,2024-11-04,2,92,94
VPN,Raw,1,2024-11-11,64,662,726
VPN,Raw,2,2024-11-11,23,224,247
VPN,Raw,3,2024-11-11,5,124,129
VPN,Raw,4,2024-11-11,3,80,83
VPN,Raw,5,2024-11-11,2,51,53
VPN,Raw,1,2024-11-18,63,616,679
VPN,Raw,2,2024-11-18,19,214,233
VPN,Raw,3,2024-11-18,9,133,142
VPN,Raw,4,2024-11-18,4,101,105
VPN,Raw,5,2024-11-18,3,71,74
VPN,Raw,1,2024-11-25,45,625,670
VPN,Raw,2,2024-11-25,18,241,259
VPN,Raw,3,2024-11-25,8,147,155
VPN,Raw,4,2024-11-25,5,106,111
VPN,Raw,5,2024-11-25,4,57,61
VPN,Raw,1,2024-12-02,56,548,604
VPN,Raw,2,2024-12-02,24,216,240
VPN,Raw,3,2024-12-02,9,125,134
VPN,Raw,4,2024-12-02,6,89,95
VPN,Raw,5,2024-12-02,4,65,69
VPN,Raw,1,2024-12-09,44,742,786
VPN,Raw,2,2024-12-09,19,264,283
VPN,Raw,3,2024-12-09,12,175,187
VPN,Raw,4,2024-12-09,8,140,148
VPN,Raw,5,2024-12-09,6,104,110
VPN,Raw,1,2024-12-16,45,645,690
VPN,Raw,2,2024-12-16,20,233,253
VPN,Raw,3,2024-12-16,9,141,150
VPN,Raw,4,2024-12-16,6,112,118
VPN,Raw,5,2024-12-16,5,83,88
VPN,Raw,1,2024-12-23,54,665,719
VPN,Raw,2,2024-12-23,27,239,266
VPN,Raw,3,2024-12-23,12,161,173
VPN,Raw,4,2024-12-23,8,130,138
VPN,Raw,5,2024-12-23,0,72,72
VPN,Raw,1,2024-12-30,45,846,891
VPN,Raw,2,2024-12-30,14,363,377
VPN,Raw,3,2024-12-30,8,206,214
VPN,Raw,4,2024-12-30,6,158,164
VPN,Raw,5,2024-12-30,3,85,88
VPN,Raw,1,2025-01-06,55,752,807
VPN,Raw,2,2025-01-06,16,327,343
VPN,Raw,3,2025-01-06,6,185,191
VPN,Raw,4,2025-01-06,3,131,134
VPN,Raw,5,2025-01-06,1,85,86
VPN,Raw,1,2025-01-13,71,1209,1280
VPN,Raw,2,2025-01-13,32,540,572
VPN,Raw,3,2025-01-13,19,342,361
VPN,Raw,4,2025-01-13,12,234,246
VPN,Raw,5,2025-01-13,9,152,161
VPN,Raw,1,2025-01-20,53,724,777
VPN,Raw,2,2025-01-20,24,282,306
VPN,Raw,3,2025-01-20,13,188,201
VPN,Raw,4,2025-01-20,7,140,147
VPN,Raw,5,2025-01-20,6,92,98
VPN,Raw,1,2025-01-27,68,962,1030
VPN,Raw,2,2025-01-27,20,368,388
VPN,Raw,3,2025-01-27,14,220,234
VPN,Raw,4,2025-01-27,9,184,193
VPN,Raw,5,2025-01-27,8,131,139
VPN,Raw,1,2025-02-03,61,1001,1062
VPN,Raw,2,2025-02-03,22,416,438
VPN,Raw,3,2025-02-03,14,287,301
VPN,Raw,4,2025-02-03,9,227,236
VPN,Raw,5,2025-02-03,5,141,146
VPN,Raw,1,2025-02-10,67,1054,1121
VPN,Raw,2,2025-02-10,24,436,460
VPN,Raw,3,2025-02-10,12,260,272
VPN,Raw,4,2025-02-10,8,192,200
VPN,Raw,5,2025-02-10,3,114,117
VPN,Raw,1,2025-02-17,82,1438,1520
VPN,Raw,2,2025-02-17,39,696,735
VPN,Raw,3,2025-02-17,25,471,496
VPN,Raw,4,2025-02-17,19,373,392
VPN,Raw,5,2025-02-17,9,218,227
VPN,Raw,1,2025-02-24,67,1267,1334
VPN,Raw,2,2025-02-24,33,590,623
VPN,Raw,3,2025-02-24,21,346,367
VPN,Raw,4,2025-02-24,10,244,254
VPN,Raw,5,2025-02-24,9,162,171
VPN,Raw,1,2025-03-03,59,824,883
VPN,Raw,2,2025-03-03,25,367,392
VPN,Raw,3,2025-03-03,16,193,209
VPN,Raw,4,2025-03-03,10,112,122
VPN,Raw,5,2025-03-03,9,92,101
VPN,Raw,1,2025-03-10,47,741,788
VPN,Raw,2,2025-03-10,18,342,360
VPN,Raw,3,2025-03-10,12,211,223
VPN,Raw,4,2025-03-10,5,154,159
VPN,Raw,5,2025-03-10,3,113,116
VPN,Raw,1,2025-03-17,63,667,730
VPN,Raw,2,2025-03-17,14,261,275
VPN,Raw,3,2025-03-17,10,146,156
VPN,Raw,4,2025-03-17,4,99,103
VPN,Raw,5,2025-03-17,2,68,70
VPN,Raw,1,2025-03-24,47,643,690
VPN,Raw,2,2025-03-24,14,261,275
VPN,Raw,3,2025-03-24,10,170,180
VPN,Raw,4,2025-03-24,7,110,117
VPN,Raw,5,2025-03-24,5,83,88
VPN,Raw,1,2025-03-31,54,775,829
VPN,Raw,2,2025-03-31,25,342,367
VPN,Raw,3,2025-03-31,15,220,235
VPN,Raw,4,2025-03-31,10,151,161
VPN,Raw,5,2025-03-31,3,87,90
VPN,Raw,1,2025-04-07,51,597,648
VPN,Raw,2,2025-04-07,15,227,242
VPN,Raw,3,2025-04-07,8,129,137
VPN,Raw,4,2025-04-07,5,87,92
VPN,Raw,5,2025-04-07,1,57,58
VPN,Raw,1,2025-04-14,70,771,841
VPN,Raw,2,2025-04-14,30,333,363
VPN,Raw,3,2025-04-14,15,206,221
VPN,Raw,4,2025-04-14,10,146,156
VPN,Raw,5,2025-04-14,7,108,115
VPN,Raw,1,2025-04-21,51,921,972
VPN,Raw,2,2025-04-21,21,393,414
VPN,Raw,3,2025-04-21,10,236,246
VPN,Raw,4,2025-04-21,6,150,156
VPN,Raw,5,2025-04-21,5,115,120
VPN,Raw,1,2025-04-28,37,572,609
VPN,Raw,2,2025-04-28,15,227,242
VPN,Raw,3,2025-04-28,11,124,135
VPN,Raw,4,2025-04-28,3,89,92
VPN,Raw,5,2025-04-28,2,62,64
VPN,Raw,1,2025-05-05,46,558,604
VPN,Raw,2,2025-05-05,12,225,237
VPN,Raw,3,2025-05-05,9,142,151
VPN,Raw,4,2025-05-05,7,87,94
VPN,Raw,5,2025-05-05,4,52,56
VPN,Raw,1,2025-05-12,48,713,761
VPN,Raw,2,2025-05-12,20,307,327
VPN,Raw,3,2025-05-12,13,186,199
VPN,Raw,4,2025-05-12,4,127,131
VPN,Raw,5,2025-05-12,3,85,88
VPN,Raw,1,2025-05-19,52,581,633
VPN,Raw,2,2025-05-19,22,223,245
VPN,Raw,3,2025-05-19,10,129,139
VPN,Raw,4,2025-05-19,3,93,96
VPN,Raw,5,2025-05-19,3,71,74
VPN,Raw,1,2025-05-26,43,665,708
VPN,Raw,2,2025-05-26,14,308,322
VPN,Raw,3,2025-05-26,7,211,218
VPN,Raw,4,2025-05-26,5,164,169
VPN,Raw,5,2025-05-26,3,110,113
VPN,Raw,1,2025-06-02,61,744,805
VPN,Raw,2,2025-06-02,20,310,330
VPN,Raw,3,2025-06-02,11,181,192
VPN,Raw,4,2025-06-02,7,107,114
VPN,Raw,5,2025-06-02,4,75,79
VPN,Raw,1,2025-06-09,42,597,639
VPN,Raw,2,2025-06-09,12,295,307
VPN,Raw,3,2025-06-09,4,188,192
VPN,Raw,4,2025-06-09,4,136,140
VPN,Raw,5,2025-06-09,4,108,112
VPN,Raw,1,2025-06-16,46,894,940
VPN,Raw,2,2025-06-16,17,449,466
VPN,Raw,3,2025-06-16,9,298,307
VPN,Raw,4,2025-06-16,8,241,249
VPN,Raw,5,2025-06-16,6,157,163
VPN,Raw,1,2025-06-23,68,964,1032
VPN,Raw,2,2025-06-23,20,395,415
VPN,Raw,3,2025-06-23,15,240,255
VPN,Raw,4,2025-06-23,8,187,195
VPN,Raw,5,2025-06-23,8,143,151
VPN,Raw,1,2025-06-30,48,782,830
VPN,Raw,2,2025-06-30,20,357,377
VPN,Raw,3,2025-06-30,10,227,237
VPN,Raw,4,2025-06-30,4,164,168
VPN,Raw,5,2025-06-30,0,86,86
VPN,Raw,1,2025-07-07,49,965,1014
VPN,Raw,2,2025-07-07,25,427,452
VPN,Raw,3,2025-07-07,14,232,246
VPN,Raw,4,2025-07-07,11,184,195
VPN,Raw,5,2025-07-07,10,132,142
VPN,Raw,1,2025-07-14,71,886,957
VPN,Raw,2,2025-07-14,31,441,472
VPN,Raw,3,2025-07-14,24,254,278
VPN,Raw,4,2025-07-14,15,179,194
VPN,Raw,5,2025-07-14,9,123,132
VPN,Raw,1,2025-07-21,114,1586,1700
VPN,Raw,2,2025-07-21,55,906,961
VPN,Raw,3,2025-07-21,34,563,597
VPN,Raw,4,2025-07-21,19,395,414
VPN,Raw,5,2025-07-21,16,331,347
VPN,Raw,1,2025-07-28,119,2736,2855
VPN,Raw,2,2025-07-28,54,1676,1730
VPN,Raw,3,2025-07-28,40,1197,1237
VPN,Raw,4,2025-07-28,27,873,900
VPN,Raw,5,2025-07-28,17,663,680
VPN,Raw,1,2025-08-04,107,2176,2283
VPN,Raw,2,2025-08-04,47,1170,1217
VPN,Raw,3,2025-08-04,17,790,807
VPN,Raw,4,2025-08-04,15,603,618
VPN,Raw,5,2025-08-04,11,440,451
VPN,Raw,1,2025-08-11,90,1895,1985
VPN,Raw,2,2025-08-11,40,1116,1156
VPN,Raw,3,2025-08-11,20,797,817
VPN,Raw,4,2025-08-11,16,616,632
VPN,Raw,5,2025-08-11,5,511,516
VPN,Raw,1,2025-08-18,85,2254,2339
VPN,Raw,2,2025-08-18,41,1435,1476
VPN,Raw,3,2025-08-18,23,1025,1048
VPN,Raw,4,2025-08-18,17,769,786
VPN,Raw,5,2025-08-18,14,604,618
VPN,Raw,1,2025-08-25,74,1612,1686
VPN,Raw,2,2025-08-25,30,814,844
VPN,Raw,3,2025-08-25,19,563,582
VPN,Raw,4,2025-08-25,15,364,379
VPN,Raw,5,2025-08-25,9,273,282
VPN,Raw,1,2025-09-01,72,1459,1531
VPN,Raw,2,2025-09-01,32,766,798
VPN,Raw,3,2025-09-01,16,513,529
VPN,Raw,4,2025-09-01,11,352,363
VPN,Raw,5,2025-09-01,5,276,281
VPN,Raw,1,2025-09-08,76,1483,1559
VPN,Raw,2,2025-09-08,36,738,774
VPN,Raw,3,2025-09-08,20,498,518
VPN,Raw,4,2025-09-08,13,332,345
VPN,Raw,5,2025-09-08,7,246,253
VPN,Raw,1,2025-09-15,81,1751,1832
VPN,Raw,2,2025-09-15,36,877,913
VPN,Raw,3,2025-09-15,17,531,548
VPN,Raw,4,2025-09-15,9,385,394
VPN,Raw,5,2025-09-15,7,281,288
VPN,Raw,1,2025-09-22,93,1401,1494
VPN,Raw,2,2025-09-22,40,717,757
VPN,Raw,3,2025-09-22,27,470,497
VPN,Raw,4,2025-09-22,13,344,357
VPN,Raw,5,2025-09-22,11,284,295
VPN,Raw,1,2025-09-29,84,1515,1599
VPN,Raw,2,2025-09-29,34,742,776
VPN,Raw,3,2025-09-29,27,478,505
VPN,Raw,4,2025-09-29,14,372,386
VPN,Raw,5,2025-09-29,10,278,288
VPN,Raw,1,2025-10-06,76,1285,1361
VPN,Raw,2,2025-10-06,34,599,633
VPN,Raw,3,2025-10-06,20,400,420
VPN,Raw,4,2025-10-06,14,275,289
VPN,Raw,5,2025-10-06,6,197,203
VPN,Raw,1,2025-10-13,52,1159,1211
VPN,Raw,2,2025-10-13,20,580,600
VPN,Raw,3,2025-10-13,12,384,396
VPN,Raw,4,2025-10-13,4,271,275
VPN,Raw,5,2025-10-13,4,212,216
VPN,Raw,1,2025-10-20,43,1072,1115
VPN,Raw,2,2025-10-20,15,476,491
VPN,Raw,3,2025-10-20,7,327,334
VPN,Raw,4,2025-10-20,4,241,245
VPN,Raw,5,2025-10-20,4,180,184
VPN,Classified,1,2021-11-01,0,3,3
VPN,Classified,2,2021-11-01,0,0,0
VPN,Classified,3,2021-11-01,0,0,0
VPN,Classified,4,2021-11-01,0,0,0
VPN,Classified,5,2021-11-01,0,0,0
VPN,Classified,1,2021-11-08,0,2,2
VPN,Classified,2,2021-11-08,0,2,2
VPN,Classified,3,2021-11-08,0,1,1
VPN,Classified,4,2021-11-08,0,1,1
VPN,Classified,5,2021-11-08,0,1,1
VPN,Classified,1,2021-11-15,1,0,1
VPN,Classified,2,2021-11-15,1,0,1
VPN,Classified,3,2021-11-15,1,0,1
VPN,Classified,4,2021-11-15,1,0,1
VPN,Classified,5,2021-11-15,0,0,0
VPN,Classified,1,2021-11-22,2,4,6
VPN,Classified,2,2021-11-22,2,2,4
VPN,Classified,3,2021-11-22,1,1,2
VPN,Classified,4,2021-11-22,1,1,2
VPN,Classified,5,2021-11-22,0,1,1
VPN,Classified,1,2021-11-29,0,3,3
VPN,Classified,2,2021-11-29,0,1,1
VPN,Classified,3,2021-11-29,0,1,1
VPN,Classified,4,2021-11-29,0,1,1
VPN,Classified,5,2021-11-29,0,1,1
VPN,Classified,1,2021-12-06,0,2,2
VPN,Classified,2,2021-12-06,0,1,1
VPN,Classified,3,2021-12-06,0,1,1
VPN,Classified,4,2021-12-06,0,0,0
VPN,Classified,5,2021-12-06,0,0,0
VPN,Classified,1,2021-12-13,0,10,10
VPN,Classified,2,2021-12-13,0,5,5
VPN,Classified,3,2021-12-13,0,5,5
VPN,Classified,4,2021-12-13,0,4,4
VPN,Classified,5,2021-12-13,0,2,2
VPN,Classified,1,2021-12-20,0,8,8
VPN,Classified,2,2021-12-20,0,1,1
VPN,Classified,3,2021-12-20,0,0,0
VPN,Classified,4,2021-12-20,0,0,0
VPN,Classified,5,2021-12-20,0,0,0
VPN,Classified,1,2021-12-27,0,3,3
VPN,Classified,2,2021-12-27,0,0,0
VPN,Classified,3,2021-12-27,0,0,0
VPN,Classified,4,2021-12-27,0,0,0
VPN,Classified,5,2021-12-27,0,0,0
VPN,Classified,1,2022-01-03,0,2,2
VPN,Classified,2,2022-01-03,0,1,1
VPN,Classified,3,2022-01-03,0,1,1
VPN,Classified,4,2022-01-03,0,0,0
VPN,Classified,5,2022-01-03,0,0,0
VPN,Classified,1,2022-01-10,1,19,20
VPN,Classified,2,2022-01-10,0,6,6
VPN,Classified,3,2022-01-10,0,2,2
VPN,Classified,4,2022-01-10,0,0,0
VPN,Classified,5,2022-01-10,0,0,0
VPN,Classified,1,2022-01-17,1,22,23
VPN,Classified,2,2022-01-17,0,8,8
VPN,Classified,3,2022-01-17,0,4,4
VPN,Classified,4,2022-01-17,0,2,2
VPN,Classified,5,2022-01-17,0,2,2
VPN,Classified,1,2022-01-24,1,3,4
VPN,Classified,2,2022-01-24,1,1,2
VPN,Classified,3,2022-01-24,1,1,2
VPN,Classified,4,2022-01-24,1,0,1
VPN,Classified,5,2022-01-24,1,0,1
VPN,Classified,1,2022-01-31,0,8,8
VPN,Classified,2,2022-01-31,0,2,2
VPN,Classified,3,2022-01-31,0,2,2
VPN,Classified,4,2022-01-31,0,2,2
VPN,Classified,5,2022-01-31,0,0,0
VPN,Classified,1,2022-02-07,0,6,6
VPN,Classified,2,2022-02-07,0,3,3
VPN,Classified,3,2022-02-07,0,3,3
VPN,Classified,4,2022-02-07,0,3,3
VPN,Classified,5,2022-02-07,0,2,2
VPN,Classified,1,2022-02-14,0,8,8
VPN,Classified,2,2022-02-14,0,3,3
VPN,Classified,3,2022-02-14,0,2,2
VPN,Classified,4,2022-02-14,0,2,2
VPN,Classified,5,2022-02-14,0,2,2
VPN,Classified,1,2022-02-21,0,3,3
VPN,Classified,2,2022-02-21,0,1,1
VPN,Classified,3,2022-02-21,0,1,1
VPN,Classified,4,2022-02-21,0,1,1
VPN,Classified,5,2022-02-21,0,1,1
VPN,Classified,1,2022-02-28,0,7,7
VPN,Classified,2,2022-02-28,0,3,3
VPN,Classified,3,2022-02-28,0,1,1
VPN,Classified,4,2022-02-28,0,0,0
VPN,Classified,5,2022-02-28,0,0,0
VPN,Classified,1,2022-03-07,0,12,12
VPN,Classified,2,2022-03-07,0,5,5
VPN,Classified,3,2022-03-07,0,2,2
VPN,Classified,4,2022-03-07,0,2,2
VPN,Classified,5,2022-03-07,0,2,2
VPN,Classified,1,2022-03-14,0,4,4
VPN,Classified,2,2022-03-14,0,2,2
VPN,Classified,3,2022-03-14,0,1,1
VPN,Classified,4,2022-03-14,0,1,1
VPN,Classified,5,2022-03-14,0,0,0
VPN,Classified,1,2022-03-21,1,4,5
VPN,Classified,2,2022-03-21,0,3,3
VPN,Classified,3,2022-03-21,0,0,0
VPN,Classified,4,2022-03-21,0,0,0
VPN,Classified,5,2022-03-21,0,0,0
VPN,Classified,1,2022-03-28,0,6,6
VPN,Classified,2,2022-03-28,0,3,3
VPN,Classified,3,2022-03-28,0,2,2
VPN,Classified,4,2022-03-28,0,2,2
VPN,Classified,5,2022-03-28,0,2,2
VPN,Classified,1,2022-04-04,0,3,3
VPN,Classified,2,2022-04-04,0,1,1
VPN,Classified,3,2022-04-04,0,1,1
VPN,Classified,4,2022-04-04,0,1,1
VPN,Classified,5,2022-04-04,0,1,1
VPN,Classified,1,2022-04-11,2,2,4
VPN,Classified,2,2022-04-11,2,0,2
VPN,Classified,3,2022-04-11,0,0,0
VPN,Classified,4,2022-04-11,0,0,0
VPN,Classified,5,2022-04-11,0,0,0
VPN,Classified,1,2022-04-18,0,6,6
VPN,Classified,2,2022-04-18,0,4,4
VPN,Classified,3,2022-04-18,0,3,3
VPN,Classified,4,2022-04-18,0,2,2
VPN,Classified,5,2022-04-18,0,1,1
VPN,Classified,1,2022-04-25,0,0,0
VPN,Classified,2,2022-04-25,0,0,0
VPN,Classified,3,2022-04-25,0,0,0
VPN,Classified,4,2022-04-25,0,0,0
VPN,Classified,5,2022-04-25,0,0,0
VPN,Classified,1,2022-05-02,1,12,13
VPN,Classified,2,2022-05-02,0,4,4
VPN,Classified,3,2022-05-02,0,2,2
VPN,Classified,4,2022-05-02,0,1,1
VPN,Classified,5,2022-05-02,0,0,0
VPN,Classified,1,2022-05-09,1,4,5
VPN,Classified,2,2022-05-09,1,2,3
VPN,Classified,3,2022-05-09,1,2,3
VPN,Classified,4,2022-05-09,1,2,3
VPN,Classified,5,2022-05-09,0,0,0
VPN,Classified,1,2022-05-16,1,4,5
VPN,Classified,2,2022-05-16,0,1,1
VPN,Classified,3,2022-05-16,0,0,0
VPN,Classified,4,2022-05-16,0,0,0
VPN,Classified,5,2022-05-16,0,0,0
VPN,Classified,1,2022-05-23,2,6,8
VPN,Classified,2,2022-05-23,1,4,5
VPN,Classified,3,2022-05-23,1,2,3
VPN,Classified,4,2022-05-23,1,0,1
VPN,Classified,5,2022-05-23,0,0,0
VPN,Classified,1,2022-05-30,0,2,2
VPN,Classified,2,2022-05-30,0,2,2
VPN,Classified,3,2022-05-30,0,0,0
VPN,Classified,4,2022-05-30,0,0,0
VPN,Classified,5,2022-05-30,0,0,0
VPN,Classified,1,2022-06-06,0,7,7
VPN,Classified,2,2022-06-06,0,2,2
VPN,Classified,3,2022-06-06,0,0,0
VPN,Classified,4,2022-06-06,0,0,0
VPN,Classified,5,2022-06-06,0,0,0
VPN,Classified,1,2022-06-13,0,9,9
VPN,Classified,2,2022-06-13,0,4,4
VPN,Classified,3,2022-06-13,0,4,4
VPN,Classified,4,2022-06-13,0,1,1
VPN,Classified,5,2022-06-13,0,1,1
VPN,Classified,1,2022-06-20,0,3,3
VPN,Classified,2,2022-06-20,0,1,1
VPN,Classified,3,2022-06-20,0,1,1
VPN,Classified,4,2022-06-20,0,1,1
VPN,Classified,5,2022-06-20,0,1,1
VPN,Classified,1,2022-06-27,1,2,3
VPN,Classified,2,2022-06-27,0,2,2
VPN,Classified,3,2022-06-27,0,2,2
VPN,Classified,4,2022-06-27,0,1,1
VPN,Classified,5,2022-06-27,0,1,1
VPN,Classified,1,2022-07-04,0,6,6
VPN,Classified,2,2022-07-04,0,2,2
VPN,Classified,3,2022-07-04,0,0,0
VPN,Classified,4,2022-07-04,0,0,0
VPN,Classified,5,2022-07-04,0,0,0
VPN,Classified,1,2022-07-11,1,5,6
VPN,Classified,2,2022-07-11,0,1,1
VPN,Classified,3,2022-07-11,0,1,1
VPN,Classified,4,2022-07-11,0,1,1
VPN,Classified,5,2022-07-11,0,1,1
VPN,Classified,1,2022-07-18,2,4,6
VPN,Classified,2,2022-07-18,1,1,2
VPN,Classified,3,2022-07-18,1,0,1
VPN,Classified,4,2022-07-18,0,0,0
VPN,Classified,5,2022-07-18,0,0,0
VPN,Classified,1,2022-07-25,0,11,11
VPN,Classified,2,2022-07-25,0,2,2
VPN,Classified,3,2022-07-25,0,2,2
VPN,Classified,4,2022-07-25,0,1,1
VPN,Classified,5,2022-07-25,0,1,1
VPN,Classified,1,2022-08-01,1,3,4
VPN,Classified,2,2022-08-01,1,3,4
VPN,Classified,3,2022-08-01,0,1,1
VPN,Classified,4,2022-08-01,0,1,1
VPN,Classified,5,2022-08-01,0,1,1
VPN,Classified,1,2022-08-08,2,5,7
VPN,Classified,2,2022-08-08,1,3,4
VPN,Classified,3,2022-08-08,1,2,3
VPN,Classified,4,2022-08-08,1,2,3
VPN,Classified,5,2022-08-08,1,1,2
VPN,Classified,1,2022-08-15,0,12,12
VPN,Classified,2,2022-08-15,0,2,2
VPN,Classified,3,2022-08-15,0,1,1
VPN,Classified,4,2022-08-15,0,0,0
VPN,Classified,5,2022-08-15,0,0,0
VPN,Classified,1,2022-08-22,1,6,7
VPN,Classified,2,2022-08-22,0,1,1
VPN,Classified,3,2022-08-22,0,1,1
VPN,Classified,4,2022-08-22,0,0,0
VPN,Classified,5,2022-08-22,0,0,0
VPN,Classified,1,2022-08-29,2,7,9
VPN,Classified,2,2022-08-29,0,5,5
VPN,Classified,3,2022-08-29,0,4,4
VPN,Classified,4,2022-08-29,0,3,3
VPN,Classified,5,2022-08-29,0,1,1
VPN,Classified,1,2022-09-05,4,11,15
VPN,Classified,2,2022-09-05,0,1,1
VPN,Classified,3,2022-09-05,0,1,1
VPN,Classified,4,2022-09-05,0,0,0
VPN,Classified,5,2022-09-05,0,0,0
VPN,Classified,1,2022-09-12,0,1,1
VPN,Classified,2,2022-09-12,0,0,0
VPN,Classified,3,2022-09-12,0,0,0
VPN,Classified,4,2022-09-12,0,0,0
VPN,Classified,5,2022-09-12,0,0,0
VPN,Classified,1,2022-09-19,0,7,7
VPN,Classified,2,2022-09-19,0,1,1
VPN,Classified,3,2022-09-19,0,0,0
VPN,Classified,4,2022-09-19,0,0,0
VPN,Classified,5,2022-09-19,0,0,0
VPN,Classified,1,2022-09-26,1,3,4
VPN,Classified,2,2022-09-26,1,1,2
VPN,Classified,3,2022-09-26,0,1,1
VPN,Classified,4,2022-09-26,0,1,1
VPN,Classified,5,2022-09-26,0,1,1
VPN,Classified,1,2022-10-03,0,9,9
VPN,Classified,2,2022-10-03,0,5,5
VPN,Classified,3,2022-10-03,0,4,4
VPN,Classified,4,2022-10-03,0,4,4
VPN,Classified,5,2022-10-03,0,4,4
VPN,Classified,1,2022-10-10,0,8,8
VPN,Classified,2,2022-10-10,0,3,3
VPN,Classified,3,2022-10-10,0,2,2
VPN,Classified,4,2022-10-10,0,2,2
VPN,Classified,5,2022-10-10,0,2,2
VPN,Classified,1,2022-10-17,0,3,3
VPN,Classified,2,2022-10-17,0,1,1
VPN,Classified,3,2022-10-17,0,1,1
VPN,Classified,4,2022-10-17,0,1,1
VPN,Classified,5,2022-10-17,0,1,1
VPN,Classified,1,2022-10-24,0,3,3
VPN,Classified,2,2022-10-24,0,1,1
VPN,Classified,3,2022-10-24,0,1,1
VPN,Classified,4,2022-10-24,0,1,1
VPN,Classified,5,2022-10-24,0,1,1
VPN,Classified,1,2022-10-31,1,5,6
VPN,Classified,2,2022-10-31,0,2,2
VPN,Classified,3,2022-10-31,0,1,1
VPN,Classified,4,2022-10-31,0,1,1
VPN,Classified,5,2022-10-31,0,1,1
VPN,Classified,1,2022-11-07,0,10,10
VPN,Classified,2,2022-11-07,0,7,7
VPN,Classified,3,2022-11-07,0,3,3
VPN,Classified,4,2022-11-07,0,3,3
VPN,Classified,5,2022-11-07,0,2,2
VPN,Classified,1,2022-11-14,0,1,1
VPN,Classified,2,2022-11-14,0,0,0
VPN,Classified,3,2022-11-14,0,0,0
VPN,Classified,4,2022-11-14,0,0,0
VPN,Classified,5,2022-11-14,0,0,0
VPN,Classified,1,2022-11-21,0,3,3
VPN,Classified,2,2022-11-21,0,2,2
VPN,Classified,3,2022-11-21,0,2,2
VPN,Classified,4,2022-11-21,0,1,1
VPN,Classified,5,2022-11-21,0,0,0
VPN,Classified,1,2022-11-28,0,4,4
VPN,Classified,2,2022-11-28,0,1,1
VPN,Classified,3,2022-11-28,0,0,0
VPN,Classified,4,2022-11-28,0,0,0
VPN,Classified,5,2022-11-28,0,0,0
VPN,Classified,1,2022-12-05,1,5,6
VPN,Classified,2,2022-12-05,0,2,2
VPN,Classified,3,2022-12-05,0,0,0
VPN,Classified,4,2022-12-05,0,0,0
VPN,Classified,5,2022-12-05,0,0,0
VPN,Classified,1,2022-12-12,0,6,6
VPN,Classified,2,2022-12-12,0,3,3
VPN,Classified,3,2022-12-12,0,2,2
VPN,Classified,4,2022-12-12,0,1,1
VPN,Classified,5,2022-12-12,0,1,1
VPN,Classified,1,2022-12-19,0,7,7
VPN,Classified,2,2022-12-19,0,0,0
VPN,Classified,3,2022-12-19,0,0,0
VPN,Classified,4,2022-12-19,0,0,0
VPN,Classified,5,2022-12-19,0,0,0
VPN,Classified,1,2022-12-26,0,6,6
VPN,Classified,2,2022-12-26,0,2,2
VPN,Classified,3,2022-12-26,0,1,1
VPN,Classified,4,2022-12-26,0,1,1
VPN,Classified,5,2022-12-26,0,1,1
VPN,Classified,1,2023-01-02,0,4,4
VPN,Classified,2,2023-01-02,0,2,2
VPN,Classified,3,2023-01-02,0,1,1
VPN,Classified,4,2023-01-02,0,0,0
VPN,Classified,5,2023-01-02,0,0,0
VPN,Classified,1,2023-01-09,1,3,4
VPN,Classified,2,2023-01-09,1,0,1
VPN,Classified,3,2023-01-09,0,0,0
VPN,Classified,4,2023-01-09,0,0,0
VPN,Classified,5,2023-01-09,0,0,0
VPN,Classified,1,2023-01-16,0,4,4
VPN,Classified,2,2023-01-16,0,1,1
VPN,Classified,3,2023-01-16,0,1,1
VPN,Classified,4,2023-01-16,0,1,1
VPN,Classified,5,2023-01-16,0,1,1
VPN,Classified,1,2023-01-23,1,2,3
VPN,Classified,2,2023-01-23,0,1,1
VPN,Classified,3,2023-01-23,0,0,0
VPN,Classified,4,2023-01-23,0,0,0
VPN,Classified,5,2023-01-23,0,0,0
VPN,Classified,1,2023-01-30,0,9,9
VPN,Classified,2,2023-01-30,0,4,4
VPN,Classified,3,2023-01-30,0,3,3
VPN,Classified,4,2023-01-30,0,2,2
VPN,Classified,5,2023-01-30,0,1,1
VPN,Classified,1,2023-02-06,1,11,12
VPN,Classified,2,2023-02-06,0,7,7
VPN,Classified,3,2023-02-06,0,3,3
VPN,Classified,4,2023-02-06,0,1,1
VPN,Classified,5,2023-02-06,0,1,1
VPN,Classified,1,2023-02-13,0,4,4
VPN,Classified,2,2023-02-13,0,0,0
VPN,Classified,3,2023-02-13,0,0,0
VPN,Classified,4,2023-02-13,0,0,0
VPN,Classified,5,2023-02-13,0,0,0
VPN,Classified,1,2023-02-20,0,11,11
VPN,Classified,2,2023-02-20,0,8,8
VPN,Classified,3,2023-02-20,0,3,3
VPN,Classified,4,2023-02-20,0,2,2
VPN,Classified,5,2023-02-20,0,2,2
VPN,Classified,1,2023-02-27,1,5,6
VPN,Classified,2,2023-02-27,0,4,4
VPN,Classified,3,2023-02-27,0,3,3
VPN,Classified,4,2023-02-27,0,3,3
VPN,Classified,5,2023-02-27,0,2,2
VPN,Classified,1,2023-03-06,2,12,14
VPN,Classified,2,2023-03-06,0,6,6
VPN,Classified,3,2023-03-06,0,5,5
VPN,Classified,4,2023-03-06,0,3,3
VPN,Classified,5,2023-03-06,0,1,1
VPN,Classified,1,2023-03-13,1,3,4
VPN,Classified,2,2023-03-13,0,0,0
VPN,Classified,3,2023-03-13,0,0,0
VPN,Classified,4,2023-03-13,0,0,0
VPN,Classified,5,2023-03-13,0,0,0
VPN,Classified,1,2023-03-20,2,3,5
VPN,Classified,2,2023-03-20,2,2,4
VPN,Classified,3,2023-03-20,2,1,3
VPN,Classified,4,2023-03-20,2,1,3
VPN,Classified,5,2023-03-20,2,0,2
VPN,Classified,1,2023-03-27,1,7,8
VPN,Classified,2,2023-03-27,1,4,5
VPN,Classified,3,2023-03-27,1,1,2
VPN,Classified,4,2023-03-27,0,1,1
VPN,Classified,5,2023-03-27,0,0,0
VPN,Classified,1,2023-04-03,0,2,2
VPN,Classified,2,2023-04-03,0,0,0
VPN,Classified,3,2023-04-03,0,0,0
VPN,Classified,4,2023-04-03,0,0,0
VPN,Classified,5,2023-04-03,0,0,0
VPN,Classified,1,2023-04-10,0,8,8
VPN,Classified,2,2023-04-10,0,4,4
VPN,Classified,3,2023-04-10,0,3,3
VPN,Classified,4,2023-04-10,0,1,1
VPN,Classified,5,2023-04-10,0,1,1
VPN,Classified,1,2023-04-17,1,4,5
VPN,Classified,2,2023-04-17,1,2,3
VPN,Classified,3,2023-04-17,1,2,3
VPN,Classified,4,2023-04-17,0,2,2
VPN,Classified,5,2023-04-17,0,2,2
VPN,Classified,1,2023-04-24,2,6,8
VPN,Classified,2,2023-04-24,0,4,4
VPN,Classified,3,2023-04-24,0,4,4
VPN,Classified,4,2023-04-24,0,3,3
VPN,Classified,5,2023-04-24,0,2,2
VPN,Classified,1,2023-05-01,2,20,22
VPN,Classified,2,2023-05-01,0,14,14
VPN,Classified,3,2023-05-01,0,12,12
VPN,Classified,4,2023-05-01,0,12,12
VPN,Classified,5,2023-05-01,0,12,12
VPN,Classified,1,2023-05-08,2,11,13
VPN,Classified,2,2023-05-08,0,7,7
VPN,Classified,3,2023-05-08,0,6,6
VPN,Classified,4,2023-05-08,0,3,3
VPN,Classified,5,2023-05-08,0,3,3
VPN,Classified,1,2023-05-15,1,7,8
VPN,Classified,2,2023-05-15,0,5,5
VPN,Classified,3,2023-05-15,0,3,3
VPN,Classified,4,2023-05-15,0,2,2
VPN,Classified,5,2023-05-15,0,2,2
VPN,Classified,1,2023-05-22,0,17,17
VPN,Classified,2,2023-05-22,0,11,11
VPN,Classified,3,2023-05-22,0,8,8
VPN,Classified,4,2023-05-22,0,8,8
VPN,Classified,5,2023-05-22,0,6,6
VPN,Classified,1,2023-05-29,0,3,3
VPN,Classified,2,2023-05-29,0,2,2
VPN,Classified,3,2023-05-29,0,1,1
VPN,Classified,4,2023-05-29,0,0,0
VPN,Classified,5,2023-05-29,0,0,0
VPN,Classified,1,2023-06-05,2,5,7
VPN,Classified,2,2023-06-05,1,2,3
VPN,Classified,3,2023-06-05,1,1,2
VPN,Classified,4,2023-06-05,0,1,1
VPN,Classified,5,2023-06-05,0,1,1
VPN,Classified,1,2023-06-12,3,5,8
VPN,Classified,2,2023-06-12,2,2,4
VPN,Classified,3,2023-06-12,2,1,3
VPN,Classified,4,2023-06-12,2,0,2
VPN,Classified,5,2023-06-12,2,0,2
VPN,Classified,1,2023-06-19,0,3,3
VPN,Classified,2,2023-06-19,0,1,1
VPN,Classified,3,2023-06-19,0,1,1
VPN,Classified,4,2023-06-19,0,1,1
VPN,Classified,5,2023-06-19,0,1,1
VPN,Classified,1,2023-06-26,2,8,10
VPN,Classified,2,2023-06-26,0,6,6
VPN,Classified,3,2023-06-26,0,4,4
VPN,Classified,4,2023-06-26,0,3,3
VPN,Classified,5,2023-06-26,0,2,2
VPN,Classified,1,2023-07-03,3,4,7
VPN,Classified,2,2023-07-03,2,2,4
VPN,Classified,3,2023-07-03,2,2,4
VPN,Classified,4,2023-07-03,1,2,3
VPN,Classified,5,2023-07-03,0,2,2
VPN,Classified,1,2023-07-10,0,0,0
VPN,Classified,2,2023-07-10,0,0,0
VPN,Classified,3,2023-07-10,0,0,0
VPN,Classified,4,2023-07-10,0,0,0
VPN,Classified,5,2023-07-10,0,0,0
VPN,Classified,1,2023-07-17,0,7,7
VPN,Classified,2,2023-07-17,0,4,4
VPN,Classified,3,2023-07-17,0,1,1
VPN,Classified,4,2023-07-17,0,1,1
VPN,Classified,5,2023-07-17,0,1,1
VPN,Classified,1,2023-07-24,2,20,22
VPN,Classified,2,2023-07-24,0,12,12
VPN,Classified,3,2023-07-24,0,9,9
VPN,Classified,4,2023-07-24,0,5,5
VPN,Classified,5,2023-07-24,0,0,0
VPN,Classified,1,2023-07-31,1,7,8
VPN,Classified,2,2023-07-31,0,2,2
VPN,Classified,3,2023-07-31,0,0,0
VPN,Classified,4,2023-07-31,0,0,0
VPN,Classified,5,2023-07-31,0,0,0
VPN,Classified,1,2023-08-07,3,11,14
VPN,Classified,2,2023-08-07,1,4,5
VPN,Classified,3,2023-08-07,1,4,5
VPN,Classified,4,2023-08-07,1,3,4
VPN,Classified,5,2023-08-07,0,3,3
VPN,Classified,1,2023-08-14,2,4,6
VPN,Classified,2,2023-08-14,1,0,1
VPN,Classified,3,2023-08-14,0,0,0
VPN,Classified,4,2023-08-14,0,0,0
VPN,Classified,5,2023-08-14,0,0,0
VPN,Classified,1,2023-08-21,1,4,5
VPN,Classified,2,2023-08-21,1,4,5
VPN,Classified,3,2023-08-21,0,3,3
VPN,Classified,4,2023-08-21,0,2,2
VPN,Classified,5,2023-08-21,0,0,0
VPN,Classified,1,2023-08-28,1,6,7
VPN,Classified,2,2023-08-28,1,2,3
VPN,Classified,3,2023-08-28,1,0,1
VPN,Classified,4,2023-08-28,1,0,1
VPN,Classified,5,2023-08-28,1,0,1
VPN,Classified,1,2023-09-04,1,5,6
VPN,Classified,2,2023-09-04,0,2,2
VPN,Classified,3,2023-09-04,0,2,2
VPN,Classified,4,2023-09-04,0,1,1
VPN,Classified,5,2023-09-04,0,1,1
VPN,Classified,1,2023-09-11,1,6,7
VPN,Classified,2,2023-09-11,0,4,4
VPN,Classified,3,2023-09-11,0,3,3
VPN,Classified,4,2023-09-11,0,1,1
VPN,Classified,5,2023-09-11,0,0,0
VPN,Classified,1,2023-09-18,1,4,5
VPN,Classified,2,2023-09-18,1,1,2
VPN,Classified,3,2023-09-18,1,1,2
VPN,Classified,4,2023-09-18,1,1,2
VPN,Classified,5,2023-09-18,1,1,2
VPN,Classified,1,2023-09-25,4,3,7
VPN,Classified,2,2023-09-25,2,1,3
VPN,Classified,3,2023-09-25,1,1,2
VPN,Classified,4,2023-09-25,1,1,2
VPN,Classified,5,2023-09-25,1,1,2
VPN,Classified,1,2023-10-02,1,0,1
VPN,Classified,2,2023-10-02,0,0,0
VPN,Classified,3,2023-10-02,0,0,0
VPN,Classified,4,2023-10-02,0,0,0
VPN,Classified,5,2023-10-02,0,0,0
VPN,Classified,1,2023-10-09,0,3,3
VPN,Classified,2,2023-10-09,0,2,2
VPN,Classified,3,2023-10-09,0,2,2
VPN,Classified,4,2023-10-09,0,2,2
VPN,Classified,5,2023-10-09,0,1,1
VPN,Classified,1,2023-10-16,0,1,1
VPN,Classified,2,2023-10-16,0,0,0
VPN,Classified,3,2023-10-16,0,0,0
VPN,Classified,4,2023-10-16,0,0,0
VPN,Classified,5,2023-10-16,0,0,0
VPN,Classified,1,2023-10-23,1,4,5
VPN,Classified,2,2023-10-23,0,2,2
VPN,Classified,3,2023-10-23,0,2,2
VPN,Classified,4,2023-10-23,0,2,2
VPN,Classified,5,2023-10-23,0,2,2
VPN,Classified,1,2023-10-30,1,3,4
VPN,Classified,2,2023-10-30,1,1,2
VPN,Classified,3,2023-10-30,0,1,1
VPN,Classified,4,2023-10-30,0,1,1
VPN,Classified,5,2023-10-30,0,1,1
VPN,Classified,1,2023-11-06,1,5,6
VPN,Classified,2,2023-11-06,1,1,2
VPN,Classified,3,2023-11-06,1,1,2
VPN,Classified,4,2023-11-06,0,1,1
VPN,Classified,5,2023-11-06,0,1,1
VPN,Classified,1,2023-11-13,1,6,7
VPN,Classified,2,2023-11-13,0,3,3
VPN,Classified,3,2023-11-13,0,2,2
VPN,Classified,4,2023-11-13,0,1,1
VPN,Classified,5,2023-11-13,0,1,1
VPN,Classified,1,2023-11-20,2,7,9
VPN,Classified,2,2023-11-20,2,3,5
VPN,Classified,3,2023-11-20,1,0,1
VPN,Classified,4,2023-11-20,0,0,0
VPN,Classified,5,2023-11-20,0,0,0
VPN,Classified,1,2023-11-27,0,3,3
VPN,Classified,2,2023-11-27,0,3,3
VPN,Classified,3,2023-11-27,0,2,2
VPN,Classified,4,2023-11-27,0,2,2
VPN,Classified,5,2023-11-27,0,2,2
VPN,Classified,1,2023-12-04,0,8,8
VPN,Classified,2,2023-12-04,0,4,4
VPN,Classified,3,2023-12-04,0,4,4
VPN,Classified,4,2023-12-04,0,4,4
VPN,Classified,5,2023-12-04,0,3,3
VPN,Classified,1,2023-12-11,0,0,0
VPN,Classified,2,2023-12-11,0,0,0
VPN,Classified,3,2023-12-11,0,0,0
VPN,Classified,4,2023-12-11,0,0,0
VPN,Classified,5,2023-12-11,0,0,0
VPN,Classified,1,2023-12-18,1,12,13
VPN,Classified,2,2023-12-18,0,5,5
VPN,Classified,3,2023-12-18,0,4,4
VPN,Classified,4,2023-12-18,0,3,3
VPN,Classified,5,2023-12-18,0,3,3
VPN,Classified,1,2023-12-25,0,7,7
VPN,Classified,2,2023-12-25,0,2,2
VPN,Classified,3,2023-12-25,0,1,1
VPN,Classified,4,2023-12-25,0,1,1
VPN,Classified,5,2023-12-25,0,0,0
VPN,Classified,1,2024-01-01,2,2,4
VPN,Classified,2,2024-01-01,0,1,1
VPN,Classified,3,2024-01-01,0,0,0
VPN,Classified,4,2024-01-01,0,0,0
VPN,Classified,5,2024-01-01,0,0,0
VPN,Classified,1,2024-01-08,2,4,6
VPN,Classified,2,2024-01-08,1,2,3
VPN,Classified,3,2024-01-08,1,1,2
VPN,Classified,4,2024-01-08,0,1,1
VPN,Classified,5,2024-01-08,0,0,0
VPN,Classified,1,2024-01-15,1,6,7
VPN,Classified,2,2024-01-15,1,2,3
VPN,Classified,3,2024-01-15,0,2,2
VPN,Classified,4,2024-01-15,0,2,2
VPN,Classified,5,2024-01-15,0,1,1
VPN,Classified,1,2024-01-22,1,10,11
VPN,Classified,2,2024-01-22,1,5,6
VPN,Classified,3,2024-01-22,1,3,4
VPN,Classified,4,2024-01-22,0,2,2
VPN,Classified,5,2024-01-22,0,2,2
VPN,Classified,1,2024-01-29,1,4,5
VPN,Classified,2,2024-01-29,1,1,2
VPN,Classified,3,2024-01-29,0,1,1
VPN,Classified,4,2024-01-29,0,1,1
VPN,Classified,5,2024-01-29,0,1,1
VPN,Classified,1,2024-02-05,1,9,10
VPN,Classified,2,2024-02-05,0,5,5
VPN,Classified,3,2024-02-05,0,3,3
VPN,Classified,4,2024-02-05,0,1,1
VPN,Classified,5,2024-02-05,0,1,1
VPN,Classified,1,2024-02-12,1,22,23
VPN,Classified,2,2024-02-12,1,6,7
VPN,Classified,3,2024-02-12,1,3,4
VPN,Classified,4,2024-02-12,0,0,0
VPN,Classified,5,2024-02-12,0,0,0
VPN,Classified,1,2024-02-19,1,9,10
VPN,Classified,2,2024-02-19,1,3,4
VPN,Classified,3,2024-02-19,1,3,4
VPN,Classified,4,2024-02-19,1,1,2
VPN,Classified,5,2024-02-19,1,1,2
VPN,Classified,1,2024-02-26,0,8,8
VPN,Classified,2,2024-02-26,0,2,2
VPN,Classified,3,2024-02-26,0,2,2
VPN,Classified,4,2024-02-26,0,0,0
VPN,Classified,5,2024-02-26,0,0,0
VPN,Classified,1,2024-03-04,0,10,10
VPN,Classified,2,2024-03-04,0,4,4
VPN,Classified,3,2024-03-04,0,1,1
VPN,Classified,4,2024-03-04,0,0,0
VPN,Classified,5,2024-03-04,0,0,0
VPN,Classified,1,2024-03-11,1,8,9
VPN,Classified,2,2024-03-11,0,6,6
VPN,Classified,3,2024-03-11,0,5,5
VPN,Classified,4,2024-03-11,0,2,2
VPN,Classified,5,2024-03-11,0,2,2
VPN,Classified,1,2024-03-18,0,6,6
VPN,Classified,2,2024-03-18,0,2,2
VPN,Classified,3,2024-03-18,0,1,1
VPN,Classified,4,2024-03-18,0,1,1
VPN,Classified,5,2024-03-18,0,1,1
VPN,Classified,1,2024-03-25,1,3,4
VPN,Classified,2,2024-03-25,1,0,1
VPN,Classified,3,2024-03-25,0,0,0
VPN,Classified,4,2024-03-25,0,0,0
VPN,Classified,5,2024-03-25,0,0,0
VPN,Classified,1,2024-04-01,1,7,8
VPN,Classified,2,2024-04-01,0,3,3
VPN,Classified,3,2024-04-01,0,2,2
VPN,Classified,4,2024-04-01,0,1,1
VPN,Classified,5,2024-04-01,0,1,1
VPN,Classified,1,2024-04-08,1,3,4
VPN,Classified,2,2024-04-08,0,1,1
VPN,Classified,3,2024-04-08,0,1,1
VPN,Classified,4,2024-04-08,0,1,1
VPN,Classified,5,2024-04-08,0,1,1
VPN,Classified,1,2024-04-15,1,6,7
VPN,Classified,2,2024-04-15,1,3,4
VPN,Classified,3,2024-04-15,0,3,3
VPN,Classified,4,2024-04-15,0,3,3
VPN,Classified,5,2024-04-15,0,3,3
VPN,Classified,1,2024-04-22,3,3,6
VPN,Classified,2,2024-04-22,2,0,2
VPN,Classified,3,2024-04-22,0,0,0
VPN,Classified,4,2024-04-22,0,0,0
VPN,Classified,5,2024-04-22,0,0,0
VPN,Classified,1,2024-04-29,2,5,7
VPN,Classified,2,2024-04-29,1,1,2
VPN,Classified,3,2024-04-29,0,1,1
VPN,Classified,4,2024-04-29,0,1,1
VPN,Classified,5,2024-04-29,0,1,1
VPN,Classified,1,2024-05-06,1,10,11
VPN,Classified,2,2024-05-06,0,2,2
VPN,Classified,3,2024-05-06,0,2,2
VPN,Classified,4,2024-05-06,0,1,1
VPN,Classified,5,2024-05-06,0,1,1
VPN,Classified,1,2024-05-13,2,3,5
VPN,Classified,2,2024-05-13,2,2,4
VPN,Classified,3,2024-05-13,1,1,2
VPN,Classified,4,2024-05-13,1,1,2
VPN,Classified,5,2024-05-13,1,1,2
VPN,Classified,1,2024-05-20,3,4,7
VPN,Classified,2,2024-05-20,2,0,2
VPN,Classified,3,2024-05-20,2,0,2
VPN,Classified,4,2024-05-20,0,0,0
VPN,Classified,5,2024-05-20,0,0,0
VPN,Classified,1,2024-05-27,0,8,8
VPN,Classified,2,2024-05-27,0,5,5
VPN,Classified,3,2024-05-27,0,2,2
VPN,Classified,4,2024-05-27,0,1,1
VPN,Classified,5,2024-05-27,0,0,0
VPN,Classified,1,2024-06-03,0,5,5
VPN,Classified,2,2024-06-03,0,3,3
VPN,Classified,3,2024-06-03,0,2,2
VPN,Classified,4,2024-06-03,0,2,2
VPN,Classified,5,2024-06-03,0,0,0
VPN,Classified,1,2024-06-10,1,1,2
VPN,Classified,2,2024-06-10,0,1,1
VPN,Classified,3,2024-06-10,0,1,1
VPN,Classified,4,2024-06-10,0,0,0
VPN,Classified,5,2024-06-10,0,0,0
VPN,Classified,1,2024-06-17,1,11,12
VPN,Classified,2,2024-06-17,0,6,6
VPN,Classified,3,2024-06-17,0,4,4
VPN,Classified,4,2024-06-17,0,3,3
VPN,Classified,5,2024-06-17,0,3,3
VPN,Classified,1,2024-06-24,1,2,3
VPN,Classified,2,2024-06-24,0,1,1
VPN,Classified,3,2024-06-24,0,1,1
VPN,Classified,4,2024-06-24,0,1,1
VPN,Classified,5,2024-06-24,0,1,1
VPN,Classified,1,2024-07-01,0,27,27
VPN,Classified,2,2024-07-01,0,4,4
VPN,Classified,3,2024-07-01,0,4,4
VPN,Classified,4,2024-07-01,0,1,1
VPN,Classified,5,2024-07-01,0,1,1
VPN,Classified,1,2024-07-08,0,6,6
VPN,Classified,2,2024-07-08,0,2,2
VPN,Classified,3,2024-07-08,0,1,1
VPN,Classified,4,2024-07-08,0,0,0
VPN,Classified,5,2024-07-08,0,0,0
VPN,Classified,1,2024-07-15,1,5,6
VPN,Classified,2,2024-07-15,1,2,3
VPN,Classified,3,2024-07-15,0,2,2
VPN,Classified,4,2024-07-15,0,1,1
VPN,Classified,5,2024-07-15,0,0,0
VPN,Classified,1,2024-07-22,0,7,7
VPN,Classified,2,2024-07-22,0,1,1
VPN,Classified,3,2024-07-22,0,1,1
VPN,Classified,4,2024-07-22,0,1,1
VPN,Classified,5,2024-07-22,0,1,1
VPN,Classified,1,2024-07-29,2,5,7
VPN,Classified,2,2024-07-29,0,2,2
VPN,Classified,3,2024-07-29,0,1,1
VPN,Classified,4,2024-07-29,0,1,1
VPN,Classified,5,2024-07-29,0,1,1
VPN,Classified,1,2024-08-05,2,3,5
VPN,Classified,2,2024-08-05,1,3,4
VPN,Classified,3,2024-08-05,1,2,3
VPN,Classified,4,2024-08-05,0,2,2
VPN,Classified,5,2024-08-05,0,1,1
VPN,Classified,1,2024-08-12,0,8,8
VPN,Classified,2,2024-08-12,0,7,7
VPN,Classified,3,2024-08-12,0,2,2
VPN,Classified,4,2024-08-12,0,1,1
VPN,Classified,5,2024-08-12,0,0,0
VPN,Classified,1,2024-08-19,2,10,12
VPN,Classified,2,2024-08-19,0,7,7
VPN,Classified,3,2024-08-19,0,7,7
VPN,Classified,4,2024-08-19,0,3,3
VPN,Classified,5,2024-08-19,0,0,0
VPN,Classified,1,2024-08-26,0,9,9
VPN,Classified,2,2024-08-26,0,4,4
VPN,Classified,3,2024-08-26,0,3,3
VPN,Classified,4,2024-08-26,0,2,2
VPN,Classified,5,2024-08-26,0,2,2
VPN,Classified,1,2024-09-02,0,5,5
VPN,Classified,2,2024-09-02,0,1,1
VPN,Classified,3,2024-09-02,0,1,1
VPN,Classified,4,2024-09-02,0,0,0
VPN,Classified,5,2024-09-02,0,0,0
VPN,Classified,1,2024-09-09,1,8,9
VPN,Classified,2,2024-09-09,1,4,5
VPN,Classified,3,2024-09-09,1,4,5
VPN,Classified,4,2024-09-09,1,2,3
VPN,Classified,5,2024-09-09,1,1,2
VPN,Classified,1,2024-09-16,1,14,15
VPN,Classified,2,2024-09-16,0,6,6
VPN,Classified,3,2024-09-16,0,3,3
VPN,Classified,4,2024-09-16,0,2,2
VPN,Classified,5,2024-09-16,0,2,2
VPN,Classified,1,2024-09-23,2,9,11
VPN,Classified,2,2024-09-23,0,1,1
VPN,Classified,3,2024-09-23,0,1,1
VPN,Classified,4,2024-09-23,0,1,1
VPN,Classified,5,2024-09-23,0,1,1
VPN,Classified,1,2024-09-30,0,2,2
VPN,Classified,2,2024-09-30,0,0,0
VPN,Classified,3,2024-09-30,0,0,0
VPN,Classified,4,2024-09-30,0,0,0
VPN,Classified,5,2024-09-30,0,0,0
VPN,Classified,1,2024-10-07,1,4,5
VPN,Classified,2,2024-10-07,0,1,1
VPN,Classified,3,2024-10-07,0,0,0
VPN,Classified,4,2024-10-07,0,0,0
VPN,Classified,5,2024-10-07,0,0,0
VPN,Classified,1,2024-10-14,1,9,10
VPN,Classified,2,2024-10-14,0,4,4
VPN,Classified,3,2024-10-14,0,2,2
VPN,Classified,4,2024-10-14,0,1,1
VPN,Classified,5,2024-10-14,0,1,1
VPN,Classified,1,2024-10-21,0,9,9
VPN,Classified,2,2024-10-21,0,4,4
VPN,Classified,3,2024-10-21,0,2,2
VPN,Classified,4,2024-10-21,0,2,2
VPN,Classified,5,2024-10-21,0,2,2
VPN,Classified,1,2024-10-28,1,5,6
VPN,Classified,2,2024-10-28,0,2,2
VPN,Classified,3,2024-10-28,0,2,2
VPN,Classified,4,2024-10-28,0,2,2
VPN,Classified,5,2024-10-28,0,1,1
VPN,Classified,1,2024-11-04,2,7,9
VPN,Classified,2,2024-11-04,0,6,6
VPN,Classified,3,2024-11-04,0,5,5
VPN,Classified,4,2024-11-04,0,2,2
VPN,Classified,5,2024-11-04,0,2,2
VPN,Classified,1,2024-11-11,2,5,7
VPN,Classified,2,2024-11-11,0,4,4
VPN,Classified,3,2024-11-11,0,3,3
VPN,Classified,4,2024-11-11,0,2,2
VPN,Classified,5,2024-11-11,0,0,0
VPN,Classified,1,2024-11-18,1,6,7
VPN,Classified,2,2024-11-18,0,2,2
VPN,Classified,3,2024-11-18,0,1,1
VPN,Classified,4,2024-11-18,0,0,0
VPN,Classified,5,2024-11-18,0,0,0
VPN,Classified,1,2024-11-25,0,12,12
VPN,Classified,2,2024-11-25,0,6,6
VPN,Classified,3,2024-11-25,0,5,5
VPN,Classified,4,2024-11-25,0,4,4
VPN,Classified,5,2024-11-25,0,1,1
VPN,Classified,1,2024-12-02,0,5,5
VPN,Classified,2,2024-12-02,0,3,3
VPN,Classified,3,2024-12-02,0,2,2
VPN,Classified,4,2024-12-02,0,1,1
VPN,Classified,5,2024-12-02,0,1,1
VPN,Classified,1,2024-12-09,2,11,13
VPN,Classified,2,2024-12-09,1,9,10
VPN,Classified,3,2024-12-09,1,9,10
VPN,Classified,4,2024-12-09,1,7,8
VPN,Classified,5,2024-12-09,1,7,8
VPN,Classified,1,2024-12-16,2,5,7
VPN,Classified,2,2024-12-16,2,1,3
VPN,Classified,3,2024-12-16,2,1,3
VPN,Classified,4,2024-12-16,1,1,2
VPN,Classified,5,2024-12-16,1,0,1
VPN,Classified,1,2024-12-23,0,11,11
VPN,Classified,2,2024-12-23,0,4,4
VPN,Classified,3,2024-12-23,0,1,1
VPN,Classified,4,2024-12-23,0,1,1
VPN,Classified,5,2024-12-23,0,0,0
VPN,Classified,1,2024-12-30,2,8,10
VPN,Classified,2,2024-12-30,2,3,5
VPN,Classified,3,2024-12-30,2,1,3
VPN,Classified,4,2024-12-30,2,1,3
VPN,Classified,5,2024-12-30,1,0,1
VPN,Classified,1,2025-01-06,1,5,6
VPN,Classified,2,2025-01-06,0,1,1
VPN,Classified,3,2025-01-06,0,0,0
VPN,Classified,4,2025-01-06,0,0,0
VPN,Classified,5,2025-01-06,0,0,0
VPN,Classified,1,2025-01-13,2,22,24
VPN,Classified,2,2025-01-13,1,6,7
VPN,Classified,3,2025-01-13,1,5,6
VPN,Classified,4,2025-01-13,1,1,2
VPN,Classified,5,2025-01-13,0,1,1
VPN,Classified,1,2025-01-20,1,14,15
VPN,Classified,2,2025-01-20,1,6,7
VPN,Classified,3,2025-01-20,0,3,3
VPN,Classified,4,2025-01-20,0,0,0
VPN,Classified,5,2025-01-20,0,0,0
VPN,Classified,1,2025-01-27,1,6,7
VPN,Classified,2,2025-01-27,1,2,3
VPN,Classified,3,2025-01-27,1,1,2
VPN,Classified,4,2025-01-27,1,1,2
VPN,Classified,5,2025-01-27,1,1,2
VPN,Classified,1,2025-02-03,0,9,9
VPN,Classified,2,2025-02-03,0,6,6
VPN,Classified,3,2025-02-03,0,4,4
VPN,Classified,4,2025-02-03,0,3,3
VPN,Classified,5,2025-02-03,0,1,1
VPN,Classified,1,2025-02-10,2,4,6
VPN,Classified,2,2025-02-10,1,2,3
VPN,Classified,3,2025-02-10,1,2,3
VPN,Classified,4,2025-02-10,1,2,3
VPN,Classified,5,2025-02-10,0,1,1
VPN,Classified,1,2025-02-17,1,28,29
VPN,Classified,2,2025-02-17,1,17,18
VPN,Classified,3,2025-02-17,0,11,11
VPN,Classified,4,2025-02-17,0,9,9
VPN,Classified,5,2025-02-17,0,7,7
VPN,Classified,1,2025-02-24,2,16,18
VPN,Classified,2,2025-02-24,0,8,8
VPN,Classified,3,2025-02-24,0,7,7
VPN,Classified,4,2025-02-24,0,4,4
VPN,Classified,5,2025-02-24,0,2,2
VPN,Classified,1,2025-03-03,0,4,4
VPN,Classified,2,2025-03-03,0,2,2
VPN,Classified,3,2025-03-03,0,2,2
VPN,Classified,4,2025-03-03,0,1,1
VPN,Classified,5,2025-03-03,0,0,0
VPN,Classified,1,2025-03-10,0,6,6
VPN,Classified,2,2025-03-10,0,2,2
VPN,Classified,3,2025-03-10,0,1,1
VPN,Classified,4,2025-03-10,0,1,1
VPN,Classified,5,2025-03-10,0,1,1
VPN,Classified,1,2025-03-17,0,3,3
VPN,Classified,2,2025-03-17,0,1,1
VPN,Classified,3,2025-03-17,0,1,1
VPN,Classified,4,2025-03-17,0,0,0
VPN,Classified,5,2025-03-17,0,0,0
VPN,Classified,1,2025-03-24,2,6,8
VPN,Classified,2,2025-03-24,0,2,2
VPN,Classified,3,2025-03-24,0,1,1
VPN,Classified,4,2025-03-24,0,1,1
VPN,Classified,5,2025-03-24,0,1,1
VPN,Classified,1,2025-03-31,0,12,12
VPN,Classified,2,2025-03-31,0,5,5
VPN,Classified,3,2025-03-31,0,2,2
VPN,Classified,4,2025-03-31,0,2,2
VPN,Classified,5,2025-03-31,0,1,1
VPN,Classified,1,2025-04-07,1,6,7
VPN,Classified,2,2025-04-07,0,1,1
VPN,Classified,3,2025-04-07,0,1,1
VPN,Classified,4,2025-04-07,0,0,0
VPN,Classified,5,2025-04-07,0,0,0
VPN,Classified,1,2025-04-14,0,10,10
VPN,Classified,2,2025-04-14,0,6,6
VPN,Classified,3,2025-04-14,0,6,6
VPN,Classified,4,2025-04-14,0,5,5
VPN,Classified,5,2025-04-14,0,2,2
VPN,Classified,1,2025-04-21,0,5,5
VPN,Classified,2,2025-04-21,0,2,2
VPN,Classified,3,2025-04-21,0,2,2
VPN,Classified,4,2025-04-21,0,2,2
VPN,Classified,5,2025-04-21,0,1,1
VPN,Classified,1,2025-04-28,0,5,5
VPN,Classified,2,2025-04-28,0,1,1
VPN,Classified,3,2025-04-28,0,1,1
VPN,Classified,4,2025-04-28,0,1,1
VPN,Classified,5,2025-04-28,0,1,1
VPN,Classified,1,2025-05-05,0,1,1
VPN,Classified,2,2025-05-05,0,1,1
VPN,Classified,3,2025-05-05,0,1,1
VPN,Classified,4,2025-05-05,0,0,0
VPN,Classified,5,2025-05-05,0,0,0
VPN,Classified,1,2025-05-12,1,3,4
VPN,Classified,2,2025-05-12,1,1,2
VPN,Classified,3,2025-05-12,1,1,2
VPN,Classified,4,2025-05-12,0,0,0
VPN,Classified,5,2025-05-12,0,0,0
VPN,Classified,1,2025-05-19,4,5,9
VPN,Classified,2,2025-05-19,3,1,4
VPN,Classified,3,2025-05-19,3,1,4
VPN,Classified,4,2025-05-19,0,1,1
VPN,Classified,5,2025-05-19,0,1,1
VPN,Classified,1,2025-05-26,2,3,5
VPN,Classified,2,2025-05-26,1,0,1
VPN,Classified,3,2025-05-26,1,0,1
VPN,Classified,4,2025-05-26,1,0,1
VPN,Classified,5,2025-05-26,0,0,0
VPN,Classified,1,2025-06-02,2,18,20
VPN,Classified,2,2025-06-02,0,12,12
VPN,Classified,3,2025-06-02,0,8,8
VPN,Classified,4,2025-06-02,0,3,3
VPN,Classified,5,2025-06-02,0,1,1
VPN,Classified,1,2025-06-09,1,3,4
VPN,Classified,2,2025-06-09,0,1,1
VPN,Classified,3,2025-06-09,0,0,0
VPN,Classified,4,2025-06-09,0,0,0
VPN,Classified,5,2025-06-09,0,0,0
VPN,Classified,1,2025-06-16,0,7,7
VPN,Classified,2,2025-06-16,0,4,4
VPN,Classified,3,2025-06-16,0,2,2
VPN,Classified,4,2025-06-16,0,2,2
VPN,Classified,5,2025-06-16,0,2,2
VPN,Classified,1,2025-06-23,0,8,8
VPN,Classified,2,2025-06-23,0,4,4
VPN,Classified,3,2025-06-23,0,3,3
VPN,Classified,4,2025-06-23,0,3,3
VPN,Classified,5,2025-06-23,0,3,3
VPN,Classified,1,2025-06-30,1,7,8
VPN,Classified,2,2025-06-30,1,4,5
VPN,Classified,3,2025-06-30,0,4,4
VPN,Classified,4,2025-06-30,0,4,4
VPN,Classified,5,2025-06-30,0,3,3
VPN,Classified,1,2025-07-07,1,9,10
VPN,Classified,2,2025-07-07,1,4,5
VPN,Classified,3,2025-07-07,1,1,2
VPN,Classified,4,2025-07-07,1,1,2
VPN,Classified,5,2025-07-07,1,1,2
VPN,Classified,1,2025-07-14,2,18,20
VPN,Classified,2,2025-07-14,2,13,15
VPN,Classified,3,2025-07-14,1,6,7
VPN,Classified,4,2025-07-14,1,6,7
VPN,Classified,5,2025-07-14,0,4,4
VPN,Classified,1,2025-07-21,15,77,92
VPN,Classified,2,2025-07-21,6,54,60
VPN,Classified,3,2025-07-21,4,41,45
VPN,Classified,4,2025-07-21,2,34,36
VPN,Classified,5,2025-07-21,2,29,31
VPN,Classified,1,2025-07-28,21,201,222
VPN,Classified,2,2025-07-28,14,140,154
VPN,Classified,3,2025-07-28,12,100,112
VPN,Classified,4,2025-07-28,8,76,84
VPN,Classified,5,2025-07-28,4,54,58
VPN,Classified,1,2025-08-04,12,96,108
VPN,Classified,2,2025-08-04,7,59,66
VPN,Classified,3,2025-08-04,3,42,45
VPN,Classified,4,2025-08-04,3,37,40
VPN,Classified,5,2025-08-04,2,27,29
VPN,Classified,1,2025-08-11,4,115,119
VPN,Classified,2,2025-08-11,3,91,94
VPN,Classified,3,2025-08-11,2,74,76
VPN,Classified,4,2025-08-11,1,61,62
VPN,Classified,5,2025-08-11,0,48,48
VPN,Classified,1,2025-08-18,8,154,162
VPN,Classified,2,2025-08-18,6,117,123
VPN,Classified,3,2025-08-18,5,100,105
VPN,Classified,4,2025-08-18,4,84,88
VPN,Classified,5,2025-08-18,4,67,71
VPN,Classified,1,2025-08-25,3,48,51
VPN,Classified,2,2025-08-25,1,35,36
VPN,Classified,3,2025-08-25,1,26,27
VPN,Classified,4,2025-08-25,1,17,18
VPN,Classified,5,2025-08-25,1,14,15
VPN,Classified,1,2025-09-01,2,29,31
VPN,Classified,2,2025-09-01,1,16,17
VPN,Classified,3,2025-09-01,1,10,11
VPN,Classified,4,2025-09-01,0,8,8
VPN,Classified,5,2025-09-01,0,6,6
VPN,Classified,1,2025-09-08,2,29,31
VPN,Classified,2,2025-09-08,1,18,19
VPN,Classified,3,2025-09-08,1,13,14
VPN,Classified,4,2025-09-08,1,8,9
VPN,Classified,5,2025-09-08,0,6,6
VPN,Classified,1,2025-09-15,5,32,37
VPN,Classified,2,2025-09-15,3,18,21
VPN,Classified,3,2025-09-15,1,15,16
VPN,Classified,4,2025-09-15,0,14,14
VPN,Classified,5,2025-09-15,0,12,12
VPN,Classified,1,2025-09-22,6,28,34
VPN,Classified,2,2025-09-22,4,14,18
VPN,Classified,3,2025-09-22,4,10,14
VPN,Classified,4,2025-09-22,3,7,10
VPN,Classified,5,2025-09-22,2,7,9
VPN,Classified,1,2025-09-29,8,27,35
VPN,Classified,2,2025-09-29,1,12,13
VPN,Classified,3,2025-09-29,0,9,9
VPN,Classified,4,2025-09-29,0,3,3
VPN,Classified,5,2025-09-29,0,3,3
VPN,Classified,1,2025-10-06,6,16,22
VPN,Classified,2,2025-10-06,3,12,15
VPN,Classified,3,2025-10-06,1,11,12
VPN,Classified,4,2025-10-06,0,9,9
VPN,Classified,5,2025-10-06,0,8,8
VPN,Classified,1,2025-10-13,1,39,40
VPN,Classified,2,2025-10-13,0,22,22
VPN,Classified,3,2025-10-13,0,10,10
VPN,Classified,4,2025-10-13,0,9,9
VPN,Classified,5,2025-10-13,0,8,8
VPN,Classified,1,2025-10-20,0,39,39
VPN,Classified,2,2025-10-20,0,22,22
VPN,Classified,3,2025-10-20,0,16,16
VPN,Classified,4,2025-10-20,0,14,14
VPN,Classified,5,2025-10-20,0,10,10
Politics,Raw,1,2021-11-01,3518,175742,179260
Politics,Raw,2,2021-11-01,2371,128236,130607
Politics,Raw,3,2021-11-01,1561,92727,94288
Politics,Raw,4,2021-11-01,1017,66974,67991
Politics,Raw,5,2021-11-01,661,48331,48992
Politics,Raw,1,2021-11-08,3674,167038,170712
Politics,Raw,2,2021-11-08,2432,122022,124454
Politics,Raw,3,2021-11-08,1618,87981,89599
Politics,Raw,4,2021-11-08,1097,63985,65082
Politics,Raw,5,2021-11-08,731,45445,46176
Politics,Raw,1,2021-11-15,3646,175967,179613
Politics,Raw,2,2021-11-15,2371,127929,130300
Politics,Raw,3,2021-11-15,1564,91135,92699
Politics,Raw,4,2021-11-15,1064,65717,66781
Politics,Raw,5,2021-11-15,705,47152,47857
Politics,Raw,1,2021-11-22,3862,184534,188396
Politics,Raw,2,2021-11-22,2533,134551,137084
Politics,Raw,3,2021-11-22,1664,95157,96821
Politics,Raw,4,2021-11-22,1127,68621,69748
Politics,Raw,5,2021-11-22,740,49183,49923
Politics,Raw,1,2021-11-29,3690,185258,188948
Politics,Raw,2,2021-11-29,2484,135256,137740
Politics,Raw,3,2021-11-29,1638,95909,97547
Politics,Raw,4,2021-11-29,1089,69214,70303
Politics,Raw,5,2021-11-29,749,50589,51338
Politics,Raw,1,2021-12-06,4011,202876,206887
Politics,Raw,2,2021-12-06,2631,147144,149775
Politics,Raw,3,2021-12-06,1754,103782,105536
Politics,Raw,4,2021-12-06,1217,74740,75957
Politics,Raw,5,2021-12-06,840,54437,55277
Politics,Raw,1,2021-12-13,3994,199210,203204
Politics,Raw,2,2021-12-13,2680,145416,148096
Politics,Raw,3,2021-12-13,1752,102641,104393
Politics,Raw,4,2021-12-13,1194,74080,75274
Politics,Raw,5,2021-12-13,821,53760,54581
Politics,Raw,1,2021-12-20,4131,193030,197161
Politics,Raw,2,2021-12-20,2787,140433,143220
Politics,Raw,3,2021-12-20,1887,99853,101740
Politics,Raw,4,2021-12-20,1267,71751,73018
Politics,Raw,5,2021-12-20,850,51773,52623
Politics,Raw,1,2021-12-27,3528,189470,192998
Politics,Raw,2,2021-12-27,2352,138968,141320
Politics,Raw,3,2021-12-27,1550,98632,100182
Politics,Raw,4,2021-12-27,1053,71345,72398
Politics,Raw,5,2021-12-27,714,52161,52875
Politics,Raw,1,2022-01-03,3889,217982,221871
Politics,Raw,2,2022-01-03,2518,160040,162558
Politics,Raw,3,2022-01-03,1639,114517,116156
Politics,Raw,4,2022-01-03,1092,82605,83697
Politics,Raw,5,2022-01-03,744,59408,60152
Politics,Raw,1,2022-01-10,4412,202089,206501
Politics,Raw,2,2022-01-10,2798,146848,149646
Politics,Raw,3,2022-01-10,1821,104102,105923
Politics,Raw,4,2022-01-10,1184,74027,75211
Politics,Raw,5,2022-01-10,779,53699,54478
Politics,Raw,1,2022-01-17,4485,213564,218049
Politics,Raw,2,2022-01-17,2938,154347,157285
Politics,Raw,3,2022-01-17,1990,110396,112386
Politics,Raw,4,2022-01-17,1309,79246,80555
Politics,Raw,5,2022-01-17,930,57583,58513
Politics,Raw,1,2022-01-24,4203,200384,204587
Politics,Raw,2,2022-01-24,2719,145395,148114
Politics,Raw,3,2022-01-24,1845,103922,105767
Politics,Raw,4,2022-01-24,1164,75579,76743
Politics,Raw,5,2022-01-24,776,54893,55669
Politics,Raw,1,2022-01-31,4238,200386,204624
Politics,Raw,2,2022-01-31,2798,146500,149298
Politics,Raw,3,2022-01-31,1885,104805,106690
Politics,Raw,4,2022-01-31,1232,76019,77251
Politics,Raw,5,2022-01-31,823,55391,56214
Politics,Raw,1,2022-02-07,4026,192062,196088
Politics,Raw,2,2022-02-07,2681,141004,143685
Politics,Raw,3,2022-02-07,1842,101283,103125
Politics,Raw,4,2022-02-07,1195,73447,74642
Politics,Raw,5,2022-02-07,865,54070,54935
Politics,Raw,1,2022-02-14,4161,187935,192096
Politics,Raw,2,2022-02-14,2787,138478,141265
Politics,Raw,3,2022-02-14,1956,98782,100738
Politics,Raw,4,2022-02-14,1375,72361,73736
Politics,Raw,5,2022-02-14,994,52815,53809
Politics,Raw,1,2022-02-21,3897,171824,175721
Politics,Raw,2,2022-02-21,2589,125179,127768
Politics,Raw,3,2022-02-21,1841,88998,90839
Politics,Raw,4,2022-02-21,1214,64352,65566
Politics,Raw,5,2022-02-21,888,46733,47621
Politics,Raw,1,2022-02-28,3845,156698,160543
Politics,Raw,2,2022-02-28,2464,115231,117695
Politics,Raw,3,2022-02-28,1669,81694,83363
Politics,Raw,4,2022-02-28,1134,59661,60795
Politics,Raw,5,2022-02-28,806,43375,44181
Politics,Raw,1,2022-03-07,3862,158218,162080
Politics,Raw,2,2022-03-07,2504,116502,119006
Politics,Raw,3,2022-03-07,1642,83305,84947
Politics,Raw,4,2022-03-07,1138,60662,61800
Politics,Raw,5,2022-03-07,799,44709,45508
Politics,Raw,1,2022-03-14,3589,149186,152775
Politics,Raw,2,2022-03-14,2439,111782,114221
Politics,Raw,3,2022-03-14,1695,81676,83371
Politics,Raw,4,2022-03-14,1165,60357,61522
Politics,Raw,5,2022-03-14,849,44373,45222
Politics,Raw,1,2022-03-21,3668,157745,161413
Politics,Raw,2,2022-03-21,2350,118234,120584
Politics,Raw,3,2022-03-21,1575,86351,87926
Politics,Raw,4,2022-03-21,1106,63891,64997
Politics,Raw,5,2022-03-21,788,47440,48228
Politics,Raw,1,2022-03-28,3883,157589,161472
Politics,Raw,2,2022-03-28,2509,116155,118664
Politics,Raw,3,2022-03-28,1709,84341,86050
Politics,Raw,4,2022-03-28,1144,62200,63344
Politics,Raw,5,2022-03-28,840,45812,46652
Politics,Raw,1,2022-04-04,3805,175014,178819
Politics,Raw,2,2022-04-04,2434,129900,132334
Politics,Raw,3,2022-04-04,1646,94316,95962
Politics,Raw,4,2022-04-04,1143,69849,70992
Politics,Raw,5,2022-04-04,830,51797,52627
Politics,Raw,1,2022-04-11,3991,200045,204036
Politics,Raw,2,2022-04-11,2602,148151,150753
Politics,Raw,3,2022-04-11,1759,107342,109101
Politics,Raw,4,2022-04-11,1226,79000,80226
Politics,Raw,5,2022-04-11,868,58211,59079
Politics,Raw,1,2022-04-18,3638,171684,175322
Politics,Raw,2,2022-04-18,2486,126986,129472
Politics,Raw,3,2022-04-18,1644,91989,93633
Politics,Raw,4,2022-04-18,1132,68529,69661
Politics,Raw,5,2022-04-18,805,49963,50768
Politics,Raw,1,2022-04-25,4018,175641,179659
Politics,Raw,2,2022-04-25,2624,130293,132917
Politics,Raw,3,2022-04-25,1829,94944,96773
Politics,Raw,4,2022-04-25,1238,70000,71238
Politics,Raw,5,2022-04-25,862,51888,52750
Politics,Raw,1,2022-05-02,4264,183933,188197
Politics,Raw,2,2022-05-02,2669,135157,137826
Politics,Raw,3,2022-05-02,1805,97613,99418
Politics,Raw,4,2022-05-02,1243,71348,72591
Politics,Raw,5,2022-05-02,820,52126,52946
Politics,Raw,1,2022-05-09,4154,185787,189941
Politics,Raw,2,2022-05-09,2684,134691,137375
Politics,Raw,3,2022-05-09,1804,97522,99326
Politics,Raw,4,2022-05-09,1264,71238,72502
Politics,Raw,5,2022-05-09,871,52711,53582
Politics,Raw,1,2022-05-16,4094,180045,184139
Politics,Raw,2,2022-05-16,2676,132469,135145
Politics,Raw,3,2022-05-16,1778,96726,98504
Politics,Raw,4,2022-05-16,1221,71367,72588
Politics,Raw,5,2022-05-16,852,52803,53655
Politics,Raw,1,2022-05-23,4344,185327,189671
Politics,Raw,2,2022-05-23,2832,135720,138552
Politics,Raw,3,2022-05-23,1884,99273,101157
Politics,Raw,4,2022-05-23,1314,73124,74438
Politics,Raw,5,2022-05-23,923,54691,55614
Politics,Raw,1,2022-05-30,4058,177147,181205
Politics,Raw,2,2022-05-30,2761,130557,133318
Politics,Raw,3,2022-05-30,1835,94968,96803
Politics,Raw,4,2022-05-30,1277,70263,71540
Politics,Raw,5,2022-05-30,896,52604,53500
Politics,Raw,1,2022-06-06,4290,194600,198890
Politics,Raw,2,2022-06-06,2893,143619,146512
Politics,Raw,3,2022-06-06,1923,103168,105091
Politics,Raw,4,2022-06-06,1292,75856,77148
Politics,Raw,5,2022-06-06,886,56454,57340
Politics,Raw,1,2022-06-13,4489,188320,192809
Politics,Raw,2,2022-06-13,2969,140089,143058
Politics,Raw,3,2022-06-13,1950,102292,104242
Politics,Raw,4,2022-06-13,1326,74782,76108
Politics,Raw,5,2022-06-13,964,55937,56901
Politics,Raw,1,2022-06-20,4467,192030,196497
Politics,Raw,2,2022-06-20,2915,140631,143546
Politics,Raw,3,2022-06-20,1946,102062,104008
Politics,Raw,4,2022-06-20,1295,74729,76024
Politics,Raw,5,2022-06-20,877,55913,56790
Politics,Raw,1,2022-06-27,4334,212236,216570
Politics,Raw,2,2022-06-27,2944,156652,159596
Politics,Raw,3,2022-06-27,1936,113763,115699
Politics,Raw,4,2022-06-27,1325,83171,84496
Politics,Raw,5,2022-06-27,948,62190,63138
Politics,Raw,1,2022-07-04,4907,263043,267950
Politics,Raw,2,2022-07-04,3266,190272,193538
Politics,Raw,3,2022-07-04,2131,133631,135762
Politics,Raw,4,2022-07-04,1448,96281,97729
Politics,Raw,5,2022-07-04,1019,71220,72239
Politics,Raw,1,2022-07-11,4952,255859,260811
Politics,Raw,2,2022-07-11,3310,187966,191276
Politics,Raw,3,2022-07-11,2156,136316,138472
Politics,Raw,4,2022-07-11,1486,101133,102619
Politics,Raw,5,2022-07-11,963,75697,76660
Politics,Raw,1,2022-07-18,5053,241052,246105
Politics,Raw,2,2022-07-18,3422,177350,180772
Politics,Raw,3,2022-07-18,2194,128783,130977
Politics,Raw,4,2022-07-18,1496,95210,96706
Politics,Raw,5,2022-07-18,1012,70853,71865
Politics,Raw,1,2022-07-25,4869,236356,241225
Politics,Raw,2,2022-07-25,3266,174566,177832
Politics,Raw,3,2022-07-25,2173,127956,130129
Politics,Raw,4,2022-07-25,1524,94369,95893
Politics,Raw,5,2022-07-25,1038,70753,71791
Politics,Raw,1,2022-08-01,4315,213293,217608
Politics,Raw,2,2022-08-01,2887,158893,161780
Politics,Raw,3,2022-08-01,1967,117001,118968
Politics,Raw,4,2022-08-01,1376,88254,89630
Politics,Raw,5,2022-08-01,914,66109,67023
Politics,Raw,1,2022-08-08,4680,237816,242496
Politics,Raw,2,2022-08-08,3042,176906,179948
Politics,Raw,3,2022-08-08,2018,131446,133464
Politics,Raw,4,2022-08-08,1451,98415,99866
Politics,Raw,5,2022-08-08,970,73864,74834
Politics,Raw,1,2022-08-15,4576,231156,235732
Politics,Raw,2,2022-08-15,3039,172298,175337
Politics,Raw,3,2022-08-15,2070,128826,130896
Politics,Raw,4,2022-08-15,1444,95635,97079
Politics,Raw,5,2022-08-15,959,71796,72755
Politics,Raw,1,2022-08-22,4645,236045,240690
Politics,Raw,2,2022-08-22,3118,176321,179439
Politics,Raw,3,2022-08-22,2095,131460,133555
Politics,Raw,4,2022-08-22,1483,97621,99104
Politics,Raw,5,2022-08-22,1001,73000,74001
Politics,Raw,1,2022-08-29,4573,242358,246931
Politics,Raw,2,2022-08-29,3007,182047,185054
Politics,Raw,3,2022-08-29,2015,135554,137569
Politics,Raw,4,2022-08-29,1469,101664,103133
Politics,Raw,5,2022-08-29,990,76394,77384
Politics,Raw,1,2022-09-05,5824,273090,278914
Politics,Raw,2,2022-09-05,3868,202779,206647
Politics,Raw,3,2022-09-05,2565,149502,152067
Politics,Raw,4,2022-09-05,1762,110926,112688
Politics,Raw,5,2022-09-05,1225,82818,84043
Politics,Raw,1,2022-09-12,4766,241058,245824
Politics,Raw,2,2022-09-12,3224,181911,185135
Politics,Raw,3,2022-09-12,2192,135915,138107
Politics,Raw,4,2022-09-12,1497,101848,103345
Politics,Raw,5,2022-09-12,1074,76917,77991
Politics,Raw,1,2022-09-19,4570,234071,238641
Politics,Raw,2,2022-09-19,3095,176130,179225
Politics,Raw,3,2022-09-19,2147,131510,133657
Politics,Raw,4,2022-09-19,1515,97888,99403
Politics,Raw,5,2022-09-19,1084,73819,74903
Politics,Raw,1,2022-09-26,5304,269006,274310
Politics,Raw,2,2022-09-26,3539,201946,205485
Politics,Raw,3,2022-09-26,2428,150351,152779
Politics,Raw,4,2022-09-26,1707,111950,113657
Politics,Raw,5,2022-09-26,1252,83375,84627
Politics,Raw,1,2022-10-03,4639,229787,234426
Politics,Raw,2,2022-10-03,3196,173367,176563
Politics,Raw,3,2022-10-03,2166,127858,130024
Politics,Raw,4,2022-10-03,1503,94502,96005
Politics,Raw,5,2022-10-03,1010,70552,71562
Politics,Raw,1,2022-10-10,4942,257932,262874
Politics,Raw,2,2022-10-10,3310,193785,197095
Politics,Raw,3,2022-10-10,2316,142604,144920
Politics,Raw,4,2022-10-10,1547,105276,106823
Politics,Raw,5,2022-10-10,1060,78856,79916
Politics,Raw,1,2022-10-17,5655,298736,304391
Politics,Raw,2,2022-10-17,3705,221349,225054
Politics,Raw,3,2022-10-17,2514,158232,160746
Politics,Raw,4,2022-10-17,1767,114826,116593
Politics,Raw,5,2022-10-17,1173,85196,86369
Politics,Raw,1,2022-10-24,4858,255295,260153
Politics,Raw,2,2022-10-24,3279,193050,196329
Politics,Raw,3,2022-10-24,2130,142549,144679
Politics,Raw,4,2022-10-24,1481,105498,106979
Politics,Raw,5,2022-10-24,970,78873,79843
Politics,Raw,1,2022-10-31,4739,253063,257802
Politics,Raw,2,2022-10-31,3120,192902,196022
Politics,Raw,3,2022-10-31,2112,143657,145769
Politics,Raw,4,2022-10-31,1492,106911,108403
Politics,Raw,5,2022-10-31,1029,80424,81453
Politics,Raw,1,2022-11-07,4188,235918,240106
Politics,Raw,2,2022-11-07,2824,179035,181859
Politics,Raw,3,2022-11-07,1925,135061,136986
Politics,Raw,4,2022-11-07,1339,101477,102816
Politics,Raw,5,2022-11-07,918,75910,76828
Politics,Raw,1,2022-11-14,4187,224388,228575
Politics,Raw,2,2022-11-14,2808,171578,174386
Politics,Raw,3,2022-11-14,1910,129414,131324
Politics,Raw,4,2022-11-14,1343,96504,97847
Politics,Raw,5,2022-11-14,916,71893,72809
Politics,Raw,1,2022-11-21,4246,233333,237579
Politics,Raw,2,2022-11-21,2737,177529,180266
Politics,Raw,3,2022-11-21,1888,134718,136606
Politics,Raw,4,2022-11-21,1339,100940,102279
Politics,Raw,5,2022-11-21,947,75657,76604
Politics,Raw,1,2022-11-28,4201,236305,240506
Politics,Raw,2,2022-11-28,2709,181581,184290
Politics,Raw,3,2022-11-28,1881,138524,140405
Politics,Raw,4,2022-11-28,1319,104375,105694
Politics,Raw,5,2022-11-28,892,78791,79683
Politics,Raw,1,2022-12-05,4513,231268,235781
Politics,Raw,2,2022-12-05,2930,177417,180347
Politics,Raw,3,2022-12-05,2028,134645,136673
Politics,Raw,4,2022-12-05,1416,102073,103489
Politics,Raw,5,2022-12-05,991,78288,79279
Politics,Raw,1,2022-12-12,4644,231767,236411
Politics,Raw,2,2022-12-12,3036,178333,181369
Politics,Raw,3,2022-12-12,2094,136369,138463
Politics,Raw,4,2022-12-12,1430,103520,104950
Politics,Raw,5,2022-12-12,963,79493,80456
Politics,Raw,1,2022-12-19,4698,237316,242014
Politics,Raw,2,2022-12-19,3185,183284,186469
Politics,Raw,3,2022-12-19,2204,139608,141812
Politics,Raw,4,2022-12-19,1549,105908,107457
Politics,Raw,5,2022-12-19,1111,81761,82872
Politics,Raw,1,2022-12-26,3782,211747,215529
Politics,Raw,2,2022-12-26,2554,162831,165385
Politics,Raw,3,2022-12-26,1772,124808,126580
Politics,Raw,4,2022-12-26,1260,94846,96106
Politics,Raw,5,2022-12-26,893,73389,74282
Politics,Raw,1,2023-01-02,3984,229712,233696
Politics,Raw,2,2023-01-02,2638,178584,181222
Politics,Raw,3,2023-01-02,1760,136251,138011
Politics,Raw,4,2023-01-02,1188,103711,104899
Politics,Raw,5,2023-01-02,831,79520,80351
Politics,Raw,1,2023-01-09,4175,234676,238851
Politics,Raw,2,2023-01-09,2821,181093,183914
Politics,Raw,3,2023-01-09,1898,138381,140279
Politics,Raw,4,2023-01-09,1343,105576,106919
Politics,Raw,5,2023-01-09,954,81104,82058
Politics,Raw,1,2023-01-16,4439,236363,240802
Politics,Raw,2,2023-01-16,2951,182306,185257
Politics,Raw,3,2023-01-16,1946,139868,141814
Politics,Raw,4,2023-01-16,1379,106446,107825
Politics,Raw,5,2023-01-16,964,81336,82300
Politics,Raw,1,2023-01-23,4472,230882,235354
Politics,Raw,2,2023-01-23,2948,179276,182224
Politics,Raw,3,2023-01-23,2004,136670,138674
Politics,Raw,4,2023-01-23,1329,103683,105012
Politics,Raw,5,2023-01-23,926,79439,80365
Politics,Raw,1,2023-01-30,4338,225678,230016
Politics,Raw,2,2023-01-30,2841,174276,177117
Politics,Raw,3,2023-01-30,1933,132430,134363
Politics,Raw,4,2023-01-30,1309,100693,102002
Politics,Raw,5,2023-01-30,920,77212,78132
Politics,Raw,1,2023-02-06,3977,204082,208059
Politics,Raw,2,2023-02-06,2716,157877,160593
Politics,Raw,3,2023-02-06,1849,120344,122193
Politics,Raw,4,2023-02-06,1234,90667,91901
Politics,Raw,5,2023-02-06,875,69133,70008
Politics,Raw,1,2023-02-13,4199,219098,223297
Politics,Raw,2,2023-02-13,2814,168747,171561
Politics,Raw,3,2023-02-13,1924,128428,130352
Politics,Raw,4,2023-02-13,1295,97130,98425
Politics,Raw,5,2023-02-13,933,74204,75137
Politics,Raw,1,2023-02-20,4138,219598,223736
Politics,Raw,2,2023-02-20,2676,167361,170037
Politics,Raw,3,2023-02-20,1828,126710,128538
Politics,Raw,4,2023-02-20,1224,94723,95947
Politics,Raw,5,2023-02-20,896,71710,72606
Politics,Raw,1,2023-02-27,3946,192682,196628
Politics,Raw,2,2023-02-27,2562,148268,150830
Politics,Raw,3,2023-02-27,1796,112827,114623
Politics,Raw,4,2023-02-27,1254,85343,86597
Politics,Raw,5,2023-02-27,932,65754,66686
Politics,Raw,1,2023-03-06,3959,204583,208542
Politics,Raw,2,2023-03-06,2659,157703,160362
Politics,Raw,3,2023-03-06,1877,120008,121885
Politics,Raw,4,2023-03-06,1338,91283,92621
Politics,Raw,5,2023-03-06,963,70355,71318
Politics,Raw,1,2023-03-13,3766,179042,182808
Politics,Raw,2,2023-03-13,2396,139372,141768
Politics,Raw,3,2023-03-13,1620,106433,108053
Politics,Raw,4,2023-03-13,1107,81064,82171
Politics,Raw,5,2023-03-13,766,62684,63450
Politics,Raw,1,2023-03-20,3903,190241,194144
Politics,Raw,2,2023-03-20,2498,146037,148535
Politics,Raw,3,2023-03-20,1760,111847,113607
Politics,Raw,4,2023-03-20,1214,85148,86362
Politics,Raw,5,2023-03-20,866,65128,65994
Politics,Raw,1,2023-03-27,3663,176501,180164
Politics,Raw,2,2023-03-27,2403,135367,137770
Politics,Raw,3,2023-03-27,1661,103473,105134
Politics,Raw,4,2023-03-27,1151,78885,80036
Politics,Raw,5,2023-03-27,794,60295,61089
Politics,Raw,1,2023-04-03,3407,167762,171169
Politics,Raw,2,2023-04-03,2292,128949,131241
Politics,Raw,3,2023-04-03,1605,98803,100408
Politics,Raw,4,2023-04-03,1019,74846,75865
Politics,Raw,5,2023-04-03,696,57683,58379
Politics,Raw,1,2023-04-10,3387,173755,177142
Politics,Raw,2,2023-04-10,2253,134105,136358
Politics,Raw,3,2023-04-10,1616,101934,103550
Politics,Raw,4,2023-04-10,1061,77258,78319
Politics,Raw,5,2023-04-10,746,58862,59608
Politics,Raw,1,2023-04-17,3843,175273,179116
Politics,Raw,2,2023-04-17,2542,135794,138336
Politics,Raw,3,2023-04-17,1807,103944,105751
Politics,Raw,4,2023-04-17,1188,80054,81242
Politics,Raw,5,2023-04-17,831,61504,62335
Politics,Raw,1,2023-04-24,3673,169274,172947
Politics,Raw,2,2023-04-24,2383,131501,133884
Politics,Raw,3,2023-04-24,1652,101169,102821
Politics,Raw,4,2023-04-24,1130,78134,79264
Politics,Raw,5,2023-04-24,796,60246,61042
Politics,Raw,1,2023-05-01,4037,180601,184638
Politics,Raw,2,2023-05-01,2648,138413,141061
Politics,Raw,3,2023-05-01,1853,104836,106689
Politics,Raw,4,2023-05-01,1266,79665,80931
Politics,Raw,5,2023-05-01,889,61221,62110
Politics,Raw,1,2023-05-08,3534,176511,180045
Politics,Raw,2,2023-05-08,2283,134781,137064
Politics,Raw,3,2023-05-08,1576,102746,104322
Politics,Raw,4,2023-05-08,1061,77815,78876
Politics,Raw,5,2023-05-08,731,59628,60359
Politics,Raw,1,2023-05-15,3836,186463,190299
Politics,Raw,2,2023-05-15,2479,146122,148601
Politics,Raw,3,2023-05-15,1732,112697,114429
Politics,Raw,4,2023-05-15,1197,86803,88000
Politics,Raw,5,2023-05-15,845,67125,67970
Politics,Raw,1,2023-05-22,3613,181155,184768
Politics,Raw,2,2023-05-22,2382,142486,144868
Politics,Raw,3,2023-05-22,1661,109653,111314
Politics,Raw,4,2023-05-22,1142,84678,85820
Politics,Raw,5,2023-05-22,789,65454,66243
Politics,Raw,1,2023-05-29,3579,176396,179975
Politics,Raw,2,2023-05-29,2391,137421,139812
Politics,Raw,3,2023-05-29,1629,105549,107178
Politics,Raw,4,2023-05-29,1136,80740,81876
Politics,Raw,5,2023-05-29,818,62395,63213
Politics,Raw,1,2023-06-05,3735,191371,195106
Politics,Raw,2,2023-06-05,2415,148860,151275
Politics,Raw,3,2023-06-05,1668,113590,115258
Politics,Raw,4,2023-06-05,1162,86926,88088
Politics,Raw,5,2023-06-05,838,67393,68231
Politics,Raw,1,2023-06-12,3051,159512,162563
Politics,Raw,2,2023-06-12,1955,125328,127283
Politics,Raw,3,2023-06-12,1337,96384,97721
Politics,Raw,4,2023-06-12,935,73661,74596
Politics,Raw,5,2023-06-12,654,57347,58001
Politics,Raw,1,2023-06-19,4697,196805,201502
Politics,Raw,2,2023-06-19,3002,153916,156918
Politics,Raw,3,2023-06-19,2050,118361,120411
Politics,Raw,4,2023-06-19,1404,91076,92480
Politics,Raw,5,2023-06-19,984,70804,71788
Politics,Raw,1,2023-06-26,4772,186424,191196
Politics,Raw,2,2023-06-26,3020,147017,150037
Politics,Raw,3,2023-06-26,2040,113474,115514
Politics,Raw,4,2023-06-26,1394,87182,88576
Politics,Raw,5,2023-06-26,993,68044,69037
Politics,Raw,1,2023-07-03,4888,187254,192142
Politics,Raw,2,2023-07-03,3229,148058,151287
Politics,Raw,3,2023-07-03,2201,114598,116799
Politics,Raw,4,2023-07-03,1523,88828,90351
Politics,Raw,5,2023-07-03,1107,69798,70905
Politics,Raw,1,2023-07-10,5103,210096,215199
Politics,Raw,2,2023-07-10,3365,167218,170583
Politics,Raw,3,2023-07-10,2291,129927,132218
Politics,Raw,4,2023-07-10,1528,99860,101388
Politics,Raw,5,2023-07-10,1058,78430,79488
Politics,Raw,1,2023-07-17,4914,205111,210025
Politics,Raw,2,2023-07-17,3132,162350,165482
Politics,Raw,3,2023-07-17,2139,126292,128431
Politics,Raw,4,2023-07-17,1469,97702,99171
Politics,Raw,5,2023-07-17,1066,76223,77289
Politics,Raw,1,2023-07-24,4925,186164,191089
Politics,Raw,2,2023-07-24,3212,147728,150940
Politics,Raw,3,2023-07-24,2139,115983,118122
Politics,Raw,4,2023-07-24,1496,90220,91716
Politics,Raw,5,2023-07-24,1036,70943,71979
Politics,Raw,1,2023-07-31,4573,179696,184269
Politics,Raw,2,2023-07-31,2989,143367,146356
Politics,Raw,3,2023-07-31,2054,113042,115096
Politics,Raw,4,2023-07-31,1440,87997,89437
Politics,Raw,5,2023-07-31,1043,69137,70180
Politics,Raw,1,2023-08-07,4696,194290,198986
Politics,Raw,2,2023-08-07,3004,154293,157297
Politics,Raw,3,2023-08-07,2031,120716,122747
Politics,Raw,4,2023-08-07,1406,94157,95563
Politics,Raw,5,2023-08-07,1030,73838,74868
Politics,Raw,1,2023-08-14,4491,192031,196522
Politics,Raw,2,2023-08-14,2919,151576,154495
Politics,Raw,3,2023-08-14,1977,117296,119273
Politics,Raw,4,2023-08-14,1429,90561,91990
Politics,Raw,5,2023-08-14,1024,70705,71729
Politics,Raw,1,2023-08-21,4521,170719,175240
Politics,Raw,2,2023-08-21,2888,136020,138908
Politics,Raw,3,2023-08-21,1874,105932,107806
Politics,Raw,4,2023-08-21,1271,81969,83240
Politics,Raw,5,2023-08-21,898,64806,65704
Politics,Raw,1,2023-08-28,4427,171966,176393
Politics,Raw,2,2023-08-28,2971,138539,141510
Politics,Raw,3,2023-08-28,2027,109477,111504
Politics,Raw,4,2023-08-28,1388,85379,86767
Politics,Raw,5,2023-08-28,977,67368,68345
Politics,Raw,1,2023-09-04,4912,192453,197365
Politics,Raw,2,2023-09-04,3240,152921,156161
Politics,Raw,3,2023-09-04,2181,120169,122350
Politics,Raw,4,2023-09-04,1450,93452,94902
Politics,Raw,5,2023-09-04,1017,73008,74025
Politics,Raw,1,2023-09-11,4591,207238,211829
Politics,Raw,2,2023-09-11,2960,163750,166710
Politics,Raw,3,2023-09-11,1962,128246,130208
Politics,Raw,4,2023-09-11,1339,99546,100885
Politics,Raw,5,2023-09-11,942,77866,78808
Politics,Raw,1,2023-09-18,4548,217090,221638
Politics,Raw,2,2023-09-18,2945,172174,175119
Politics,Raw,3,2023-09-18,2002,134422,136424
Politics,Raw,4,2023-09-18,1377,104051,105428
Politics,Raw,5,2023-09-18,957,80935,81892
Politics,Raw,1,2023-09-25,4459,204086,208545
Politics,Raw,2,2023-09-25,2958,161608,164566
Politics,Raw,3,2023-09-25,1987,127042,129029
Politics,Raw,4,2023-09-25,1414,98098,99512
Politics,Raw,5,2023-09-25,973,76357,77330
Politics,Raw,1,2023-10-02,4628,216584,221212
Politics,Raw,2,2023-10-02,2933,170617,173550
Politics,Raw,3,2023-10-02,1950,133473,135423
Politics,Raw,4,2023-10-02,1396,103113,104509
Politics,Raw,5,2023-10-02,954,79862,80816
Politics,Raw,1,2023-10-09,4685,192028,196713
Politics,Raw,2,2023-10-09,2905,149984,152889
Politics,Raw,3,2023-10-09,1935,116202,118137
Politics,Raw,4,2023-10-09,1281,90096,91377
Politics,Raw,5,2023-10-09,900,70035,70935
Politics,Raw,1,2023-10-16,4449,191274,195723
Politics,Raw,2,2023-10-16,2764,150686,153450
Politics,Raw,3,2023-10-16,1889,116899,118788
Politics,Raw,4,2023-10-16,1267,89660,90927
Politics,Raw,5,2023-10-16,900,70113,71013
Politics,Raw,1,2023-10-23,4552,197223,201775
Politics,Raw,2,2023-10-23,2830,156398,159228
Politics,Raw,3,2023-10-23,1899,122438,124337
Politics,Raw,4,2023-10-23,1286,94770,96056
Politics,Raw,5,2023-10-23,901,73718,74619
Politics,Raw,1,2023-10-30,4354,185272,189626
Politics,Raw,2,2023-10-30,2770,146702,149472
Politics,Raw,3,2023-10-30,1837,114430,116267
Politics,Raw,4,2023-10-30,1255,88482,89737
Politics,Raw,5,2023-10-30,892,69295,70187
Politics,Raw,1,2023-11-06,4276,189450,193726
Politics,Raw,2,2023-11-06,2732,150232,152964
Politics,Raw,3,2023-11-06,1829,116692,118521
Politics,Raw,4,2023-11-06,1260,89799,91059
Politics,Raw,5,2023-11-06,880,70058,70938
Politics,Raw,1,2023-11-13,4639,196005,200644
Politics,Raw,2,2023-11-13,3068,154042,157110
Politics,Raw,3,2023-11-13,1860,119107,120967
Politics,Raw,4,2023-11-13,1305,91037,92342
Politics,Raw,5,2023-11-13,961,70780,71741
Politics,Raw,1,2023-11-20,4212,187472,191684
Politics,Raw,2,2023-11-20,2679,148411,151090
Politics,Raw,3,2023-11-20,1731,115217,116948
Politics,Raw,4,2023-11-20,1187,88714,89901
Politics,Raw,5,2023-11-20,830,69108,69938
Politics,Raw,1,2023-11-27,4268,173566,177834
Politics,Raw,2,2023-11-27,2814,137562,140376
Politics,Raw,3,2023-11-27,1862,107370,109232
Politics,Raw,4,2023-11-27,1295,83191,84486
Politics,Raw,5,2023-11-27,943,65181,66124
Politics,Raw,1,2023-12-04,4376,183629,188005
Politics,Raw,2,2023-12-04,2791,144512,147303
Politics,Raw,3,2023-12-04,1834,110505,112339
Politics,Raw,4,2023-12-04,1221,84387,85608
Politics,Raw,5,2023-12-04,877,65688,66565
Politics,Raw,1,2023-12-11,3987,168241,172228
Politics,Raw,2,2023-12-11,2592,133637,136229
Politics,Raw,3,2023-12-11,1659,103798,105457
Politics,Raw,4,2023-12-11,1154,80185,81339
Politics,Raw,5,2023-12-11,810,62928,63738
Politics,Raw,1,2023-12-18,4230,179579,183809
Politics,Raw,2,2023-12-18,2836,143467,146303
Politics,Raw,3,2023-12-18,1856,112365,114221
Politics,Raw,4,2023-12-18,1292,87448,88740
Politics,Raw,5,2023-12-18,964,68918,69882
Politics,Raw,1,2023-12-25,3653,161421,165074
Politics,Raw,2,2023-12-25,2458,129203,131661
Politics,Raw,3,2023-12-25,1648,101881,103529
Politics,Raw,4,2023-12-25,1142,79520,80662
Politics,Raw,5,2023-12-25,801,62054,62855
Politics,Raw,1,2024-01-01,4343,190394,194737
Politics,Raw,2,2024-01-01,2777,153658,156435
Politics,Raw,3,2024-01-01,1870,121592,123462
Politics,Raw,4,2024-01-01,1236,94729,95965
Politics,Raw,5,2024-01-01,830,74272,75102
Politics,Raw,1,2024-01-08,4491,209437,213928
Politics,Raw,2,2024-01-08,2924,168156,171080
Politics,Raw,3,2024-01-08,1923,132251,134174
Politics,Raw,4,2024-01-08,1343,102512,103855
Politics,Raw,5,2024-01-08,964,79771,80735
Politics,Raw,1,2024-01-15,4679,195347,200026
Politics,Raw,2,2024-01-15,3064,156102,159166
Politics,Raw,3,2024-01-15,2009,122933,124942
Politics,Raw,4,2024-01-15,1391,94783,96174
Politics,Raw,5,2024-01-15,1003,74019,75022
Politics,Raw,1,2024-01-22,4611,201806,206417
Politics,Raw,2,2024-01-22,2963,161507,164470
Politics,Raw,3,2024-01-22,1961,127328,129289
Politics,Raw,4,2024-01-22,1354,99011,100365
Politics,Raw,5,2024-01-22,915,77051,77966
Politics,Raw,1,2024-01-29,4684,204173,208857
Politics,Raw,2,2024-01-29,2986,163787,166773
Politics,Raw,3,2024-01-29,1966,128790,130756
Politics,Raw,4,2024-01-29,1296,100507,101803
Politics,Raw,5,2024-01-29,946,79051,79997
Politics,Raw,1,2024-02-05,4514,195450,199964
Politics,Raw,2,2024-02-05,2824,156414,159238
Politics,Raw,3,2024-02-05,1846,123692,125538
Politics,Raw,4,2024-02-05,1306,96269,97575
Politics,Raw,5,2024-02-05,930,75965,76895
Politics,Raw,1,2024-02-12,4509,194293,198802
Politics,Raw,2,2024-02-12,2894,155486,158380
Politics,Raw,3,2024-02-12,1904,121451,123355
Politics,Raw,4,2024-02-12,1296,93917,95213
Politics,Raw,5,2024-02-12,958,73488,74446
Politics,Raw,1,2024-02-19,4606,202376,206982
Politics,Raw,2,2024-02-19,2959,160247,163206
Politics,Raw,3,2024-02-19,1976,124894,126870
Politics,Raw,4,2024-02-19,1345,95977,97322
Politics,Raw,5,2024-02-19,965,74966,75931
Politics,Raw,1,2024-02-26,4570,195688,200258
Politics,Raw,2,2024-02-26,2899,155277,158176
Politics,Raw,3,2024-02-26,1924,121396,123320
Politics,Raw,4,2024-02-26,1368,93620,94988
Politics,Raw,5,2024-02-26,1007,73330,74337
Politics,Raw,1,2024-03-04,4142,178357,182499
Politics,Raw,2,2024-03-04,2686,142252,144938
Politics,Raw,3,2024-03-04,1767,111204,112971
Politics,Raw,4,2024-03-04,1142,86198,87340
Politics,Raw,5,2024-03-04,805,67988,68793
Politics,Raw,1,2024-03-11,4373,185249,189622
Politics,Raw,2,2024-03-11,2886,147949,150835
Politics,Raw,3,2024-03-11,1903,116259,118162
Politics,Raw,4,2024-03-11,1289,89896,91185
Politics,Raw,5,2024-03-11,945,70566,71511
Politics,Raw,1,2024-03-18,4460,192412,196872
Politics,Raw,2,2024-03-18,2872,153446,156318
Politics,Raw,3,2024-03-18,1928,121160,123088
Politics,Raw,4,2024-03-18,1342,93890,95232
Politics,Raw,5,2024-03-18,996,73047,74043
Politics,Raw,1,2024-03-25,4286,183807,188093
Politics,Raw,2,2024-03-25,2842,146810,149652
Politics,Raw,3,2024-03-25,1926,116694,118620
Politics,Raw,4,2024-03-25,1328,90453,91781
Politics,Raw,5,2024-03-25,966,70686,71652
Politics,Raw,1,2024-04-01,4289,193505,197794
Politics,Raw,2,2024-04-01,2760,153415,156175
Politics,Raw,3,2024-04-01,1819,120656,122475
Politics,Raw,4,2024-04-01,1225,93323,94548
Politics,Raw,5,2024-04-01,880,72795,73675
Politics,Raw,1,2024-04-08,4407,188808,193215
Politics,Raw,2,2024-04-08,2867,150075,152942
Politics,Raw,3,2024-04-08,1869,118529,120398
Politics,Raw,4,2024-04-08,1263,91749,93012
Politics,Raw,5,2024-04-08,903,71531,72434
Politics,Raw,1,2024-04-15,4262,190296,194558
Politics,Raw,2,2024-04-15,2750,151200,153950
Politics,Raw,3,2024-04-15,1858,118017,119875
Politics,Raw,4,2024-04-15,1257,91212,92469
Politics,Raw,5,2024-04-15,913,71063,71976
Politics,Raw,1,2024-04-22,4365,189732,194097
Politics,Raw,2,2024-04-22,2788,151111,153899
Politics,Raw,3,2024-04-22,1812,118319,120131
Politics,Raw,4,2024-04-22,1261,92728,93989
Politics,Raw,5,2024-04-22,878,72239,73117
Politics,Raw,1,2024-04-29,4372,204554,208926
Politics,Raw,2,2024-04-29,2811,162231,165042
Politics,Raw,3,2024-04-29,1835,125188,127023
Politics,Raw,4,2024-04-29,1280,96215,97495
Politics,Raw,5,2024-04-29,930,74896,75826
Politics,Raw,1,2024-05-06,4325,185788,190113
Politics,Raw,2,2024-05-06,2796,147300,150096
Politics,Raw,3,2024-05-06,1763,113805,115568
Politics,Raw,4,2024-05-06,1206,88062,89268
Politics,Raw,5,2024-05-06,873,68477,69350
Politics,Raw,1,2024-05-13,3936,182319,186255
Politics,Raw,2,2024-05-13,2542,145903,148445
Politics,Raw,3,2024-05-13,1714,114348,116062
Politics,Raw,4,2024-05-13,1174,88540,89714
Politics,Raw,5,2024-05-13,835,68914,69749
Politics,Raw,1,2024-05-20,4476,216637,221113
Politics,Raw,2,2024-05-20,2926,170805,173731
Politics,Raw,3,2024-05-20,1920,132891,134811
Politics,Raw,4,2024-05-20,1303,102014,103317
Politics,Raw,5,2024-05-20,935,78678,79613
Politics,Raw,1,2024-05-27,4361,207719,212080
Politics,Raw,2,2024-05-27,2818,161581,164399
Politics,Raw,3,2024-05-27,1852,124084,125936
Politics,Raw,4,2024-05-27,1253,94325,95578
Politics,Raw,5,2024-05-27,893,72529,73422
Politics,Raw,1,2024-06-03,4310,216225,220535
Politics,Raw,2,2024-06-03,2786,166468,169254
Politics,Raw,3,2024-06-03,1857,126411,128268
Politics,Raw,4,2024-06-03,1276,95619,96895
Politics,Raw,5,2024-06-03,928,73795,74723
Politics,Raw,1,2024-06-10,4275,203881,208156
Politics,Raw,2,2024-06-10,2761,156783,159544
Politics,Raw,3,2024-06-10,1888,119060,120948
Politics,Raw,4,2024-06-10,1308,90686,91994
Politics,Raw,5,2024-06-10,964,69563,70527
Politics,Raw,1,2024-06-17,4360,204287,208647
Politics,Raw,2,2024-06-17,2762,159542,162304
Politics,Raw,3,2024-06-17,1871,122167,124038
Politics,Raw,4,2024-06-17,1370,93925,95295
Politics,Raw,5,2024-06-17,989,73018,74007
Politics,Raw,1,2024-06-24,4541,212736,217277
Politics,Raw,2,2024-06-24,2815,165677,168492
Politics,Raw,3,2024-06-24,1886,127387,129273
Politics,Raw,4,2024-06-24,1352,97952,99304
Politics,Raw,5,2024-06-24,971,76045,77016
Politics,Raw,1,2024-07-01,5304,277747,283051
Politics,Raw,2,2024-07-01,3515,208482,211997
Politics,Raw,3,2024-07-01,2317,153908,156225
Politics,Raw,4,2024-07-01,1622,114504,116126
Politics,Raw,5,2024-07-01,1176,86633,87809
Politics,Raw,1,2024-07-08,4257,214849,219106
Politics,Raw,2,2024-07-08,2832,168526,171358
Politics,Raw,3,2024-07-08,1861,130405,132266
Politics,Raw,4,2024-07-08,1278,100481,101759
Politics,Raw,5,2024-07-08,885,77555,78440
Politics,Raw,1,2024-07-15,4033,196410,200443
Politics,Raw,2,2024-07-15,2610,154745,157355
Politics,Raw,3,2024-07-15,1723,119868,121591
Politics,Raw,4,2024-07-15,1214,92503,93717
Politics,Raw,5,2024-07-15,863,71674,72537
Politics,Raw,1,2024-07-22,3820,183362,187182
Politics,Raw,2,2024-07-22,2501,144362,146863
Politics,Raw,3,2024-07-22,1623,112863,114486
Politics,Raw,4,2024-07-22,1139,87443,88582
Politics,Raw,5,2024-07-22,802,67439,68241
Politics,Raw,1,2024-07-29,4388,201803,206191
Politics,Raw,2,2024-07-29,2917,156100,159017
Politics,Raw,3,2024-07-29,1974,120594,122568
Politics,Raw,4,2024-07-29,1376,93080,94456
Politics,Raw,5,2024-07-29,979,71090,72069
Politics,Raw,1,2024-08-05,4417,194589,199006
Politics,Raw,2,2024-08-05,2831,150439,153270
Politics,Raw,3,2024-08-05,1955,116255,118210
Politics,Raw,4,2024-08-05,1329,89039,90368
Politics,Raw,5,2024-08-05,972,68098,69070
Politics,Raw,1,2024-08-12,3917,175671,179588
Politics,Raw,2,2024-08-12,2636,137585,140221
Politics,Raw,3,2024-08-12,1733,107291,109024
Politics,Raw,4,2024-08-12,1170,83111,84281
Politics,Raw,5,2024-08-12,830,63869,64699
Politics,Raw,1,2024-08-19,3792,173349,177141
Politics,Raw,2,2024-08-19,2450,136330,138780
Politics,Raw,3,2024-08-19,1627,107266,108893
Politics,Raw,4,2024-08-19,1107,83244,84351
Politics,Raw,5,2024-08-19,758,64073,64831
Politics,Raw,1,2024-08-26,3848,178857,182705
Politics,Raw,2,2024-08-26,2556,140971,143527
Politics,Raw,3,2024-08-26,1674,110584,112258
Politics,Raw,4,2024-08-26,1159,85941,87100
Politics,Raw,5,2024-08-26,828,66656,67484
Politics,Raw,1,2024-09-02,4007,180411,184418
Politics,Raw,2,2024-09-02,2626,143816,146442
Politics,Raw,3,2024-09-02,1761,112428,114189
Politics,Raw,4,2024-09-02,1211,86957,88168
Politics,Raw,5,2024-09-02,829,67424,68253
Politics,Raw,1,2024-09-09,3730,183564,187294
Politics,Raw,2,2024-09-09,2472,145886,148358
Politics,Raw,3,2024-09-09,1656,114224,115880
Politics,Raw,4,2024-09-09,1162,89234,90396
Politics,Raw,5,2024-09-09,867,69199,70066
Politics,Raw,1,2024-09-16,3763,177623,181386
Politics,Raw,2,2024-09-16,2415,141098,143513
Politics,Raw,3,2024-09-16,1625,111246,112871
Politics,Raw,4,2024-09-16,1088,86296,87384
Politics,Raw,5,2024-09-16,769,67424,68193
Politics,Raw,1,2024-09-23,3962,180020,183982
Politics,Raw,2,2024-09-23,2545,142664,145209
Politics,Raw,3,2024-09-23,1697,111306,113003
Politics,Raw,4,2024-09-23,1177,86412,87589
Politics,Raw,5,2024-09-23,855,67208,68063
Politics,Raw,1,2024-09-30,3787,175051,178838
Politics,Raw,2,2024-09-30,2452,139169,141621
Politics,Raw,3,2024-09-30,1592,108181,109773
Politics,Raw,4,2024-09-30,1106,84256,85362
Politics,Raw,5,2024-09-30,771,65273,66044
Politics,Raw,1,2024-10-07,4141,171785,175926
Politics,Raw,2,2024-10-07,2736,135357,138093
Politics,Raw,3,2024-10-07,1823,105674,107497
Politics,Raw,4,2024-10-07,1225,81811,83036
Politics,Raw,5,2024-10-07,901,63606,64507
Politics,Raw,1,2024-10-14,3842,179414,183256
Politics,Raw,2,2024-10-14,2474,142493,144967
Politics,Raw,3,2024-10-14,1681,111344,113025
Politics,Raw,4,2024-10-14,1155,86469,87624
Politics,Raw,5,2024-10-14,866,66966,67832
Politics,Raw,1,2024-10-21,3998,183484,187482
Politics,Raw,2,2024-10-21,2643,146297,148940
Politics,Raw,3,2024-10-21,1775,114009,115784
Politics,Raw,4,2024-10-21,1228,88374,89602
Politics,Raw,5,2024-10-21,891,68110,69001
Politics,Raw,1,2024-10-28,3954,181622,185576
Politics,Raw,2,2024-10-28,2584,144393,146977
Politics,Raw,3,2024-10-28,1701,112243,113944
Politics,Raw,4,2024-10-28,1217,87160,88377
Politics,Raw,5,2024-10-28,889,67871,68760
Politics,Raw,1,2024-11-04,3863,182574,186437
Politics,Raw,2,2024-11-04,2553,144140,146693
Politics,Raw,3,2024-11-04,1731,111796,113527
Politics,Raw,4,2024-11-04,1215,85799,87014
Politics,Raw,5,2024-11-04,866,66161,67027
Politics,Raw,1,2024-11-11,3794,173357,177151
Politics,Raw,2,2024-11-11,2449,139216,141665
Politics,Raw,3,2024-11-11,1584,108834,110418
Politics,Raw,4,2024-11-11,1128,84698,85826
Politics,Raw,5,2024-11-11,813,66278,67091
Politics,Raw,1,2024-11-18,4006,187229,191235
Politics,Raw,2,2024-11-18,2583,149722,152305
Politics,Raw,3,2024-11-18,1717,116815,118532
Politics,Raw,4,2024-11-18,1192,91088,92280
Politics,Raw,5,2024-11-18,859,70770,71629
Politics,Raw,1,2024-11-25,4161,198048,202209
Politics,Raw,2,2024-11-25,2680,158298,160978
Politics,Raw,3,2024-11-25,1819,123529,125348
Politics,Raw,4,2024-11-25,1322,96119,97441
Politics,Raw,5,2024-11-25,956,74264,75220
Politics,Raw,1,2024-12-02,3979,178329,182308
Politics,Raw,2,2024-12-02,2608,142060,144668
Politics,Raw,3,2024-12-02,1752,110740,112492
Politics,Raw,4,2024-12-02,1232,86051,87283
Politics,Raw,5,2024-12-02,868,66141,67009
Politics,Raw,1,2024-12-09,3868,180125,183993
Politics,Raw,2,2024-12-09,2567,143738,146305
Politics,Raw,3,2024-12-09,1767,112242,114009
Politics,Raw,4,2024-12-09,1250,87421,88671
Politics,Raw,5,2024-12-09,913,67063,67976
Politics,Raw,1,2024-12-16,3871,179004,182875
Politics,Raw,2,2024-12-16,2581,143172,145753
Politics,Raw,3,2024-12-16,1776,112231,114007
Politics,Raw,4,2024-12-16,1298,87657,88955
Politics,Raw,5,2024-12-16,910,66943,67853
Politics,Raw,1,2024-12-23,3466,168507,171973
Politics,Raw,2,2024-12-23,2376,134600,136976
Politics,Raw,3,2024-12-23,1659,105848,107507
Politics,Raw,4,2024-12-23,1225,82162,83387
Politics,Raw,5,2024-12-23,921,63554,64475
Politics,Raw,1,2024-12-30,3828,177174,181002
Politics,Raw,2,2024-12-30,2558,141606,144164
Politics,Raw,3,2024-12-30,1783,110846,112629
Politics,Raw,4,2024-12-30,1237,85941,87178
Politics,Raw,5,2024-12-30,942,66702,67644
Politics,Raw,1,2025-01-06,4500,202800,207300
Politics,Raw,2,2025-01-06,2909,160506,163415
Politics,Raw,3,2025-01-06,1971,125523,127494
Politics,Raw,4,2025-01-06,1392,96926,98318
Politics,Raw,5,2025-01-06,1021,75300,76321
Politics,Raw,1,2025-01-13,4185,201135,205320
Politics,Raw,2,2025-01-13,2756,161471,164227
Politics,Raw,3,2025-01-13,1857,127063,128920
Politics,Raw,4,2025-01-13,1318,97746,99064
Politics,Raw,5,2025-01-13,933,75157,76090
Politics,Raw,1,2025-01-20,4475,204685,209160
Politics,Raw,2,2025-01-20,2995,164322,167317
Politics,Raw,3,2025-01-20,2026,128112,130138
Politics,Raw,4,2025-01-20,1395,98846,100241
Politics,Raw,5,2025-01-20,1032,76513,77545
Politics,Raw,1,2025-01-27,3941,216489,220430
Politics,Raw,2,2025-01-27,2605,173453,176058
Politics,Raw,3,2025-01-27,1749,136702,138451
Politics,Raw,4,2025-01-27,1228,105600,106828
Politics,Raw,5,2025-01-27,874,81315,82189
Politics,Raw,1,2025-02-03,3972,204371,208343
Politics,Raw,2,2025-02-03,2581,162758,165339
Politics,Raw,3,2025-02-03,1761,128777,130538
Politics,Raw,4,2025-02-03,1180,99330,100510
Politics,Raw,5,2025-02-03,858,76416,77274
Politics,Raw,1,2025-02-10,4086,206566,210652
Politics,Raw,2,2025-02-10,2624,164804,167428
Politics,Raw,3,2025-02-10,1729,128776,130505
Politics,Raw,4,2025-02-10,1181,99447,100628
Politics,Raw,5,2025-02-10,848,76645,77493
Politics,Raw,1,2025-02-17,3967,209033,213000
Politics,Raw,2,2025-02-17,2623,167246,169869
Politics,Raw,3,2025-02-17,1830,131271,133101
Politics,Raw,4,2025-02-17,1245,101180,102425
Politics,Raw,5,2025-02-17,915,78103,79018
Politics,Raw,1,2025-02-24,3971,196026,199997
Politics,Raw,2,2025-02-24,2521,157211,159732
Politics,Raw,3,2025-02-24,1691,123060,124751
Politics,Raw,4,2025-02-24,1176,94506,95682
Politics,Raw,5,2025-02-24,820,73056,73876
Politics,Raw,1,2025-03-03,4284,198993,203277
Politics,Raw,2,2025-03-03,2797,158175,160972
Politics,Raw,3,2025-03-03,1986,124351,126337
Politics,Raw,4,2025-03-03,1372,96229,97601
Politics,Raw,5,2025-03-03,1034,74880,75914
Politics,Raw,1,2025-03-10,4092,191842,195934
Politics,Raw,2,2025-03-10,2601,153124,155725
Politics,Raw,3,2025-03-10,1830,120881,122711
Politics,Raw,4,2025-03-10,1286,93379,94665
Politics,Raw,5,2025-03-10,881,72007,72888
Politics,Raw,1,2025-03-17,4270,210754,215024
Politics,Raw,2,2025-03-17,2778,168515,171293
Politics,Raw,3,2025-03-17,2029,132622,134651
Politics,Raw,4,2025-03-17,1428,101971,103399
Politics,Raw,5,2025-03-17,1000,79362,80362
Politics,Raw,1,2025-03-24,4206,198051,202257
Politics,Raw,2,2025-03-24,2807,158454,161261
Politics,Raw,3,2025-03-24,2005,124704,126709
Politics,Raw,4,2025-03-24,1456,96341,97797
Politics,Raw,5,2025-03-24,1032,75341,76373
Politics,Raw,1,2025-03-31,3851,179601,183452
Politics,Raw,2,2025-03-31,2535,143845,146380
Politics,Raw,3,2025-03-31,1777,113484,115261
Politics,Raw,4,2025-03-31,1278,87580,88858
Politics,Raw,5,2025-03-31,900,67642,68542
Politics,Raw,1,2025-04-07,3817,179152,182969
Politics,Raw,2,2025-04-07,2430,143285,145715
Politics,Raw,3,2025-04-07,1680,112522,114202
Politics,Raw,4,2025-04-07,1176,86804,87980
Politics,Raw,5,2025-04-07,862,67465,68327
Politics,Raw,1,2025-04-14,3771,189830,193601
Politics,Raw,2,2025-04-14,2421,150876,153297
Politics,Raw,3,2025-04-14,1688,118943,120631
Politics,Raw,4,2025-04-14,1228,91593,92821
Politics,Raw,5,2025-04-14,870,71555,72425
Politics,Raw,1,2025-04-21,3766,184367,188133
Politics,Raw,2,2025-04-21,2463,145583,148046
Politics,Raw,3,2025-04-21,1747,114454,116201
Politics,Raw,4,2025-04-21,1300,87594,88894
Politics,Raw,5,2025-04-21,895,67964,68859
Politics,Raw,1,2025-04-28,4087,205674,209761
Politics,Raw,2,2025-04-28,2613,162694,165307
Politics,Raw,3,2025-04-28,1800,126670,128470
Politics,Raw,4,2025-04-28,1382,96733,98115
Politics,Raw,5,2025-04-28,956,74905,75861
Politics,Raw,1,2025-05-05,3981,190352,194333
Politics,Raw,2,2025-05-05,2520,149485,152005
Politics,Raw,3,2025-05-05,1759,117213,118972
Politics,Raw,4,2025-05-05,1278,90437,91715
Politics,Raw,5,2025-05-05,899,69739,70638
Politics,Raw,1,2025-05-12,3942,193121,197063
Politics,Raw,2,2025-05-12,2626,151730,154356
Politics,Raw,3,2025-05-12,1809,117709,119518
Politics,Raw,4,2025-05-12,1305,90112,91417
Politics,Raw,5,2025-05-12,901,69022,69923
Politics,Raw,1,2025-05-19,3939,192712,196651
Politics,Raw,2,2025-05-19,2507,151084,153591
Politics,Raw,3,2025-05-19,1766,117586,119352
Politics,Raw,4,2025-05-19,1282,89626,90908
Politics,Raw,5,2025-05-19,885,68720,69605
Politics,Raw,1,2025-05-26,3705,188310,192015
Politics,Raw,2,2025-05-26,2403,148754,151157
Politics,Raw,3,2025-05-26,1655,115986,117641
Politics,Raw,4,2025-05-26,1174,88881,90055
Politics,Raw,5,2025-05-26,788,68530,69318
Politics,Raw,1,2025-06-02,3829,187724,191553
Politics,Raw,2,2025-06-02,2441,148584,151025
Politics,Raw,3,2025-06-02,1663,115062,116725
Politics,Raw,4,2025-06-02,1218,88599,89817
Politics,Raw,5,2025-06-02,846,67588,68434
Politics,Raw,1,2025-06-09,4078,199543,203621
Politics,Raw,2,2025-06-09,2604,157008,159612
Politics,Raw,3,2025-06-09,1775,120807,122582
Politics,Raw,4,2025-06-09,1269,93226,94495
Politics,Raw,5,2025-06-09,855,71017,71872
Politics,Raw,1,2025-06-16,4037,201634,205671
Politics,Raw,2,2025-06-16,2566,157430,159996
Politics,Raw,3,2025-06-16,1702,122108,123810
Politics,Raw,4,2025-06-16,1257,93768,95025
Politics,Raw,5,2025-06-16,832,71127,71959
Politics,Raw,1,2025-06-23,3998,205090,209088
Politics,Raw,2,2025-06-23,2538,161268,163806
Politics,Raw,3,2025-06-23,1720,124878,126598
Politics,Raw,4,2025-06-23,1198,95839,97037
Politics,Raw,5,2025-06-23,844,73319,74163
Politics,Raw,1,2025-06-30,4233,218768,223001
Politics,Raw,2,2025-06-30,2712,171790,174502
Politics,Raw,3,2025-06-30,1884,132133,134017
Politics,Raw,4,2025-06-30,1390,100966,102356
Politics,Raw,5,2025-06-30,955,75854,76809
Politics,Raw,1,2025-07-07,4161,208053,212214
Politics,Raw,2,2025-07-07,2646,163669,166315
Politics,Raw,3,2025-07-07,1812,125647,127459
Politics,Raw,4,2025-07-07,1338,96143,97481
Politics,Raw,5,2025-07-07,951,72499,73450
Politics,Raw,1,2025-07-14,4080,207643,211723
Politics,Raw,2,2025-07-14,2492,161738,164230
Politics,Raw,3,2025-07-14,1760,123845,125605
Politics,Raw,4,2025-07-14,1306,94194,95500
Politics,Raw,5,2025-07-14,895,71164,72059
Politics,Raw,1,2025-07-21,4360,208357,212717
Politics,Raw,2,2025-07-21,2772,161941,164713
Politics,Raw,3,2025-07-21,1924,123439,125363
Politics,Raw,4,2025-07-21,1429,92888,94317
Politics,Raw,5,2025-07-21,997,69888,70885
Politics,Raw,1,2025-07-28,4395,215381,219776
Politics,Raw,2,2025-07-28,2723,168321,171044
Politics,Raw,3,2025-07-28,1889,129121,131010
Politics,Raw,4,2025-07-28,1342,97420,98762
Politics,Raw,5,2025-07-28,908,73034,73942
Politics,Raw,1,2025-08-04,3811,181427,185238
Politics,Raw,2,2025-08-04,2452,142265,144717
Politics,Raw,3,2025-08-04,1646,108211,109857
Politics,Raw,4,2025-08-04,1211,83124,84335
Politics,Raw,5,2025-08-04,792,62894,63686
Politics,Raw,1,2025-08-11,3874,179894,183768
Politics,Raw,2,2025-08-11,2436,140053,142489
Politics,Raw,3,2025-08-11,1656,106592,108248
Politics,Raw,4,2025-08-11,1192,80824,82016
Politics,Raw,5,2025-08-11,813,61542,62355
Politics,Raw,1,2025-08-18,3770,173382,177152
Politics,Raw,2,2025-08-18,2316,134633,136949
Politics,Raw,3,2025-08-18,1534,102355,103889
Politics,Raw,4,2025-08-18,1090,76208,77298
Politics,Raw,5,2025-08-18,772,57998,58770
Politics,Raw,1,2025-08-25,3851,180683,184534
Politics,Raw,2,2025-08-25,2441,140525,142966
Politics,Raw,3,2025-08-25,1588,106154,107742
Politics,Raw,4,2025-08-25,1149,78866,80015
Politics,Raw,5,2025-08-25,805,59736,60541
Politics,Raw,1,2025-09-01,4410,191554,195964
Politics,Raw,2,2025-09-01,2907,148186,151093
Politics,Raw,3,2025-09-01,1955,112218,114173
Politics,Raw,4,2025-09-01,1418,83977,85395
Politics,Raw,5,2025-09-01,1016,62915,63931
Politics,Raw,1,2025-09-08,4045,171751,175796
Politics,Raw,2,2025-09-08,2581,132590,135171
Politics,Raw,3,2025-09-08,1721,101080,102801
Politics,Raw,4,2025-09-08,1270,75994,77264
Politics,Raw,5,2025-09-08,902,57077,57979
Politics,Raw,1,2025-09-15,4087,181932,186019
Politics,Raw,2,2025-09-15,2649,140110,142759
Politics,Raw,3,2025-09-15,1742,105835,107577
Politics,Raw,4,2025-09-15,1322,79094,80416
Politics,Raw,5,2025-09-15,973,59676,60649
Politics,Raw,1,2025-09-22,4091,193297,197388
Politics,Raw,2,2025-09-22,2701,149292,151993
Politics,Raw,3,2025-09-22,1826,113764,115590
Politics,Raw,4,2025-09-22,1406,86287,87693
Politics,Raw,5,2025-09-22,1059,64054,65113
Politics,Raw,1,2025-09-29,4245,197314,201559
Politics,Raw,2,2025-09-29,2765,151494,154259
Politics,Raw,3,2025-09-29,1861,115332,117193
Politics,Raw,4,2025-09-29,1415,87509,88924
Politics,Raw,5,2025-09-29,1035,65562,66597
Politics,Raw,1,2025-10-06,3998,174584,178582
Politics,Raw,2,2025-10-06,2652,135371,138023
Politics,Raw,3,2025-10-06,1758,103143,104901
Politics,Raw,4,2025-10-06,1336,78603,79939
Politics,Raw,5,2025-10-06,974,58478,59452
Politics,Raw,1,2025-10-13,3920,170930,174850
Politics,Raw,2,2025-10-13,2578,132679,135257
Politics,Raw,3,2025-10-13,1754,100965,102719
Politics,Raw,4,2025-10-13,1375,76296,77671
Politics,Raw,5,2025-10-13,1037,56941,57978
Politics,Raw,1,2025-10-20,4013,163304,167317
Politics,Raw,2,2025-10-20,2675,125961,128636
Politics,Raw,3,2025-10-20,1780,94931,96711
Politics,Raw,4,2025-10-20,1337,71830,73167
Politics,Raw,5,2025-10-20,1020,53472,54492
Politics,Classified,1,2021-11-01,7,96,103
Politics,Classified,2,2021-11-01,3,69,72
Politics,Classified,3,2021-11-01,1,52,53
Politics,Classified,4,2021-11-01,1,35,36
Politics,Classified,5,2021-11-01,0,18,18
Politics,Classified,1,2021-11-08,5,58,63
Politics,Classified,2,2021-11-08,3,46,49
Politics,Classified,3,2021-11-08,1,26,27
Politics,Classified,4,2021-11-08,1,18,19
Politics,Classified,5,2021-11-08,1,10,11
Politics,Classified,1,2021-11-15,6,83,89
Politics,Classified,2,2021-11-15,1,55,56
Politics,Classified,3,2021-11-15,1,41,42
Politics,Classified,4,2021-11-15,0,27,27
Politics,Classified,5,2021-11-15,0,17,17
Politics,Classified,1,2021-11-22,3,104,107
Politics,Classified,2,2021-11-22,2,81,83
Politics,Classified,3,2021-11-22,0,59,59
Politics,Classified,4,2021-11-22,0,33,33
Politics,Classified,5,2021-11-22,0,22,22
Politics,Classified,1,2021-11-29,2,78,80
Politics,Classified,2,2021-11-29,2,58,60
Politics,Classified,3,2021-11-29,2,48,50
Politics,Classified,4,2021-11-29,2,35,37
Politics,Classified,5,2021-11-29,2,29,31
Politics,Classified,1,2021-12-06,3,64,67
Politics,Classified,2,2021-12-06,1,43,44
Politics,Classified,3,2021-12-06,0,29,29
Politics,Classified,4,2021-12-06,0,22,22
Politics,Classified,5,2021-12-06,0,16,16
Politics,Classified,1,2021-12-13,3,73,76
Politics,Classified,2,2021-12-13,2,46,48
Politics,Classified,3,2021-12-13,2,37,39
Politics,Classified,4,2021-12-13,2,21,23
Politics,Classified,5,2021-12-13,1,11,12
Politics,Classified,1,2021-12-20,1,36,37
Politics,Classified,2,2021-12-20,0,27,27
Politics,Classified,3,2021-12-20,0,21,21
Politics,Classified,4,2021-12-20,0,18,18
Politics,Classified,5,2021-12-20,0,12,12
Politics,Classified,1,2021-12-27,1,61,62
Politics,Classified,2,2021-12-27,1,42,43
Politics,Classified,3,2021-12-27,1,30,31
Politics,Classified,4,2021-12-27,0,22,22
Politics,Classified,5,2021-12-27,0,17,17
Politics,Classified,1,2022-01-03,0,69,69
Politics,Classified,2,2022-01-03,0,50,50
Politics,Classified,3,2022-01-03,0,42,42
Politics,Classified,4,2022-01-03,0,23,23
Politics,Classified,5,2022-01-03,0,19,19
Politics,Classified,1,2022-01-10,3,76,79
Politics,Classified,2,2022-01-10,0,49,49
Politics,Classified,3,2022-01-10,0,27,27
Politics,Classified,4,2022-01-10,0,18,18
Politics,Classified,5,2022-01-10,0,11,11
Politics,Classified,1,2022-01-17,6,98,104
Politics,Classified,2,2022-01-17,3,62,65
Politics,Classified,3,2022-01-17,0,43,43
Politics,Classified,4,2022-01-17,0,27,27
Politics,Classified,5,2022-01-17,0,16,16
Politics,Classified,1,2022-01-24,4,90,94
Politics,Classified,2,2022-01-24,1,70,71
Politics,Classified,3,2022-01-24,0,54,54
Politics,Classified,4,2022-01-24,0,37,37
Politics,Classified,5,2022-01-24,0,31,31
Politics,Classified,1,2022-01-31,5,101,106
Politics,Classified,2,2022-01-31,4,73,77
Politics,Classified,3,2022-01-31,3,57,60
Politics,Classified,4,2022-01-31,3,43,46
Politics,Classified,5,2022-01-31,1,36,37
Politics,Classified,1,2022-02-07,11,354,365
Politics,Classified,2,2022-02-07,10,263,273
Politics,Classified,3,2022-02-07,8,184,192
Politics,Classified,4,2022-02-07,8,136,144
Politics,Classified,5,2022-02-07,5,102,107
Politics,Classified,1,2022-02-14,7,189,196
Politics,Classified,2,2022-02-14,5,136,141
Politics,Classified,3,2022-02-14,3,101,104
Politics,Classified,4,2022-02-14,3,78,81
Politics,Classified,5,2022-02-14,1,48,49
Politics,Classified,1,2022-02-21,6,83,89
Politics,Classified,2,2022-02-21,4,54,58
Politics,Classified,3,2022-02-21,2,42,44
Politics,Classified,4,2022-02-21,1,29,30
Politics,Classified,5,2022-02-21,1,20,21
Politics,Classified,1,2022-02-28,2,84,86
Politics,Classified,2,2022-02-28,1,59,60
Politics,Classified,3,2022-02-28,1,36,37
Politics,Classified,4,2022-02-28,1,24,25
Politics,Classified,5,2022-02-28,0,18,18
Politics,Classified,1,2022-03-07,7,70,77
Politics,Classified,2,2022-03-07,5,51,56
Politics,Classified,3,2022-03-07,4,29,33
Politics,Classified,4,2022-03-07,3,20,23
Politics,Classified,5,2022-03-07,0,12,12
Politics,Classified,1,2022-03-14,15,133,148
Politics,Classified,2,2022-03-14,9,95,104
Politics,Classified,3,2022-03-14,3,70,73
Politics,Classified,4,2022-03-14,3,54,57
Politics,Classified,5,2022-03-14,2,38,40
Politics,Classified,1,2022-03-21,3,72,75
Politics,Classified,2,2022-03-21,2,57,59
Politics,Classified,3,2022-03-21,0,45,45
Politics,Classified,4,2022-03-21,0,29,29
Politics,Classified,5,2022-03-21,0,23,23
Politics,Classified,1,2022-03-28,3,73,76
Politics,Classified,2,2022-03-28,1,49,50
Politics,Classified,3,2022-03-28,0,31,31
Politics,Classified,4,2022-03-28,0,22,22
Politics,Classified,5,2022-03-28,0,15,15
Politics,Classified,1,2022-04-04,2,94,96
Politics,Classified,2,2022-04-04,0,65,65
Politics,Classified,3,2022-04-04,0,52,52
Politics,Classified,4,2022-04-04,0,32,32
Politics,Classified,5,2022-04-04,0,18,18
Politics,Classified,1,2022-04-11,0,55,55
Politics,Classified,2,2022-04-11,0,36,36
Politics,Classified,3,2022-04-11,0,27,27
Politics,Classified,4,2022-04-11,0,14,14
Politics,Classified,5,2022-04-11,0,10,10
Politics,Classified,1,2022-04-18,5,93,98
Politics,Classified,2,2022-04-18,4,72,76
Politics,Classified,3,2022-04-18,2,45,47
Politics,Classified,4,2022-04-18,1,36,37
Politics,Classified,5,2022-04-18,1,30,31
Politics,Classified,1,2022-04-25,12,82,94
Politics,Classified,2,2022-04-25,10,59,69
Politics,Classified,3,2022-04-25,7,43,50
Politics,Classified,4,2022-04-25,4,22,26
Politics,Classified,5,2022-04-25,2,14,16
Politics,Classified,1,2022-05-02,2,68,70
Politics,Classified,2,2022-05-02,1,47,48
Politics,Classified,3,2022-05-02,0,40,40
Politics,Classified,4,2022-05-02,0,29,29
Politics,Classified,5,2022-05-02,0,24,24
Politics,Classified,1,2022-05-09,0,51,51
Politics,Classified,2,2022-05-09,0,38,38
Politics,Classified,3,2022-05-09,0,32,32
Politics,Classified,4,2022-05-09,0,21,21
Politics,Classified,5,2022-05-09,0,15,15
Politics,Classified,1,2022-05-16,0,68,68
Politics,Classified,2,2022-05-16,0,50,50
Politics,Classified,3,2022-05-16,0,38,38
Politics,Classified,4,2022-05-16,0,24,24
Politics,Classified,5,2022-05-16,0,17,17
Politics,Classified,1,2022-05-23,6,68,74
Politics,Classified,2,2022-05-23,3,48,51
Politics,Classified,3,2022-05-23,1,36,37
Politics,Classified,4,2022-05-23,1,22,23
Politics,Classified,5,2022-05-23,1,14,15
Politics,Classified,1,2022-05-30,2,37,39
Politics,Classified,2,2022-05-30,1,29,30
Politics,Classified,3,2022-05-30,0,22,22
Politics,Classified,4,2022-05-30,0,15,15
Politics,Classified,5,2022-05-30,0,10,10
Politics,Classified,1,2022-06-06,1,65,66
Politics,Classified,2,2022-06-06,1,47,48
Politics,Classified,3,2022-06-06,1,32,33
Politics,Classified,4,2022-06-06,1,26,27
Politics,Classified,5,2022-06-06,1,18,19
Politics,Classified,1,2022-06-13,1,94,95
Politics,Classified,2,2022-06-13,1,66,67
Politics,Classified,3,2022-06-13,1,55,56
Politics,Classified,4,2022-06-13,0,36,36
Politics,Classified,5,2022-06-13,0,24,24
Politics,Classified,1,2022-06-20,3,58,61
Politics,Classified,2,2022-06-20,3,46,49
Politics,Classified,3,2022-06-20,2,36,38
Politics,Classified,4,2022-06-20,1,23,24
Politics,Classified,5,2022-06-20,0,13,13
Politics,Classified,1,2022-06-27,6,92,98
Politics,Classified,2,2022-06-27,5,67,72
Politics,Classified,3,2022-06-27,5,54,59
Politics,Classified,4,2022-06-27,3,40,43
Politics,Classified,5,2022-06-27,1,30,31
Politics,Classified,1,2022-07-04,2,114,116
Politics,Classified,2,2022-07-04,1,82,83
Politics,Classified,3,2022-07-04,0,62,62
Politics,Classified,4,2022-07-04,0,33,33
Politics,Classified,5,2022-07-04,0,27,27
Politics,Classified,1,2022-07-11,11,112,123
Politics,Classified,2,2022-07-11,7,84,91
Politics,Classified,3,2022-07-11,6,64,70
Politics,Classified,4,2022-07-11,5,35,40
Politics,Classified,5,2022-07-11,3,28,31
Politics,Classified,1,2022-07-18,11,124,135
Politics,Classified,2,2022-07-18,2,95,97
Politics,Classified,3,2022-07-18,1,67,68
Politics,Classified,4,2022-07-18,1,46,47
Politics,Classified,5,2022-07-18,1,35,36
Politics,Classified,1,2022-07-25,9,83,92
Politics,Classified,2,2022-07-25,8,58,66
Politics,Classified,3,2022-07-25,8,43,51
Politics,Classified,4,2022-07-25,7,32,39
Politics,Classified,5,2022-07-25,3,24,27
Politics,Classified,1,2022-08-01,1,81,82
Politics,Classified,2,2022-08-01,1,61,62
Politics,Classified,3,2022-08-01,1,50,51
Politics,Classified,4,2022-08-01,0,39,39
Politics,Classified,5,2022-08-01,0,29,29
Politics,Classified,1,2022-08-08,4,74,78
Politics,Classified,2,2022-08-08,2,57,59
Politics,Classified,3,2022-08-08,0,46,46
Politics,Classified,4,2022-08-08,0,37,37
Politics,Classified,5,2022-08-08,0,30,30
Politics,Classified,1,2022-08-15,7,96,103
Politics,Classified,2,2022-08-15,6,70,76
Politics,Classified,3,2022-08-15,6,57,63
Politics,Classified,4,2022-08-15,4,43,47
Politics,Classified,5,2022-08-15,2,31,33
Politics,Classified,1,2022-08-22,2,50,52
Politics,Classified,2,2022-08-22,1,36,37
Politics,Classified,3,2022-08-22,1,27,28
Politics,Classified,4,2022-08-22,0,16,16
Politics,Classified,5,2022-08-22,0,10,10
Politics,Classified,1,2022-08-29,2,77,79
Politics,Classified,2,2022-08-29,1,51,52
Politics,Classified,3,2022-08-29,0,37,37
Politics,Classified,4,2022-08-29,0,27,27
Politics,Classified,5,2022-08-29,0,20,20
Politics,Classified,1,2022-09-05,2,83,85
Politics,Classified,2,2022-09-05,2,69,71
Politics,Classified,3,2022-09-05,1,55,56
Politics,Classified,4,2022-09-05,1,40,41
Politics,Classified,5,2022-09-05,1,30,31
Politics,Classified,1,2022-09-12,0,49,49
Politics,Classified,2,2022-09-12,0,34,34
Politics,Classified,3,2022-09-12,0,23,23
Politics,Classified,4,2022-09-12,0,15,15
Politics,Classified,5,2022-09-12,0,14,14
Politics,Classified,1,2022-09-19,2,50,52
Politics,Classified,2,2022-09-19,2,35,37
Politics,Classified,3,2022-09-19,1,27,28
Politics,Classified,4,2022-09-19,1,23,24
Politics,Classified,5,2022-09-19,1,13,14
Politics,Classified,1,2022-09-26,4,56,60
Politics,Classified,2,2022-09-26,3,40,43
Politics,Classified,3,2022-09-26,2,31,33
Politics,Classified,4,2022-09-26,1,22,23
Politics,Classified,5,2022-09-26,1,15,16
Politics,Classified,1,2022-10-03,4,57,61
Politics,Classified,2,2022-10-03,3,46,49
Politics,Classified,3,2022-10-03,3,34,37
Politics,Classified,4,2022-10-03,2,25,27
Politics,Classified,5,2022-10-03,0,20,20
Politics,Classified,1,2022-10-10,4,115,119
Politics,Classified,2,2022-10-10,3,77,80
Politics,Classified,3,2022-10-10,3,51,54
Politics,Classified,4,2022-10-10,2,28,30
Politics,Classified,5,2022-10-10,1,16,17
Politics,Classified,1,2022-10-17,3,107,110
Politics,Classified,2,2022-10-17,1,69,70
Politics,Classified,3,2022-10-17,1,49,50
Politics,Classified,4,2022-10-17,1,34,35
Politics,Classified,5,2022-10-17,1,22,23
Politics,Classified,1,2022-10-24,6,67,73
Politics,Classified,2,2022-10-24,3,51,54
Politics,Classified,3,2022-10-24,1,39,40
Politics,Classified,4,2022-10-24,1,27,28
Politics,Classified,5,2022-10-24,0,23,23
Politics,Classified,1,2022-10-31,2,65,67
Politics,Classified,2,2022-10-31,2,48,50
Politics,Classified,3,2022-10-31,1,32,33
Politics,Classified,4,2022-10-31,0,24,24
Politics,Classified,5,2022-10-31,0,19,19
Politics,Classified,1,2022-11-07,3,73,76
Politics,Classified,2,2022-11-07,1,62,63
Politics,Classified,3,2022-11-07,1,39,40
Politics,Classified,4,2022-11-07,1,28,29
Politics,Classified,5,2022-11-07,1,21,22
Politics,Classified,1,2022-11-14,1,57,58
Politics,Classified,2,2022-11-14,0,39,39
Politics,Classified,3,2022-11-14,0,26,26
Politics,Classified,4,2022-11-14,0,20,20
Politics,Classified,5,2022-11-14,0,12,12
Politics,Classified,1,2022-11-21,1,58,59
Politics,Classified,2,2022-11-21,1,40,41
Politics,Classified,3,2022-11-21,1,25,26
Politics,Classified,4,2022-11-21,1,20,21
Politics,Classified,5,2022-11-21,1,15,16
Politics,Classified,1,2022-11-28,7,110,117
Politics,Classified,2,2022-11-28,3,69,72
Politics,Classified,3,2022-11-28,2,40,42
Politics,Classified,4,2022-11-28,2,18,20
Politics,Classified,5,2022-11-28,0,14,14
Politics,Classified,1,2022-12-05,12,324,336
Politics,Classified,2,2022-12-05,4,259,263
Politics,Classified,3,2022-12-05,4,191,195
Politics,Classified,4,2022-12-05,0,124,124
Politics,Classified,5,2022-12-05,0,87,87
Politics,Classified,1,2022-12-12,0,69,69
Politics,Classified,2,2022-12-12,0,51,51
Politics,Classified,3,2022-12-12,0,42,42
Politics,Classified,4,2022-12-12,0,36,36
Politics,Classified,5,2022-12-12,0,31,31
Politics,Classified,1,2022-12-19,0,59,59
Politics,Classified,2,2022-12-19,0,47,47
Politics,Classified,3,2022-12-19,0,36,36
Politics,Classified,4,2022-12-19,0,25,25
Politics,Classified,5,2022-12-19,0,18,18
Politics,Classified,1,2022-12-26,6,80,86
Politics,Classified,2,2022-12-26,1,60,61
Politics,Classified,3,2022-12-26,1,44,45
Politics,Classified,4,2022-12-26,1,27,28
Politics,Classified,5,2022-12-26,0,22,22
Politics,Classified,1,2023-01-02,0,59,59
Politics,Classified,2,2023-01-02,0,44,44
Politics,Classified,3,2023-01-02,0,39,39
Politics,Classified,4,2023-01-02,0,27,27
Politics,Classified,5,2023-01-02,0,23,23
Politics,Classified,1,2023-01-09,11,126,137
Politics,Classified,2,2023-01-09,10,93,103
Politics,Classified,3,2023-01-09,2,73,75
Politics,Classified,4,2023-01-09,2,46,48
Politics,Classified,5,2023-01-09,1,34,35
Politics,Classified,1,2023-01-16,8,137,145
Politics,Classified,2,2023-01-16,3,103,106
Politics,Classified,3,2023-01-16,2,82,84
Politics,Classified,4,2023-01-16,2,67,69
Politics,Classified,5,2023-01-16,1,46,47
Politics,Classified,1,2023-01-23,1,73,74
Politics,Classified,2,2023-01-23,1,54,55
Politics,Classified,3,2023-01-23,1,37,38
Politics,Classified,4,2023-01-23,1,23,24
Politics,Classified,5,2023-01-23,1,15,16
Politics,Classified,1,2023-01-30,6,145,151
Politics,Classified,2,2023-01-30,4,116,120
Politics,Classified,3,2023-01-30,4,95,99
Politics,Classified,4,2023-01-30,4,63,67
Politics,Classified,5,2023-01-30,1,35,36
Politics,Classified,1,2023-02-06,2,71,73
Politics,Classified,2,2023-02-06,2,49,51
Politics,Classified,3,2023-02-06,1,38,39
Politics,Classified,4,2023-02-06,1,29,30
Politics,Classified,5,2023-02-06,1,25,26
Politics,Classified,1,2023-02-13,2,70,72
Politics,Classified,2,2023-02-13,1,45,46
Politics,Classified,3,2023-02-13,0,35,35
Politics,Classified,4,2023-02-13,0,21,21
Politics,Classified,5,2023-02-13,0,17,17
Politics,Classified,1,2023-02-20,8,120,128
Politics,Classified,2,2023-02-20,3,81,84
Politics,Classified,3,2023-02-20,1,58,59
Politics,Classified,4,2023-02-20,1,33,34
Politics,Classified,5,2023-02-20,1,25,26
Politics,Classified,1,2023-02-27,3,98,101
Politics,Classified,2,2023-02-27,1,77,78
Politics,Classified,3,2023-02-27,1,60,61
Politics,Classified,4,2023-02-27,0,42,42
Politics,Classified,5,2023-02-27,0,35,35
Politics,Classified,1,2023-03-06,10,163,173
Politics,Classified,2,2023-03-06,4,120,124
Politics,Classified,3,2023-03-06,2,95,97
Politics,Classified,4,2023-03-06,2,82,84
Politics,Classified,5,2023-03-06,1,59,60
Politics,Classified,1,2023-03-13,7,98,105
Politics,Classified,2,2023-03-13,4,63,67
Politics,Classified,3,2023-03-13,3,51,54
Politics,Classified,4,2023-03-13,3,33,36
Politics,Classified,5,2023-03-13,0,21,21
Politics,Classified,1,2023-03-20,3,98,101
Politics,Classified,2,2023-03-20,0,73,73
Politics,Classified,3,2023-03-20,0,54,54
Politics,Classified,4,2023-03-20,0,43,43
Politics,Classified,5,2023-03-20,0,35,35
Politics,Classified,1,2023-03-27,2,58,60
Politics,Classified,2,2023-03-27,2,44,46
Politics,Classified,3,2023-03-27,1,33,34
Politics,Classified,4,2023-03-27,0,27,27
Politics,Classified,5,2023-03-27,0,21,21
Politics,Classified,1,2023-04-03,9,81,90
Politics,Classified,2,2023-04-03,7,57,64
Politics,Classified,3,2023-04-03,7,41,48
Politics,Classified,4,2023-04-03,2,23,25
Politics,Classified,5,2023-04-03,1,12,13
Politics,Classified,1,2023-04-10,4,81,85
Politics,Classified,2,2023-04-10,2,66,68
Politics,Classified,3,2023-04-10,2,54,56
Politics,Classified,4,2023-04-10,0,40,40
Politics,Classified,5,2023-04-10,0,29,29
Politics,Classified,1,2023-04-17,4,93,97
Politics,Classified,2,2023-04-17,4,64,68
Politics,Classified,3,2023-04-17,2,44,46
Politics,Classified,4,2023-04-17,0,33,33
Politics,Classified,5,2023-04-17,0,21,21
Politics,Classified,1,2023-04-24,6,93,99
Politics,Classified,2,2023-04-24,4,72,76
Politics,Classified,3,2023-04-24,3,59,62
Politics,Classified,4,2023-04-24,3,49,52
Politics,Classified,5,2023-04-24,2,37,39
Politics,Classified,1,2023-05-01,4,47,51
Politics,Classified,2,2023-05-01,4,34,38
Politics,Classified,3,2023-05-01,4,25,29
Politics,Classified,4,2023-05-01,3,16,19
Politics,Classified,5,2023-05-01,2,13,15
Politics,Classified,1,2023-05-08,4,148,152
Politics,Classified,2,2023-05-08,1,106,107
Politics,Classified,3,2023-05-08,1,80,81
Politics,Classified,4,2023-05-08,1,51,52
Politics,Classified,5,2023-05-08,1,38,39
Politics,Classified,1,2023-05-15,5,72,77
Politics,Classified,2,2023-05-15,2,61,63
Politics,Classified,3,2023-05-15,2,41,43
Politics,Classified,4,2023-05-15,1,33,34
Politics,Classified,5,2023-05-15,0,24,24
Politics,Classified,1,2023-05-22,6,113,119
Politics,Classified,2,2023-05-22,5,84,89
Politics,Classified,3,2023-05-22,4,69,73
Politics,Classified,4,2023-05-22,3,53,56
Politics,Classified,5,2023-05-22,2,35,37
Politics,Classified,1,2023-05-29,1,123,124
Politics,Classified,2,2023-05-29,1,102,103
Politics,Classified,3,2023-05-29,1,84,85
Politics,Classified,4,2023-05-29,1,64,65
Politics,Classified,5,2023-05-29,1,53,54
Politics,Classified,1,2023-06-05,3,66,69
Politics,Classified,2,2023-06-05,3,48,51
Politics,Classified,3,2023-06-05,3,31,34
Politics,Classified,4,2023-06-05,2,18,20
Politics,Classified,5,2023-06-05,2,13,15
Politics,Classified,1,2023-06-12,1,69,70
Politics,Classified,2,2023-06-12,0,48,48
Politics,Classified,3,2023-06-12,0,40,40
Politics,Classified,4,2023-06-12,0,25,25
Politics,Classified,5,2023-06-12,0,20,20
Politics,Classified,1,2023-06-19,3,66,69
Politics,Classified,2,2023-06-19,3,41,44
Politics,Classified,3,2023-06-19,0,31,31
Politics,Classified,4,2023-06-19,0,22,22
Politics,Classified,5,2023-06-19,0,16,16
Politics,Classified,1,2023-06-26,5,129,134
Politics,Classified,2,2023-06-26,4,104,108
Politics,Classified,3,2023-06-26,3,83,86
Politics,Classified,4,2023-06-26,3,56,59
Politics,Classified,5,2023-06-26,2,46,48
Politics,Classified,1,2023-07-03,7,203,210
Politics,Classified,2,2023-07-03,5,159,164
Politics,Classified,3,2023-07-03,2,123,125
Politics,Classified,4,2023-07-03,1,100,101
Politics,Classified,5,2023-07-03,1,77,78
Politics,Classified,1,2023-07-10,2,127,129
Politics,Classified,2,2023-07-10,1,98,99
Politics,Classified,3,2023-07-10,1,79,80
Politics,Classified,4,2023-07-10,1,56,57
Politics,Classified,5,2023-07-10,0,46,46
Politics,Classified,1,2023-07-17,5,102,107
Politics,Classified,2,2023-07-17,4,83,87
Politics,Classified,3,2023-07-17,2,61,63
Politics,Classified,4,2023-07-17,2,46,48
Politics,Classified,5,2023-07-17,0,40,40
Politics,Classified,1,2023-07-24,6,110,116
Politics,Classified,2,2023-07-24,2,85,87
Politics,Classified,3,2023-07-24,2,68,70
Politics,Classified,4,2023-07-24,0,53,53
Politics,Classified,5,2023-07-24,0,43,43
Politics,Classified,1,2023-07-31,4,51,55
Politics,Classified,2,2023-07-31,2,39,41
Politics,Classified,3,2023-07-31,2,32,34
Politics,Classified,4,2023-07-31,2,29,31
Politics,Classified,5,2023-07-31,0,23,23
Politics,Classified,1,2023-08-07,5,122,127
Politics,Classified,2,2023-08-07,4,90,94
Politics,Classified,3,2023-08-07,0,71,71
Politics,Classified,4,2023-08-07,0,53,53
Politics,Classified,5,2023-08-07,0,38,38
Politics,Classified,1,2023-08-14,6,151,157
Politics,Classified,2,2023-08-14,5,125,130
Politics,Classified,3,2023-08-14,3,90,93
Politics,Classified,4,2023-08-14,1,67,68
Politics,Classified,5,2023-08-14,1,52,53
Politics,Classified,1,2023-08-21,2,102,104
Politics,Classified,2,2023-08-21,2,82,84
Politics,Classified,3,2023-08-21,1,65,66
Politics,Classified,4,2023-08-21,1,51,52
Politics,Classified,5,2023-08-21,1,42,43
Politics,Classified,1,2023-08-28,1,89,90
Politics,Classified,2,2023-08-28,1,62,63
Politics,Classified,3,2023-08-28,0,52,52
Politics,Classified,4,2023-08-28,0,37,37
Politics,Classified,5,2023-08-28,0,29,29
Politics,Classified,1,2023-09-04,4,163,167
Politics,Classified,2,2023-09-04,2,124,126
Politics,Classified,3,2023-09-04,0,104,104
Politics,Classified,4,2023-09-04,0,77,77
Politics,Classified,5,2023-09-04,0,66,66
Politics,Classified,1,2023-09-11,5,68,73
Politics,Classified,2,2023-09-11,3,45,48
Politics,Classified,3,2023-09-11,2,38,40
Politics,Classified,4,2023-09-11,2,30,32
Politics,Classified,5,2023-09-11,0,25,25
Politics,Classified,1,2023-09-18,11,180,191
Politics,Classified,2,2023-09-18,6,131,137
Politics,Classified,3,2023-09-18,3,99,102
Politics,Classified,4,2023-09-18,3,71,74
Politics,Classified,5,2023-09-18,2,62,64
Politics,Classified,1,2023-09-25,3,154,157
Politics,Classified,2,2023-09-25,1,113,114
Politics,Classified,3,2023-09-25,1,86,87
Politics,Classified,4,2023-09-25,0,61,61
Politics,Classified,5,2023-09-25,0,44,44
Politics,Classified,1,2023-10-02,6,108,114
Politics,Classified,2,2023-10-02,3,85,88
Politics,Classified,3,2023-10-02,2,69,71
Politics,Classified,4,2023-10-02,2,61,63
Politics,Classified,5,2023-10-02,0,40,40
Politics,Classified,1,2023-10-09,5,68,73
Politics,Classified,2,2023-10-09,5,53,58
Politics,Classified,3,2023-10-09,1,37,38
Politics,Classified,4,2023-10-09,1,27,28
Politics,Classified,5,2023-10-09,0,21,21
Politics,Classified,1,2023-10-16,6,86,92
Politics,Classified,2,2023-10-16,2,69,71
Politics,Classified,3,2023-10-16,0,50,50
Politics,Classified,4,2023-10-16,0,35,35
Politics,Classified,5,2023-10-16,0,27,27
Politics,Classified,1,2023-10-23,11,198,209
Politics,Classified,2,2023-10-23,7,145,152
Politics,Classified,3,2023-10-23,5,112,117
Politics,Classified,4,2023-10-23,4,89,93
Politics,Classified,5,2023-10-23,2,68,70
Politics,Classified,1,2023-10-30,8,73,81
Politics,Classified,2,2023-10-30,5,49,54
Politics,Classified,3,2023-10-30,3,38,41
Politics,Classified,4,2023-10-30,2,30,32
Politics,Classified,5,2023-10-30,2,19,21
Politics,Classified,1,2023-11-06,5,122,127
Politics,Classified,2,2023-11-06,3,88,91
Politics,Classified,3,2023-11-06,1,74,75
Politics,Classified,4,2023-11-06,1,55,56
Politics,Classified,5,2023-11-06,1,42,43
Politics,Classified,1,2023-11-13,2,64,66
Politics,Classified,2,2023-11-13,1,45,46
Politics,Classified,3,2023-11-13,1,32,33
Politics,Classified,4,2023-11-13,0,27,27
Politics,Classified,5,2023-11-13,0,25,25
Politics,Classified,1,2023-11-20,1,71,72
Politics,Classified,2,2023-11-20,1,57,58
Politics,Classified,3,2023-11-20,0,49,49
Politics,Classified,4,2023-11-20,0,34,34
Politics,Classified,5,2023-11-20,0,30,30
Politics,Classified,1,2023-11-27,4,90,94
Politics,Classified,2,2023-11-27,2,73,75
Politics,Classified,3,2023-11-27,2,55,57
Politics,Classified,4,2023-11-27,1,44,45
Politics,Classified,5,2023-11-27,0,36,36
Politics,Classified,1,2023-12-04,9,161,170
Politics,Classified,2,2023-12-04,5,112,117
Politics,Classified,3,2023-12-04,3,85,88
Politics,Classified,4,2023-12-04,2,56,58
Politics,Classified,5,2023-12-04,2,42,44
Politics,Classified,1,2023-12-11,3,160,163
Politics,Classified,2,2023-12-11,1,125,126
Politics,Classified,3,2023-12-11,0,95,95
Politics,Classified,4,2023-12-11,0,68,68
Politics,Classified,5,2023-12-11,0,55,55
Politics,Classified,1,2023-12-18,1,94,95
Politics,Classified,2,2023-12-18,0,78,78
Politics,Classified,3,2023-12-18,0,61,61
Politics,Classified,4,2023-12-18,0,53,53
Politics,Classified,5,2023-12-18,0,40,40
Politics,Classified,1,2023-12-25,1,53,54
Politics,Classified,2,2023-12-25,0,45,45
Politics,Classified,3,2023-12-25,0,35,35
Politics,Classified,4,2023-12-25,0,25,25
Politics,Classified,5,2023-12-25,0,19,19
Politics,Classified,1,2024-01-01,1,86,87
Politics,Classified,2,2024-01-01,1,69,70
Politics,Classified,3,2024-01-01,0,60,60
Politics,Classified,4,2024-01-01,0,50,50
Politics,Classified,5,2024-01-01,0,34,34
Politics,Classified,1,2024-01-08,5,68,73
Politics,Classified,2,2024-01-08,3,60,63
Politics,Classified,3,2024-01-08,1,44,45
Politics,Classified,4,2024-01-08,0,37,37
Politics,Classified,5,2024-01-08,0,26,26
Politics,Classified,1,2024-01-15,3,64,67
Politics,Classified,2,2024-01-15,2,54,56
Politics,Classified,3,2024-01-15,2,48,50
Politics,Classified,4,2024-01-15,2,39,41
Politics,Classified,5,2024-01-15,2,31,33
Politics,Classified,1,2024-01-22,8,101,109
Politics,Classified,2,2024-01-22,4,80,84
Politics,Classified,3,2024-01-22,3,69,72
Politics,Classified,4,2024-01-22,2,55,57
Politics,Classified,5,2024-01-22,1,40,41
Politics,Classified,1,2024-01-29,6,119,125
Politics,Classified,2,2024-01-29,4,97,101
Politics,Classified,3,2024-01-29,3,70,73
Politics,Classified,4,2024-01-29,2,53,55
Politics,Classified,5,2024-01-29,2,40,42
Politics,Classified,1,2024-02-05,9,202,211
Politics,Classified,2,2024-02-05,6,150,156
Politics,Classified,3,2024-02-05,6,109,115
Politics,Classified,4,2024-02-05,3,84,87
Politics,Classified,5,2024-02-05,3,56,59
Politics,Classified,1,2024-02-12,4,122,126
Politics,Classified,2,2024-02-12,4,104,108
Politics,Classified,3,2024-02-12,2,81,83
Politics,Classified,4,2024-02-12,2,66,68
Politics,Classified,5,2024-02-12,1,52,53
Politics,Classified,1,2024-02-19,12,115,127
Politics,Classified,2,2024-02-19,7,84,91
Politics,Classified,3,2024-02-19,5,59,64
Politics,Classified,4,2024-02-19,5,44,49
Politics,Classified,5,2024-02-19,4,36,40
Politics,Classified,1,2024-02-26,8,98,106
Politics,Classified,2,2024-02-26,6,73,79
Politics,Classified,3,2024-02-26,4,53,57
Politics,Classified,4,2024-02-26,3,41,44
Politics,Classified,5,2024-02-26,3,30,33
Politics,Classified,1,2024-03-04,7,94,101
Politics,Classified,2,2024-03-04,5,72,77
Politics,Classified,3,2024-03-04,3,58,61
Politics,Classified,4,2024-03-04,0,40,40
Politics,Classified,5,2024-03-04,0,35,35
Politics,Classified,1,2024-03-11,3,48,51
Politics,Classified,2,2024-03-11,2,36,38
Politics,Classified,3,2024-03-11,2,29,31
Politics,Classified,4,2024-03-11,1,23,24
Politics,Classified,5,2024-03-11,1,21,22
Politics,Classified,1,2024-03-18,10,120,130
Politics,Classified,2,2024-03-18,6,100,106
Politics,Classified,3,2024-03-18,4,78,82
Politics,Classified,4,2024-03-18,1,58,59
Politics,Classified,5,2024-03-18,1,43,44
Politics,Classified,1,2024-03-25,0,85,85
Politics,Classified,2,2024-03-25,0,70,70
Politics,Classified,3,2024-03-25,0,58,58
Politics,Classified,4,2024-03-25,0,44,44
Politics,Classified,5,2024-03-25,0,35,35
Politics,Classified,1,2024-04-01,4,111,115
Politics,Classified,2,2024-04-01,2,84,86
Politics,Classified,3,2024-04-01,0,65,65
Politics,Classified,4,2024-04-01,0,50,50
Politics,Classified,5,2024-04-01,0,40,40
Politics,Classified,1,2024-04-08,6,95,101
Politics,Classified,2,2024-04-08,5,73,78
Politics,Classified,3,2024-04-08,2,61,63
Politics,Classified,4,2024-04-08,1,50,51
Politics,Classified,5,2024-04-08,0,36,36
Politics,Classified,1,2024-04-15,8,153,161
Politics,Classified,2,2024-04-15,2,129,131
Politics,Classified,3,2024-04-15,2,101,103
Politics,Classified,4,2024-04-15,1,74,75
Politics,Classified,5,2024-04-15,0,52,52
Politics,Classified,1,2024-04-22,8,80,88
Politics,Classified,2,2024-04-22,8,67,75
Politics,Classified,3,2024-04-22,4,50,54
Politics,Classified,4,2024-04-22,2,40,42
Politics,Classified,5,2024-04-22,1,29,30
Politics,Classified,1,2024-04-29,2,87,89
Politics,Classified,2,2024-04-29,2,65,67
Politics,Classified,3,2024-04-29,2,45,47
Politics,Classified,4,2024-04-29,2,31,33
Politics,Classified,5,2024-04-29,2,16,18
Politics,Classified,1,2024-05-06,4,93,97
Politics,Classified,2,2024-05-06,4,69,73
Politics,Classified,3,2024-05-06,2,49,51
Politics,Classified,4,2024-05-06,2,41,43
Politics,Classified,5,2024-05-06,2,29,31
Politics,Classified,1,2024-05-13,3,75,78
Politics,Classified,2,2024-05-13,3,60,63
Politics,Classified,3,2024-05-13,2,44,46
Politics,Classified,4,2024-05-13,2,32,34
Politics,Classified,5,2024-05-13,2,25,27
Politics,Classified,1,2024-05-20,14,113,127
Politics,Classified,2,2024-05-20,11,84,95
Politics,Classified,3,2024-05-20,7,61,68
Politics,Classified,4,2024-05-20,3,46,49
Politics,Classified,5,2024-05-20,3,31,34
Politics,Classified,1,2024-05-27,3,78,81
Politics,Classified,2,2024-05-27,3,59,62
Politics,Classified,3,2024-05-27,2,46,48
Politics,Classified,4,2024-05-27,1,35,36
Politics,Classified,5,2024-05-27,0,25,25
Politics,Classified,1,2024-06-03,4,89,93
Politics,Classified,2,2024-06-03,3,71,74
Politics,Classified,3,2024-06-03,3,55,58
Politics,Classified,4,2024-06-03,3,36,39
Politics,Classified,5,2024-06-03,3,26,29
Politics,Classified,1,2024-06-10,5,59,64
Politics,Classified,2,2024-06-10,4,44,48
Politics,Classified,3,2024-06-10,4,38,42
Politics,Classified,4,2024-06-10,2,30,32
Politics,Classified,5,2024-06-10,2,22,24
Politics,Classified,1,2024-06-17,3,83,86
Politics,Classified,2,2024-06-17,3,60,63
Politics,Classified,3,2024-06-17,2,50,52
Politics,Classified,4,2024-06-17,2,36,38
Politics,Classified,5,2024-06-17,1,30,31
Politics,Classified,1,2024-06-24,4,79,83
Politics,Classified,2,2024-06-24,3,58,61
Politics,Classified,3,2024-06-24,2,44,46
Politics,Classified,4,2024-06-24,2,26,28
Politics,Classified,5,2024-06-24,2,22,24
Politics,Classified,1,2024-07-01,5,141,146
Politics,Classified,2,2024-07-01,2,95,97
Politics,Classified,3,2024-07-01,1,73,74
Politics,Classified,4,2024-07-01,1,47,48
Politics,Classified,5,2024-07-01,1,37,38
Politics,Classified,1,2024-07-08,2,96,98
Politics,Classified,2,2024-07-08,0,79,79
Politics,Classified,3,2024-07-08,0,60,60
Politics,Classified,4,2024-07-08,0,41,41
Politics,Classified,5,2024-07-08,0,28,28
Politics,Classified,1,2024-07-15,4,78,82
Politics,Classified,2,2024-07-15,4,59,63
Politics,Classified,3,2024-07-15,1,48,49
Politics,Classified,4,2024-07-15,1,38,39
Politics,Classified,5,2024-07-15,1,29,30
Politics,Classified,1,2024-07-22,5,69,74
Politics,Classified,2,2024-07-22,4,49,53
Politics,Classified,3,2024-07-22,2,33,35
Politics,Classified,4,2024-07-22,2,22,24
Politics,Classified,5,2024-07-22,1,16,17
Politics,Classified,1,2024-07-29,6,142,148
Politics,Classified,2,2024-07-29,5,100,105
Politics,Classified,3,2024-07-29,3,78,81
Politics,Classified,4,2024-07-29,1,60,61
Politics,Classified,5,2024-07-29,1,48,49
Politics,Classified,1,2024-08-05,15,232,247
Politics,Classified,2,2024-08-05,14,158,172
Politics,Classified,3,2024-08-05,7,123,130
Politics,Classified,4,2024-08-05,6,92,98
Politics,Classified,5,2024-08-05,6,75,81
Politics,Classified,1,2024-08-12,7,96,103
Politics,Classified,2,2024-08-12,4,82,86
Politics,Classified,3,2024-08-12,3,66,69
Politics,Classified,4,2024-08-12,2,51,53
Politics,Classified,5,2024-08-12,1,48,49
Politics,Classified,1,2024-08-19,5,72,77
Politics,Classified,2,2024-08-19,4,60,64
Politics,Classified,3,2024-08-19,1,46,47
Politics,Classified,4,2024-08-19,0,30,30
Politics,Classified,5,2024-08-19,0,23,23
Politics,Classified,1,2024-08-26,4,95,99
Politics,Classified,2,2024-08-26,4,71,75
Politics,Classified,3,2024-08-26,3,55,58
Politics,Classified,4,2024-08-26,3,41,44
Politics,Classified,5,2024-08-26,2,31,33
Politics,Classified,1,2024-09-02,2,76,78
Politics,Classified,2,2024-09-02,2,57,59
Politics,Classified,3,2024-09-02,2,42,44
Politics,Classified,4,2024-09-02,2,38,40
Politics,Classified,5,2024-09-02,1,23,24
Politics,Classified,1,2024-09-09,4,65,69
Politics,Classified,2,2024-09-09,3,51,54
Politics,Classified,3,2024-09-09,2,39,41
Politics,Classified,4,2024-09-09,1,25,26
Politics,Classified,5,2024-09-09,1,22,23
Politics,Classified,1,2024-09-16,2,80,82
Politics,Classified,2,2024-09-16,0,67,67
Politics,Classified,3,2024-09-16,0,43,43
Politics,Classified,4,2024-09-16,0,33,33
Politics,Classified,5,2024-09-16,0,25,25
Politics,Classified,1,2024-09-23,3,46,49
Politics,Classified,2,2024-09-23,3,37,40
Politics,Classified,3,2024-09-23,1,23,24
Politics,Classified,4,2024-09-23,0,14,14
Politics,Classified,5,2024-09-23,0,12,12
Politics,Classified,1,2024-09-30,3,67,70
Politics,Classified,2,2024-09-30,2,54,56
Politics,Classified,3,2024-09-30,2,36,38
Politics,Classified,4,2024-09-30,1,24,25
Politics,Classified,5,2024-09-30,1,18,19
Politics,Classified,1,2024-10-07,0,52,52
Politics,Classified,2,2024-10-07,0,42,42
Politics,Classified,3,2024-10-07,0,33,33
Politics,Classified,4,2024-10-07,0,26,26
Politics,Classified,5,2024-10-07,0,20,20
Politics,Classified,1,2024-10-14,4,137,141
Politics,Classified,2,2024-10-14,3,102,105
Politics,Classified,3,2024-10-14,2,79,81
Politics,Classified,4,2024-10-14,1,57,58
Politics,Classified,5,2024-10-14,1,34,35
Politics,Classified,1,2024-10-21,4,69,73
Politics,Classified,2,2024-10-21,3,48,51
Politics,Classified,3,2024-10-21,1,32,33
Politics,Classified,4,2024-10-21,0,24,24
Politics,Classified,5,2024-10-21,0,21,21
Politics,Classified,1,2024-10-28,5,56,61
Politics,Classified,2,2024-10-28,4,45,49
Politics,Classified,3,2024-10-28,2,33,35
Politics,Classified,4,2024-10-28,0,24,24
Politics,Classified,5,2024-10-28,0,12,12
Politics,Classified,1,2024-11-04,1,56,57
Politics,Classified,2,2024-11-04,0,47,47
Politics,Classified,3,2024-11-04,0,39,39
Politics,Classified,4,2024-11-04,0,27,27
Politics,Classified,5,2024-11-04,0,20,20
Politics,Classified,1,2024-11-11,3,142,145
Politics,Classified,2,2024-11-11,3,117,120
Politics,Classified,3,2024-11-11,1,77,78
Politics,Classified,4,2024-11-11,1,53,54
Politics,Classified,5,2024-11-11,1,41,42
Politics,Classified,1,2024-11-18,2,125,127
Politics,Classified,2,2024-11-18,1,94,95
Politics,Classified,3,2024-11-18,0,75,75
Politics,Classified,4,2024-11-18,0,51,51
Politics,Classified,5,2024-11-18,0,39,39
Politics,Classified,1,2024-11-25,10,274,284
Politics,Classified,2,2024-11-25,7,198,205
Politics,Classified,3,2024-11-25,3,155,158
Politics,Classified,4,2024-11-25,3,110,113
Politics,Classified,5,2024-11-25,1,79,80
Politics,Classified,1,2024-12-02,3,62,65
Politics,Classified,2,2024-12-02,3,47,50
Politics,Classified,3,2024-12-02,3,29,32
Politics,Classified,4,2024-12-02,2,23,25
Politics,Classified,5,2024-12-02,0,17,17
Politics,Classified,1,2024-12-09,5,126,131
Politics,Classified,2,2024-12-09,4,99,103
Politics,Classified,3,2024-12-09,3,81,84
Politics,Classified,4,2024-12-09,3,55,58
Politics,Classified,5,2024-12-09,2,41,43
Politics,Classified,1,2024-12-16,10,199,209
Politics,Classified,2,2024-12-16,7,153,160
Politics,Classified,3,2024-12-16,5,115,120
Politics,Classified,4,2024-12-16,3,85,88
Politics,Classified,5,2024-12-16,2,55,57
Politics,Classified,1,2024-12-23,5,93,98
Politics,Classified,2,2024-12-23,5,66,71
Politics,Classified,3,2024-12-23,4,51,55
Politics,Classified,4,2024-12-23,3,38,41
Politics,Classified,5,2024-12-23,3,29,32
Politics,Classified,1,2024-12-30,3,97,100
Politics,Classified,2,2024-12-30,2,69,71
Politics,Classified,3,2024-12-30,1,62,63
Politics,Classified,4,2024-12-30,1,41,42
Politics,Classified,5,2024-12-30,0,36,36
Politics,Classified,1,2025-01-06,4,190,194
Politics,Classified,2,2025-01-06,3,149,152
Politics,Classified,3,2025-01-06,2,128,130
Politics,Classified,4,2025-01-06,1,96,97
Politics,Classified,5,2025-01-06,0,76,76
Politics,Classified,1,2025-01-13,10,606,616
Politics,Classified,2,2025-01-13,6,513,519
Politics,Classified,3,2025-01-13,3,421,424
Politics,Classified,4,2025-01-13,3,310,313
Politics,Classified,5,2025-01-13,2,238,240
Politics,Classified,1,2025-01-20,4,186,190
Politics,Classified,2,2025-01-20,1,145,146
Politics,Classified,3,2025-01-20,1,109,110
Politics,Classified,4,2025-01-20,1,86,87
Politics,Classified,5,2025-01-20,1,62,63
Politics,Classified,1,2025-01-27,2,141,143
Politics,Classified,2,2025-01-27,2,116,118
Politics,Classified,3,2025-01-27,1,99,100
Politics,Classified,4,2025-01-27,1,79,80
Politics,Classified,5,2025-01-27,1,65,66
Politics,Classified,1,2025-02-03,4,267,271
Politics,Classified,2,2025-02-03,2,211,213
Politics,Classified,3,2025-02-03,1,170,171
Politics,Classified,4,2025-02-03,0,118,118
Politics,Classified,5,2025-02-03,0,86,86
Politics,Classified,1,2025-02-10,1,159,160
Politics,Classified,2,2025-02-10,0,130,130
Politics,Classified,3,2025-02-10,0,94,94
Politics,Classified,4,2025-02-10,0,67,67
Politics,Classified,5,2025-02-10,0,43,43
Politics,Classified,1,2025-02-17,8,393,401
Politics,Classified,2,2025-02-17,5,313,318
Politics,Classified,3,2025-02-17,5,247,252
Politics,Classified,4,2025-02-17,4,185,189
Politics,Classified,5,2025-02-17,2,130,132
Politics,Classified,1,2025-02-24,10,154,164
Politics,Classified,2,2025-02-24,6,118,124
Politics,Classified,3,2025-02-24,5,92,97
Politics,Classified,4,2025-02-24,3,64,67
Politics,Classified,5,2025-02-24,3,44,47
Politics,Classified,1,2025-03-03,5,129,134
Politics,Classified,2,2025-03-03,3,100,103
Politics,Classified,3,2025-03-03,3,79,82
Politics,Classified,4,2025-03-03,1,57,58
Politics,Classified,5,2025-03-03,1,39,40
Politics,Classified,1,2025-03-10,3,145,148
Politics,Classified,2,2025-03-10,3,108,111
Politics,Classified,3,2025-03-10,2,95,97
Politics,Classified,4,2025-03-10,2,69,71
Politics,Classified,5,2025-03-10,2,54,56
Politics,Classified,1,2025-03-17,11,193,204
Politics,Classified,2,2025-03-17,5,151,156
Politics,Classified,3,2025-03-17,5,116,121
Politics,Classified,4,2025-03-17,4,93,97
Politics,Classified,5,2025-03-17,3,67,70
Politics,Classified,1,2025-03-24,10,116,126
Politics,Classified,2,2025-03-24,8,86,94
Politics,Classified,3,2025-03-24,7,56,63
Politics,Classified,4,2025-03-24,5,39,44
Politics,Classified,5,2025-03-24,3,26,29
Politics,Classified,1,2025-03-31,10,115,125
Politics,Classified,2,2025-03-31,5,75,80
Politics,Classified,3,2025-03-31,5,54,59
Politics,Classified,4,2025-03-31,5,32,37
Politics,Classified,5,2025-03-31,4,21,25
Politics,Classified,1,2025-04-07,7,215,222
Politics,Classified,2,2025-04-07,5,167,172
Politics,Classified,3,2025-04-07,3,120,123
Politics,Classified,4,2025-04-07,2,102,104
Politics,Classified,5,2025-04-07,0,77,77
Politics,Classified,1,2025-04-14,6,129,135
Politics,Classified,2,2025-04-14,3,97,100
Politics,Classified,3,2025-04-14,1,75,76
Politics,Classified,4,2025-04-14,0,47,47
Politics,Classified,5,2025-04-14,0,36,36
Politics,Classified,1,2025-04-21,5,100,105
Politics,Classified,2,2025-04-21,3,80,83
Politics,Classified,3,2025-04-21,3,67,70
Politics,Classified,4,2025-04-21,3,48,51
Politics,Classified,5,2025-04-21,1,37,38
Politics,Classified,1,2025-04-28,6,404,410
Politics,Classified,2,2025-04-28,4,328,332
Politics,Classified,3,2025-04-28,3,258,261
Politics,Classified,4,2025-04-28,3,197,200
Politics,Classified,5,2025-04-28,2,140,142
Politics,Classified,1,2025-05-05,3,128,131
Politics,Classified,2,2025-05-05,3,95,98
Politics,Classified,3,2025-05-05,2,70,72
Politics,Classified,4,2025-05-05,2,54,56
Politics,Classified,5,2025-05-05,2,35,37
Politics,Classified,1,2025-05-12,3,139,142
Politics,Classified,2,2025-05-12,1,109,110
Politics,Classified,3,2025-05-12,1,95,96
Politics,Classified,4,2025-05-12,1,68,69
Politics,Classified,5,2025-05-12,1,45,46
Politics,Classified,1,2025-05-19,4,92,96
Politics,Classified,2,2025-05-19,3,77,80
Politics,Classified,3,2025-05-19,3,61,64
Politics,Classified,4,2025-05-19,2,41,43
Politics,Classified,5,2025-05-19,1,33,34
Politics,Classified,1,2025-05-26,8,98,106
Politics,Classified,2,2025-05-26,7,78,85
Politics,Classified,3,2025-05-26,4,62,66
Politics,Classified,4,2025-05-26,3,50,53
Politics,Classified,5,2025-05-26,1,37,38
Politics,Classified,1,2025-06-02,0,130,130
Politics,Classified,2,2025-06-02,0,107,107
Politics,Classified,3,2025-06-02,0,90,90
Politics,Classified,4,2025-06-02,0,76,76
Politics,Classified,5,2025-06-02,0,61,61
Politics,Classified,1,2025-06-09,4,73,77
Politics,Classified,2,2025-06-09,0,52,52
Politics,Classified,3,2025-06-09,0,28,28
Politics,Classified,4,2025-06-09,0,24,24
Politics,Classified,5,2025-06-09,0,18,18
Politics,Classified,1,2025-06-16,2,196,198
Politics,Classified,2,2025-06-16,1,147,148
Politics,Classified,3,2025-06-16,0,121,121
Politics,Classified,4,2025-06-16,0,85,85
Politics,Classified,5,2025-06-16,0,76,76
Politics,Classified,1,2025-06-23,4,328,332
Politics,Classified,2,2025-06-23,2,231,233
Politics,Classified,3,2025-06-23,1,170,171
Politics,Classified,4,2025-06-23,1,117,118
Politics,Classified,5,2025-06-23,1,75,76
Politics,Classified,1,2025-06-30,7,210,217
Politics,Classified,2,2025-06-30,2,163,165
Politics,Classified,3,2025-06-30,2,137,139
Politics,Classified,4,2025-06-30,2,92,94
Politics,Classified,5,2025-06-30,2,63,65
Politics,Classified,1,2025-07-07,11,175,186
Politics,Classified,2,2025-07-07,7,139,146
Politics,Classified,3,2025-07-07,4,100,104
Politics,Classified,4,2025-07-07,4,62,66
Politics,Classified,5,2025-07-07,1,46,47
Politics,Classified,1,2025-07-14,21,899,920
Politics,Classified,2,2025-07-14,14,685,699
Politics,Classified,3,2025-07-14,13,517,530
Politics,Classified,4,2025-07-14,11,390,401
Politics,Classified,5,2025-07-14,9,273,282
Politics,Classified,1,2025-07-21,164,3713,3877
Politics,Classified,2,2025-07-21,111,2854,2965
Politics,Classified,3,2025-07-21,75,2174,2249
Politics,Classified,4,2025-07-21,56,1543,1599
Politics,Classified,5,2025-07-21,44,1126,1170
Politics,Classified,1,2025-07-28,288,6185,6473
Politics,Classified,2,2025-07-28,190,4817,5007
Politics,Classified,3,2025-07-28,141,3596,3737
Politics,Classified,4,2025-07-28,80,2420,2500
Politics,Classified,5,2025-07-28,64,1753,1817
Politics,Classified,1,2025-08-04,78,1535,1613
Politics,Classified,2,2025-08-04,49,1222,1271
Politics,Classified,3,2025-08-04,37,905,942
Politics,Classified,4,2025-08-04,23,607,630
Politics,Classified,5,2025-08-04,18,437,455
Politics,Classified,1,2025-08-11,43,1177,1220
Politics,Classified,2,2025-08-11,28,936,964
Politics,Classified,3,2025-08-11,20,715,735
Politics,Classified,4,2025-08-11,8,493,501
Politics,Classified,5,2025-08-11,7,364,371
Politics,Classified,1,2025-08-18,54,1486,1540
Politics,Classified,2,2025-08-18,41,1156,1197
Politics,Classified,3,2025-08-18,31,868,899
Politics,Classified,4,2025-08-18,18,597,615
Politics,Classified,5,2025-08-18,10,463,473
Politics,Classified,1,2025-08-25,18,720,738
Politics,Classified,2,2025-08-25,14,565,579
Politics,Classified,3,2025-08-25,10,438,448
Politics,Classified,4,2025-08-25,3,328,331
Politics,Classified,5,2025-08-25,2,242,244
Politics,Classified,1,2025-09-01,21,520,541
Politics,Classified,2,2025-09-01,13,422,435
Politics,Classified,3,2025-09-01,10,306,316
Politics,Classified,4,2025-09-01,6,210,216
Politics,Classified,5,2025-09-01,4,158,162
Politics,Classified,1,2025-09-08,13,388,401
Politics,Classified,2,2025-09-08,9,314,323
Politics,Classified,3,2025-09-08,8,235,243
Politics,Classified,4,2025-09-08,5,170,175
Politics,Classified,5,2025-09-08,5,132,137
Politics,Classified,1,2025-09-15,2,319,321
Politics,Classified,2,2025-09-15,2,250,252
Politics,Classified,3,2025-09-15,1,193,194
Politics,Classified,4,2025-09-15,1,132,133
Politics,Classified,5,2025-09-15,1,101,102
Politics,Classified,1,2025-09-22,8,868,876
Politics,Classified,2,2025-09-22,5,670,675
Politics,Classified,3,2025-09-22,4,524,528
Politics,Classified,4,2025-09-22,1,368,369
Politics,Classified,5,2025-09-22,1,260,261
Politics,Classified,1,2025-09-29,22,932,954
Politics,Classified,2,2025-09-29,13,676,689
Politics,Classified,3,2025-09-29,9,496,505
Politics,Classified,4,2025-09-29,7,344,351
Politics,Classified,5,2025-09-29,6,240,246
Politics,Classified,1,2025-10-06,20,661,681
Politics,Classified,2,2025-10-06,17,503,520
Politics,Classified,3,2025-10-06,10,356,366
Politics,Classified,4,2025-10-06,7,269,276
Politics,Classified,5,2025-10-06,6,198,204
Politics,Classified,1,2025-10-13,13,430,443
Politics,Classified,2,2025-10-13,10,332,342
Politics,Classified,3,2025-10-13,6,212,218
Politics,Classified,4,2025-10-13,5,156,161
Politics,Classified,5,2025-10-13,3,103,106
Politics,Classified,1,2025-10-20,9,352,361
Politics,Classified,2,2025-10-20,5,270,275
Politics,Classified,3,2025-10-20,3,194,197
Politics,Classified,4,2025-10-20,3,145,148
Politics,Classified,5,2025-10-20,2,104,106
