doc_id,subreddit,relevant,relevant_strict
0,censorship,0,0
1,censorship,0,0
2,censorship,0,0
3,censorship,1,0
4,censorship,0,0
5,censorship,0,0
6,censorship,0,0
7,censorship,0,0
8,censorship,1,1
9,censorship,1,0
10,censorship,0,0
11,censorship,1,0
12,censorship,1,0
13,censorship,1,0
14,censorship,0,0
15,censorship,1,1
16,censorship,0,0
17,censorship,0,0
18,censorship,0,0
19,censorship,0,0
20,censorship,1,0
21,censorship,1,0
22,censorship,0,0
23,censorship,0,0
24,censorship,0,0
25,censorship,0,0
26,censorship,0,0
27,censorship,0,0
28,censorship,1,0
29,censorship,1,0
30,censorship,1,1
31,censorship,0,0
32,censorship,0,0
33,censorship,1,1
34,censorship,1,0
35,censorship,0,0
36,censorship,0,0
37,censorship,0,0
38,censorship,0,0
39,censorship,0,0
40,censorship,0,0
41,censorship,0,0
42,censorship,1,0
43,censorship,1,0
44,censorship,1,0
45,censorship,0,0
46,censorship,0,0
47,censorship,1,0
48,censorship,1,0
49,censorship,0,0
50,censorship,1,1
51,censorship,0,0
52,censorship,0,0
53,censorship,1,1
54,censorship,0,0
55,censorship,0,0
56,censorship,0,0
57,censorship,1,1
58,censorship,0,0
59,censorship,1,1
60,censorship,0,0
61,censorship,0,0
62,censorship,0,0
63,censorship,1,0
64,censorship,0,0
65,censorship,1,1
66,censorship,0,0
67,censorship,1,0
68,censorship,0,0
69,censorship,0,0
70,censorship,0,0
71,censorship,1,0
72,censorship,0,0
73,censorship,0,0
74,censorship,0,0
75,censorship,0,0
76,censorship,0,0
77,censorship,0,0
78,censorship,0,0
79,censorship,0,0
80,censorship,0,0
81,censorship,0,0
82,censorship,1,0
83,censorship,1,0
84,censorship,0,0
85,censorship,1,0
86,censorship,0,0
87,censorship,0,0
88,censorship,0,0
89,censorship,0,0
90,censorship,1,0
91,censorship,0,0
92,censorship,1,0
93,censorship,0,0
94,censorship,0,0
95,censorship,0,0
96,censorship,0,0
97,censorship,0,0
98,censorship,0,0
99,censorship,0,0
100,censorship,0,0
101,censorship,1,1
102,censorship,0,0
103,censorship,0,0
104,censorship,0,0
105,censorship,1,1
106,censorship,0,0
107,censorship,0,0
108,censorship,0,0
109,censorship,0,0
110,censorship,1,1
111,censorship,0,0
112,censorship,1,1
113,censorship,1,1
114,censorship,1,1
115,censorship,1,1
116,censorship,0,0
117,censorship,1,1
118,censorship,0,0
119,censorship,0,0
120,censorship,0,0
121,censorship,0,0
122,censorship,1,1
123,censorship,0,0
124,censorship,1,1
125,censorship,0,0
126,censorship,1,1
127,censorship,1,1
128,censorship,0,0
129,censorship,1,1
130,censorship,0,0
131,censorship,1,1
132,censorship,0,0
133,censorship,1,0
134,censorship,1,1
135,censorship,1,1
136,censorship,0,0
137,censorship,0,0
138,censorship,0,0
139,censorship,1,1
140,censorship,1,1
141,censorship,0,0
142,censorship,1,1
143,censorship,0,0
144,censorship,1,0
145,censorship,1,0
146,censorship,0,0
147,censorship,0,0
148,censorship,1,1
149,censorship,0,0
150,censorship,0,0
151,censorship,1,1
152,censorship,1,1
153,censorship,0,0
154,censorship,1,1
155,censorship,1,1
156,censorship,1,1
157,censorship,0,0
158,censorship,1,0
159,censorship,1,0
160,MullvadVPN,0,0
161,MullvadVPN,1,1
162,MullvadVPN,0,0
163,MullvadVPN,0,0
164,MullvadVPN,0,0
165,MullvadVPN,1,1
166,MullvadVPN,0,0
167,MullvadVPN,0,0
168,MullvadVPN,1,1
169,MullvadVPN,0,0
170,MullvadVPN,0,0
171,MullvadVPN,0,0
172,MullvadVPN,0,0
173,MullvadVPN,0,0
174,MullvadVPN,0,0
175,MullvadVPN,0,0
176,MullvadVPN,1,0
177,MullvadVPN,0,0
178,MullvadVPN,1,0
179,MullvadVPN,0,0
180,MullvadVPN,0,0
181,MullvadVPN,0,0
182,MullvadVPN,0,0
183,MullvadVPN,0,0
184,MullvadVPN,0,0
185,MullvadVPN,1,0
186,MullvadVPN,0,0
187,MullvadVPN,0,0
188,MullvadVPN,0,0
189,MullvadVPN,1,1
190,MullvadVPN,1,1
191,MullvadVPN,0,0
192,MullvadVPN,0,0
193,MullvadVPN,0,0
194,MullvadVPN,0,0
195,MullvadVPN,0,0
196,MullvadVPN,1,1
197,MullvadVPN,0,0
198,MullvadVPN,0,0
199,MullvadVPN,0,0
200,MullvadVPN,0,0
201,MullvadVPN,0,0
202,MullvadVPN,0,0
203,MullvadVPN,0,0
204,MullvadVPN,0,0
205,MullvadVPN,1,0
206,MullvadVPN,1,0
207,MullvadVPN,0,0
208,MullvadVPN,0,0
209,MullvadVPN,0,0
210,MullvadVPN,0,0
211,MullvadVPN,0,0
212,MullvadVPN,0,0
213,MullvadVPN,0,0
214,MullvadVPN,1,0
215,MullvadVPN,1,0
216,MullvadVPN,1,0
217,MullvadVPN,0,0
218,MullvadVPN,1,0
219,MullvadVPN,0,0
220,MullvadVPN,0,0
221,MullvadVPN,0,0
222,MullvadVPN,1,1
223,MullvadVPN,0,0
224,MullvadVPN,0,0
225,MullvadVPN,0,0
226,MullvadVPN,1,1
227,MullvadVPN,1,0
228,MullvadVPN,1,0
229,MullvadVPN,1,0
230,MullvadVPN,0,0
231,MullvadVPN,0,0
232,MullvadVPN,0,0
233,MullvadVPN,0,0
234,MullvadVPN,0,0
235,MullvadVPN,0,0
236,MullvadVPN,0,0
237,MullvadVPN,1,1
238,MullvadVPN,1,0
239,MullvadVPN,0,0
240,MullvadVPN,0,0
241,MullvadVPN,1,0
242,MullvadVPN,0,0
243,MullvadVPN,0,0
244,MullvadVPN,1,0
245,MullvadVPN,0,0
246,MullvadVPN,1,0
247,MullvadVPN,0,0
248,MullvadVPN,0,0
249,MullvadVPN,1,0
250,MullvadVPN,0,0
251,MullvadVPN,0,0
252,MullvadVPN,0,0
253,MullvadVPN,1,1
254,MullvadVPN,0,0
255,MullvadVPN,0,0
256,MullvadVPN,0,0
257,MullvadVPN,0,0
258,MullvadVPN,0,0
259,MullvadVPN,0,0
260,MullvadVPN,0,0
261,MullvadVPN,1,0
262,MullvadVPN,0,0
263,MullvadVPN,1,1
264,MullvadVPN,0,0
265,MullvadVPN,0,0
266,MullvadVPN,0,0
267,MullvadVPN,0,0
268,MullvadVPN,1,1
269,MullvadVPN,1,0
270,MullvadVPN,0,0
271,MullvadVPN,0,0
272,MullvadVPN,0,0
273,MullvadVPN,0,0
274,MullvadVPN,1,1
275,MullvadVPN,0,0
276,MullvadVPN,0,0
277,MullvadVPN,1,0
278,MullvadVPN,0,0
279,MullvadVPN,0,0
280,MullvadVPN,0,0
281,MullvadVPN,1,0
282,MullvadVPN,0,0
283,MullvadVPN,1,0
284,MullvadVPN,0,0
285,MullvadVPN,1,0
286,MullvadVPN,0,0
287,MullvadVPN,1,1
288,MullvadVPN,0,0
289,MullvadVPN,0,0
290,MullvadVPN,0,0
291,MullvadVPN,0,0
292,MullvadVPN,1,0
293,MullvadVPN,0,0
294,MullvadVPN,0,0
295,MullvadVPN,0,0
296,MullvadVPN,1,0
297,MullvadVPN,1,1
298,MullvadVPN,1,1
299,MullvadVPN,0,0
300,MullvadVPN,1,1
301,MullvadVPN,0,0
302,MullvadVPN,0,0
303,MullvadVPN,0,0
304,MullvadVPN,0,0
305,MullvadVPN,0,0
306,MullvadVPN,1,1
307,MullvadVPN,1,1
308,MullvadVPN,0,0
309,MullvadVPN,1,1
310,MullvadVPN,1,1
311,MullvadVPN,1,1
312,MullvadVPN,1,0
313,MullvadVPN,1,1
314,MullvadVPN,0,0
315,MullvadVPN,1,1
316,MullvadVPN,1,1
317,MullvadVPN,0,0
318,MullvadVPN,0,0
319,MullvadVPN,1,1
320,MullvadVPN,1,0
321,MullvadVPN,1,0
322,MullvadVPN,1,0
323,MullvadVPN,1,1
324,MullvadVPN,0,0
325,MullvadVPN,1,1
326,MullvadVPN,1,0
327,MullvadVPN,0,0
328,MullvadVPN,0,0
329,MullvadVPN,0,0
330,MullvadVPN,1,0
331,MullvadVPN,1,1
332,MullvadVPN,1,1
333,MullvadVPN,1,1
334,MullvadVPN,1,1
335,MullvadVPN,1,1
336,MullvadVPN,1,1
337,MullvadVPN,1,0
338,MullvadVPN,1,1
339,MullvadVPN,0,0
340,MullvadVPN,0,0
341,MullvadVPN,1,0
342,MullvadVPN,1,0
343,MullvadVPN,0,0
344,MullvadVPN,1,1
345,MullvadVPN,0,0
346,MullvadVPN,0,0
347,MullvadVPN,1,1
348,MullvadVPN,0,0
349,MullvadVPN,1,1
350,MullvadVPN,1,0
351,MullvadVPN,1,1
352,MullvadVPN,1,0
353,MullvadVPN,1,1
354,MullvadVPN,1,1
355,MullvadVPN,1,1
356,MullvadVPN,1,1
357,MullvadVPN,0,0
358,MullvadVPN,1,1
359,MullvadVPN,0,0
360,MullvadVPN,1,1
361,MullvadVPN,0,0
362,MullvadVPN,1,1
363,MullvadVPN,1,1
364,MullvadVPN,1,1
365,MullvadVPN,0,0
366,MullvadVPN,0,0
367,MullvadVPN,0,0
368,MullvadVPN,0,0
369,MullvadVPN,0,0
370,MullvadVPN,1,1
371,MullvadVPN,1,1
372,MullvadVPN,1,1
373,MullvadVPN,1,1
374,MullvadVPN,1,1
375,MullvadVPN,1,1
376,MullvadVPN,1,1
377,MullvadVPN,1,1
378,MullvadVPN,1,1
379,MullvadVPN,0,0
380,MullvadVPN,0,0
381,MullvadVPN,1,1
382,MullvadVPN,1,1
383,nordvpn,0,0
384,nordvpn,1,0
385,nordvpn,0,0
386,nordvpn,1,0
387,nordvpn,0,0
388,nordvpn,0,0
389,nordvpn,0,0
390,nordvpn,0,0
391,nordvpn,0,0
392,nordvpn,0,0
393,nordvpn,0,0
394,nordvpn,0,0
395,nordvpn,0,0
396,nordvpn,0,0
397,nordvpn,0,0
398,nordvpn,0,0
399,nordvpn,0,0
400,nordvpn,0,0
401,nordvpn,1,0
402,nordvpn,0,0
403,nordvpn,1,1
404,nordvpn,0,0
405,nordvpn,0,0
406,nordvpn,0,0
407,nordvpn,0,0
408,nordvpn,0,0
409,nordvpn,1,0
410,nordvpn,1,1
411,nordvpn,0,0
412,nordvpn,0,0
413,nordvpn,0,0
414,nordvpn,1,0
415,nordvpn,1,0
416,nordvpn,1,0
417,nordvpn,0,0
418,nordvpn,0,0
419,nordvpn,0,0
420,nordvpn,0,0
421,nordvpn,0,0
422,nordvpn,0,0
423,nordvpn,0,0
424,nordvpn,1,1
425,nordvpn,0,0
426,nordvpn,0,0
427,nordvpn,0,0
428,nordvpn,0,0
429,nordvpn,0,0
430,nordvpn,0,0
431,nordvpn,0,0
432,nordvpn,0,0
433,nordvpn,0,0
434,nordvpn,0,0
435,nordvpn,0,0
436,nordvpn,0,0
437,nordvpn,0,0
438,nordvpn,1,0
439,nordvpn,0,0
440,nordvpn,0,0
441,nordvpn,0,0
442,nordvpn,0,0
443,nordvpn,0,0
444,nordvpn,0,0
445,nordvpn,0,0
446,nordvpn,0,0
447,nordvpn,0,0
448,nordvpn,1,1
449,nordvpn,0,0
450,nordvpn,0,0
451,nordvpn,0,0
452,nordvpn,0,0
453,nordvpn,0,0
454,nordvpn,1,0
455,nordvpn,0,0
456,nordvpn,0,0
457,nordvpn,1,1
458,nordvpn,0,0
459,nordvpn,1,1
460,nordvpn,1,1
461,nordvpn,0,0
462,nordvpn,0,0
463,nordvpn,0,0
464,nordvpn,0,0
465,nordvpn,0,0
466,nordvpn,1,1
467,nordvpn,1,1
468,nordvpn,0,0
469,nordvpn,0,0
470,nordvpn,1,1
471,nordvpn,1,1
472,nordvpn,1,1
473,nordvpn,1,1
474,nordvpn,1,1
475,nordvpn,1,1
476,nordvpn,0,0
477,nordvpn,1,1
478,nordvpn,1,1
479,nordvpn,0,0
480,nordvpn,0,0
481,nordvpn,1,1
482,nordvpn,0,0
483,nordvpn,1,1
484,nordvpn,1,1
485,nordvpn,1,1
486,nordvpn,1,1
487,nordvpn,0,0
488,nordvpn,1,1
489,nordvpn,0,0
490,nordvpn,1,1
491,nordvpn,1,1
492,nordvpn,0,0
493,nordvpn,0,0
494,nordvpn,1,1
495,nordvpn,0,0
496,nordvpn,0,0
497,nordvpn,0,0
498,nordvpn,0,0
499,nordvpn,0,0
500,nordvpn,0,0
501,nordvpn,0,0
502,nordvpn,0,0
503,nordvpn,0,0
504,nordvpn,1,1
505,nordvpn,0,0
506,nordvpn,1,1
507,nordvpn,1,1
508,nordvpn,0,0
509,PrivacyGuides,0,0
510,PrivacyGuides,0,0
511,PrivacyGuides,0,0
512,PrivacyGuides,0,0
513,PrivacyGuides,0,0
514,PrivacyGuides,0,0
515,PrivacyGuides,0,0
516,PrivacyGuides,0,0
517,PrivacyGuides,0,0
518,PrivacyGuides,0,0
519,PrivacyGuides,1,1
520,PrivacyGuides,0,0
521,PrivacyGuides,0,0
522,PrivacyGuides,0,0
523,PrivacyGuides,0,0
524,PrivacyGuides,0,0
525,PrivacyGuides,0,0
526,PrivacyGuides,0,0
527,PrivacyGuides,0,0
528,PrivacyGuides,0,0
529,PrivacyGuides,0,0
530,PrivacyGuides,0,0
531,PrivacyGuides,0,0
532,PrivacyGuides,0,0
533,PrivacyGuides,0,0
534,PrivacyGuides,0,0
535,PrivacyGuides,0,0
536,PrivacyGuides,1,1
537,PrivacyGuides,0,0
538,PrivacyGuides,0,0
539,PrivacyGuides,0,0
540,PrivacyGuides,0,0
541,PrivacyGuides,0,0
542,PrivacyGuides,0,0
543,PrivacyGuides,0,0
544,PrivacyGuides,0,0
545,PrivacyGuides,0,0
546,PrivacyGuides,0,0
547,PrivacyGuides,0,0
548,PrivacyGuides,0,0
549,PrivacyGuides,0,0
550,PrivacyGuides,0,0
551,PrivacyGuides,0,0
552,PrivacyGuides,0,0
553,PrivacyGuides,0,0
554,PrivacyGuides,0,0
555,PrivacyGuides,0,0
556,PrivacyGuides,0,0
557,PrivacyGuides,0,0
558,PrivacyGuides,0,0
559,PrivacyGuides,0,0
560,PrivacyGuides,1,1
561,PrivacyGuides,0,0
562,PrivacyGuides,0,0
563,PrivacyGuides,0,0
564,PrivacyGuides,1,0
565,PrivacyGuides,0,0
566,PrivacyGuides,1,1
567,PrivacyGuides,0,0
568,PrivacyGuides,0,0
569,PrivacyGuides,0,0
570,PrivacyGuides,1,1
571,PrivacyGuides,0,0
572,PrivacyGuides,0,0
573,PrivacyGuides,0,0
574,PrivacyGuides,0,0
575,PrivacyGuides,0,0
576,PrivacyGuides,0,0
577,PrivacyGuides,0,0
578,PrivacyGuides,0,0
579,PrivacyGuides,1,0
580,PrivacyGuides,0,0
581,PrivacyGuides,1,0
582,PrivacyGuides,0,0
583,PrivacyGuides,1,0
584,PrivacyGuides,0,0
585,PrivacyGuides,0,0
586,PrivacyGuides,1,0
587,PrivacyGuides,1,0
588,PrivacyGuides,1,0
589,PrivacyGuides,1,1
590,PrivacyGuides,1,1
591,PrivacyGuides,1,0
592,PrivacyGuides,1,0
593,PrivacyGuides,1,0
594,PrivacyGuides,1,1
595,PrivacyGuides,1,0
596,PrivacyGuides,1,0
597,PrivacyGuides,1,0
598,PrivacyGuides,1,0
599,PrivacyGuides,1,0
600,PrivacyGuides,0,0
601,PrivacyGuides,0,0
602,PrivacyGuides,0,0
603,PrivacyGuides,0,0
604,PrivacyGuides,0,0
605,PrivacyGuides,0,0
606,PrivacyGuides,0,0
607,PrivacyGuides,0,0
608,PrivacyGuides,0,0
609,PrivacyGuides,0,0
610,PrivacyGuides,0,0
611,PrivacyGuides,0,0
612,PrivacyGuides,1,1
613,PrivacyGuides,0,0
614,PrivacyGuides,1,0
615,PrivacyGuides,0,0
616,PrivacyGuides,0,0
617,PrivacyGuides,1,0
618,PrivacyGuides,0,0
619,PrivacyGuides,0,0
620,PrivacyGuides,0,0
621,PrivacyGuides,0,0
622,PrivacyGuides,0,0
623,PrivacyGuides,0,0
624,PrivacyGuides,0,0
625,PrivacyGuides,0,0
626,PrivacyGuides,0,0
627,PrivacyGuides,0,0
628,PrivacyGuides,0,0
629,PrivacyGuides,0,0
630,PrivacyGuides,0,0
631,PrivacyGuides,0,0
632,PrivacyGuides,0,0
633,PrivacyGuides,0,0
634,PrivacyGuides,0,0
635,PrivacyGuides,0,0
636,PrivacyGuides,0,0
637,PrivacyGuides,0,0
638,PrivacyGuides,0,0
639,PrivacyGuides,0,0
640,PrivacyGuides,1,0
641,PrivacyGuides,0,0
642,PrivacyGuides,0,0
643,PrivacyGuides,0,0
644,PrivacyGuides,0,0
645,PrivacyGuides,0,0
646,PrivacyGuides,0,0
647,PrivacyGuides,0,0
648,PrivacyGuides,0,0
649,PrivacyGuides,0,0
650,PrivacyGuides,0,0
651,PrivacyGuides,0,0
652,PrivacyGuides,0,0
653,PrivacyGuides,0,0
654,PrivacyGuides,0,0
655,PrivacyGuides,1,1
656,PrivacyGuides,0,0
657,PrivacyGuides,0,0
658,PrivacyGuides,0,0
659,PrivacyGuides,0,0
660,PrivacyGuides,0,0
661,PrivacyGuides,0,0
662,PrivacyGuides,0,0
663,PrivacyGuides,0,0
664,PrivacyGuides,0,0
665,PrivacyGuides,0,0
666,PrivacyGuides,0,0
667,PrivacyGuides,0,0
668,PrivacyGuides,0,0
669,PrivacyGuides,0,0
670,PrivacyGuides,0,0
671,PrivacyGuides,0,0
672,PrivacyGuides,0,0
673,PrivacyGuides,0,0
674,PrivacyGuides,0,0
675,PrivacyGuides,0,0
676,PrivacyGuides,0,0
677,PrivacyGuides,0,0
678,PrivacyGuides,0,0
679,PrivacyGuides,0,0
680,PrivacyGuides,0,0
681,PrivacyGuides,0,0
682,PrivacyGuides,0,0
683,PrivacyGuides,0,0
684,PrivacyGuides,0,0
685,PrivacyGuides,0,0
686,PrivacyGuides,0,0
687,PrivacyGuides,0,0
688,PrivacyGuides,0,0
689,PrivacyGuides,0,0
690,PrivacyGuides,0,0
691,PrivacyGuides,0,0
692,PrivacyGuides,1,0
693,PrivacyGuides,0,0
694,PrivacyGuides,0,0
695,PrivacyGuides,0,0
696,PrivacyGuides,0,0
697,PrivacyGuides,1,0
698,PrivacyGuides,0,0
699,PrivacyGuides,0,0
700,PrivacyGuides,0,0
701,PrivacyGuides,0,0
702,PrivacyGuides,0,0
703,PrivacyGuides,1,1
704,PrivacyGuides,0,0
705,PrivacyGuides,0,0
706,PrivacyGuides,0,0
707,PrivacyGuides,0,0
708,PrivacyGuides,0,0
709,PrivacyGuides,0,0
710,PrivacyGuides,1,0
711,PrivacyGuides,0,0
712,PrivacyGuides,1,0
713,PrivacyGuides,1,0
714,PrivacyGuides,1,0
715,PrivacyGuides,0,0
716,PrivacyGuides,0,0
717,PrivacyGuides,0,0
718,PrivacyGuides,0,0
719,PrivacyGuides,0,0
720,PrivacyGuides,0,0
721,PrivacyGuides,0,0
722,PrivacyGuides,1,0
723,PrivacyGuides,0,0
724,PrivacyGuides,1,0
725,PrivacyGuides,0,0
726,PrivacyGuides,0,0
727,PrivacyGuides,0,0
728,PrivacyGuides,0,0
729,PrivacyGuides,0,0
730,PrivacyGuides,0,0
731,PrivacyGuides,0,0
732,PrivacyGuides,0,0
733,PrivacyGuides,0,0
734,PrivacyGuides,0,0
735,PrivacyGuides,0,0
736,PrivacyGuides,0,0
737,PrivacyGuides,0,0
738,PrivacyGuides,1,1
739,PrivacyGuides,0,0
740,PrivacyGuides,0,0
741,PrivacyGuides,0,0
742,PrivacyGuides,0,0
743,PrivacyGuides,0,0
744,PrivacyGuides,0,0
745,PrivacyGuides,0,0
746,PrivacyGuides,1,1
747,PrivacyGuides,1,1
748,PrivacyGuides,0,0
749,PrivacyGuides,0,0
750,PrivacyGuides,0,0
751,PrivacyGuides,0,0
752,PrivacyGuides,0,0
753,PrivacyGuides,0,0
754,PrivacyGuides,0,0
755,PrivacyGuides,0,0
756,PrivacyGuides,0,0
757,PrivacyGuides,1,1
758,PrivacyGuides,0,0
759,PrivacyGuides,0,0
760,PrivacyGuides,0,0
761,PrivacyGuides,0,0
762,PrivacyGuides,0,0
763,PrivacyGuides,0,0
764,PrivacyGuides,0,0
765,PrivacyGuides,0,0
766,PrivacyGuides,0,0
767,PrivacyGuides,0,0
768,PrivacyGuides,0,0
769,PrivacyGuides,0,0
770,PrivacyGuides,1,0
771,PrivacyGuides,0,0
772,PrivacyGuides,0,0
773,PrivacyGuides,0,0
774,PrivacyGuides,0,0
775,PrivacyGuides,0,0
776,PrivacyGuides,0,0
777,PrivacyGuides,0,0
778,PrivacyGuides,0,0
779,PrivacyGuides,0,0
780,PrivacyGuides,0,0
781,PrivacyGuides,0,0
782,PrivacyGuides,0,0
783,PrivacyGuides,0,0
784,PrivacyGuides,1,0
785,PrivacyGuides,1,0
786,PrivacyGuides,0,0
787,PrivacyGuides,1,1
788,PrivacyGuides,0,0
789,PrivacyGuides,0,0
790,PrivacyGuides,0,0
791,PrivacyGuides,1,0
792,PrivacyGuides,0,0
793,PrivacyGuides,0,0
794,PrivacyGuides,0,0
795,PrivacyGuides,0,0
796,PrivacyGuides,0,0
797,PrivacyGuides,0,0
798,PrivacyGuides,0,0
799,PrivacyGuides,0,0
800,PrivacyGuides,0,0
801,PrivacyGuides,0,0
802,PrivacyGuides,0,0
803,PrivacyGuides,0,0
804,PrivacyGuides,0,0
805,PrivacyGuides,0,0
806,PrivacyGuides,0,0
807,PrivacyGuides,0,0
808,PrivacyGuides,0,0
809,PrivacyGuides,0,0
810,PrivacyGuides,0,0
811,PrivacyGuides,0,0
812,PrivacyGuides,0,0
813,PrivacyGuides,0,0
814,PrivacyGuides,0,0
815,PrivacyGuides,0,0
816,PrivacyGuides,0,0
817,PrivacyGuides,0,0
818,PrivacyGuides,0,0
819,PrivacyGuides,0,0
820,PrivacyGuides,0,0
821,PrivacyGuides,0,0
822,PrivacyGuides,0,0
823,PrivacyGuides,0,0
824,PrivacyGuides,0,0
825,PrivacyGuides,0,0
826,PrivacyGuides,0,0
827,PrivacyGuides,1,0
828,PrivacyGuides,1,0
829,PrivacyGuides,0,0
830,PrivacyGuides,0,0
831,PrivacyGuides,0,0
832,PrivacyGuides,0,0
833,PrivacyGuides,1,0
834,PrivacyGuides,1,0
835,PrivacyGuides,0,0
836,PrivacyGuides,0,0
837,PrivacyGuides,0,0
838,PrivacyGuides,0,0
839,PrivacyGuides,0,0
840,PrivacyGuides,0,0
841,PrivacyGuides,0,0
842,PrivacyGuides,0,0
843,PrivacyGuides,0,0
844,PrivacyGuides,0,0
845,PrivacyGuides,0,0
846,PrivacyGuides,1,0
847,PrivacyGuides,1,0
848,PrivacyGuides,0,0
849,PrivacyGuides,0,0
850,PrivacyGuides,0,0
851,PrivacyGuides,0,0
852,PrivacyGuides,0,0
853,PrivacyGuides,0,0
854,PrivacyGuides,0,0
855,PrivacyGuides,0,0
856,PrivacyGuides,0,0
857,PrivacyGuides,0,0
858,PrivacyGuides,0,0
859,PrivacyGuides,0,0
860,PrivacyGuides,0,0
861,PrivacyGuides,0,0
862,PrivacyGuides,0,0
863,PrivacyGuides,0,0
864,PrivacyGuides,0,0
865,PrivacyGuides,0,0
866,PrivacyGuides,0,0
867,PrivacyGuides,0,0
868,PrivacyGuides,0,0
869,PrivacyGuides,0,0
870,PrivacyGuides,0,0
871,PrivacyGuides,0,0
872,PrivacyGuides,0,0
873,PrivacyGuides,0,0
874,PrivacyGuides,0,0
875,PrivacyGuides,0,0
876,PrivacyGuides,0,0
877,PrivacyGuides,0,0
878,PrivacyGuides,0,0
879,PrivacyGuides,0,0
880,PrivacyGuides,0,0
881,PrivacyGuides,0,0
882,PrivacyGuides,0,0
883,PrivacyGuides,0,0
884,PrivacyGuides,0,0
885,PrivacyGuides,0,0
886,PrivacyGuides,0,0
887,PrivacyGuides,0,0
888,PrivacyGuides,0,0
889,PrivacyGuides,0,0
890,PrivacyGuides,0,0
891,PrivacyGuides,0,0
892,PrivacyGuides,0,0
893,PrivacyGuides,0,0
894,PrivacyGuides,0,0
895,PrivacyGuides,0,0
896,PrivacyGuides,0,0
897,PrivacyGuides,0,0
898,PrivacyGuides,0,0
899,PrivacyGuides,0,0
900,PrivacyGuides,0,0
901,PrivacyGuides,0,0
902,PrivacyGuides,0,0
903,PrivacyGuides,0,0
904,PrivacyGuides,0,0
905,PrivacyGuides,0,0
906,PrivacyGuides,0,0
907,PrivacyGuides,1,0
908,PrivacyGuides,0,0
909,PrivacyGuides,0,0
910,PrivacyGuides,0,0
911,PrivacyGuides,0,0
912,PrivacyGuides,0,0
913,PrivacyGuides,0,0
914,PrivacyGuides,0,0
915,PrivacyGuides,1,0
916,PrivacyGuides,0,0
917,PrivacyGuides,0,0
918,PrivacyGuides,1,0
919,PrivacyGuides,1,0
920,PrivacyGuides,1,0
921,PrivacyGuides,0,0
922,PrivacyGuides,1,1
923,PrivacyGuides,0,0
924,PrivacyGuides,1,1
925,PrivacyGuides,0,0
926,PrivacyGuides,0,0
927,PrivacyGuides,0,0
928,PrivacyGuides,0,0
929,PrivacyGuides,0,0
930,PrivacyGuides,0,0
931,PrivacyGuides,0,0
932,PrivacyGuides,0,0
933,PrivacyGuides,0,0
934,PrivacyGuides,0,0
935,PrivacyGuides,0,0
936,PrivacyGuides,0,0
937,PrivacyGuides,0,0
938,PrivacyGuides,1,0
939,PrivacyGuides,0,0
940,PrivacyGuides,0,0
941,PrivacyGuides,0,0
942,PrivacyGuides,0,0
943,PrivacyGuides,0,0
944,PrivacyGuides,1,0
945,PrivacyGuides,0,0
946,PrivacyGuides,1,1
947,PrivacyGuides,0,0
948,PrivacyGuides,0,0
949,PrivacyGuides,0,0
950,PrivacyGuides,0,0
951,PrivacyGuides,0,0
952,PrivacyGuides,0,0
953,PrivacyGuides,0,0
954,PrivacyGuides,0,0
955,PrivacyGuides,0,0
956,PrivacyGuides,0,0
957,PrivacyGuides,0,0
958,PrivacyGuides,0,0
959,PrivacyGuides,0,0
960,PrivacyGuides,0,0
961,PrivacyGuides,0,0
962,PrivacyGuides,0,0
963,PrivacyGuides,0,0
964,PrivacyGuides,0,0
965,PrivacyGuides,0,0
966,PrivacyGuides,0,0
967,PrivacyGuides,0,0
968,PrivacyGuides,0,0
969,PrivacyGuides,0,0
970,PrivacyGuides,0,0
971,PrivacyGuides,1,1
972,PrivacyGuides,1,1
973,PrivacyGuides,0,0
974,PrivacyGuides,0,0
975,PrivacyGuides,0,0
976,PrivacyGuides,0,0
977,PrivacyGuides,0,0
978,PrivacyGuides,0,0
979,PrivacyGuides,0,0
980,PrivacyGuides,0,0
981,PrivacyGuides,0,0
982,PrivacyGuides,0,0
983,PrivacyGuides,0,0
984,PrivacyGuides,0,0
985,PrivacyGuides,0,0
986,PrivacyGuides,0,0
987,PrivacyGuides,0,0
988,PrivacyGuides,0,0
989,PrivacyGuides,0,0
990,PrivacyGuides,0,0
991,PrivacyGuides,0,0
992,PrivacyGuides,0,0
993,PrivacyGuides,0,0
994,PrivacyGuides,0,0
995,PrivacyGuides,0,0
996,PrivacyGuides,0,0
997,PrivacyGuides,0,0
998,PrivacyGuides,0,0
999,PrivacyGuides,0,0
1000,PrivacyGuides,0,0
1001,PrivacyGuides,0,0
1002,PrivacyGuides,0,0
1003,PrivacyGuides,0,0
1004,PrivacyGuides,1,0
1005,PrivacyGuides,0,0
1006,PrivacyGuides,0,0
1007,PrivacyGuides,1,0
1008,PrivacyGuides,0,0
1009,PrivacyGuides,0,0
1010,PrivacyGuides,1,0
1011,PrivacyGuides,0,0
1012,PrivacyGuides,0,0
1013,PrivacyGuides,0,0
1014,PrivacyGuides,0,0
1015,PrivacyGuides,0,0
1016,PrivacyGuides,0,0
1017,PrivacyGuides,0,0
1018,PrivacyGuides,1,1
1019,PrivacyGuides,0,0
1020,PrivacyGuides,0,0
1021,PrivacyGuides,0,0
1022,PrivacyGuides,1,1
1023,PrivacyGuides,0,0
1024,PrivacyGuides,0,0
1025,PrivacyGuides,0,0
1026,PrivacyGuides,0,0
1027,PrivacyGuides,0,0
1028,PrivacyGuides,0,0
1029,PrivacyGuides,0,0
1030,PrivacyGuides,0,0
1031,PrivacyGuides,0,0
1032,PrivacyGuides,0,0
1033,PrivacyGuides,0,0
1034,PrivacyGuides,0,0
1035,PrivacyGuides,1,0
1036,PrivacyGuides,0,0
1037,PrivacyGuides,1,0
1038,PrivacyGuides,0,0
1039,PrivacyGuides,1,0
1040,PrivacyGuides,0,0
1041,PrivacyGuides,1,0
1042,PrivacyGuides,0,0
1043,PrivacyGuides,0,0
1044,PrivacyGuides,0,0
1045,PrivacyGuides,0,0
1046,PrivacyGuides,0,0
1047,PrivacyGuides,0,0
1048,PrivacyGuides,1,0
1049,PrivacyGuides,1,0
1050,PrivacyGuides,0,0
1051,PrivacyGuides,0,0
1052,PrivacyGuides,0,0
1053,PrivacyGuides,1,1
1054,PrivacyGuides,0,0
1055,PrivacyGuides,0,0
1056,PrivacyGuides,0,0
1057,PrivacyGuides,0,0
1058,PrivacyGuides,1,0
1059,PrivacyGuides,0,0
1060,PrivacyGuides,0,0
1061,PrivacyGuides,0,0
1062,PrivacyGuides,1,0
1063,PrivacyGuides,0,0
1064,PrivacyGuides,0,0
1065,PrivacyGuides,0,0
1066,PrivacyGuides,0,0
1067,PrivacyGuides,0,0
1068,PrivacyGuides,0,0
1069,PrivacyGuides,0,0
1070,PrivacyGuides,0,0
1071,PrivacyGuides,0,0
1072,PrivacyGuides,0,0
1073,PrivacyGuides,0,0
1074,PrivacyGuides,1,0
1075,PrivacyGuides,0,0
1076,PrivacyGuides,0,0
1077,PrivacyGuides,0,0
1078,PrivacyGuides,0,0
1079,PrivacyGuides,0,0
1080,PrivacyGuides,0,0
1081,PrivacyGuides,1,0
1082,PrivacyGuides,0,0
1083,PrivacyGuides,0,0
1084,PrivacyGuides,0,0
1085,PrivacyGuides,0,0
1086,PrivacyGuides,0,0
1087,PrivacyGuides,0,0
1088,PrivacyGuides,1,0
1089,PrivacyGuides,0,0
1090,PrivacyGuides,0,0
1091,PrivacyGuides,0,0
1092,PrivacyGuides,0,0
1093,PrivacyGuides,0,0
1094,PrivacyGuides,0,0
1095,PrivacyGuides,0,0
1096,PrivacyGuides,0,0
1097,PrivacyGuides,0,0
1098,PrivacyGuides,0,0
1099,PrivacyGuides,1,0
1100,PrivacyGuides,0,0
1101,PrivacyGuides,0,0
1102,PrivacyGuides,0,0
1103,PrivacyGuides,0,0
1104,PrivacyGuides,0,0
1105,PrivacyGuides,0,0
1106,PrivacyGuides,0,0
1107,PrivacyGuides,0,0
1108,PrivacyGuides,0,0
1109,PrivacyGuides,0,0
1110,PrivacyGuides,0,0
1111,PrivacyGuides,0,0
1112,PrivacyGuides,0,0
1113,PrivacyGuides,0,0
1114,PrivacyGuides,0,0
1115,PrivacyGuides,0,0
1116,PrivacyGuides,0,0
1117,PrivacyGuides,0,0
1118,PrivacyGuides,0,0
1119,PrivacyGuides,0,0
1120,PrivacyGuides,0,0
1121,PrivacyGuides,0,0
1122,PrivacyGuides,0,0
1123,PrivacyGuides,0,0
1124,PrivacyGuides,0,0
1125,PrivacyGuides,0,0
1126,PrivacyGuides,0,0
1127,PrivacyGuides,0,0
1128,PrivacyGuides,0,0
1129,PrivacyGuides,0,0
1130,PrivacyGuides,0,0
1131,PrivacyGuides,0,0
1132,PrivacyGuides,0,0
1133,PrivacyGuides,1,0
1134,PrivacyGuides,1,0
1135,PrivacyGuides,0,0
1136,PrivacyGuides,1,0
1137,PrivacyGuides,1,0
1138,PrivacyGuides,0,0
1139,PrivacyGuides,0,0
1140,PrivacyGuides,0,0
1141,PrivacyGuides,0,0
1142,PrivacyGuides,1,1
1143,PrivacyGuides,0,0
1144,PrivacyGuides,0,0
1145,PrivacyGuides,0,0
1146,PrivacyGuides,0,0
1147,PrivacyGuides,0,0
1148,PrivacyGuides,0,0
1149,PrivacyGuides,0,0
1150,PrivacyGuides,0,0
1151,PrivacyGuides,0,0
1152,PrivacyGuides,1,0
1153,PrivacyGuides,1,0
1154,PrivacyGuides,0,0
1155,PrivacyGuides,1,0
1156,PrivacyGuides,0,0
1157,PrivacyGuides,1,0
1158,PrivacyGuides,0,0
1159,PrivacyGuides,0,0
1160,PrivacyGuides,0,0
1161,PrivacyGuides,1,0
1162,PrivacyGuides,1,0
1163,PrivacyGuides,0,0
1164,PrivacyGuides,0,0
1165,PrivacyGuides,0,0
1166,PrivacyGuides,0,0
1167,PrivacyGuides,1,1
1168,PrivacyGuides,0,0
1169,PrivacyGuides,1,0
1170,PrivacyGuides,0,0
1171,PrivacyGuides,0,0
1172,PrivacyGuides,0,0
1173,PrivacyGuides,0,0
1174,PrivacyGuides,0,0
1175,PrivacyGuides,0,0
1176,PrivacyGuides,0,0
1177,PrivacyGuides,0,0
1178,PrivacyGuides,0,0
1179,PrivacyGuides,0,0
1180,PrivacyGuides,0,0
1181,PrivacyGuides,0,0
1182,PrivacyGuides,0,0
1183,PrivacyGuides,0,0
1184,PrivacyGuides,0,0
1185,PrivacyGuides,0,0
1186,PrivacyGuides,0,0
1187,PrivacyGuides,0,0
1188,PrivacyGuides,0,0
1189,PrivacyGuides,0,0
1190,PrivacyGuides,0,0
1191,PrivacyGuides,0,0
1192,PrivacyGuides,0,0
1193,PrivacyGuides,1,0
1194,PrivacyGuides,0,0
1195,PrivacyGuides,1,0
1196,PrivacyGuides,0,0
1197,PrivacyGuides,0,0
1198,PrivacyGuides,0,0
1199,PrivacyGuides,0,0
1200,PrivacyGuides,0,0
1201,PrivacyGuides,1,1
1202,PrivacyGuides,0,0
1203,PrivacyGuides,1,0
1204,PrivacyGuides,0,0
1205,PrivacyGuides,0,0
1206,PrivacyGuides,0,0
1207,PrivacyGuides,1,0
1208,PrivacyGuides,0,0
1209,PrivacyGuides,0,0
1210,PrivacyGuides,0,0
1211,PrivacyGuides,0,0
1212,PrivacyGuides,0,0
1213,PrivacyGuides,1,0
1214,PrivacyGuides,0,0
1215,PrivacyGuides,0,0
1216,PrivacyGuides,0,0
1217,PrivacyGuides,0,0
1218,PrivacyGuides,0,0
1219,PrivacyGuides,0,0
1220,PrivacyGuides,1,0
1221,PrivacyGuides,0,0
1222,PrivacyGuides,0,0
1223,PrivacyGuides,0,0
1224,PrivacyGuides,0,0
1225,PrivacyGuides,0,0
1226,PrivacyGuides,0,0
1227,PrivacyGuides,0,0
1228,PrivacyGuides,0,0
1229,PrivacyGuides,1,1
1230,PrivacyGuides,0,0
1231,PrivacyGuides,0,0
1232,PrivacyGuides,0,0
1233,PrivacyGuides,0,0
1234,PrivacyGuides,1,0
1235,PrivacyGuides,1,0
1236,PrivacyGuides,1,0
1237,PrivacyGuides,0,0
1238,PrivacyGuides,0,0
1239,PrivacyGuides,0,0
1240,PrivacyGuides,0,0
1241,PrivacyGuides,1,0
1242,PrivacyGuides,0,0
1243,PrivacyGuides,1,0
1244,PrivacyGuides,0,0
1245,PrivacyGuides,0,0
1246,PrivacyGuides,0,0
1247,PrivacyGuides,0,0
1248,PrivacyGuides,0,0
1249,PrivacyGuides,1,1
1250,PrivacyGuides,0,0
1251,PrivacyGuides,0,0
1252,PrivacyGuides,0,0
1253,PrivacyGuides,0,0
1254,PrivacyGuides,0,0
1255,PrivacyGuides,0,0
1256,PrivacyGuides,0,0
1257,PrivacyGuides,0,0
1258,PrivacyGuides,1,0
1259,PrivacyGuides,1,0
1260,PrivacyGuides,0,0
1261,PrivacyGuides,0,0
1262,PrivacyGuides,1,0
1263,PrivacyGuides,1,1
1264,PrivacyGuides,0,0
1265,PrivacyGuides,0,0
1266,PrivacyGuides,0,0
1267,PrivacyGuides,0,0
1268,PrivacyGuides,0,0
1269,PrivacyGuides,0,0
1270,PrivacyGuides,0,0
1271,PrivacyGuides,0,0
1272,PrivacyGuides,1,0
1273,PrivacyGuides,0,0
1274,PrivacyGuides,0,0
1275,PrivacyGuides,0,0
1276,PrivacyGuides,0,0
1277,PrivacyGuides,1,0
1278,PrivacyGuides,0,0
1279,PrivacyGuides,0,0
1280,PrivacyGuides,0,0
1281,PrivacyGuides,0,0
1282,PrivacyGuides,0,0
1283,PrivacyGuides,0,0
1284,PrivacyGuides,1,0
1285,PrivacyGuides,0,0
1286,PrivacyGuides,0,0
1287,PrivacyGuides,0,0
1288,PrivacyGuides,0,0
1289,PrivacyGuides,0,0
1290,PrivacyGuides,0,0
1291,PrivacyGuides,0,0
1292,PrivacyGuides,0,0
1293,PrivacyGuides,0,0
1294,PrivacyGuides,0,0
1295,PrivacyGuides,0,0
1296,PrivacyGuides,0,0
1297,PrivacyGuides,0,0
1298,PrivacyGuides,0,0
1299,PrivacyGuides,0,0
1300,PrivacyGuides,0,0
1301,PrivacyGuides,0,0
1302,PrivacyGuides,0,0
1303,PrivacyGuides,0,0
1304,PrivacyGuides,0,0
1305,PrivacyGuides,0,0
1306,PrivacyGuides,1,0
1307,PrivacyGuides,1,1
1308,PrivacyGuides,1,1
1309,PrivacyGuides,0,0
1310,PrivacyGuides,1,0
1311,PrivacyGuides,0,0
1312,PrivacyGuides,0,0
1313,PrivacyGuides,0,0
1314,PrivacyGuides,0,0
1315,PrivacyGuides,0,0
1316,PrivacyGuides,0,0
1317,PrivacyGuides,0,0
1318,PrivacyGuides,0,0
1319,PrivacyGuides,0,0
1320,PrivacyGuides,1,0
1321,PrivacyGuides,1,1
1322,PrivacyGuides,0,0
1323,PrivacyGuides,0,0
1324,PrivacyGuides,0,0
1325,PrivacyGuides,0,0
1326,PrivacyGuides,0,0
1327,PrivacyGuides,1,1
1328,PrivacyGuides,0,0
1329,PrivacyGuides,0,0
1330,PrivacyGuides,1,1
1331,PrivacyGuides,1,1
1332,PrivacyGuides,0,0
1333,PrivacyGuides,0,0
1334,PrivacyGuides,0,0
1335,PrivacyGuides,0,0
1336,PrivacyGuides,0,0
1337,PrivacyGuides,1,0
1338,PrivacyGuides,1,0
1339,PrivacyGuides,1,1
1340,PrivacyGuides,1,1
1341,PrivacyGuides,0,0
1342,PrivacyGuides,0,0
1343,PrivacyGuides,0,0
1344,PrivacyGuides,0,0
1345,PrivacyGuides,0,0
1346,PrivacyGuides,0,0
1347,PrivacyGuides,1,0
1348,PrivacyGuides,1,0
1349,PrivacyGuides,1,0
1350,PrivacyGuides,0,0
1351,PrivacyGuides,0,0
1352,PrivacyGuides,0,0
1353,PrivacyGuides,0,0
1354,PrivacyGuides,1,1
1355,PrivacyGuides,0,0
1356,PrivacyGuides,0,0
1357,PrivacyGuides,0,0
1358,PrivacyGuides,0,0
1359,PrivacyGuides,0,0
1360,PrivacyGuides,0,0
1361,PrivacyGuides,0,0
1362,PrivacyGuides,0,0
1363,PrivacyGuides,0,0
1364,PrivacyGuides,0,0
1365,PrivacyGuides,0,0
1366,PrivacyGuides,0,0
1367,PrivacyGuides,0,0
1368,PrivacyGuides,0,0
1369,PrivacyGuides,0,0
1370,PrivacyGuides,0,0
1371,PrivacyGuides,0,0
1372,PrivacyGuides,0,0
1373,PrivacyGuides,0,0
1374,PrivacyGuides,0,0
1375,PrivacyGuides,0,0
1376,PrivacyGuides,0,0
1377,PrivacyGuides,0,0
1378,PrivacyGuides,0,0
1379,PrivacyGuides,0,0
1380,PrivacyGuides,0,0
1381,PrivacyGuides,1,1
1382,PrivacyGuides,0,0
1383,PrivacyGuides,0,0
1384,PrivacyGuides,0,0
1385,PrivacyGuides,0,0
1386,PrivacyGuides,0,0
1387,PrivacyGuides,0,0
1388,PrivacyGuides,0,0
1389,PrivacyGuides,0,0
1390,PrivacyGuides,0,0
1391,PrivacyGuides,0,0
1392,PrivacyGuides,0,0
1393,PrivacyGuides,0,0
1394,PrivacyGuides,0,0
1395,PrivacyGuides,0,0
1396,PrivacyGuides,0,0
1397,PrivacyGuides,0,0
1398,PrivacyGuides,0,0
1399,PrivacyGuides,0,0
1400,PrivacyGuides,0,0
1401,PrivacyGuides,0,0
1402,PrivacyGuides,0,0
1403,PrivacyGuides,0,0
1404,PrivacyGuides,0,0
1405,PrivacyGuides,0,0
1406,PrivacyGuides,0,0
1407,PrivacyGuides,0,0
1408,PrivacyGuides,0,0
1409,PrivacyGuides,0,0
1410,PrivacyGuides,0,0
1411,PrivacyGuides,0,0
1412,PrivacyGuides,0,0
1413,PrivacyGuides,0,0
1414,PrivacyGuides,0,0
1415,PrivacyGuides,0,0
1416,PrivacyGuides,0,0
1417,PrivacyGuides,0,0
1418,PrivacyGuides,0,0
1419,PrivacyGuides,0,0
1420,PrivacyGuides,0,0
1421,PrivacyGuides,0,0
1422,PrivacyGuides,0,0
1423,PrivacyGuides,0,0
1424,PrivacyGuides,0,0
1425,PrivacyGuides,0,0
1426,PrivacyGuides,0,0
1427,PrivacyGuides,0,0
1428,PrivacyGuides,0,0
1429,PrivacyGuides,0,0
1430,PrivacyGuides,0,0
1431,PrivacyGuides,0,0
1432,PrivacyGuides,1,0
1433,PrivacyGuides,1,0
1434,PrivacyGuides,0,0
1435,PrivacyGuides,0,0
1436,PrivacyGuides,1,1
1437,PrivacyGuides,1,1
1438,PrivacyGuides,1,1
1439,PrivacyGuides,0,0
1440,PrivacyGuides,0,0
1441,PrivacyGuides,0,0
1442,PrivacyGuides,0,0
1443,PrivacyGuides,0,0
1444,PrivacyGuides,1,1
1445,PrivacyGuides,0,0
1446,PrivacyGuides,1,0
1447,PrivacyGuides,1,0
1448,PrivacyGuides,0,0
1449,PrivacyGuides,1,0
1450,PrivacyGuides,0,0
1451,PrivacyGuides,0,0
1452,PrivacyGuides,0,0
1453,PrivacyGuides,0,0
1454,PrivacyGuides,0,0
1455,PrivacyGuides,0,0
1456,PrivacyGuides,0,0
1457,PrivacyGuides,0,0
1458,PrivacyGuides,0,0
1459,PrivacyGuides,0,0
1460,PrivacyGuides,0,0
1461,PrivacyGuides,0,0
1462,PrivacyGuides,0,0
1463,PrivacyGuides,0,0
1464,PrivacyGuides,0,0
1465,PrivacyGuides,0,0
1466,PrivacyGuides,0,0
1467,PrivacyGuides,0,0
1468,PrivacyGuides,0,0
1469,PrivacyGuides,0,0
1470,PrivacyGuides,0,0
1471,PrivacyGuides,0,0
1472,PrivacyGuides,0,0
1473,PrivacyGuides,0,0
1474,PrivacyGuides,0,0
1475,PrivacyGuides,0,0
1476,PrivacyGuides,0,0
1477,PrivacyGuides,0,0
1478,PrivacyGuides,0,0
1479,PrivacyGuides,0,0
1480,PrivacyGuides,0,0
1481,PrivacyGuides,0,0
1482,PrivacyGuides,0,0
1483,PrivacyGuides,0,0
1484,PrivacyGuides,0,0
1485,PrivacyGuides,0,0
1486,PrivacyGuides,0,0
1487,PrivacyGuides,0,0
1488,PrivacyGuides,0,0
1489,PrivacyGuides,0,0
1490,PrivacyGuides,0,0
1491,PrivacyGuides,0,0
1492,PrivacyGuides,0,0
1493,PrivacyGuides,0,0
1494,PrivacyGuides,0,0
1495,PrivacyGuides,0,0
1496,PrivacyGuides,0,0
1497,PrivacyGuides,0,0
1498,PrivacyGuides,0,0
1499,PrivacyGuides,0,0
1500,PrivacyGuides,0,0
1501,PrivacyGuides,0,0
1502,PrivacyGuides,0,0
1503,PrivacyGuides,0,0
1504,PrivacyGuides,0,0
1505,PrivacyGuides,0,0
1506,PrivacyGuides,0,0
1507,PrivacyGuides,0,0
1508,PrivacyGuides,0,0
1509,PrivacyGuides,0,0
1510,PrivacyGuides,1,0
1511,PrivacyGuides,0,0
1512,PrivacyGuides,0,0
1513,PrivacyGuides,0,0
1514,PrivacyGuides,0,0
1515,PrivacyGuides,0,0
1516,PrivacyGuides,0,0
1517,PrivacyGuides,0,0
1518,PrivacyGuides,0,0
1519,PrivacyGuides,0,0
1520,PrivacyGuides,0,0
1521,PrivacyGuides,0,0
1522,PrivacyGuides,0,0
1523,PrivacyGuides,0,0
1524,PrivacyGuides,0,0
1525,PrivacyGuides,0,0
1526,PrivacyGuides,0,0
1527,PrivacyGuides,0,0
1528,PrivacyGuides,0,0
1529,PrivacyGuides,0,0
1530,PrivacyGuides,0,0
1531,PrivacyGuides,0,0
1532,PrivacyGuides,0,0
1533,PrivacyGuides,0,0
1534,PrivacyGuides,0,0
1535,PrivacyGuides,0,0
1536,PrivacyGuides,0,0
1537,PrivacyGuides,0,0
1538,PrivacyGuides,0,0
1539,PrivacyGuides,0,0
1540,PrivacyGuides,0,0
1541,PrivacyGuides,0,0
1542,PrivacyGuides,0,0
1543,PrivacyGuides,0,0
1544,PrivacyGuides,0,0
1545,PrivacyGuides,0,0
1546,PrivacyGuides,0,0
1547,PrivacyGuides,0,0
1548,PrivacyGuides,0,0
1549,PrivacyGuides,0,0
1550,PrivacyGuides,0,0
1551,PrivacyGuides,0,0
1552,PrivacyGuides,0,0
1553,PrivacyGuides,1,1
1554,PrivacyGuides,0,0
1555,PrivacyGuides,0,0
1556,PrivacyGuides,0,0
1557,PrivacyGuides,0,0
1558,PrivacyGuides,0,0
1559,PrivacyGuides,1,0
1560,PrivacyGuides,0,0
1561,PrivacyGuides,0,0
1562,PrivacyGuides,0,0
1563,PrivacyGuides,0,0
1564,PrivacyGuides,0,0
1565,PrivacyGuides,0,0
1566,PrivacyGuides,0,0
1567,PrivacyGuides,0,0
1568,PrivacyGuides,0,0
1569,PrivacyGuides,0,0
1570,PrivacyGuides,0,0
1571,PrivacyGuides,0,0
1572,PrivacyGuides,0,0
1573,PrivacyGuides,1,0
1574,PrivacyGuides,0,0
1575,PrivacyGuides,0,0
1576,PrivacyGuides,0,0
1577,PrivacyGuides,0,0
1578,PrivacyGuides,0,0
1579,PrivacyGuides,0,0
1580,PrivacyGuides,0,0
1581,PrivacyGuides,0,0
1582,PrivacyGuides,0,0
1583,PrivacyGuides,0,0
1584,PrivacyGuides,0,0
1585,PrivacyGuides,0,0
1586,PrivacyGuides,0,0
1587,PrivacyGuides,0,0
1588,PrivacyGuides,0,0
1589,PrivacyGuides,0,0
1590,PrivacyGuides,0,0
1591,PrivacyGuides,0,0
1592,PrivacyGuides,0,0
1593,PrivacyGuides,0,0
1594,PrivacyGuides,0,0
1595,PrivacyGuides,0,0
1596,PrivacyGuides,0,0
1597,PrivacyGuides,0,0
1598,PrivacyGuides,0,0
1599,PrivacyGuides,0,0
1600,PrivacyGuides,0,0
1601,PrivacyGuides,1,1
1602,PrivacyGuides,0,0
1603,PrivacyGuides,0,0
1604,PrivacyGuides,0,0
1605,PrivacyGuides,0,0
1606,PrivacyGuides,0,0
1607,PrivacyGuides,0,0
1608,PrivacyGuides,0,0
1609,PrivacyGuides,0,0
1610,PrivacyGuides,0,0
1611,PrivacyGuides,0,0
1612,PrivacyGuides,0,0
1613,PrivacyGuides,0,0
1614,PrivacyGuides,0,0
1615,PrivacyGuides,0,0
1616,PrivacyGuides,0,0
1617,PrivacyGuides,0,0
1618,PrivacyGuides,0,0
1619,PrivacyGuides,0,0
1620,PrivacyGuides,0,0
1621,PrivacyGuides,0,0
1622,PrivacyGuides,0,0
1623,PrivacyGuides,0,0
1624,PrivacyGuides,1,1
1625,PrivacyGuides,0,0
1626,PrivacyGuides,0,0
1627,PrivacyGuides,0,0
1628,PrivacyGuides,0,0
1629,PrivacyGuides,0,0
1630,PrivacyGuides,0,0
1631,PrivacyGuides,0,0
1632,PrivacyGuides,0,0
1633,PrivacyGuides,0,0
1634,PrivacyGuides,0,0
1635,PrivacyGuides,1,1
1636,PrivacyGuides,0,0
1637,PrivacyGuides,0,0
1638,PrivacyGuides,0,0
1639,PrivacyGuides,0,0
1640,PrivacyGuides,0,0
1641,PrivacyGuides,0,0
1642,PrivacyGuides,1,0
1643,PrivacyGuides,1,1
1644,PrivacyGuides,0,0
1645,PrivacyGuides,0,0
1646,PrivacyGuides,0,0
1647,PrivacyGuides,0,0
1648,PrivacyGuides,0,0
1649,PrivacyGuides,0,0
1650,PrivacyGuides,0,0
1651,PrivacyGuides,0,0
1652,PrivacyGuides,0,0
1653,PrivacyGuides,0,0
1654,PrivacyGuides,0,0
1655,PrivacyGuides,0,0
1656,PrivacyGuides,0,0
1657,PrivacyGuides,0,0
1658,PrivacyGuides,0,0
1659,PrivacyGuides,0,0
1660,PrivacyGuides,0,0
1661,PrivacyGuides,0,0
1662,PrivacyGuides,0,0
1663,PrivacyGuides,0,0
1664,PrivacyGuides,0,0
1665,PrivacyGuides,0,0
1666,PrivacyGuides,0,0
1667,PrivacyGuides,0,0
1668,PrivacyGuides,0,0
1669,PrivacyGuides,0,0
1670,PrivacyGuides,0,0
1671,PrivacyGuides,0,0
1672,PrivacyGuides,0,0
1673,PrivacyGuides,0,0
1674,PrivacyGuides,0,0
1675,PrivacyGuides,0,0
1676,PrivacyGuides,0,0
1677,PrivacyGuides,0,0
1678,PrivacyGuides,0,0
1679,PrivacyGuides,0,0
1680,PrivacyGuides,0,0
1681,PrivacyGuides,0,0
1682,PrivacyGuides,0,0
1683,PrivacyGuides,0,0
1684,PrivacyGuides,0,0
1685,PrivacyGuides,0,0
1686,PrivacyGuides,0,0
1687,PrivacyGuides,0,0
1688,PrivacyGuides,0,0
1689,PrivacyGuides,0,0
1690,PrivacyGuides,0,0
1691,PrivacyGuides,0,0
1692,PrivacyGuides,0,0
1693,PrivacyGuides,0,0
1694,PrivacyGuides,0,0
1695,PrivacyGuides,0,0
1696,PrivacyGuides,0,0
1697,PrivacyGuides,0,0
1698,PrivacyGuides,0,0
1699,PrivacyGuides,0,0
1700,PrivacyGuides,0,0
1701,PrivacyGuides,0,0
1702,PrivacyGuides,0,0
1703,PrivacyGuides,0,0
1704,PrivacyGuides,0,0
1705,PrivacyGuides,0,0
1706,PrivacyGuides,0,0
1707,PrivacyGuides,0,0
1708,PrivacyGuides,0,0
1709,PrivacyGuides,0,0
1710,PrivacyGuides,0,0
1711,PrivacyGuides,0,0
1712,PrivacyGuides,0,0
1713,PrivacyGuides,0,0
1714,PrivacyGuides,0,0
1715,PrivacyGuides,0,0
1716,PrivacyGuides,0,0
1717,PrivacyGuides,0,0
1718,PrivacyGuides,0,0
1719,PrivacyGuides,0,0
1720,PrivacyGuides,1,0
1721,PrivacyGuides,0,0
1722,PrivacyGuides,0,0
1723,PrivacyGuides,1,1
1724,PrivacyGuides,0,0
1725,PrivacyGuides,0,0
1726,PrivacyGuides,0,0
1727,PrivacyGuides,0,0
1728,PrivacyGuides,0,0
1729,PrivacyGuides,1,0
1730,PrivacyGuides,0,0
1731,PrivacyGuides,0,0
1732,PrivacyGuides,0,0
1733,PrivacyGuides,0,0
1734,PrivacyGuides,0,0
1735,PrivacyGuides,0,0
1736,PrivacyGuides,0,0
1737,PrivacyGuides,0,0
1738,PrivacyGuides,0,0
1739,PrivacyGuides,0,0
1740,PrivacyGuides,0,0
1741,PrivacyGuides,0,0
1742,PrivacyGuides,0,0
1743,PrivacyGuides,0,0
1744,PrivacyGuides,0,0
1745,PrivacyGuides,0,0
1746,PrivacyGuides,0,0
1747,PrivacyGuides,0,0
1748,PrivacyGuides,0,0
1749,PrivacyGuides,0,0
1750,PrivacyGuides,0,0
1751,PrivacyGuides,0,0
1752,PrivacyGuides,0,0
1753,PrivacyGuides,0,0
1754,PrivacyGuides,0,0
1755,PrivacyGuides,0,0
1756,PrivacyGuides,0,0
1757,PrivacyGuides,0,0
1758,PrivacyGuides,0,0
1759,PrivacyGuides,0,0
1760,PrivacyGuides,0,0
1761,PrivacyGuides,0,0
1762,PrivacyGuides,0,0
1763,PrivacyGuides,0,0
1764,PrivacyGuides,0,0
1765,PrivacyGuides,0,0
1766,PrivacyGuides,0,0
1767,PrivacyGuides,0,0
1768,PrivacyGuides,0,0
1769,PrivacyGuides,0,0
1770,PrivacyGuides,0,0
1771,PrivacyGuides,0,0
1772,PrivacyGuides,0,0
1773,PrivacyGuides,0,0
1774,PrivacyGuides,0,0
1775,PrivacyGuides,0,0
1776,PrivacyGuides,0,0
1777,PrivacyGuides,0,0
1778,PrivacyGuides,0,0
1779,PrivacyGuides,0,0
1780,PrivacyGuides,0,0
1781,PrivacyGuides,0,0
1782,PrivacyGuides,0,0
1783,PrivacyGuides,0,0
1784,PrivacyGuides,0,0
1785,PrivacyGuides,0,0
1786,PrivacyGuides,0,0
1787,PrivacyGuides,0,0
1788,PrivacyGuides,0,0
1789,PrivacyGuides,0,0
1790,PrivacyGuides,0,0
1791,PrivacyGuides,0,0
1792,PrivacyGuides,0,0
1793,PrivacyGuides,0,0
1794,PrivacyGuides,0,0
1795,PrivacyGuides,0,0
1796,PrivacyGuides,0,0
1797,PrivacyGuides,0,0
1798,PrivacyGuides,0,0
1799,PrivacyGuides,0,0
1800,PrivacyGuides,0,0
1801,PrivacyGuides,0,0
1802,PrivacyGuides,0,0
1803,PrivacyGuides,0,0
1804,PrivacyGuides,0,0
1805,PrivacyGuides,0,0
1806,PrivacyGuides,0,0
1807,PrivacyGuides,0,0
1808,PrivacyGuides,0,0
1809,PrivacyGuides,0,0
1810,PrivacyGuides,0,0
1811,PrivacyGuides,0,0
1812,PrivacyGuides,0,0
1813,PrivacyGuides,0,0
1814,PrivacyGuides,0,0
1815,PrivacyGuides,1,0
1816,PrivacyGuides,1,0
1817,PrivacyGuides,0,0
1818,PrivacyGuides,0,0
1819,PrivacyGuides,0,0
1820,PrivacyGuides,0,0
1821,PrivacyGuides,0,0
1822,PrivacyGuides,0,0
1823,PrivacyGuides,0,0
1824,PrivacyGuides,0,0
1825,PrivacyGuides,0,0
1826,PrivacyGuides,0,0
1827,PrivacyGuides,0,0
1828,PrivacyGuides,1,1
1829,PrivacyGuides,0,0
1830,PrivacyGuides,0,0
1831,PrivacyGuides,0,0
1832,PrivacyGuides,0,0
1833,PrivacyGuides,0,0
1834,PrivacyGuides,0,0
1835,PrivacyGuides,0,0
1836,PrivacyGuides,0,0
1837,PrivacyGuides,0,0
1838,PrivacyGuides,0,0
1839,PrivacyGuides,0,0
1840,PrivacyGuides,0,0
1841,PrivacyGuides,0,0
1842,PrivacyGuides,0,0
1843,PrivacyGuides,0,0
1844,PrivacyGuides,0,0
1845,PrivacyGuides,0,0
1846,PrivacyGuides,0,0
1847,PrivacyGuides,0,0
1848,PrivacyGuides,0,0
1849,PrivacyGuides,0,0
1850,PrivacyGuides,0,0
1851,PrivacyGuides,0,0
1852,PrivacyGuides,0,0
1853,PrivacyGuides,0,0
1854,PrivacyGuides,0,0
1855,PrivacyGuides,0,0
1856,PrivacyGuides,0,0
1857,PrivacyGuides,0,0
1858,PrivacyGuides,0,0
1859,PrivacyGuides,0,0
1860,PrivacyGuides,0,0
1861,PrivacyGuides,0,0
1862,PrivacyGuides,0,0
1863,PrivacyGuides,0,0
1864,PrivacyGuides,0,0
1865,PrivacyGuides,0,0
1866,PrivacyGuides,0,0
1867,PrivacyGuides,0,0
1868,PrivacyGuides,0,0
1869,PrivacyGuides,0,0
1870,PrivacyGuides,0,0
1871,PrivacyGuides,0,0
1872,PrivacyGuides,0,0
1873,PrivacyGuides,0,0
1874,PrivacyGuides,0,0
1875,PrivacyGuides,0,0
1876,PrivacyGuides,0,0
1877,PrivacyGuides,0,0
1878,PrivacyGuides,0,0
1879,PrivacyGuides,0,0
1880,PrivacyGuides,0,0
1881,PrivacyGuides,0,0
1882,PrivacyGuides,0,0
1883,PrivacyGuides,0,0
1884,PrivacyGuides,0,0
1885,PrivacyGuides,0,0
1886,PrivacyGuides,0,0
1887,PrivacyGuides,0,0
1888,PrivacyGuides,0,0
1889,PrivacyGuides,0,0
1890,PrivacyGuides,0,0
1891,PrivacyGuides,0,0
1892,PrivacyGuides,0,0
1893,PrivacyGuides,0,0
1894,PrivacyGuides,0,0
1895,PrivacyGuides,0,0
1896,PrivacyGuides,0,0
1897,PrivacyGuides,0,0
1898,PrivacyGuides,0,0
1899,PrivacyGuides,0,0
1900,PrivacyGuides,0,0
1901,PrivacyGuides,0,0
1902,PrivacyGuides,0,0
1903,PrivacyGuides,0,0
1904,PrivacyGuides,0,0
1905,PrivacyGuides,0,0
1906,PrivacyGuides,0,0
1907,PrivacyGuides,0,0
1908,PrivacyGuides,0,0
1909,PrivacyGuides,0,0
1910,PrivacyGuides,0,0
1911,PrivacyGuides,0,0
1912,PrivacyGuides,0,0
1913,PrivacyGuides,0,0
1914,PrivacyGuides,0,0
1915,PrivacyGuides,0,0
1916,PrivacyGuides,0,0
1917,PrivacyGuides,0,0
1918,PrivacyGuides,0,0
1919,PrivacyGuides,0,0
1920,PrivacyGuides,0,0
1921,PrivacyGuides,0,0
1922,PrivacyGuides,0,0
1923,PrivacyGuides,0,0
1924,PrivacyGuides,0,0
1925,PrivacyGuides,0,0
1926,PrivacyGuides,0,0
1927,PrivacyGuides,0,0
1928,PrivacyGuides,0,0
1929,PrivacyGuides,0,0
1930,PrivacyGuides,0,0
1931,PrivacyGuides,0,0
1932,PrivacyGuides,0,0
1933,PrivacyGuides,0,0
1934,PrivacyGuides,0,0
1935,PrivacyGuides,0,0
1936,PrivacyGuides,0,0
1937,PrivacyGuides,0,0
1938,PrivacyGuides,0,0
1939,PrivacyGuides,1,1
1940,PrivacyGuides,0,0
1941,PrivacyGuides,0,0
1942,PrivacyGuides,0,0
1943,PrivacyGuides,0,0
1944,PrivacyGuides,0,0
1945,PrivacyGuides,0,0
1946,PrivacyGuides,0,0
1947,PrivacyGuides,0,0
1948,PrivacyGuides,0,0
1949,PrivacyGuides,0,0
1950,PrivacyGuides,0,0
1951,PrivacyGuides,0,0
1952,PrivacyGuides,0,0
1953,PrivacyGuides,0,0
1954,PrivacyGuides,0,0
1955,PrivacyGuides,1,0
1956,PrivacyGuides,0,0
1957,PrivacyGuides,0,0
1958,PrivacyGuides,0,0
1959,PrivacyGuides,0,0
1960,PrivacyGuides,0,0
1961,PrivacyGuides,0,0
1962,PrivacyGuides,0,0
1963,PrivacyGuides,1,1
1964,PrivacyGuides,0,0
1965,PrivacyGuides,0,0
1966,PrivacyGuides,0,0
1967,PrivacyGuides,0,0
1968,PrivacyGuides,0,0
1969,PrivacyGuides,0,0
1970,PrivacyGuides,0,0
1971,PrivacyGuides,0,0
1972,PrivacyGuides,0,0
1973,PrivacyGuides,0,0
1974,PrivacyGuides,0,0
1975,PrivacyGuides,0,0
1976,PrivacyGuides,0,0
1977,PrivacyGuides,0,0
1978,PrivacyGuides,0,0
1979,PrivacyGuides,0,0
1980,PrivacyGuides,0,0
1981,PrivacyGuides,0,0
1982,PrivacyGuides,0,0
1983,PrivacyGuides,0,0
1984,PrivacyGuides,0,0
1985,PrivacyGuides,0,0
1986,PrivacyGuides,1,0
1987,PrivacyGuides,0,0
1988,PrivacyGuides,0,0
1989,PrivacyGuides,0,0
1990,PrivacyGuides,0,0
1991,PrivacyGuides,0,0
1992,PrivacyGuides,0,0
1993,PrivacyGuides,0,0
1994,PrivacyGuides,0,0
1995,PrivacyGuides,0,0
1996,PrivacyGuides,0,0
1997,PrivacyGuides,0,0
1998,PrivacyGuides,1,0
1999,PrivacyGuides,0,0
2000,PrivacyGuides,0,0
2001,PrivacyGuides,0,0
2002,PrivacyGuides,0,0
2003,PrivacyGuides,0,0
2004,PrivacyGuides,0,0
2005,PrivacyGuides,0,0
2006,PrivacyGuides,0,0
2007,PrivacyGuides,0,0
2008,PrivacyGuides,0,0
2009,PrivacyGuides,0,0
2010,PrivacyGuides,0,0
2011,PrivacyGuides,0,0
2012,PrivacyGuides,0,0
2013,PrivacyGuides,0,0
2014,PrivacyGuides,0,0
2015,PrivacyGuides,0,0
2016,PrivacyGuides,0,0
2017,PrivacyGuides,0,0
2018,PrivacyGuides,0,0
2019,PrivacyGuides,0,0
2020,PrivacyGuides,0,0
2021,PrivacyGuides,0,0
2022,PrivacyGuides,0,0
2023,PrivacyGuides,0,0
2024,PrivacyGuides,1,1
2025,PrivacyGuides,0,0
2026,PrivacyGuides,0,0
2027,PrivacyGuides,0,0
2028,PrivacyGuides,0,0
2029,PrivacyGuides,0,0
2030,PrivacyGuides,0,0
2031,PrivacyGuides,0,0
2032,PrivacyGuides,0,0
2033,PrivacyGuides,0,0
2034,PrivacyGuides,0,0
2035,PrivacyGuides,0,0
2036,PrivacyGuides,0,0
2037,PrivacyGuides,0,0
2038,PrivacyGuides,0,0
2039,PrivacyGuides,0,0
2040,PrivacyGuides,0,0
2041,PrivacyGuides,0,0
2042,PrivacyGuides,0,0
2043,PrivacyGuides,0,0
2044,PrivacyGuides,0,0
2045,PrivacyGuides,0,0
2046,PrivacyGuides,1,0
2047,PrivacyGuides,0,0
2048,PrivacyGuides,0,0
2049,PrivacyGuides,0,0
2050,PrivacyGuides,0,0
2051,PrivacyGuides,0,0
2052,PrivacyGuides,0,0
2053,PrivacyGuides,0,0
2054,PrivacyGuides,0,0
2055,PrivacyGuides,0,0
2056,PrivacyGuides,0,0
2057,PrivacyGuides,0,0
2058,PrivacyGuides,0,0
2059,PrivacyGuides,0,0
2060,PrivacyGuides,0,0
2061,PrivacyGuides,0,0
2062,PrivacyGuides,0,0
2063,PrivacyGuides,0,0
2064,PrivacyGuides,0,0
2065,PrivacyGuides,0,0
2066,PrivacyGuides,0,0
2067,PrivacyGuides,0,0
2068,PrivacyGuides,0,0
2069,PrivacyGuides,0,0
2070,PrivacyGuides,0,0
2071,PrivacyGuides,0,0
2072,PrivacyGuides,0,0
2073,PrivacyGuides,0,0
2074,PrivacyGuides,0,0
2075,PrivacyGuides,0,0
2076,PrivacyGuides,0,0
2077,PrivacyGuides,0,0
2078,PrivacyGuides,0,0
2079,PrivacyGuides,0,0
2080,PrivacyGuides,0,0
2081,PrivacyGuides,0,0
2082,PrivacyGuides,0,0
2083,PrivacyGuides,0,0
2084,PrivacyGuides,0,0
2085,PrivacyGuides,0,0
2086,PrivacyGuides,0,0
2087,PrivacyGuides,0,0
2088,PrivacyGuides,0,0
2089,PrivacyGuides,0,0
2090,PrivacyGuides,0,0
2091,PrivacyGuides,0,0
2092,PrivacyGuides,0,0
2093,PrivacyGuides,0,0
2094,PrivacyGuides,0,0
2095,PrivacyGuides,0,0
2096,PrivacyGuides,0,0
2097,PrivacyGuides,0,0
2098,PrivacyGuides,0,0
2099,PrivacyGuides,0,0
2100,PrivacyGuides,0,0
2101,PrivacyGuides,1,0
2102,PrivacyGuides,0,0
2103,PrivacyGuides,0,0
2104,PrivacyGuides,0,0
2105,PrivacyGuides,0,0
2106,PrivacyGuides,1,0
2107,PrivacyGuides,0,0
2108,PrivacyGuides,0,0
2109,PrivacyGuides,0,0
2110,PrivacyGuides,0,0
2111,PrivacyGuides,0,0
2112,PrivacyGuides,1,1
2113,PrivacyGuides,0,0
2114,PrivacyGuides,0,0
2115,PrivacyGuides,0,0
2116,PrivacyGuides,0,0
2117,PrivacyGuides,0,0
2118,PrivacyGuides,0,0
2119,PrivacyGuides,0,0
2120,PrivacyGuides,0,0
2121,PrivacyGuides,0,0
2122,PrivacyGuides,0,0
2123,PrivacyGuides,0,0
2124,PrivacyGuides,0,0
2125,PrivacyGuides,0,0
2126,PrivacyGuides,0,0
2127,PrivacyGuides,0,0
2128,PrivacyGuides,0,0
2129,PrivacyGuides,0,0
2130,PrivacyGuides,0,0
2131,PrivacyGuides,0,0
2132,PrivacyGuides,0,0
2133,PrivacyGuides,0,0
2134,PrivacyGuides,0,0
2135,PrivacyGuides,0,0
2136,PrivacyGuides,0,0
2137,PrivacyGuides,0,0
2138,PrivacyGuides,0,0
2139,PrivacyGuides,0,0
2140,PrivacyGuides,0,0
2141,PrivacyGuides,0,0
2142,PrivacyGuides,0,0
2143,PrivacyGuides,0,0
2144,PrivacyGuides,0,0
2145,PrivacyGuides,0,0
2146,PrivacyGuides,0,0
2147,PrivacyGuides,0,0
2148,PrivacyGuides,0,0
2149,PrivacyGuides,0,0
2150,PrivacyGuides,0,0
2151,PrivacyGuides,0,0
2152,PrivacyGuides,0,0
2153,PrivacyGuides,0,0
2154,PrivacyGuides,0,0
2155,PrivacyGuides,0,0
2156,PrivacyGuides,0,0
2157,PrivacyGuides,0,0
2158,PrivacyGuides,0,0
2159,PrivacyGuides,0,0
2160,PrivacyGuides,0,0
2161,PrivacyGuides,0,0
2162,PrivacyGuides,0,0
2163,PrivacyGuides,0,0
2164,PrivacyGuides,0,0
2165,PrivacyGuides,0,0
2166,PrivacyGuides,0,0
2167,PrivacyGuides,0,0
2168,PrivacyGuides,0,0
2169,PrivacyGuides,1,0
2170,PrivacyGuides,0,0
2171,PrivacyGuides,0,0
2172,PrivacyGuides,0,0
2173,PrivacyGuides,0,0
2174,PrivacyGuides,0,0
2175,PrivacyGuides,0,0
2176,PrivacyGuides,0,0
2177,PrivacyGuides,0,0
2178,PrivacyGuides,0,0
2179,PrivacyGuides,0,0
2180,PrivacyGuides,0,0
2181,PrivacyGuides,0,0
2182,PrivacyGuides,0,0
2183,PrivacyGuides,0,0
2184,PrivacyGuides,0,0
2185,PrivacyGuides,0,0
2186,PrivacyGuides,0,0
2187,PrivacyGuides,0,0
2188,PrivacyGuides,0,0
2189,PrivacyGuides,0,0
2190,PrivacyGuides,0,0
2191,PrivacyGuides,0,0
2192,PrivacyGuides,0,0
2193,PrivacyGuides,0,0
2194,PrivacyGuides,0,0
2195,PrivacyGuides,0,0
2196,PrivacyGuides,0,0
2197,PrivacyGuides,0,0
2198,PrivacyGuides,0,0
2199,PrivacyGuides,0,0
2200,PrivacyGuides,0,0
2201,PrivacyGuides,0,0
2202,PrivacyGuides,0,0
2203,PrivacyGuides,0,0
2204,PrivacyGuides,0,0
2205,PrivacyGuides,0,0
2206,PrivacyGuides,0,0
2207,PrivacyGuides,0,0
2208,PrivacyGuides,1,1
2209,PrivacyGuides,0,0
2210,PrivacyGuides,0,0
2211,PrivacyGuides,0,0
2212,PrivacyGuides,0,0
2213,PrivacyGuides,0,0
2214,PrivacyGuides,0,0
2215,PrivacyGuides,0,0
2216,PrivacyGuides,0,0
2217,PrivacyGuides,1,0
2218,PrivacyGuides,0,0
2219,PrivacyGuides,1,0
2220,PrivacyGuides,1,0
2221,PrivacyGuides,0,0
2222,PrivacyGuides,0,0
2223,PrivacyGuides,0,0
2224,PrivacyGuides,0,0
2225,PrivacyGuides,0,0
2226,PrivacyGuides,0,0
2227,PrivacyGuides,0,0
2228,PrivacyGuides,0,0
2229,PrivacyGuides,0,0
2230,PrivacyGuides,1,0
2231,PrivacyGuides,1,1
2232,PrivacyGuides,1,1
2233,PrivacyGuides,1,1
2234,PrivacyGuides,1,1
2235,PrivacyGuides,0,0
2236,PrivacyGuides,0,0
2237,PrivacyGuides,0,0
2238,PrivacyGuides,0,0
2239,PrivacyGuides,0,0
2240,PrivacyGuides,0,0
2241,PrivacyGuides,0,0
2242,PrivacyGuides,0,0
2243,PrivacyGuides,0,0
2244,PrivacyGuides,0,0
2245,PrivacyGuides,1,1
2246,PrivacyGuides,1,1
2247,PrivacyGuides,0,0
2248,PrivacyGuides,0,0
2249,PrivacyGuides,0,0
2250,PrivacyGuides,0,0
2251,PrivacyGuides,0,0
2252,PrivacyGuides,0,0
2253,PrivacyGuides,0,0
2254,PrivacyGuides,0,0
2255,PrivacyGuides,0,0
2256,PrivacyGuides,0,0
2257,PrivacyGuides,0,0
2258,PrivacyGuides,0,0
2259,PrivacyGuides,0,0
2260,PrivacyGuides,0,0
2261,PrivacyGuides,0,0
2262,PrivacyGuides,0,0
2263,PrivacyGuides,0,0
2264,PrivacyGuides,0,0
2265,PrivacyGuides,0,0
2266,PrivacyGuides,0,0
2267,PrivacyGuides,0,0
2268,PrivacyGuides,0,0
2269,PrivacyGuides,0,0
2270,PrivacyGuides,0,0
2271,PrivacyGuides,0,0
2272,PrivacyGuides,0,0
2273,PrivacyGuides,1,1
2274,PrivacyGuides,0,0
2275,PrivacyGuides,0,0
2276,PrivacyGuides,0,0
2277,PrivacyGuides,0,0
2278,PrivacyGuides,0,0
2279,PrivacyGuides,0,0
2280,PrivacyGuides,0,0
2281,PrivacyGuides,0,0
2282,PrivacyGuides,0,0
2283,PrivacyGuides,0,0
2284,PrivacyGuides,0,0
2285,PrivacyGuides,0,0
2286,PrivacyGuides,0,0
2287,PrivacyGuides,0,0
2288,PrivacyGuides,0,0
2289,PrivacyGuides,0,0
2290,PrivacyGuides,0,0
2291,PrivacyGuides,1,0
2292,PrivacyGuides,0,0
2293,PrivacyGuides,0,0
2294,PrivacyGuides,0,0
2295,PrivacyGuides,0,0
2296,PrivacyGuides,0,0
2297,PrivacyGuides,0,0
2298,PrivacyGuides,0,0
2299,PrivacyGuides,0,0
2300,PrivacyGuides,0,0
2301,PrivacyGuides,0,0
2302,PrivacyGuides,0,0
2303,PrivacyGuides,0,0
2304,PrivacyGuides,0,0
2305,PrivacyGuides,0,0
2306,PrivacyGuides,0,0
2307,PrivacyGuides,0,0
2308,PrivacyGuides,1,0
2309,PrivacyGuides,0,0
2310,PrivacyGuides,0,0
2311,PrivacyGuides,0,0
2312,PrivacyGuides,0,0
2313,PrivacyGuides,0,0
2314,PrivacyGuides,0,0
2315,PrivacyGuides,0,0
2316,PrivacyGuides,0,0
2317,PrivacyGuides,0,0
2318,PrivacyGuides,0,0
2319,PrivacyGuides,0,0
2320,PrivacyGuides,0,0
2321,PrivacyGuides,0,0
2322,PrivacyGuides,0,0
2323,PrivacyGuides,0,0
2324,PrivacyGuides,0,0
2325,PrivacyGuides,0,0
2326,PrivacyGuides,0,0
2327,PrivacyGuides,0,0
2328,PrivacyGuides,0,0
2329,PrivacyGuides,0,0
2330,PrivacyGuides,0,0
2331,PrivacyGuides,0,0
2332,PrivacyGuides,1,1
2333,PrivacyGuides,0,0
2334,PrivacyGuides,0,0
2335,PrivacyGuides,0,0
2336,PrivacyGuides,1,1
2337,PrivacyGuides,0,0
2338,PrivacyGuides,0,0
2339,PrivacyGuides,1,0
2340,PrivacyGuides,1,0
2341,PrivacyGuides,1,0
2342,PrivacyGuides,0,0
2343,PrivacyGuides,0,0
2344,PrivacyGuides,0,0
2345,PrivacyGuides,0,0
2346,PrivacyGuides,0,0
2347,PrivacyGuides,0,0
2348,PrivacyGuides,0,0
2349,PrivacyGuides,0,0
2350,PrivacyGuides,0,0
2351,PrivacyGuides,1,0
2352,PrivacyGuides,0,0
2353,PrivacyGuides,0,0
2354,PrivacyGuides,0,0
2355,PrivacyGuides,0,0
2356,PrivacyGuides,0,0
2357,PrivacyGuides,0,0
2358,PrivacyGuides,0,0
2359,PrivacyGuides,0,0
2360,PrivacyGuides,0,0
2361,PrivacyGuides,1,0
2362,PrivacyGuides,0,0
2363,PrivacyGuides,1,0
2364,PrivacyGuides,0,0
2365,PrivacyGuides,0,0
2366,PrivacyGuides,0,0
2367,PrivacyGuides,0,0
2368,PrivacyGuides,0,0
2369,PrivacyGuides,0,0
2370,PrivacyGuides,0,0
2371,PrivacyGuides,0,0
2372,PrivacyGuides,0,0
2373,PrivacyGuides,1,0
2374,PrivacyGuides,0,0
2375,PrivacyGuides,0,0
2376,PrivacyGuides,0,0
2377,PrivacyGuides,0,0
2378,PrivacyGuides,0,0
2379,PrivacyGuides,0,0
2380,PrivacyGuides,0,0
2381,PrivacyGuides,0,0
2382,PrivacyGuides,0,0
2383,PrivacyGuides,0,0
2384,PrivacyGuides,0,0
2385,PrivacyGuides,0,0
2386,PrivacyGuides,0,0
2387,PrivacyGuides,1,1
2388,PrivacyGuides,0,0
2389,PrivacyGuides,1,0
2390,PrivacyGuides,0,0
2391,PrivacyGuides,0,0
2392,PrivacyGuides,0,0
2393,PrivacyGuides,0,0
2394,PrivacyGuides,0,0
2395,PrivacyGuides,0,0
2396,PrivacyGuides,0,0
2397,PrivacyGuides,0,0
2398,PrivacyGuides,0,0
2399,PrivacyGuides,0,0
2400,PrivacyGuides,0,0
2401,PrivacyGuides,0,0
2402,PrivacyGuides,1,1
2403,PrivacyGuides,0,0
2404,PrivacyGuides,0,0
2405,PrivacyGuides,0,0
2406,PrivacyGuides,1,0
2407,PrivacyGuides,1,1
2408,PrivacyGuides,0,0
2409,PrivacyGuides,0,0
2410,PrivacyGuides,0,0
2411,PrivacyGuides,0,0
2412,PrivacyGuides,0,0
2413,PrivacyGuides,0,0
2414,PrivacyGuides,0,0
2415,PrivacyGuides,0,0
2416,PrivacyGuides,1,0
2417,PrivacyGuides,0,0
2418,PrivacyGuides,0,0
2419,PrivacyGuides,1,0
2420,PrivacyGuides,1,0
2421,PrivacyGuides,1,0
2422,PrivacyGuides,1,0
2423,PrivacyGuides,1,0
2424,PrivacyGuides,0,0
2425,PrivacyGuides,0,0
2426,PrivacyGuides,0,0
2427,PrivacyGuides,0,0
2428,PrivacyGuides,0,0
2429,PrivacyGuides,0,0
2430,PrivacyGuides,0,0
2431,PrivacyGuides,0,0
2432,PrivacyGuides,0,0
2433,PrivacyGuides,1,0
2434,PrivacyGuides,0,0
2435,PrivacyGuides,0,0
2436,PrivacyGuides,0,0
2437,PrivacyGuides,0,0
2438,PrivacyGuides,0,0
2439,PrivacyGuides,0,0
2440,PrivacyGuides,0,0
2441,PrivacyGuides,1,0
2442,PrivacyGuides,0,0
2443,PrivacyGuides,0,0
2444,PrivacyGuides,0,0
2445,PrivacyGuides,0,0
2446,PrivacyGuides,0,0
2447,PrivacyGuides,1,1
2448,PrivacyGuides,0,0
2449,PrivacyGuides,0,0
2450,PrivacyGuides,0,0
2451,PrivacyGuides,0,0
2452,PrivacyGuides,1,0
2453,PrivacyGuides,1,1
2454,PrivacyGuides,0,0
2455,PrivacyGuides,0,0
2456,PrivacyGuides,0,0
2457,PrivacyGuides,0,0
2458,PrivacyGuides,0,0
2459,PrivacyGuides,0,0
2460,PrivacyGuides,0,0
2461,PrivacyGuides,0,0
2462,PrivacyGuides,1,0
2463,PrivacyGuides,0,0
2464,PrivacyGuides,0,0
2465,PrivacyGuides,0,0
2466,PrivacyGuides,0,0
2467,PrivacyGuides,0,0
2468,PrivacyGuides,0,0
2469,PrivacyGuides,0,0
2470,PrivacyGuides,0,0
2471,PrivacyGuides,0,0
2472,PrivacyGuides,1,1
2473,PrivacyGuides,1,1
2474,PrivacyGuides,0,0
2475,PrivacyGuides,0,0
2476,PrivacyGuides,0,0
2477,PrivacyGuides,0,0
2478,PrivacyGuides,0,0
2479,PrivacyGuides,0,0
2480,PrivacyGuides,1,1
2481,PrivacyGuides,0,0
2482,PrivacyGuides,0,0
2483,PrivacyGuides,0,0
2484,PrivacyGuides,1,0
2485,PrivacyGuides,0,0
2486,PrivacyGuides,0,0
2487,PrivacyGuides,1,0
2488,PrivacyGuides,1,0
2489,PrivacyGuides,0,0
2490,PrivacyGuides,0,0
2491,PrivacyGuides,0,0
2492,PrivacyGuides,1,1
2493,PrivacyGuides,0,0
2494,PrivacyGuides,0,0
2495,PrivacyGuides,0,0
2496,PrivacyGuides,0,0
2497,PrivacyGuides,0,0
2498,PrivacyGuides,0,0
2499,PrivacyGuides,0,0
2500,PrivacyGuides,0,0
2501,PrivacyGuides,0,0
2502,PrivacyGuides,0,0
2503,PrivacyGuides,0,0
2504,PrivacyGuides,0,0
2505,PrivacyGuides,0,0
2506,PrivacyGuides,0,0
2507,PrivacyGuides,0,0
2508,PrivacyGuides,0,0
2509,PrivacyGuides,0,0
2510,PrivacyGuides,0,0
2511,PrivacyGuides,0,0
2512,PrivacyGuides,0,0
2513,PrivacyGuides,0,0
2514,PrivacyGuides,1,1
2515,PrivacyGuides,1,1
2516,PrivacyGuides,1,1
2517,PrivacyGuides,1,0
2518,PrivacyGuides,1,1
2519,PrivacyGuides,1,0
2520,PrivacyGuides,1,1
2521,PrivacyGuides,0,0
2522,PrivacyGuides,1,0
2523,PrivacyGuides,0,0
2524,PrivacyGuides,0,0
2525,PrivacyGuides,0,0
2526,PrivacyGuides,0,0
2527,PrivacyGuides,0,0
2528,PrivacyGuides,0,0
2529,PrivacyGuides,0,0
2530,PrivacyGuides,0,0
2531,PrivacyGuides,0,0
2532,PrivacyGuides,0,0
2533,PrivacyGuides,0,0
2534,PrivacyGuides,0,0
2535,PrivacyGuides,0,0
2536,PrivacyGuides,0,0
2537,PrivacyGuides,0,0
2538,PrivacyGuides,0,0
2539,PrivacyGuides,0,0
2540,PrivacyGuides,0,0
2541,PrivacyGuides,0,0
2542,PrivacyGuides,0,0
2543,PrivacyGuides,0,0
2544,PrivacyGuides,0,0
2545,PrivacyGuides,0,0
2546,PrivacyGuides,0,0
2547,PrivacyGuides,0,0
2548,PrivacyGuides,1,1
2549,PrivacyGuides,0,0
2550,PrivacyGuides,0,0
2551,PrivacyGuides,0,0
2552,PrivacyGuides,0,0
2553,PrivacyGuides,0,0
2554,PrivacyGuides,0,0
2555,PrivacyGuides,0,0
2556,PrivacyGuides,0,0
2557,PrivacyGuides,0,0
2558,PrivacyGuides,0,0
2559,PrivacyGuides,0,0
2560,PrivacyGuides,0,0
2561,PrivacyGuides,0,0
2562,PrivacyGuides,0,0
2563,PrivacyGuides,0,0
2564,PrivacyGuides,0,0
2565,PrivacyGuides,0,0
2566,PrivacyGuides,1,0
2567,PrivacyGuides,0,0
2568,PrivacyGuides,1,1
2569,PrivacyGuides,0,0
2570,PrivacyGuides,0,0
2571,PrivacyGuides,0,0
2572,PrivacyGuides,1,0
2573,PrivacyGuides,0,0
2574,PrivacyGuides,0,0
2575,PrivacyGuides,0,0
2576,PrivacyGuides,0,0
2577,PrivacyGuides,1,1
2578,PrivacyGuides,0,0
2579,PrivacyGuides,1,1
2580,PrivacyGuides,1,1
2581,PrivacyGuides,1,1
2582,PrivacyGuides,1,1
2583,PrivacyGuides,0,0
2584,PrivacyGuides,0,0
2585,PrivacyGuides,0,0
2586,PrivacyGuides,0,0
2587,PrivacyGuides,0,0
2588,PrivacyGuides,0,0
2589,PrivacyGuides,1,0
2590,PrivacyGuides,1,1
2591,PrivacyGuides,1,1
2592,PrivacyGuides,0,0
2593,PrivacyGuides,0,0
2594,PrivacyGuides,0,0
2595,PrivacyGuides,0,0
2596,PrivacyGuides,0,0
2597,PrivacyGuides,0,0
2598,PrivacyGuides,0,0
2599,PrivacyGuides,0,0
2600,PrivacyGuides,0,0
2601,PrivacyGuides,0,0
2602,PrivateInternetAccess,0,0
2603,PrivateInternetAccess,0,0
2604,PrivateInternetAccess,0,0
2605,PrivateInternetAccess,0,0
2606,PrivateInternetAccess,0,0
2607,PrivateInternetAccess,0,0
2608,PrivateInternetAccess,0,0
2609,PrivateInternetAccess,0,0
2610,PrivateInternetAccess,1,1
2611,PrivateInternetAccess,0,0
2612,PrivateInternetAccess,1,1
2613,PrivateInternetAccess,1,0
2614,PrivateInternetAccess,1,0
2615,PrivateInternetAccess,0,0
2616,PrivateInternetAccess,0,0
2617,PrivateInternetAccess,0,0
2618,PrivateInternetAccess,0,0
2619,PrivateInternetAccess,0,0
2620,PrivateInternetAccess,1,0
2621,PrivateInternetAccess,0,0
2622,PrivateInternetAccess,0,0
2623,PrivateInternetAccess,0,0
2624,PrivateInternetAccess,0,0
2625,PrivateInternetAccess,0,0
2626,PrivateInternetAccess,1,1
2627,PrivateInternetAccess,0,0
2628,PrivateInternetAccess,0,0
2629,PrivateInternetAccess,0,0
2630,PrivateInternetAccess,0,0
2631,PrivateInternetAccess,0,0
2632,PrivateInternetAccess,1,0
2633,PrivateInternetAccess,0,0
2634,PrivateInternetAccess,0,0
2635,PrivateInternetAccess,0,0
2636,PrivateInternetAccess,1,0
2637,PrivateInternetAccess,0,0
2638,PrivateInternetAccess,1,0
2639,PrivateInternetAccess,0,0
2640,PrivateInternetAccess,1,0
2641,PrivateInternetAccess,0,0
2642,PrivateInternetAccess,0,0
2643,PrivateInternetAccess,0,0
2644,PrivateInternetAccess,1,0
2645,PrivateInternetAccess,0,0
2646,PrivateInternetAccess,0,0
2647,PrivateInternetAccess,0,0
2648,PrivateInternetAccess,0,0
2649,PrivateInternetAccess,0,0
2650,PrivateInternetAccess,0,0
2651,PrivateInternetAccess,0,0
2652,PrivateInternetAccess,1,0
2653,PrivateInternetAccess,1,0
2654,PrivateInternetAccess,0,0
2655,PrivateInternetAccess,0,0
2656,PrivateInternetAccess,0,0
2657,PrivateInternetAccess,0,0
2658,PrivateInternetAccess,1,0
2659,PrivateInternetAccess,0,0
2660,PrivateInternetAccess,0,0
2661,PrivateInternetAccess,0,0
2662,PrivateInternetAccess,0,0
2663,PrivateInternetAccess,1,0
2664,PrivateInternetAccess,0,0
2665,PrivateInternetAccess,0,0
2666,PrivateInternetAccess,0,0
2667,PrivateInternetAccess,0,0
2668,PrivateInternetAccess,0,0
2669,PrivateInternetAccess,0,0
2670,PrivateInternetAccess,0,0
2671,PrivateInternetAccess,1,1
2672,PrivateInternetAccess,0,0
2673,PrivateInternetAccess,0,0
2674,PrivateInternetAccess,1,0
2675,PrivateInternetAccess,0,0
2676,PrivateInternetAccess,0,0
2677,PrivateInternetAccess,0,0
2678,PrivateInternetAccess,0,0
2679,PrivateInternetAccess,0,0
2680,PrivateInternetAccess,0,0
2681,PrivateInternetAccess,0,0
2682,PrivateInternetAccess,0,0
2683,PrivateInternetAccess,0,0
2684,PrivateInternetAccess,0,0
2685,PrivateInternetAccess,0,0
2686,PrivateInternetAccess,0,0
2687,PrivateInternetAccess,0,0
2688,PrivateInternetAccess,0,0
2689,PrivateInternetAccess,0,0
2690,PrivateInternetAccess,0,0
2691,PrivateInternetAccess,0,0
2692,PrivateInternetAccess,0,0
2693,PrivateInternetAccess,1,1
2694,PrivateInternetAccess,0,0
2695,PrivateInternetAccess,0,0
2696,PrivateInternetAccess,0,0
2697,PrivateInternetAccess,0,0
2698,PrivateInternetAccess,0,0
2699,PrivateInternetAccess,0,0
2700,PrivateInternetAccess,0,0
2701,PrivateInternetAccess,0,0
2702,PrivateInternetAccess,0,0
2703,PrivateInternetAccess,0,0
2704,PrivateInternetAccess,0,0
2705,PrivateInternetAccess,0,0
2706,PrivateInternetAccess,0,0
2707,PrivateInternetAccess,0,0
2708,PrivateInternetAccess,1,0
2709,PrivateInternetAccess,0,0
2710,PrivateInternetAccess,0,0
2711,PrivateInternetAccess,0,0
2712,PrivateInternetAccess,1,1
2713,PrivateInternetAccess,1,1
2714,PrivateInternetAccess,0,0
2715,PrivateInternetAccess,0,0
2716,PrivateInternetAccess,1,0
2717,PrivateInternetAccess,0,0
2718,PrivateInternetAccess,0,0
2719,PrivateInternetAccess,0,0
2720,PrivateInternetAccess,1,1
2721,Surfshark,1,0
2722,Surfshark,0,0
2723,Surfshark,0,0
2724,Surfshark,0,0
2725,Surfshark,0,0
2726,Surfshark,1,0
2727,Surfshark,0,0
2728,Surfshark,0,0
2729,Surfshark,0,0
2730,Surfshark,0,0
2731,Surfshark,0,0
2732,Surfshark,1,0
2733,Surfshark,0,0
2734,Surfshark,0,0
2735,Surfshark,0,0
2736,Surfshark,0,0
2737,Surfshark,0,0
2738,Surfshark,1,0
2739,Surfshark,0,0
2740,Surfshark,0,0
2741,Surfshark,0,0
2742,Surfshark,1,0
2743,Surfshark,1,1
2744,Surfshark,1,1
2745,Surfshark,1,0
2746,Surfshark,0,0
2747,Surfshark,0,0
2748,Surfshark,0,0
2749,degoogle,0,0
2750,degoogle,0,0
2751,degoogle,0,0
2752,degoogle,0,0
2753,degoogle,0,0
2754,degoogle,1,1
2755,degoogle,0,0
2756,degoogle,0,0
2757,degoogle,0,0
2758,degoogle,0,0
2759,degoogle,0,0
2760,degoogle,0,0
2761,degoogle,0,0
2762,degoogle,0,0
2763,degoogle,0,0
2764,degoogle,0,0
2765,degoogle,0,0
2766,degoogle,0,0
2767,degoogle,0,0
2768,degoogle,1,1
2769,degoogle,0,0
2770,degoogle,0,0
2771,degoogle,0,0
2772,degoogle,1,0
2773,degoogle,0,0
2774,degoogle,0,0
2775,degoogle,0,0
2776,degoogle,0,0
2777,degoogle,0,0
2778,degoogle,0,0
2779,degoogle,0,0
2780,degoogle,0,0
2781,degoogle,0,0
2782,degoogle,0,0
2783,degoogle,1,1
2784,degoogle,0,0
2785,degoogle,1,0
2786,degoogle,1,1
2787,degoogle,0,0
2788,degoogle,0,0
2789,degoogle,0,0
2790,degoogle,0,0
2791,degoogle,0,0
2792,degoogle,0,0
2793,degoogle,0,0
2794,degoogle,0,0
2795,degoogle,0,0
2796,degoogle,0,0
2797,degoogle,0,0
2798,degoogle,0,0
2799,degoogle,0,0
2800,degoogle,0,0
2801,degoogle,0,0
2802,degoogle,0,0
2803,degoogle,0,0
2804,degoogle,0,0
2805,degoogle,0,0
2806,degoogle,0,0
2807,degoogle,0,0
2808,degoogle,0,0
2809,degoogle,0,0
2810,degoogle,0,0
2811,degoogle,0,0
2812,degoogle,0,0
2813,degoogle,0,0
2814,degoogle,0,0
2815,degoogle,1,1
2816,degoogle,1,0
2817,degoogle,0,0
2818,degoogle,0,0
2819,degoogle,0,0
2820,degoogle,0,0
2821,degoogle,0,0
2822,degoogle,0,0
2823,degoogle,0,0
2824,degoogle,0,0
2825,degoogle,0,0
2826,degoogle,0,0
2827,degoogle,0,0
2828,degoogle,0,0
2829,degoogle,0,0
2830,degoogle,0,0
2831,degoogle,0,0
2832,degoogle,0,0
2833,degoogle,0,0
2834,degoogle,1,0
2835,degoogle,0,0
2836,degoogle,0,0
2837,degoogle,0,0
2838,degoogle,1,0
2839,degoogle,1,0
2840,degoogle,0,0
2841,degoogle,0,0
2842,degoogle,0,0
2843,degoogle,0,0
2844,degoogle,0,0
2845,degoogle,1,0
2846,degoogle,0,0
2847,degoogle,0,0
2848,degoogle,0,0
2849,degoogle,1,0
2850,degoogle,0,0
2851,degoogle,0,0
2852,degoogle,0,0
2853,degoogle,0,0
2854,degoogle,0,0
2855,degoogle,0,0
2856,degoogle,0,0
2857,degoogle,0,0
2858,degoogle,0,0
2859,degoogle,1,0
2860,degoogle,0,0
2861,degoogle,0,0
2862,degoogle,0,0
2863,degoogle,0,0
2864,degoogle,0,0
2865,degoogle,0,0
2866,degoogle,0,0
2867,degoogle,0,0
2868,degoogle,1,0
2869,degoogle,0,0
2870,degoogle,1,0
2871,degoogle,0,0
2872,degoogle,0,0
2873,degoogle,0,0
2874,degoogle,0,0
2875,degoogle,0,0
2876,degoogle,0,0
2877,degoogle,0,0
2878,degoogle,0,0
2879,degoogle,1,1
2880,degoogle,1,1
2881,degoogle,1,0
2882,degoogle,0,0
2883,degoogle,1,0
2884,degoogle,0,0
2885,degoogle,0,0
2886,degoogle,0,0
2887,degoogle,0,0
2888,degoogle,0,0
2889,degoogle,0,0
2890,degoogle,0,0
2891,degoogle,0,0
2892,degoogle,0,0
2893,degoogle,1,1
2894,degoogle,1,1
2895,degoogle,1,1
2896,degoogle,0,0
2897,degoogle,1,0
2898,degoogle,0,0
2899,degoogle,0,0
2900,degoogle,0,0
2901,degoogle,0,0
2902,degoogle,0,0
2903,degoogle,0,0
2904,degoogle,0,0
2905,degoogle,0,0
2906,degoogle,0,0
2907,degoogle,1,0
2908,degoogle,0,0
2909,degoogle,1,0
2910,degoogle,1,0
2911,degoogle,1,0
2912,degoogle,0,0
2913,degoogle,0,0
2914,degoogle,0,0
2915,degoogle,0,0
2916,degoogle,0,0
2917,degoogle,1,0
2918,degoogle,0,0
2919,degoogle,0,0
2920,degoogle,0,0
2921,degoogle,1,0
2922,degoogle,0,0
2923,degoogle,1,0
2924,degoogle,0,0
2925,degoogle,0,0
2926,degoogle,0,0
2927,degoogle,0,0
2928,degoogle,1,0
2929,degoogle,0,0
2930,degoogle,0,0
2931,degoogle,1,0
2932,degoogle,0,0
2933,degoogle,0,0
2934,degoogle,0,0
2935,degoogle,0,0
2936,degoogle,1,0
2937,degoogle,1,0
2938,degoogle,0,0
2939,degoogle,1,0
2940,degoogle,0,0
2941,degoogle,1,0
2942,degoogle,0,0
2943,degoogle,0,0
2944,degoogle,0,0
2945,degoogle,0,0
2946,degoogle,0,0
2947,degoogle,1,0
2948,degoogle,1,0
2949,degoogle,1,1
2950,degoogle,0,0
2951,degoogle,0,0
2952,degoogle,0,0
2953,degoogle,0,0
2954,degoogle,0,0
2955,degoogle,0,0
2956,degoogle,0,0
2957,degoogle,0,0
2958,degoogle,0,0
2959,degoogle,0,0
2960,degoogle,1,0
2961,degoogle,0,0
2962,degoogle,0,0
2963,degoogle,0,0
2964,degoogle,0,0
2965,degoogle,1,0
2966,degoogle,0,0
2967,degoogle,0,0
2968,degoogle,0,0
2969,degoogle,0,0
2970,degoogle,1,0
2971,degoogle,1,1
2972,degoogle,0,0
2973,degoogle,1,1
2974,degoogle,1,0
2975,degoogle,0,0
2976,degoogle,0,0
2977,degoogle,0,0
2978,degoogle,0,0
2979,degoogle,0,0
2980,degoogle,0,0
2981,degoogle,1,0
2982,degoogle,1,1
2983,degoogle,0,0
2984,degoogle,1,0
2985,degoogle,0,0
2986,degoogle,0,0
2987,degoogle,1,0
2988,degoogle,1,1
2989,degoogle,0,0
2990,degoogle,1,0
2991,degoogle,0,0
2992,degoogle,1,0
2993,degoogle,1,1
2994,degoogle,1,1
2995,degoogle,0,0
2996,degoogle,0,0
2997,degoogle,1,0
2998,degoogle,0,0
2999,degoogle,0,0
3000,degoogle,0,0
3001,degoogle,0,0
3002,degoogle,0,0
3003,degoogle,0,0
3004,degoogle,0,0
3005,degoogle,0,0
3006,degoogle,0,0
3007,degoogle,0,0
3008,degoogle,1,1
3009,degoogle,0,0
3010,degoogle,0,0
3011,degoogle,0,0
3012,degoogle,0,0
3013,degoogle,0,0
3014,degoogle,0,0
3015,degoogle,0,0
3016,degoogle,0,0
3017,degoogle,0,0
3018,degoogle,0,0
3019,degoogle,0,0
3020,degoogle,0,0
3021,degoogle,0,0
3022,degoogle,0,0
3023,degoogle,1,1
3024,degoogle,0,0
3025,degoogle,1,0
3026,degoogle,0,0
3027,degoogle,1,0
3028,degoogle,0,0
3029,degoogle,0,0
3030,degoogle,0,0
3031,degoogle,0,0
3032,degoogle,0,0
3033,degoogle,0,0
3034,degoogle,1,0
3035,degoogle,1,0
3036,degoogle,1,1
3037,degoogle,0,0
3038,degoogle,0,0
3039,degoogle,0,0
3040,degoogle,0,0
3041,degoogle,0,0
3042,degoogle,0,0
3043,degoogle,0,0
3044,degoogle,0,0
3045,degoogle,0,0
3046,degoogle,0,0
3047,degoogle,1,1
3048,degoogle,0,0
3049,degoogle,1,1
3050,degoogle,0,0
3051,degoogle,0,0
3052,degoogle,1,1
3053,degoogle,0,0
3054,degoogle,0,0
3055,degoogle,0,0
3056,degoogle,0,0
3057,degoogle,0,0
3058,degoogle,0,0
3059,degoogle,0,0
3060,degoogle,1,1
3061,degoogle,1,0
3062,degoogle,0,0
3063,degoogle,0,0
3064,degoogle,0,0
3065,degoogle,1,1
3066,degoogle,0,0
3067,degoogle,0,0
3068,degoogle,0,0
3069,degoogle,0,0
3070,degoogle,1,0
3071,degoogle,0,0
3072,degoogle,0,0
3073,degoogle,0,0
3074,degoogle,1,1
3075,degoogle,0,0
3076,degoogle,0,0
3077,degoogle,0,0
3078,degoogle,0,0
3079,degoogle,0,0
3080,degoogle,0,0
3081,degoogle,0,0
3082,degoogle,0,0
3083,degoogle,1,1
3084,degoogle,0,0
3085,degoogle,0,0
3086,degoogle,0,0
3087,degoogle,0,0
3088,degoogle,0,0
3089,degoogle,1,1
3090,degoogle,0,0
3091,degoogle,0,0
3092,degoogle,0,0
3093,degoogle,1,1
3094,degoogle,0,0
3095,degoogle,1,1
3096,degoogle,0,0
3097,degoogle,0,0
3098,degoogle,0,0
3099,degoogle,1,1
3100,degoogle,0,0
3101,degoogle,0,0
3102,degoogle,0,0
3103,degoogle,1,1
3104,degoogle,0,0
3105,degoogle,0,0
3106,degoogle,0,0
3107,degoogle,0,0
3108,degoogle,1,1
3109,degoogle,0,0
3110,degoogle,0,0
3111,degoogle,0,0
3112,degoogle,0,0
3113,degoogle,1,0
3114,degoogle,1,1
3115,degoogle,1,1
3116,degoogle,1,1
3117,degoogle,1,1
3118,degoogle,1,1
3119,degoogle,1,1
3120,degoogle,1,1
3121,degoogle,0,0
3122,degoogle,1,0
3123,degoogle,1,0
3124,degoogle,1,1
3125,degoogle,0,0
3126,degoogle,0,0
3127,degoogle,1,1
3128,degoogle,0,0
3129,degoogle,0,0
3130,degoogle,0,0
3131,degoogle,0,0
3132,degoogle,0,0
3133,degoogle,0,0
3134,degoogle,0,0
3135,degoogle,0,0
3136,degoogle,0,0
3137,degoogle,0,0
3138,degoogle,0,0
3139,degoogle,0,0
3140,degoogle,0,0
3141,degoogle,1,1
3142,degoogle,0,0
3143,degoogle,0,0
3144,degoogle,0,0
3145,degoogle,0,0
3146,degoogle,0,0
3147,degoogle,0,0
3148,degoogle,0,0
3149,degoogle,0,0
3150,degoogle,0,0
3151,degoogle,0,0
3152,degoogle,0,0
3153,degoogle,0,0
3154,degoogle,0,0
3155,degoogle,0,0
3156,degoogle,0,0
3157,degoogle,0,0
3158,degoogle,0,0
3159,degoogle,0,0
3160,degoogle,0,0
3161,degoogle,0,0
3162,degoogle,0,0
3163,degoogle,0,0
3164,degoogle,0,0
3165,degoogle,0,0
3166,degoogle,0,0
3167,degoogle,0,0
3168,degoogle,0,0
3169,degoogle,0,0
3170,degoogle,0,0
3171,degoogle,0,0
3172,degoogle,0,0
3173,degoogle,0,0
3174,degoogle,0,0
3175,degoogle,0,0
3176,degoogle,0,0
3177,degoogle,0,0
3178,degoogle,0,0
3179,degoogle,0,0
3180,degoogle,0,0
3181,degoogle,0,0
3182,degoogle,0,0
3183,degoogle,0,0
3184,degoogle,0,0
3185,degoogle,0,0
3186,degoogle,1,0
3187,degoogle,0,0
3188,degoogle,1,0
3189,degoogle,1,1
3190,degoogle,1,1
3191,degoogle,0,0
3192,degoogle,1,0
3193,degoogle,0,0
3194,degoogle,0,0
3195,degoogle,0,0
3196,degoogle,0,0
3197,degoogle,1,1
3198,degoogle,0,0
3199,degoogle,0,0
3200,degoogle,0,0
3201,degoogle,0,0
3202,degoogle,0,0
3203,degoogle,0,0
3204,degoogle,0,0
3205,degoogle,0,0
3206,degoogle,0,0
3207,degoogle,0,0
3208,degoogle,0,0
3209,degoogle,0,0
3210,degoogle,0,0
3211,degoogle,0,0
3212,degoogle,0,0
3213,degoogle,0,0
3214,degoogle,0,0
3215,degoogle,0,0
3216,degoogle,0,0
3217,degoogle,0,0
3218,degoogle,0,0
3219,degoogle,0,0
3220,degoogle,0,0
3221,degoogle,0,0
3222,degoogle,0,0
3223,degoogle,0,0
3224,degoogle,0,0
3225,degoogle,0,0
3226,degoogle,0,0
3227,degoogle,1,1
3228,degoogle,0,0
3229,degoogle,0,0
3230,degoogle,0,0
3231,degoogle,0,0
3232,degoogle,0,0
3233,degoogle,0,0
3234,degoogle,0,0
3235,degoogle,1,0
3236,degoogle,0,0
3237,degoogle,0,0
3238,degoogle,0,0
3239,degoogle,1,0
3240,degoogle,0,0
3241,degoogle,0,0
3242,degoogle,0,0
3243,degoogle,0,0
3244,degoogle,0,0
3245,degoogle,1,0
3246,degoogle,0,0
3247,degoogle,1,0
3248,degoogle,1,1
3249,degoogle,0,0
3250,degoogle,0,0
3251,degoogle,0,0
3252,degoogle,0,0
3253,degoogle,0,0
3254,degoogle,0,0
3255,degoogle,1,0
3256,degoogle,1,0
3257,degoogle,0,0
3258,degoogle,0,0
3259,degoogle,0,0
3260,degoogle,1,0
3261,degoogle,0,0
3262,degoogle,0,0
3263,degoogle,0,0
3264,degoogle,0,0
3265,degoogle,1,1
3266,degoogle,1,0
3267,degoogle,1,0
3268,degoogle,1,0
3269,degoogle,1,0
3270,degoogle,0,0
3271,degoogle,0,0
3272,degoogle,0,0
3273,degoogle,0,0
3274,degoogle,0,0
3275,degoogle,0,0
3276,degoogle,0,0
3277,degoogle,0,0
3278,degoogle,0,0
3279,degoogle,0,0
3280,degoogle,0,0
3281,degoogle,0,0
3282,degoogle,0,0
3283,degoogle,0,0
3284,degoogle,0,0
3285,degoogle,0,0
3286,degoogle,0,0
3287,degoogle,0,0
3288,degoogle,0,0
3289,degoogle,0,0
3290,degoogle,0,0
3291,degoogle,1,1
3292,degoogle,0,0
3293,degoogle,0,0
3294,degoogle,0,0
3295,degoogle,0,0
3296,degoogle,0,0
3297,degoogle,1,0
3298,degoogle,1,0
3299,degoogle,0,0
3300,degoogle,0,0
3301,degoogle,0,0
3302,degoogle,0,0
3303,degoogle,0,0
3304,degoogle,0,0
3305,degoogle,0,0
3306,degoogle,0,0
3307,degoogle,0,0
3308,degoogle,0,0
3309,degoogle,0,0
3310,degoogle,0,0
3311,degoogle,0,0
3312,degoogle,1,0
3313,degoogle,0,0
3314,degoogle,0,0
3315,degoogle,0,0
3316,degoogle,1,1
3317,degoogle,0,0
3318,degoogle,1,1
3319,degoogle,0,0
3320,degoogle,0,0
3321,degoogle,0,0
3322,degoogle,1,1
3323,degoogle,0,0
3324,degoogle,0,0
3325,degoogle,0,0
3326,degoogle,0,0
3327,degoogle,0,0
3328,degoogle,0,0
3329,degoogle,0,0
3330,degoogle,0,0
3331,degoogle,0,0
3332,degoogle,0,0
3333,degoogle,0,0
3334,degoogle,0,0
3335,degoogle,0,0
3336,degoogle,0,0
3337,degoogle,1,0
3338,degoogle,0,0
3339,degoogle,0,0
3340,degoogle,0,0
3341,degoogle,0,0
3342,degoogle,0,0
3343,degoogle,0,0
3344,degoogle,0,0
3345,degoogle,1,1
3346,degoogle,0,0
3347,degoogle,0,0
3348,degoogle,0,0
3349,degoogle,0,0
3350,degoogle,0,0
3351,degoogle,0,0
3352,degoogle,0,0
3353,degoogle,0,0
3354,degoogle,0,0
3355,degoogle,0,0
3356,degoogle,1,0
3357,degoogle,0,0
3358,degoogle,0,0
3359,degoogle,0,0
3360,degoogle,0,0
3361,degoogle,1,1
3362,degoogle,1,0
3363,degoogle,0,0
3364,degoogle,0,0
3365,degoogle,0,0
3366,degoogle,0,0
3367,degoogle,1,1
3368,degoogle,0,0
3369,degoogle,0,0
3370,degoogle,1,1
3371,degoogle,0,0
3372,degoogle,0,0
3373,degoogle,0,0
3374,degoogle,0,0
3375,degoogle,0,0
3376,degoogle,0,0
3377,degoogle,0,0
3378,degoogle,0,0
3379,degoogle,0,0
3380,degoogle,0,0
3381,degoogle,0,0
3382,degoogle,0,0
3383,degoogle,1,1
3384,degoogle,0,0
3385,degoogle,0,0
3386,degoogle,0,0
3387,degoogle,0,0
3388,degoogle,0,0
3389,degoogle,0,0
3390,degoogle,0,0
3391,degoogle,0,0
3392,degoogle,0,0
3393,degoogle,0,0
3394,degoogle,0,0
3395,degoogle,0,0
3396,degoogle,0,0
3397,degoogle,0,0
3398,degoogle,0,0
3399,degoogle,0,0
3400,degoogle,0,0
3401,degoogle,0,0
3402,degoogle,1,1
3403,degoogle,0,0
3404,degoogle,0,0
3405,degoogle,0,0
3406,degoogle,1,1
3407,degoogle,0,0
3408,degoogle,0,0
3409,degoogle,1,0
3410,degoogle,0,0
3411,degoogle,0,0
3412,degoogle,0,0
3413,degoogle,1,0
3414,degoogle,0,0
3415,degoogle,1,0
3416,degoogle,0,0
3417,degoogle,0,0
3418,degoogle,1,0
3419,degoogle,0,0
3420,degoogle,0,0
3421,degoogle,1,0
3422,degoogle,0,0
3423,degoogle,0,0
3424,degoogle,0,0
3425,degoogle,0,0
3426,degoogle,0,0
3427,degoogle,0,0
3428,degoogle,0,0
3429,degoogle,0,0
3430,degoogle,0,0
3431,degoogle,0,0
3432,degoogle,0,0
3433,degoogle,0,0
3434,degoogle,0,0
3435,degoogle,0,0
3436,degoogle,0,0
3437,degoogle,0,0
3438,degoogle,0,0
3439,degoogle,0,0
3440,degoogle,0,0
3441,degoogle,0,0
3442,degoogle,0,0
3443,degoogle,0,0
3444,degoogle,1,1
3445,degoogle,0,0
3446,degoogle,0,0
3447,degoogle,0,0
3448,degoogle,0,0
3449,degoogle,0,0
3450,degoogle,0,0
3451,degoogle,0,0
3452,degoogle,1,0
3453,degoogle,0,0
3454,degoogle,0,0
3455,degoogle,0,0
3456,degoogle,0,0
3457,degoogle,0,0
3458,degoogle,0,0
3459,degoogle,1,1
3460,degoogle,1,0
3461,degoogle,0,0
3462,degoogle,0,0
3463,degoogle,1,0
3464,degoogle,0,0
3465,degoogle,0,0
3466,degoogle,0,0
3467,degoogle,1,0
3468,degoogle,1,1
3469,degoogle,0,0
3470,degoogle,0,0
3471,degoogle,1,1
3472,degoogle,0,0
3473,degoogle,1,0
3474,degoogle,1,0
3475,degoogle,0,0
3476,degoogle,0,0
3477,degoogle,1,1
3478,degoogle,1,0
3479,degoogle,1,1
3480,degoogle,1,1
3481,degoogle,0,0
3482,degoogle,1,1
3483,degoogle,0,0
3484,degoogle,0,0
3485,degoogle,1,1
3486,degoogle,0,0
3487,degoogle,0,0
3488,degoogle,1,1
3489,degoogle,0,0
3490,degoogle,0,0
3491,degoogle,0,0
3492,degoogle,0,0
3493,degoogle,1,0
3494,degoogle,0,0
3495,degoogle,0,0
3496,degoogle,0,0
3497,degoogle,1,1
3498,degoogle,1,1
3499,degoogle,1,1
3500,degoogle,0,0
3501,degoogle,0,0
3502,degoogle,0,0
3503,degoogle,0,0
3504,degoogle,0,0
3505,degoogle,0,0
3506,degoogle,0,0
3507,degoogle,1,1
3508,degoogle,1,1
3509,degoogle,0,0
3510,degoogle,0,0
3511,degoogle,1,0
3512,degoogle,0,0
3513,degoogle,0,0
3514,degoogle,0,0
3515,degoogle,0,0
3516,degoogle,0,0
3517,degoogle,1,1
3518,degoogle,0,0
3519,degoogle,0,0
3520,degoogle,0,0
3521,degoogle,0,0
3522,degoogle,1,0
3523,degoogle,0,0
3524,degoogle,1,0
3525,degoogle,0,0
3526,degoogle,0,0
3527,degoogle,0,0
3528,degoogle,0,0
3529,degoogle,0,0
3530,degoogle,0,0
3531,degoogle,0,0
3532,degoogle,0,0
3533,degoogle,0,0
3534,degoogle,0,0
3535,degoogle,1,0
3536,degoogle,1,0
3537,degoogle,1,0
3538,degoogle,1,0
3539,degoogle,1,0
3540,degoogle,0,0
3541,degoogle,0,0
3542,degoogle,0,0
3543,degoogle,0,0
3544,degoogle,0,0
3545,degoogle,0,0
3546,degoogle,0,0
3547,degoogle,0,0
3548,degoogle,0,0
3549,degoogle,0,0
3550,degoogle,0,0
3551,degoogle,0,0
3552,degoogle,1,1
3553,degoogle,1,1
3554,degoogle,0,0
3555,degoogle,1,1
3556,degoogle,1,1
3557,degoogle,0,0
3558,degoogle,0,0
3559,degoogle,0,0
3560,degoogle,0,0
3561,degoogle,0,0
3562,degoogle,0,0
3563,degoogle,0,0
3564,degoogle,0,0
3565,degoogle,0,0
3566,degoogle,0,0
3567,degoogle,0,0
3568,degoogle,1,1
3569,degoogle,0,0
3570,degoogle,0,0
3571,degoogle,0,0
3572,degoogle,0,0
3573,degoogle,0,0
3574,degoogle,0,0
3575,degoogle,0,0
3576,degoogle,0,0
3577,degoogle,0,0
3578,degoogle,0,0
3579,degoogle,0,0
3580,degoogle,0,0
3581,degoogle,1,1
3582,degoogle,0,0
3583,degoogle,1,1
3584,degoogle,0,0
3585,degoogle,0,0
3586,degoogle,0,0
3587,degoogle,0,0
3588,degoogle,0,0
3589,degoogle,0,0
3590,degoogle,1,1
3591,degoogle,0,0
3592,degoogle,0,0
3593,degoogle,1,1
3594,degoogle,0,0
3595,degoogle,0,0
3596,degoogle,0,0
3597,degoogle,0,0
3598,degoogle,0,0
3599,degoogle,1,1
3600,degoogle,0,0
3601,degoogle,0,0
3602,degoogle,0,0
3603,degoogle,0,0
3604,degoogle,1,1
3605,degoogle,0,0
3606,degoogle,0,0
3607,degoogle,0,0
3608,degoogle,0,0
3609,degoogle,0,0
3610,degoogle,1,1
3611,degoogle,1,1
3612,degoogle,1,0
3613,degoogle,1,0
3614,degoogle,1,0
3615,degoogle,0,0
3616,degoogle,1,0
3617,degoogle,1,1
3618,degoogle,0,0
3619,degoogle,0,0
3620,degoogle,0,0
3621,degoogle,0,0
3622,degoogle,0,0
3623,degoogle,1,1
3624,degoogle,0,0
3625,degoogle,0,0
3626,degoogle,0,0
3627,degoogle,0,0
3628,degoogle,0,0
3629,degoogle,0,0
3630,degoogle,1,1
3631,degoogle,0,0
3632,degoogle,0,0
3633,degoogle,0,0
3634,degoogle,0,0
3635,degoogle,0,0
3636,degoogle,0,0
3637,degoogle,0,0
3638,degoogle,0,0
3639,degoogle,0,0
3640,degoogle,0,0
3641,degoogle,0,0
3642,degoogle,0,0
3643,degoogle,0,0
3644,degoogle,0,0
3645,degoogle,0,0
3646,degoogle,0,0
3647,degoogle,0,0
3648,degoogle,0,0
3649,degoogle,0,0
3650,degoogle,0,0
3651,degoogle,0,0
3652,degoogle,0,0
3653,degoogle,0,0
3654,degoogle,0,0
3655,degoogle,1,1
3656,degoogle,0,0
3657,degoogle,0,0
3658,degoogle,0,0
3659,degoogle,1,0
3660,degoogle,1,0
3661,degoogle,1,0
3662,degoogle,0,0
3663,degoogle,1,0
3664,degoogle,0,0
3665,degoogle,1,0
3666,degoogle,1,0
3667,degoogle,1,1
3668,degoogle,0,0
3669,degoogle,0,0
3670,degoogle,0,0
3671,degoogle,0,0
3672,degoogle,0,0
3673,degoogle,0,0
3674,degoogle,0,0
3675,degoogle,0,0
3676,degoogle,0,0
3677,degoogle,0,0
3678,degoogle,0,0
3679,degoogle,0,0
3680,degoogle,0,0
3681,degoogle,0,0
3682,degoogle,0,0
3683,degoogle,0,0
3684,degoogle,0,0
3685,degoogle,1,1
3686,degoogle,0,0
3687,degoogle,1,0
3688,degoogle,0,0
3689,degoogle,1,0
3690,degoogle,0,0
3691,degoogle,1,1
3692,degoogle,0,0
3693,degoogle,1,0
3694,degoogle,0,0
3695,degoogle,1,0
3696,degoogle,1,0
3697,degoogle,0,0
3698,degoogle,0,0
3699,degoogle,1,0
3700,degoogle,0,0
3701,degoogle,0,0
3702,degoogle,0,0
3703,degoogle,0,0
3704,degoogle,0,0
3705,degoogle,0,0
3706,degoogle,0,0
3707,degoogle,0,0
3708,degoogle,0,0
3709,degoogle,0,0
3710,degoogle,0,0
3711,degoogle,0,0
3712,degoogle,0,0
3713,degoogle,0,0
3714,degoogle,0,0
3715,degoogle,0,0
3716,degoogle,0,0
3717,degoogle,0,0
3718,degoogle,0,0
3719,degoogle,0,0
3720,degoogle,0,0
3721,degoogle,0,0
3722,degoogle,0,0
3723,degoogle,0,0
3724,degoogle,0,0
3725,degoogle,0,0
3726,degoogle,0,0
3727,degoogle,0,0
3728,degoogle,0,0
3729,degoogle,0,0
3730,degoogle,1,0
3731,degoogle,1,0
3732,degoogle,1,0
3733,degoogle,1,0
3734,degoogle,0,0
3735,degoogle,1,1
3736,degoogle,0,0
3737,degoogle,1,1
3738,degoogle,0,0
3739,degoogle,1,0
3740,degoogle,1,1
3741,degoogle,0,0
3742,degoogle,1,1
3743,degoogle,0,0
3744,degoogle,1,0
3745,degoogle,0,0
3746,degoogle,1,0
3747,degoogle,0,0
3748,degoogle,0,0
3749,degoogle,1,0
3750,degoogle,0,0
3751,degoogle,0,0
3752,degoogle,0,0
3753,degoogle,0,0
3754,degoogle,0,0
3755,degoogle,0,0
3756,degoogle,0,0
3757,degoogle,0,0
3758,degoogle,0,0
3759,degoogle,0,0
3760,degoogle,1,0
3761,degoogle,1,0
3762,degoogle,0,0
3763,degoogle,0,0
3764,degoogle,0,0
3765,degoogle,0,0
3766,degoogle,1,1
3767,degoogle,1,1
3768,degoogle,0,0
3769,degoogle,0,0
3770,degoogle,0,0
3771,degoogle,0,0
3772,degoogle,0,0
3773,degoogle,1,1
3774,degoogle,0,0
3775,degoogle,0,0
3776,degoogle,0,0
3777,degoogle,0,0
3778,degoogle,0,0
3779,degoogle,0,0
3780,degoogle,0,0
3781,degoogle,0,0
3782,degoogle,0,0
3783,degoogle,0,0
3784,degoogle,0,0
3785,degoogle,0,0
3786,degoogle,0,0
3787,degoogle,0,0
3788,degoogle,0,0
3789,degoogle,0,0
3790,degoogle,1,0
3791,degoogle,1,0
3792,degoogle,1,0
3793,degoogle,1,0
3794,degoogle,1,0
3795,degoogle,0,0
3796,degoogle,0,0
3797,degoogle,0,0
3798,degoogle,1,0
3799,degoogle,1,0
3800,degoogle,0,0
3801,degoogle,0,0
3802,degoogle,0,0
3803,degoogle,0,0
3804,degoogle,1,0
3805,degoogle,0,0
3806,degoogle,0,0
3807,degoogle,1,1
3808,degoogle,0,0
3809,degoogle,1,0
3810,degoogle,0,0
3811,degoogle,0,0
3812,degoogle,1,0
3813,degoogle,0,0
3814,degoogle,0,0
3815,degoogle,1,0
3816,degoogle,1,1
3817,degoogle,0,0
3818,degoogle,1,1
3819,degoogle,1,0
3820,degoogle,0,0
3821,degoogle,0,0
3822,degoogle,0,0
3823,degoogle,0,0
3824,degoogle,0,0
3825,degoogle,0,0
3826,degoogle,0,0
3827,degoogle,0,0
3828,degoogle,1,0
3829,degoogle,0,0
3830,degoogle,0,0
3831,degoogle,1,1
3832,degoogle,0,0
3833,degoogle,1,1
3834,degoogle,1,0
3835,degoogle,0,0
3836,degoogle,0,0
3837,degoogle,0,0
3838,degoogle,0,0
3839,degoogle,0,0
3840,degoogle,1,0
3841,degoogle,1,0
3842,degoogle,0,0
3843,degoogle,1,0
3844,degoogle,0,0
3845,degoogle,1,1
3846,degoogle,0,0
3847,degoogle,0,0
3848,degoogle,0,0
3849,degoogle,0,0
3850,degoogle,1,1
3851,degoogle,1,1
3852,degoogle,0,0
3853,degoogle,1,1
3854,degoogle,0,0
3855,degoogle,0,0
3856,degoogle,0,0
3857,degoogle,0,0
3858,degoogle,0,0
3859,degoogle,0,0
3860,degoogle,1,1
3861,degoogle,0,0
3862,degoogle,0,0
3863,degoogle,0,0
3864,degoogle,0,0
3865,degoogle,1,0
3866,degoogle,0,0
3867,degoogle,0,0
3868,degoogle,0,0
3869,degoogle,0,0
3870,degoogle,0,0
3871,degoogle,0,0
3872,degoogle,0,0
3873,degoogle,0,0
3874,degoogle,1,1
3875,degoogle,1,1
3876,degoogle,1,1
3877,degoogle,0,0
3878,degoogle,0,0
3879,degoogle,1,1
3880,degoogle,0,0
3881,degoogle,1,1
3882,degoogle,1,1
3883,degoogle,0,0
3884,degoogle,0,0
3885,degoogle,0,0
3886,degoogle,0,0
3887,degoogle,1,1
3888,degoogle,1,1
3889,degoogle,1,0
3890,degoogle,1,1
3891,degoogle,0,0
3892,degoogle,0,0
3893,degoogle,0,0
3894,degoogle,0,0
3895,degoogle,0,0
3896,degoogle,0,0
3897,degoogle,0,0
3898,degoogle,0,0
3899,degoogle,0,0
3900,degoogle,0,0
3901,degoogle,0,0
3902,degoogle,0,0
3903,degoogle,0,0
3904,degoogle,1,0
3905,degoogle,0,0
3906,degoogle,1,0
3907,degoogle,0,0
3908,degoogle,0,0
3909,degoogle,0,0
3910,degoogle,1,0
3911,degoogle,0,0
3912,degoogle,0,0
3913,degoogle,0,0
3914,degoogle,1,0
3915,degoogle,1,0
3916,degoogle,1,0
3917,degoogle,1,0
3918,degoogle,0,0
3919,degoogle,0,0
3920,degoogle,0,0
3921,degoogle,0,0
3922,degoogle,0,0
3923,degoogle,0,0
3924,degoogle,0,0
3925,degoogle,1,1
3926,degoogle,0,0
3927,degoogle,0,0
3928,degoogle,0,0
3929,degoogle,0,0
3930,degoogle,0,0
3931,degoogle,0,0
3932,degoogle,0,0
3933,degoogle,0,0
3934,degoogle,0,0
3935,degoogle,0,0
3936,degoogle,0,0
3937,degoogle,1,0
3938,degoogle,0,0
3939,degoogle,0,0
3940,degoogle,0,0
3941,degoogle,0,0
3942,degoogle,0,0
3943,degoogle,1,0
3944,degoogle,1,0
3945,degoogle,1,0
3946,degoogle,1,1
3947,degoogle,1,0
3948,degoogle,0,0
3949,degoogle,1,0
3950,degoogle,0,0
3951,degoogle,0,0
3952,degoogle,0,0
3953,degoogle,0,0
3954,degoogle,0,0
3955,degoogle,0,0
3956,degoogle,0,0
3957,degoogle,0,0
3958,degoogle,1,0
3959,degoogle,0,0
3960,degoogle,0,0
3961,degoogle,1,0
3962,degoogle,0,0
3963,degoogle,0,0
3964,degoogle,0,0
3965,degoogle,0,0
3966,degoogle,1,0
3967,degoogle,0,0
3968,degoogle,0,0
3969,degoogle,0,0
3970,degoogle,1,0
3971,degoogle,0,0
3972,degoogle,1,0
3973,degoogle,0,0
3974,degoogle,0,0
3975,degoogle,0,0
3976,degoogle,0,0
3977,degoogle,0,0
3978,degoogle,0,0
3979,degoogle,0,0
3980,degoogle,0,0
3981,degoogle,0,0
3982,degoogle,0,0
3983,degoogle,0,0
3984,degoogle,0,0
3985,degoogle,0,0
3986,degoogle,0,0
3987,degoogle,1,1
3988,degoogle,1,1
3989,degoogle,0,0
3990,degoogle,1,0
3991,degoogle,0,0
3992,degoogle,1,1
3993,degoogle,0,0
3994,degoogle,0,0
3995,degoogle,0,0
3996,degoogle,0,0
3997,degoogle,0,0
3998,degoogle,0,0
3999,degoogle,1,0
4000,degoogle,1,1
4001,degoogle,1,1
4002,degoogle,0,0
4003,degoogle,1,0
4004,degoogle,0,0
4005,degoogle,0,0
4006,degoogle,0,0
4007,degoogle,0,0
4008,degoogle,0,0
4009,degoogle,0,0
4010,degoogle,0,0
4011,degoogle,1,0
4012,degoogle,0,0
4013,degoogle,0,0
4014,degoogle,0,0
4015,degoogle,0,0
4016,degoogle,0,0
4017,degoogle,0,0
4018,degoogle,0,0
4019,degoogle,0,0
4020,degoogle,0,0
4021,degoogle,0,0
4022,degoogle,0,0
4023,degoogle,0,0
4024,degoogle,0,0
4025,degoogle,0,0
4026,degoogle,0,0
4027,degoogle,0,0
4028,degoogle,1,0
4029,degoogle,0,0
4030,degoogle,0,0
4031,degoogle,0,0
4032,degoogle,0,0
4033,degoogle,0,0
4034,degoogle,0,0
4035,degoogle,1,0
4036,degoogle,0,0
4037,degoogle,1,0
4038,degoogle,0,0
4039,degoogle,0,0
4040,degoogle,0,0
4041,degoogle,1,0
4042,degoogle,0,0
4043,degoogle,0,0
4044,degoogle,0,0
4045,degoogle,0,0
4046,degoogle,0,0
4047,degoogle,0,0
4048,degoogle,0,0
4049,degoogle,1,1
4050,degoogle,1,1
4051,degoogle,0,0
4052,degoogle,0,0
4053,degoogle,0,0
4054,degoogle,0,0
4055,degoogle,0,0
4056,degoogle,1,0
4057,degoogle,0,0
4058,degoogle,0,0
4059,degoogle,0,0
4060,degoogle,1,1
4061,degoogle,1,1
4062,degoogle,1,0
4063,degoogle,0,0
4064,degoogle,0,0
4065,degoogle,0,0
4066,degoogle,0,0
4067,degoogle,0,0
4068,degoogle,0,0
4069,degoogle,0,0
4070,degoogle,0,0
4071,degoogle,1,0
4072,degoogle,1,0
4073,degoogle,1,1
4074,degoogle,0,0
4075,degoogle,0,0
4076,degoogle,0,0
4077,degoogle,0,0
4078,degoogle,0,0
4079,degoogle,1,0
4080,degoogle,0,0
4081,degoogle,0,0
4082,degoogle,0,0
4083,degoogle,0,0
4084,degoogle,0,0
4085,degoogle,1,0
4086,degoogle,1,1
4087,degoogle,0,0
4088,degoogle,0,0
4089,degoogle,0,0
4090,degoogle,0,0
4091,degoogle,0,0
4092,degoogle,0,0
4093,degoogle,0,0
4094,degoogle,0,0
4095,degoogle,0,0
4096,degoogle,0,0
4097,degoogle,0,0
4098,degoogle,0,0
4099,degoogle,1,0
4100,degoogle,0,0
4101,degoogle,0,0
4102,degoogle,0,0
4103,degoogle,0,0
4104,degoogle,0,0
4105,degoogle,0,0
4106,degoogle,0,0
4107,degoogle,1,1
4108,degoogle,0,0
4109,degoogle,0,0
4110,degoogle,0,0
4111,degoogle,0,0
4112,degoogle,0,0
4113,degoogle,0,0
4114,degoogle,0,0
4115,degoogle,0,0
4116,degoogle,0,0
4117,degoogle,0,0
4118,degoogle,0,0
4119,degoogle,0,0
4120,degoogle,0,0
4121,degoogle,0,0
4122,degoogle,0,0
4123,degoogle,0,0
4124,degoogle,0,0
4125,degoogle,0,0
4126,degoogle,0,0
4127,degoogle,0,0
4128,degoogle,0,0
4129,degoogle,0,0
4130,degoogle,0,0
4131,degoogle,0,0
4132,degoogle,0,0
4133,degoogle,0,0
4134,degoogle,0,0
4135,degoogle,0,0
4136,degoogle,0,0
4137,degoogle,0,0
4138,degoogle,0,0
4139,degoogle,1,1
4140,degoogle,0,0
4141,degoogle,0,0
4142,degoogle,0,0
4143,degoogle,0,0
4144,degoogle,0,0
4145,degoogle,0,0
4146,degoogle,0,0
4147,degoogle,1,0
4148,degoogle,1,1
4149,degoogle,1,0
4150,degoogle,0,0
4151,degoogle,0,0
4152,degoogle,0,0
4153,degoogle,0,0
4154,degoogle,0,0
4155,degoogle,0,0
4156,degoogle,0,0
4157,degoogle,0,0
4158,degoogle,0,0
4159,degoogle,1,1
4160,degoogle,1,1
4161,degoogle,1,1
4162,degoogle,0,0
4163,degoogle,0,0
4164,degoogle,0,0
4165,degoogle,0,0
4166,degoogle,1,1
4167,degoogle,0,0
4168,degoogle,1,1
4169,degoogle,0,0
4170,degoogle,0,0
4171,degoogle,1,1
4172,degoogle,1,1
4173,degoogle,1,1
4174,degoogle,0,0
4175,degoogle,0,0
4176,degoogle,0,0
4177,degoogle,0,0
4178,degoogle,0,0
4179,degoogle,0,0
4180,degoogle,0,0
4181,degoogle,1,0
4182,degoogle,0,0
4183,degoogle,0,0
4184,degoogle,0,0
4185,degoogle,0,0
4186,degoogle,0,0
4187,degoogle,0,0
4188,degoogle,0,0
4189,degoogle,1,0
4190,degoogle,0,0
4191,degoogle,0,0
4192,degoogle,0,0
4193,degoogle,1,1
4194,degoogle,0,0
4195,degoogle,0,0
4196,degoogle,0,0
4197,degoogle,0,0
4198,degoogle,0,0
4199,degoogle,0,0
4200,degoogle,0,0
4201,degoogle,0,0
4202,degoogle,0,0
4203,degoogle,0,0
4204,degoogle,0,0
4205,degoogle,0,0
4206,degoogle,0,0
4207,degoogle,0,0
4208,degoogle,1,1
4209,degoogle,0,0
4210,degoogle,1,0
4211,degoogle,0,0
4212,degoogle,1,1
4213,degoogle,0,0
4214,degoogle,0,0
4215,degoogle,1,0
4216,degoogle,0,0
4217,degoogle,1,0
4218,degoogle,0,0
4219,degoogle,0,0
4220,degoogle,0,0
4221,degoogle,1,0
4222,degoogle,1,1
4223,degoogle,1,0
4224,degoogle,0,0
4225,degoogle,0,0
4226,degoogle,0,0
4227,degoogle,0,0
4228,degoogle,0,0
4229,degoogle,1,1
4230,degoogle,1,1
4231,degoogle,0,0
4232,degoogle,0,0
4233,degoogle,0,0
4234,degoogle,0,0
4235,degoogle,1,1
4236,degoogle,0,0
4237,degoogle,1,1
4238,degoogle,0,0
4239,degoogle,1,1
4240,degoogle,1,1
4241,degoogle,0,0
4242,degoogle,0,0
4243,degoogle,1,1
4244,degoogle,0,0
4245,degoogle,0,0
4246,degoogle,0,0
4247,degoogle,0,0
4248,degoogle,0,0
4249,degoogle,0,0
4250,degoogle,0,0
4251,degoogle,0,0
4252,degoogle,0,0
4253,degoogle,0,0
4254,degoogle,1,1
4255,degoogle,0,0
4256,degoogle,0,0
4257,degoogle,0,0
4258,degoogle,0,0
4259,degoogle,0,0
4260,degoogle,0,0
4261,degoogle,0,0
4262,degoogle,0,0
4263,degoogle,0,0
4264,degoogle,0,0
4265,degoogle,0,0
4266,degoogle,0,0
4267,degoogle,0,0
4268,degoogle,0,0
4269,degoogle,0,0
4270,degoogle,0,0
4271,degoogle,0,0
4272,degoogle,0,0
4273,degoogle,0,0
4274,degoogle,0,0
4275,degoogle,0,0
4276,degoogle,0,0
4277,degoogle,0,0
4278,degoogle,0,0
4279,degoogle,0,0
4280,degoogle,1,1
4281,degoogle,0,0
4282,degoogle,0,0
4283,degoogle,0,0
4284,degoogle,1,0
4285,degoogle,1,0
4286,degoogle,1,0
4287,degoogle,0,0
4288,degoogle,0,0
4289,degoogle,0,0
4290,degoogle,0,0
4291,degoogle,1,0
4292,degoogle,0,0
4293,degoogle,0,0
4294,degoogle,0,0
4295,degoogle,0,0
4296,degoogle,0,0
4297,degoogle,0,0
4298,degoogle,0,0
4299,degoogle,0,0
4300,degoogle,1,0
4301,degoogle,0,0
4302,degoogle,0,0
4303,degoogle,0,0
4304,degoogle,1,1
4305,degoogle,1,1
4306,degoogle,0,0
4307,degoogle,1,0
4308,degoogle,0,0
4309,degoogle,1,0
4310,degoogle,0,0
4311,degoogle,1,0
4312,degoogle,0,0
4313,degoogle,0,0
4314,degoogle,0,0
4315,degoogle,0,0
4316,degoogle,0,0
4317,degoogle,1,1
4318,degoogle,0,0
4319,degoogle,1,0
4320,degoogle,0,0
4321,degoogle,0,0
4322,degoogle,0,0
4323,degoogle,0,0
4324,degoogle,0,0
4325,degoogle,0,0
4326,degoogle,1,0
4327,degoogle,0,0
4328,degoogle,1,0
4329,degoogle,0,0
4330,degoogle,0,0
4331,degoogle,1,0
4332,degoogle,0,0
4333,degoogle,0,0
4334,degoogle,0,0
4335,degoogle,0,0
4336,degoogle,1,0
4337,degoogle,1,0
4338,degoogle,1,0
4339,degoogle,0,0
4340,degoogle,0,0
4341,degoogle,0,0
4342,degoogle,0,0
4343,degoogle,0,0
4344,degoogle,0,0
4345,degoogle,0,0
4346,degoogle,0,0
4347,degoogle,1,1
4348,degoogle,0,0
4349,degoogle,1,0
4350,degoogle,0,0
4351,degoogle,1,1
4352,degoogle,1,1
4353,degoogle,1,0
4354,degoogle,0,0
4355,degoogle,1,0
4356,degoogle,0,0
4357,degoogle,1,1
4358,degoogle,1,0
4359,degoogle,0,0
4360,degoogle,1,0
4361,degoogle,0,0
4362,degoogle,0,0
4363,degoogle,1,0
4364,degoogle,1,1
4365,degoogle,1,0
4366,degoogle,1,1
4367,degoogle,0,0
4368,degoogle,0,0
4369,degoogle,1,0
4370,degoogle,1,0
4371,degoogle,1,0
4372,degoogle,1,1
4373,degoogle,1,0
4374,degoogle,1,0
4375,degoogle,0,0
4376,degoogle,1,0
4377,degoogle,0,0
4378,degoogle,0,0
4379,degoogle,1,0
4380,degoogle,0,0
4381,degoogle,0,0
4382,degoogle,1,0
4383,degoogle,0,0
4384,degoogle,1,1
4385,degoogle,0,0
4386,degoogle,1,0
4387,degoogle,0,0
4388,degoogle,0,0
4389,degoogle,1,1
4390,degoogle,1,0
4391,degoogle,0,0
4392,degoogle,1,1
4393,degoogle,1,1
4394,degoogle,1,0
4395,degoogle,1,1
4396,degoogle,1,0
4397,degoogle,1,1
4398,degoogle,1,0
4399,degoogle,0,0
4400,degoogle,0,0
4401,degoogle,0,0
4402,degoogle,0,0
4403,degoogle,0,0
4404,degoogle,0,0
4405,degoogle,0,0
4406,degoogle,0,0
4407,degoogle,0,0
4408,degoogle,1,0
4409,degoogle,0,0
4410,degoogle,1,0
4411,degoogle,0,0
4412,degoogle,1,1
4413,degoogle,0,0
4414,degoogle,0,0
4415,degoogle,0,0
4416,degoogle,0,0
4417,degoogle,0,0
4418,degoogle,1,1
4419,degoogle,0,0
4420,degoogle,0,0
4421,degoogle,0,0
4422,degoogle,0,0
4423,degoogle,0,0
4424,degoogle,0,0
4425,degoogle,0,0
4426,degoogle,0,0
4427,degoogle,0,0
4428,degoogle,0,0
4429,degoogle,0,0
4430,degoogle,1,1
4431,degoogle,0,0
4432,degoogle,0,0
4433,degoogle,0,0
4434,degoogle,1,0
4435,degoogle,1,0
4436,degoogle,0,0
4437,degoogle,1,0
4438,degoogle,1,1
4439,degoogle,1,1
4440,degoogle,1,1
4441,degoogle,1,1
4442,degoogle,0,0
4443,degoogle,1,0
4444,degoogle,1,1
4445,degoogle,1,1
4446,degoogle,0,0
4447,degoogle,0,0
4448,degoogle,1,0
4449,degoogle,1,1
4450,degoogle,1,1
4451,degoogle,0,0
4452,degoogle,1,1
4453,degoogle,1,0
4454,degoogle,1,0
4455,degoogle,0,0
4456,degoogle,1,1
4457,degoogle,0,0
4458,degoogle,1,1
4459,degoogle,0,0
4460,degoogle,1,1
4461,degoogle,1,1
4462,degoogle,1,0
4463,degoogle,1,1
4464,degoogle,0,0
4465,degoogle,0,0
4466,degoogle,1,0
4467,degoogle,1,0
4468,degoogle,1,0
4469,degoogle,1,1
4470,degoogle,1,1
4471,degoogle,1,1
4472,degoogle,1,1
4473,degoogle,0,0
4474,degoogle,0,0
4475,degoogle,0,0
4476,degoogle,0,0
4477,degoogle,0,0
4478,degoogle,1,1
4479,degoogle,1,1
4480,degoogle,1,0
4481,degoogle,0,0
4482,degoogle,1,0
4483,degoogle,0,0
4484,degoogle,0,0
4485,degoogle,1,0
4486,degoogle,1,1
4487,degoogle,1,1
4488,degoogle,1,1
4489,degoogle,1,1
4490,degoogle,1,1
4491,degoogle,1,0
4492,degoogle,1,1
4493,degoogle,1,1
4494,degoogle,0,0
4495,degoogle,1,0
4496,degoogle,1,1
4497,degoogle,1,0
4498,degoogle,1,1
4499,degoogle,0,0
4500,degoogle,0,0
4501,degoogle,1,1
4502,degoogle,0,0
4503,degoogle,0,0
4504,degoogle,1,1
4505,degoogle,1,1
4506,degoogle,0,0
4507,degoogle,0,0
4508,degoogle,0,0
4509,degoogle,0,0
4510,degoogle,0,0
4511,degoogle,1,1
4512,degoogle,0,0
4513,degoogle,0,0
4514,degoogle,1,0
4515,degoogle,0,0
4516,degoogle,0,0
4517,degoogle,0,0
4518,degoogle,0,0
4519,degoogle,1,1
4520,degoogle,0,0
4521,degoogle,0,0
4522,degoogle,1,1
4523,degoogle,0,0
4524,degoogle,1,1
4525,degoogle,0,0
4526,degoogle,0,0
4527,degoogle,1,1
4528,degoogle,0,0
4529,degoogle,0,0
4530,degoogle,1,1
4531,degoogle,1,1
4532,degoogle,0,0
4533,degoogle,1,1
4534,degoogle,0,0
4535,degoogle,1,1
4536,degoogle,0,0
4537,degoogle,1,1
4538,degoogle,0,0
4539,degoogle,0,0
4540,degoogle,0,0
4541,degoogle,0,0
4542,degoogle,0,0
4543,degoogle,0,0
4544,degoogle,1,1
4545,degoogle,0,0
4546,degoogle,0,0
4547,degoogle,0,0
4548,degoogle,0,0
4549,degoogle,0,0
4550,degoogle,0,0
4551,degoogle,0,0
4552,degoogle,0,0
4553,degoogle,0,0
4554,degoogle,0,0
4555,degoogle,0,0
4556,degoogle,0,0
4557,degoogle,1,1
4558,degoogle,1,1
4559,degoogle,0,0
4560,degoogle,0,0
4561,degoogle,1,0
4562,degoogle,1,0
4563,degoogle,0,0
4564,degoogle,0,0
4565,degoogle,1,1
4566,degoogle,0,0
4567,degoogle,0,0
4568,degoogle,0,0
4569,degoogle,1,0
4570,degoogle,1,1
4571,degoogle,1,1
4572,degoogle,1,1
4573,degoogle,0,0
4574,degoogle,0,0
4575,degoogle,0,0
4576,degoogle,0,0
4577,degoogle,0,0
4578,degoogle,1,1
4579,degoogle,0,0
4580,degoogle,0,0
4581,degoogle,0,0
4582,degoogle,0,0
4583,degoogle,0,0
4584,degoogle,0,0
4585,degoogle,1,1
4586,degoogle,1,1
4587,degoogle,0,0
4588,degoogle,0,0
4589,degoogle,1,1
4590,degoogle,0,0
4591,degoogle,0,0
4592,degoogle,0,0
4593,degoogle,1,1
4594,degoogle,0,0
4595,degoogle,0,0
4596,degoogle,0,0
4597,degoogle,1,1
4598,degoogle,0,0
4599,degoogle,0,0
4600,degoogle,1,1
4601,degoogle,1,0
4602,degoogle,0,0
4603,degoogle,1,1
4604,degoogle,1,1
4605,degoogle,1,1
4606,degoogle,1,1
4607,degoogle,0,0
4608,degoogle,0,0
4609,degoogle,0,0
4610,degoogle,1,1
4611,degoogle,1,1
4612,degoogle,1,1
4613,degoogle,1,1
4614,degoogle,0,0
4615,degoogle,0,0
4616,degoogle,0,0
4617,degoogle,0,0
4618,degoogle,0,0
4619,degoogle,0,0
4620,degoogle,1,1
4621,degoogle,0,0
4622,degoogle,1,1
4623,degoogle,1,1
4624,degoogle,1,0
4625,degoogle,1,1
4626,degoogle,1,1
4627,degoogle,1,1
4628,degoogle,1,0
4629,degoogle,1,1
4630,degoogle,1,0
4631,degoogle,1,0
4632,degoogle,1,0
4633,degoogle,1,1
4634,degoogle,1,0
4635,degoogle,1,1
4636,degoogle,1,1
4637,degoogle,1,0
4638,degoogle,0,0
4639,degoogle,1,0
4640,degoogle,0,0
4641,degoogle,1,1
4642,degoogle,0,0
4643,degoogle,1,0
4644,degoogle,0,0
4645,degoogle,1,1
4646,degoogle,1,1
4647,degoogle,0,0
4648,degoogle,1,1
4649,degoogle,1,1
4650,degoogle,0,0
4651,degoogle,1,0
4652,degoogle,1,1
4653,degoogle,0,0
4654,degoogle,0,0
4655,degoogle,1,0
4656,degoogle,0,0
4657,degoogle,0,0
4658,degoogle,1,1
4659,degoogle,0,0
4660,degoogle,1,1
4661,degoogle,1,0
4662,degoogle,1,1
4663,degoogle,1,1
4664,degoogle,0,0
4665,degoogle,1,1
4666,degoogle,0,0
4667,degoogle,0,0
4668,degoogle,1,1
4669,degoogle,1,1
4670,degoogle,0,0
4671,degoogle,0,0
4672,degoogle,0,0
4673,degoogle,0,0
4674,degoogle,1,1
4675,degoogle,1,1
4676,degoogle,0,0
4677,degoogle,0,0
4678,degoogle,0,0
4679,degoogle,1,1
4680,degoogle,0,0
4681,degoogle,1,1
4682,degoogle,0,0
4683,degoogle,1,1
4684,degoogle,0,0
4685,degoogle,1,1
4686,degoogle,1,0
4687,degoogle,0,0
4688,degoogle,0,0
4689,degoogle,1,1
4690,degoogle,1,0
4691,degoogle,1,0
4692,degoogle,1,1
4693,degoogle,1,1
4694,degoogle,1,0
4695,degoogle,1,0
4696,degoogle,1,1
4697,degoogle,0,0
4698,degoogle,0,0
4699,degoogle,0,0
4700,degoogle,0,0
4701,degoogle,0,0
4702,degoogle,1,1
4703,degoogle,1,0
4704,degoogle,1,1
4705,degoogle,1,1
4706,degoogle,1,1
4707,degoogle,1,0
4708,degoogle,0,0
4709,degoogle,0,0
4710,degoogle,1,0
4711,degoogle,0,0
4712,degoogle,1,1
4713,degoogle,0,0
4714,degoogle,1,1
4715,degoogle,1,0
4716,degoogle,0,0
4717,degoogle,1,1
4718,degoogle,1,0
4719,degoogle,1,0
4720,degoogle,0,0
4721,degoogle,0,0
4722,degoogle,0,0
4723,degoogle,0,0
4724,degoogle,0,0
4725,degoogle,0,0
4726,degoogle,1,1
4727,degoogle,0,0
4728,degoogle,1,1
4729,degoogle,1,0
4730,degoogle,1,1
4731,degoogle,1,1
4732,degoogle,1,1
4733,degoogle,0,0
4734,degoogle,0,0
4735,degoogle,0,0
4736,degoogle,0,0
4737,degoogle,1,1
4738,degoogle,0,0
4739,degoogle,1,1
4740,degoogle,1,1
4741,degoogle,1,1
4742,degoogle,0,0
4743,degoogle,0,0
4744,degoogle,1,0
4745,degoogle,1,0
4746,degoogle,0,0
4747,degoogle,1,0
4748,degoogle,0,0
4749,degoogle,1,1
4750,degoogle,0,0
4751,degoogle,1,1
4752,degoogle,0,0
4753,degoogle,0,0
4754,degoogle,0,0
4755,degoogle,0,0
4756,degoogle,1,1
4757,degoogle,1,1
4758,degoogle,1,1
4759,degoogle,0,0
4760,degoogle,0,0
4761,degoogle,0,0
4762,degoogle,1,1
4763,degoogle,0,0
4764,degoogle,1,1
4765,degoogle,1,1
4766,degoogle,0,0
4767,degoogle,1,1
4768,degoogle,1,1
4769,degoogle,0,0
4770,degoogle,0,0
4771,degoogle,1,0
4772,degoogle,1,1
4773,degoogle,1,1
4774,degoogle,1,1
4775,degoogle,1,1
4776,degoogle,0,0
4777,degoogle,1,1
4778,degoogle,1,1
4779,degoogle,0,0
4780,degoogle,0,0
4781,degoogle,0,0
4782,degoogle,1,1
4783,degoogle,1,0
4784,degoogle,1,0
4785,degoogle,0,0
4786,degoogle,1,0
4787,degoogle,1,1
4788,degoogle,0,0
4789,degoogle,0,0
4790,degoogle,1,1
4791,degoogle,1,0
4792,degoogle,0,0
4793,degoogle,1,1
4794,degoogle,0,0
4795,degoogle,0,0
4796,degoogle,1,1
4797,degoogle,0,0
4798,degoogle,1,1
4799,degoogle,0,0
4800,degoogle,0,0
4801,degoogle,1,0
4802,degoogle,1,1
4803,degoogle,1,1
4804,degoogle,1,1
4805,degoogle,0,0
4806,degoogle,0,0
4807,degoogle,0,0
4808,degoogle,0,0
4809,degoogle,0,0
4810,degoogle,1,0
4811,degoogle,0,0
4812,degoogle,1,1
4813,degoogle,0,0
4814,degoogle,0,0
4815,degoogle,0,0
4816,degoogle,1,0
4817,degoogle,1,0
4818,degoogle,1,1
4819,degoogle,0,0
4820,degoogle,0,0
4821,degoogle,1,1
4822,degoogle,1,1
4823,degoogle,0,0
4824,degoogle,1,1
4825,degoogle,0,0
4826,degoogle,1,1
4827,degoogle,1,1
4828,degoogle,0,0
4829,degoogle,1,1
4830,degoogle,0,0
4831,degoogle,0,0
4832,degoogle,0,0
4833,degoogle,0,0
4834,degoogle,0,0
4835,degoogle,0,0
4836,degoogle,0,0
4837,degoogle,1,1
4838,degoogle,1,1
4839,degoogle,0,0
4840,degoogle,1,1
4841,degoogle,1,0
4842,degoogle,0,0
4843,degoogle,1,1
4844,degoogle,1,0
4845,degoogle,1,1
4846,degoogle,1,1
4847,degoogle,0,0
4848,degoogle,0,0
4849,degoogle,1,0
4850,degoogle,0,0
4851,degoogle,1,1
4852,degoogle,1,0
4853,degoogle,1,0
4854,degoogle,1,0
4855,degoogle,0,0
4856,degoogle,0,0
4857,degoogle,0,0
4858,degoogle,0,0
4859,degoogle,0,0
4860,degoogle,0,0
4861,degoogle,1,0
4862,degoogle,0,0
4863,degoogle,1,1
4864,degoogle,0,0
4865,degoogle,0,0
4866,degoogle,1,1
4867,degoogle,0,0
4868,degoogle,1,1
4869,degoogle,0,0
4870,degoogle,1,1
4871,degoogle,1,1
4872,degoogle,1,1
4873,degoogle,1,1
4874,degoogle,1,1
4875,degoogle,1,1
4876,degoogle,0,0
4877,degoogle,0,0
4878,degoogle,1,0
4879,degoogle,0,0
4880,degoogle,0,0
4881,degoogle,0,0
4882,degoogle,1,1
4883,degoogle,1,1
4884,degoogle,0,0
4885,degoogle,0,0
4886,degoogle,0,0
4887,degoogle,0,0
4888,degoogle,0,0
4889,degoogle,1,0
4890,degoogle,0,0
4891,degoogle,0,0
4892,degoogle,0,0
4893,degoogle,0,0
4894,degoogle,1,1
4895,degoogle,0,0
4896,degoogle,1,1
4897,degoogle,0,0
4898,degoogle,0,0
4899,degoogle,0,0
4900,degoogle,0,0
4901,degoogle,1,1
4902,degoogle,1,1
4903,degoogle,0,0
4904,degoogle,1,1
4905,degoogle,1,1
4906,degoogle,0,0
4907,degoogle,0,0
4908,degoogle,1,1
4909,degoogle,1,1
4910,degoogle,1,1
4911,degoogle,0,0
4912,degoogle,1,1
4913,degoogle,0,0
4914,degoogle,0,0
4915,degoogle,0,0
4916,degoogle,0,0
4917,degoogle,1,1
4918,degoogle,0,0
4919,degoogle,1,1
4920,degoogle,0,0
4921,degoogle,0,0
4922,degoogle,0,0
4923,degoogle,0,0
4924,degoogle,1,1
4925,degoogle,0,0
4926,degoogle,0,0
4927,degoogle,0,0
4928,degoogle,0,0
4929,degoogle,1,0
4930,degoogle,1,0
4931,degoogle,1,0
4932,degoogle,0,0
4933,degoogle,0,0
4934,degoogle,1,1
4935,degoogle,0,0
4936,degoogle,0,0
4937,degoogle,0,0
4938,degoogle,0,0
4939,degoogle,0,0
4940,degoogle,0,0
4941,degoogle,0,0
4942,degoogle,0,0
4943,degoogle,0,0
4944,degoogle,1,0
4945,degoogle,1,0
4946,degoogle,0,0
4947,degoogle,0,0
4948,degoogle,1,1
4949,degoogle,1,1
4950,degoogle,0,0
4951,degoogle,0,0
4952,degoogle,1,1
4953,degoogle,1,1
4954,degoogle,0,0
4955,degoogle,0,0
4956,degoogle,0,0
4957,degoogle,1,1
4958,degoogle,0,0
4959,degoogle,1,1
4960,degoogle,1,1
4961,degoogle,1,1
4962,degoogle,1,1
4963,degoogle,0,0
4964,degoogle,0,0
4965,degoogle,0,0
4966,degoogle,0,0
4967,degoogle,0,0
4968,degoogle,0,0
4969,degoogle,0,0
4970,degoogle,1,0
4971,degoogle,0,0
4972,degoogle,0,0
4973,degoogle,0,0
4974,degoogle,0,0
4975,degoogle,0,0
4976,degoogle,0,0
4977,degoogle,0,0
4978,degoogle,0,0
4979,degoogle,0,0
4980,degoogle,0,0
4981,degoogle,0,0
4982,degoogle,0,0
4983,degoogle,0,0
4984,degoogle,0,0
4985,degoogle,1,1
4986,degoogle,0,0
4987,degoogle,1,0
4988,degoogle,0,0
4989,degoogle,0,0
4990,degoogle,1,0
4991,degoogle,1,1
4992,degoogle,1,1
4993,degoogle,1,1
4994,degoogle,1,0
4995,degoogle,0,0
4996,degoogle,0,0
4997,degoogle,0,0
4998,degoogle,0,0
4999,degoogle,0,0
5000,degoogle,0,0
5001,degoogle,0,0
5002,degoogle,0,0
5003,degoogle,1,0
5004,degoogle,0,0
5005,degoogle,1,1
5006,degoogle,1,1
5007,degoogle,1,0
5008,degoogle,1,0
5009,degoogle,1,1
5010,degoogle,1,1
5011,degoogle,1,0
5012,degoogle,1,0
5013,degoogle,1,0
5014,degoogle,0,0
5015,degoogle,1,0
5016,degoogle,1,0
5017,degoogle,1,1
5018,degoogle,0,0
5019,degoogle,0,0
5020,degoogle,0,0
5021,degoogle,0,0
5022,degoogle,0,0
5023,degoogle,0,0
5024,degoogle,0,0
5025,degoogle,0,0
5026,degoogle,1,0
5027,degoogle,1,1
5028,degoogle,0,0
5029,degoogle,1,1
5030,degoogle,1,1
5031,degoogle,0,0
5032,degoogle,1,1
5033,degoogle,0,0
5034,degoogle,0,0
5035,degoogle,1,1
5036,degoogle,0,0
5037,degoogle,0,0
5038,degoogle,0,0
5039,degoogle,0,0
5040,degoogle,1,0
5041,degoogle,0,0
5042,degoogle,0,0
5043,degoogle,0,0
5044,degoogle,0,0
5045,degoogle,0,0
5046,degoogle,0,0
5047,degoogle,0,0
5048,degoogle,0,0
5049,degoogle,0,0
5050,degoogle,0,0
5051,degoogle,0,0
5052,degoogle,0,0
5053,degoogle,0,0
5054,degoogle,0,0
5055,degoogle,0,0
5056,degoogle,0,0
5057,degoogle,0,0
5058,degoogle,0,0
5059,degoogle,0,0
5060,degoogle,0,0
5061,degoogle,0,0
5062,degoogle,0,0
5063,degoogle,0,0
5064,degoogle,0,0
5065,degoogle,0,0
5066,degoogle,0,0
5067,degoogle,0,0
5068,degoogle,0,0
5069,degoogle,0,0
5070,degoogle,0,0
5071,degoogle,0,0
5072,degoogle,1,0
5073,degoogle,0,0
5074,degoogle,1,0
5075,degoogle,0,0
5076,degoogle,1,1
5077,degoogle,0,0
5078,degoogle,0,0
5079,degoogle,1,1
5080,degoogle,1,1
5081,degoogle,0,0
5082,degoogle,1,0
5083,degoogle,0,0
5084,degoogle,1,1
5085,degoogle,0,0
5086,degoogle,0,0
5087,degoogle,0,0
5088,degoogle,0,0
5089,degoogle,0,0
5090,degoogle,1,0
5091,degoogle,0,0
5092,degoogle,1,0
5093,degoogle,0,0
5094,degoogle,0,0
5095,degoogle,0,0
5096,degoogle,1,0
5097,degoogle,0,0
5098,degoogle,0,0
5099,degoogle,0,0
5100,degoogle,1,1
5101,degoogle,0,0
5102,degoogle,0,0
5103,degoogle,0,0
5104,degoogle,0,0
5105,degoogle,0,0
5106,degoogle,0,0
5107,degoogle,1,0
5108,degoogle,0,0
5109,degoogle,0,0
5110,degoogle,0,0
5111,degoogle,1,1
5112,degoogle,1,1
5113,degoogle,0,0
5114,degoogle,0,0
5115,degoogle,0,0
5116,degoogle,0,0
5117,degoogle,0,0
5118,degoogle,0,0
5119,degoogle,0,0
5120,degoogle,0,0
5121,degoogle,1,0
5122,degoogle,0,0
5123,degoogle,0,0
5124,degoogle,0,0
5125,degoogle,1,1
5126,degoogle,0,0
5127,degoogle,0,0
5128,degoogle,0,0
5129,degoogle,0,0
5130,degoogle,1,0
5131,degoogle,0,0
5132,degoogle,1,0
5133,degoogle,0,0
5134,degoogle,0,0
5135,degoogle,1,0
5136,degoogle,0,0
5137,degoogle,1,1
5138,degoogle,1,0
5139,degoogle,1,0
5140,degoogle,1,0
5141,degoogle,1,0
5142,degoogle,0,0
5143,degoogle,1,0
5144,degoogle,0,0
5145,degoogle,0,0
5146,degoogle,0,0
5147,degoogle,0,0
5148,degoogle,0,0
5149,degoogle,0,0
5150,degoogle,0,0
5151,degoogle,0,0
5152,degoogle,0,0
5153,degoogle,1,0
5154,degoogle,0,0
5155,degoogle,0,0
5156,degoogle,1,0
5157,degoogle,0,0
5158,degoogle,0,0
5159,degoogle,1,0
5160,degoogle,1,0
5161,degoogle,0,0
5162,degoogle,0,0
5163,degoogle,1,1
5164,degoogle,1,0
5165,degoogle,0,0
5166,degoogle,0,0
5167,degoogle,0,0
5168,degoogle,0,0
5169,degoogle,0,0
5170,degoogle,1,0
5171,degoogle,0,0
5172,degoogle,1,0
5173,degoogle,1,1
5174,degoogle,0,0
5175,degoogle,0,0
5176,degoogle,0,0
5177,degoogle,0,0
5178,degoogle,0,0
5179,degoogle,0,0
5180,degoogle,0,0
5181,degoogle,0,0
5182,degoogle,0,0
5183,degoogle,0,0
5184,degoogle,0,0
5185,degoogle,1,0
5186,degoogle,0,0
5187,degoogle,1,0
5188,degoogle,0,0
5189,degoogle,1,1
5190,degoogle,1,0
5191,degoogle,0,0
5192,degoogle,1,1
5193,degoogle,0,0
5194,degoogle,0,0
5195,degoogle,0,0
5196,degoogle,1,1
5197,degoogle,0,0
5198,degoogle,1,0
5199,degoogle,1,0
5200,degoogle,0,0
5201,degoogle,0,0
5202,degoogle,0,0
5203,degoogle,0,0
5204,degoogle,0,0
5205,degoogle,0,0
5206,degoogle,0,0
5207,degoogle,1,0
5208,degoogle,1,0
5209,degoogle,0,0
5210,degoogle,0,0
5211,degoogle,0,0
5212,degoogle,0,0
5213,degoogle,0,0
5214,degoogle,0,0
5215,degoogle,0,0
5216,degoogle,0,0
5217,degoogle,0,0
5218,degoogle,1,0
5219,degoogle,0,0
5220,degoogle,1,0
5221,degoogle,0,0
5222,degoogle,0,0
5223,degoogle,0,0
5224,degoogle,0,0
5225,degoogle,0,0
5226,degoogle,0,0
5227,degoogle,1,1
5228,degoogle,1,1
5229,degoogle,1,1
5230,degoogle,0,0
5231,degoogle,0,0
5232,degoogle,0,0
5233,degoogle,0,0
5234,degoogle,0,0
5235,degoogle,0,0
5236,degoogle,0,0
5237,degoogle,0,0
5238,degoogle,0,0
5239,degoogle,0,0
5240,degoogle,0,0
5241,degoogle,0,0
5242,degoogle,0,0
5243,degoogle,0,0
5244,degoogle,1,1
5245,degoogle,0,0
5246,degoogle,0,0
5247,degoogle,0,0
5248,degoogle,0,0
5249,degoogle,1,0
5250,degoogle,0,0
5251,degoogle,0,0
5252,degoogle,1,0
5253,degoogle,0,0
5254,degoogle,0,0
5255,degoogle,0,0
5256,degoogle,0,0
5257,degoogle,1,0
5258,degoogle,0,0
5259,degoogle,1,0
5260,degoogle,0,0
5261,degoogle,1,0
5262,degoogle,0,0
5263,degoogle,0,0
5264,degoogle,0,0
5265,degoogle,0,0
5266,degoogle,0,0
5267,degoogle,0,0
5268,degoogle,0,0
5269,degoogle,0,0
5270,degoogle,1,0
5271,degoogle,1,0
5272,degoogle,1,0
5273,degoogle,1,1
5274,degoogle,0,0
5275,degoogle,0,0
5276,degoogle,0,0
5277,degoogle,0,0
5278,degoogle,1,1
5279,degoogle,0,0
5280,degoogle,0,0
5281,degoogle,0,0
5282,degoogle,0,0
5283,degoogle,1,0
5284,degoogle,0,0
5285,degoogle,0,0
5286,degoogle,0,0
5287,degoogle,0,0
5288,degoogle,0,0
5289,degoogle,0,0
5290,degoogle,0,0
5291,degoogle,0,0
5292,degoogle,0,0
5293,degoogle,0,0
5294,degoogle,0,0
5295,degoogle,0,0
5296,degoogle,0,0
5297,degoogle,0,0
5298,degoogle,1,1
5299,degoogle,0,0
5300,degoogle,0,0
5301,degoogle,1,1
5302,degoogle,1,1
5303,degoogle,1,1
5304,degoogle,1,1
5305,degoogle,0,0
5306,degoogle,1,1
5307,degoogle,1,1
5308,degoogle,1,1
5309,degoogle,1,1
5310,degoogle,0,0
5311,degoogle,1,1
5312,degoogle,1,1
5313,degoogle,1,1
5314,degoogle,1,1
5315,degoogle,0,0
5316,degoogle,1,1
5317,degoogle,0,0
5318,degoogle,0,0
5319,degoogle,0,0
5320,degoogle,0,0
5321,degoogle,0,0
5322,degoogle,0,0
5323,degoogle,1,1
5324,degoogle,0,0
5325,degoogle,0,0
5326,degoogle,0,0
5327,degoogle,0,0
5328,degoogle,0,0
5329,degoogle,0,0
5330,degoogle,0,0
5331,degoogle,0,0
5332,degoogle,0,0
5333,degoogle,1,0
5334,degoogle,0,0
5335,degoogle,1,1
5336,degoogle,0,0
5337,degoogle,1,1
5338,degoogle,0,0
5339,degoogle,0,0
5340,degoogle,0,0
5341,degoogle,1,1
5342,degoogle,1,1
5343,degoogle,1,0
5344,degoogle,0,0
5345,degoogle,0,0
5346,degoogle,0,0
5347,degoogle,0,0
5348,degoogle,0,0
5349,degoogle,0,0
5350,degoogle,1,1
5351,degoogle,0,0
5352,degoogle,0,0
5353,degoogle,0,0
5354,degoogle,1,0
5355,degoogle,0,0
5356,degoogle,0,0
5357,degoogle,0,0
5358,degoogle,1,1
5359,degoogle,0,0
5360,degoogle,1,1
5361,degoogle,1,1
5362,degoogle,0,0
5363,degoogle,0,0
5364,degoogle,0,0
5365,degoogle,1,1
5366,degoogle,1,1
5367,degoogle,0,0
5368,degoogle,1,1
5369,degoogle,0,0
5370,degoogle,1,1
5371,degoogle,0,0
5372,degoogle,1,1
5373,degoogle,0,0
5374,degoogle,1,1
5375,degoogle,0,0
5376,degoogle,0,0
5377,degoogle,1,1
5378,degoogle,1,1
5379,degoogle,1,1
5380,degoogle,0,0
5381,degoogle,0,0
5382,degoogle,0,0
5383,degoogle,0,0
5384,degoogle,0,0
5385,degoogle,0,0
5386,degoogle,0,0
5387,degoogle,0,0
5388,degoogle,0,0
5389,degoogle,0,0
5390,degoogle,1,1
5391,degoogle,0,0
5392,degoogle,0,0
5393,degoogle,0,0
5394,degoogle,0,0
5395,degoogle,0,0
5396,degoogle,0,0
5397,degoogle,0,0
5398,degoogle,0,0
5399,degoogle,0,0
5400,degoogle,0,0
5401,degoogle,0,0
5402,degoogle,0,0
5403,degoogle,0,0
5404,degoogle,0,0
5405,degoogle,0,0
5406,degoogle,0,0
5407,degoogle,1,1
5408,degoogle,1,1
5409,degoogle,1,1
5410,degoogle,1,1
5411,degoogle,0,0
5412,degoogle,0,0
5413,degoogle,0,0
5414,degoogle,1,1
5415,degoogle,1,1
5416,degoogle,1,1
5417,degoogle,1,1
5418,degoogle,1,1
5419,degoogle,1,0
5420,degoogle,0,0
5421,degoogle,0,0
5422,degoogle,0,0
5423,degoogle,0,0
5424,degoogle,1,1
5425,degoogle,0,0
5426,degoogle,0,0
5427,degoogle,0,0
5428,degoogle,0,0
5429,degoogle,0,0
5430,degoogle,0,0
5431,degoogle,0,0
5432,degoogle,0,0
5433,degoogle,1,1
5434,degoogle,0,0
5435,degoogle,0,0
5436,degoogle,0,0
5437,degoogle,1,1
5438,degoogle,0,0
5439,degoogle,1,1
5440,degoogle,0,0
5441,degoogle,0,0
5442,degoogle,0,0
5443,degoogle,0,0
5444,degoogle,1,0
5445,degoogle,0,0
5446,degoogle,0,0
5447,degoogle,0,0
5448,degoogle,0,0
5449,degoogle,0,0
5450,degoogle,1,1
5451,degoogle,1,1
5452,degoogle,0,0
5453,degoogle,0,0
5454,degoogle,0,0
5455,degoogle,1,0
5456,degoogle,0,0
5457,degoogle,0,0
5458,degoogle,0,0
5459,degoogle,1,1
5460,degoogle,1,1
5461,degoogle,1,1
5462,degoogle,1,1
5463,degoogle,0,0
5464,degoogle,0,0
5465,degoogle,1,1
5466,degoogle,0,0
5467,degoogle,1,1
5468,degoogle,0,0
5469,degoogle,0,0
5470,degoogle,0,0
5471,degoogle,0,0
5472,degoogle,0,0
5473,degoogle,0,0
5474,degoogle,0,0
5475,degoogle,0,0
5476,degoogle,1,0
5477,degoogle,0,0
5478,degoogle,0,0
5479,degoogle,1,0
5480,degoogle,0,0
5481,degoogle,0,0
5482,degoogle,0,0
5483,degoogle,0,0
5484,degoogle,1,1
5485,degoogle,0,0
5486,degoogle,1,0
5487,degoogle,1,1
5488,degoogle,1,1
5489,degoogle,0,0
5490,degoogle,0,0
5491,degoogle,0,0
5492,degoogle,0,0
5493,degoogle,1,1
5494,degoogle,1,1
5495,degoogle,0,0
5496,degoogle,1,1
5497,degoogle,1,0
5498,degoogle,1,0
5499,degoogle,0,0
5500,degoogle,0,0
5501,degoogle,0,0
5502,degoogle,0,0
5503,degoogle,1,1
5504,degoogle,0,0
5505,degoogle,0,0
5506,degoogle,0,0
5507,degoogle,1,1
5508,degoogle,0,0
5509,degoogle,0,0
5510,degoogle,0,0
5511,degoogle,0,0
5512,degoogle,0,0
5513,degoogle,1,1
5514,degoogle,1,1
5515,degoogle,1,1
5516,degoogle,0,0
5517,degoogle,1,1
5518,degoogle,1,1
5519,degoogle,0,0
5520,degoogle,0,0
5521,degoogle,1,0
5522,degoogle,1,0
5523,degoogle,1,0
5524,degoogle,1,1
5525,degoogle,1,0
5526,degoogle,0,0
5527,degoogle,1,0
5528,degoogle,0,0
5529,degoogle,1,0
5530,degoogle,0,0
5531,degoogle,0,0
5532,degoogle,0,0
5533,degoogle,1,0
5534,degoogle,1,0
5535,degoogle,0,0
5536,degoogle,0,0
5537,degoogle,0,0
5538,degoogle,0,0
5539,degoogle,0,0
5540,degoogle,0,0
5541,degoogle,1,0
5542,degoogle,0,0
5543,degoogle,0,0
5544,degoogle,1,0
5545,degoogle,1,0
5546,degoogle,1,1
5547,degoogle,1,0
5548,degoogle,0,0
5549,degoogle,1,0
5550,degoogle,0,0
5551,degoogle,1,0
5552,degoogle,1,0
5553,degoogle,1,0
5554,degoogle,1,0
5555,degoogle,1,1
5556,degoogle,1,1
5557,degoogle,1,1
5558,degoogle,1,1
5559,degoogle,1,1
5560,degoogle,1,1
5561,degoogle,1,0
5562,degoogle,0,0
5563,degoogle,1,1
5564,degoogle,0,0
5565,degoogle,0,0
5566,degoogle,1,1
5567,degoogle,1,0
5568,degoogle,1,1
5569,degoogle,1,1
5570,degoogle,1,0
5571,degoogle,1,1
5572,degoogle,0,0
5573,degoogle,0,0
5574,degoogle,1,1
5575,degoogle,0,0
5576,degoogle,0,0
5577,degoogle,1,1
5578,degoogle,0,0
5579,degoogle,1,1
5580,degoogle,1,1
5581,degoogle,0,0
5582,degoogle,1,1
5583,degoogle,1,1
5584,degoogle,0,0
5585,degoogle,0,0
5586,degoogle,1,1
5587,degoogle,1,1
5588,degoogle,1,0
5589,degoogle,0,0
5590,degoogle,0,0
5591,degoogle,1,1
5592,degoogle,1,0
5593,degoogle,0,0
5594,degoogle,0,0
5595,degoogle,0,0
5596,degoogle,0,0
5597,degoogle,1,0
5598,degoogle,1,1
5599,degoogle,1,0
5600,degoogle,0,0
5601,degoogle,0,0
5602,degoogle,0,0
5603,degoogle,1,1
5604,degoogle,0,0
5605,degoogle,1,0
5606,degoogle,1,1
5607,degoogle,1,1
5608,degoogle,1,0
5609,degoogle,1,1
5610,degoogle,1,0
5611,degoogle,0,0
5612,degoogle,0,0
5613,degoogle,0,0
5614,degoogle,0,0
5615,degoogle,0,0
5616,degoogle,0,0
5617,degoogle,0,0
5618,degoogle,0,0
5619,degoogle,0,0
5620,degoogle,0,0
5621,degoogle,0,0
5622,degoogle,0,0
5623,degoogle,0,0
5624,degoogle,1,1
5625,degoogle,1,1
5626,degoogle,1,0
5627,degoogle,0,0
5628,degoogle,1,1
5629,degoogle,1,1
5630,degoogle,1,1
5631,degoogle,0,0
5632,degoogle,0,0
5633,degoogle,1,1
5634,degoogle,1,1
5635,degoogle,0,0
5636,degoogle,0,0
5637,degoogle,0,0
5638,degoogle,0,0
5639,degoogle,0,0
5640,degoogle,0,0
5641,degoogle,0,0
5642,degoogle,1,0
5643,degoogle,0,0
5644,degoogle,0,0
5645,degoogle,0,0
5646,degoogle,0,0
5647,degoogle,0,0
5648,degoogle,0,0
5649,degoogle,0,0
5650,degoogle,0,0
5651,degoogle,0,0
5652,degoogle,0,0
5653,degoogle,0,0
5654,degoogle,0,0
5655,degoogle,1,0
5656,degoogle,0,0
5657,degoogle,0,0
5658,degoogle,1,0
5659,degoogle,0,0
5660,degoogle,1,0
5661,degoogle,0,0
5662,degoogle,0,0
5663,degoogle,0,0
5664,degoogle,1,0
5665,degoogle,1,0
5666,degoogle,1,0
5667,degoogle,0,0
5668,degoogle,1,0
5669,degoogle,1,0
5670,degoogle,0,0
5671,degoogle,0,0
5672,degoogle,0,0
5673,degoogle,0,0
5674,degoogle,1,0
5675,degoogle,0,0
5676,degoogle,1,1
5677,degoogle,0,0
5678,degoogle,0,0
5679,degoogle,0,0
5680,degoogle,0,0
5681,degoogle,0,0
5682,degoogle,0,0
5683,degoogle,1,0
5684,degoogle,0,0
5685,degoogle,0,0
5686,degoogle,0,0
5687,degoogle,0,0
5688,degoogle,0,0
5689,degoogle,1,0
5690,degoogle,0,0
5691,degoogle,1,0
5692,degoogle,1,1
5693,degoogle,0,0
5694,degoogle,0,0
5695,degoogle,0,0
5696,degoogle,0,0
5697,degoogle,0,0
5698,degoogle,0,0
5699,degoogle,0,0
5700,degoogle,0,0
5701,degoogle,0,0
5702,degoogle,0,0
5703,degoogle,1,0
5704,degoogle,0,0
5705,degoogle,1,1
5706,degoogle,0,0
5707,degoogle,0,0
5708,degoogle,0,0
5709,degoogle,1,1
5710,degoogle,1,1
5711,degoogle,1,1
5712,degoogle,1,0
5713,degoogle,1,0
5714,degoogle,0,0
5715,degoogle,1,1
5716,degoogle,1,1
5717,degoogle,0,0
5718,degoogle,0,0
5719,degoogle,0,0
5720,degoogle,0,0
5721,degoogle,0,0
5722,degoogle,0,0
5723,degoogle,0,0
5724,degoogle,0,0
5725,degoogle,0,0
5726,degoogle,0,0
5727,degoogle,0,0
5728,degoogle,0,0
5729,degoogle,0,0
5730,degoogle,0,0
5731,degoogle,0,0
5732,degoogle,0,0
5733,degoogle,0,0
5734,degoogle,0,0
5735,degoogle,0,0
5736,degoogle,1,1
5737,degoogle,0,0
5738,degoogle,0,0
5739,degoogle,0,0
5740,degoogle,0,0
5741,degoogle,0,0
5742,degoogle,0,0
5743,degoogle,0,0
5744,degoogle,0,0
5745,ProtonVPN,0,0
5746,ProtonVPN,0,0
5747,ProtonVPN,1,0
5748,ProtonVPN,1,0
5749,ProtonVPN,0,0
5750,ProtonVPN,0,0
5751,ProtonVPN,0,0
5752,ProtonVPN,0,0
5753,ProtonVPN,0,0
5754,ProtonVPN,0,0
5755,ProtonVPN,0,0
5756,ProtonVPN,1,0
5757,ProtonVPN,0,0
5758,ProtonVPN,0,0
5759,ProtonVPN,0,0
5760,ProtonVPN,0,0
5761,ProtonVPN,1,0
5762,ProtonVPN,0,0
5763,ProtonVPN,1,0
5764,ProtonVPN,1,1
5765,ProtonVPN,1,0
5766,ProtonVPN,0,0
5767,ProtonVPN,0,0
5768,ProtonVPN,0,0
5769,ProtonVPN,0,0
5770,ProtonVPN,0,0
5771,ProtonVPN,1,1
5772,ProtonVPN,1,0
5773,ProtonVPN,0,0
5774,ProtonVPN,0,0
5775,ProtonVPN,0,0
5776,ProtonVPN,1,1
5777,ProtonVPN,0,0
5778,ProtonVPN,0,0
5779,ProtonVPN,0,0
5780,ProtonVPN,0,0
5781,ProtonVPN,0,0
5782,ProtonVPN,0,0
5783,ProtonVPN,0,0
5784,ProtonVPN,1,1
5785,ProtonVPN,0,0
5786,ProtonVPN,0,0
5787,ProtonVPN,0,0
5788,ProtonVPN,0,0
5789,ProtonVPN,0,0
5790,ProtonVPN,0,0
5791,ProtonVPN,1,0
5792,ProtonVPN,1,0
5793,ProtonVPN,0,0
5794,ProtonVPN,0,0
5795,ProtonVPN,0,0
5796,ProtonVPN,1,0
5797,ProtonVPN,0,0
5798,ProtonVPN,1,0
5799,ProtonVPN,0,0
5800,ProtonVPN,0,0
5801,ProtonVPN,0,0
5802,ProtonVPN,1,1
5803,ProtonVPN,0,0
5804,ProtonVPN,0,0
5805,ProtonVPN,0,0
5806,ProtonVPN,0,0
5807,ProtonVPN,1,0
5808,ProtonVPN,0,0
5809,ProtonVPN,0,0
5810,ProtonVPN,0,0
5811,ProtonVPN,0,0
5812,ProtonVPN,1,0
5813,ProtonVPN,1,0
5814,ProtonVPN,0,0
5815,ProtonVPN,0,0
5816,ProtonVPN,0,0
5817,ProtonVPN,0,0
5818,ProtonVPN,0,0
5819,ProtonVPN,0,0
5820,ProtonVPN,1,0
5821,ProtonVPN,0,0
5822,ProtonVPN,0,0
5823,ProtonVPN,0,0
5824,ProtonVPN,0,0
5825,ProtonVPN,0,0
5826,ProtonVPN,0,0
5827,ProtonVPN,1,1
5828,ProtonVPN,0,0
5829,ProtonVPN,0,0
5830,ProtonVPN,0,0
5831,ProtonVPN,1,1
5832,ProtonVPN,0,0
5833,ProtonVPN,0,0
5834,ProtonVPN,0,0
5835,ProtonVPN,1,0
5836,ProtonVPN,1,1
5837,ProtonVPN,0,0
5838,ProtonVPN,0,0
5839,ProtonVPN,0,0
5840,ProtonVPN,0,0
5841,ProtonVPN,0,0
5842,ProtonVPN,0,0
5843,ProtonVPN,0,0
5844,ProtonVPN,0,0
5845,ProtonVPN,0,0
5846,ProtonVPN,0,0
5847,ProtonVPN,0,0
5848,ProtonVPN,0,0
5849,ProtonVPN,0,0
5850,ProtonVPN,0,0
5851,ProtonVPN,0,0
5852,ProtonVPN,0,0
5853,ProtonVPN,0,0
5854,ProtonVPN,0,0
5855,ProtonVPN,0,0
5856,ProtonVPN,0,0
5857,ProtonVPN,0,0
5858,ProtonVPN,0,0
5859,ProtonVPN,0,0
5860,ProtonVPN,0,0
5861,ProtonVPN,0,0
5862,ProtonVPN,1,0
5863,ProtonVPN,1,0
5864,ProtonVPN,1,1
5865,ProtonVPN,0,0
5866,ProtonVPN,0,0
5867,ProtonVPN,0,0
5868,ProtonVPN,0,0
5869,ProtonVPN,0,0
5870,ProtonVPN,1,0
5871,ProtonVPN,0,0
5872,ProtonVPN,0,0
5873,ProtonVPN,0,0
5874,ProtonVPN,0,0
5875,ProtonVPN,0,0
5876,ProtonVPN,1,0
5877,ProtonVPN,0,0
5878,ProtonVPN,1,0
5879,ProtonVPN,1,1
5880,ProtonVPN,1,0
5881,ProtonVPN,1,0
5882,ProtonVPN,0,0
5883,ProtonVPN,0,0
5884,ProtonVPN,0,0
5885,ProtonVPN,0,0
5886,ProtonVPN,0,0
5887,ProtonVPN,0,0
5888,ProtonVPN,0,0
5889,ProtonVPN,0,0
5890,ProtonVPN,0,0
5891,ProtonVPN,1,0
5892,ProtonVPN,0,0
5893,ProtonVPN,0,0
5894,ProtonVPN,0,0
5895,ProtonVPN,1,1
5896,ProtonVPN,1,1
5897,ProtonVPN,0,0
5898,ProtonVPN,0,0
5899,ProtonVPN,1,1
5900,ProtonVPN,0,0
5901,ProtonVPN,1,1
5902,ProtonVPN,1,1
5903,ProtonVPN,0,0
5904,ProtonVPN,1,1
5905,ProtonVPN,0,0
5906,ProtonVPN,0,0
5907,ProtonVPN,1,1
5908,ProtonVPN,0,0
5909,ProtonVPN,1,0
5910,ProtonVPN,0,0
5911,ProtonVPN,1,0
5912,ProtonVPN,0,0
5913,ProtonVPN,1,0
5914,ProtonVPN,1,1
5915,ProtonVPN,1,1
5916,ProtonVPN,1,0
5917,ProtonVPN,0,0
5918,ProtonVPN,0,0
5919,ProtonVPN,0,0
5920,ProtonVPN,0,0
5921,ProtonVPN,0,0
5922,ProtonVPN,0,0
5923,ProtonVPN,1,1
5924,ProtonVPN,1,0
5925,ProtonVPN,0,0
5926,ProtonVPN,1,1
5927,ProtonVPN,0,0
5928,ProtonVPN,0,0
5929,ProtonVPN,0,0
5930,ProtonVPN,0,0
5931,ProtonVPN,1,1
5932,ProtonVPN,1,1
5933,ProtonVPN,1,1
5934,ProtonVPN,1,1
5935,ProtonVPN,0,0
5936,ProtonVPN,0,0
5937,ProtonVPN,1,0
5938,ProtonVPN,1,1
5939,ProtonVPN,1,1
5940,ProtonVPN,1,0
5941,ProtonVPN,0,0
5942,ProtonVPN,0,0
5943,ProtonVPN,0,0
5944,ProtonVPN,1,0
5945,ProtonVPN,0,0
5946,ProtonVPN,1,1
5947,ProtonVPN,1,1
5948,ProtonVPN,1,1
5949,ProtonVPN,1,1
5950,ProtonVPN,1,1
5951,ProtonVPN,1,1
5952,ProtonVPN,1,1
5953,ProtonVPN,1,1
5954,ProtonVPN,0,0
5955,ProtonVPN,1,1
5956,ProtonVPN,1,1
5957,ProtonVPN,0,0
5958,ProtonVPN,0,0
5959,ProtonVPN,0,0
5960,ProtonVPN,0,0
5961,ProtonVPN,0,0
5962,ProtonVPN,0,0
5963,ProtonVPN,0,0
5964,ProtonVPN,0,0
5965,ProtonVPN,0,0
5966,ProtonVPN,0,0
5967,ProtonVPN,0,0
5968,ProtonVPN,0,0
5969,ProtonVPN,0,0
5970,ProtonVPN,0,0
5971,ProtonVPN,1,1
5972,ProtonVPN,1,0
5973,ProtonVPN,1,1
5974,ProtonVPN,0,0
5975,ProtonVPN,0,0
5976,ProtonVPN,0,0
5977,ProtonVPN,1,1
5978,ProtonVPN,0,0
5979,ProtonVPN,0,0
5980,ProtonVPN,1,1
5981,ProtonVPN,0,0
5982,ProtonVPN,1,1
5983,ProtonVPN,0,0
5984,ProtonVPN,1,1
5985,ProtonVPN,0,0
5986,ProtonVPN,1,1
5987,ProtonVPN,1,1
5988,ProtonVPN,1,0
5989,ProtonVPN,0,0
5990,ProtonVPN,1,1
5991,ProtonVPN,1,1
5992,ProtonVPN,1,1
5993,ProtonVPN,1,1
5994,ProtonVPN,1,1
5995,ProtonVPN,1,1
5996,ProtonVPN,1,1
5997,ProtonVPN,0,0
5998,ProtonVPN,1,1
5999,ProtonVPN,1,1
6000,ProtonVPN,0,0
6001,ProtonVPN,1,0
6002,ProtonVPN,0,0
6003,ProtonVPN,1,1
6004,ProtonVPN,1,1
6005,ProtonVPN,1,1
6006,ProtonVPN,1,1
6007,ProtonVPN,1,1
6008,ProtonVPN,1,1
6009,ProtonVPN,0,0
6010,ProtonVPN,1,1
6011,ProtonVPN,0,0
6012,ProtonVPN,1,1
6013,ProtonVPN,0,0
6014,ProtonVPN,0,0
6015,ProtonVPN,0,0
6016,ProtonVPN,0,0
6017,ProtonVPN,0,0
6018,ProtonVPN,0,0
6019,ProtonVPN,0,0
6020,ProtonVPN,0,0
6021,ProtonVPN,1,1
6022,ProtonVPN,1,1
6023,ProtonVPN,1,1
6024,ProtonVPN,0,0
6025,ProtonVPN,0,0
6026,ProtonVPN,1,1
6027,ProtonVPN,0,0
6028,ProtonVPN,1,1
6029,ProtonVPN,1,1
6030,ProtonVPN,0,0
6031,ProtonVPN,0,0
6032,ProtonVPN,0,0
6033,ProtonVPN,0,0
6034,ProtonVPN,0,0
6035,ProtonVPN,1,1
6036,ProtonVPN,1,1
6037,ProtonVPN,1,1
6038,ProtonVPN,1,1
6039,ProtonVPN,1,1
6040,ProtonVPN,1,1
6041,ProtonVPN,1,1
6042,ProtonVPN,1,1
6043,ProtonVPN,1,1
6044,ProtonVPN,1,1
6045,ProtonVPN,1,1
6046,ProtonVPN,1,0
6047,ProtonVPN,1,1
6048,ProtonVPN,0,0
6049,ProtonVPN,1,1
6050,ProtonVPN,1,1
6051,ProtonVPN,0,0
6052,ProtonVPN,0,0
6053,ProtonVPN,1,1
6054,ProtonVPN,1,1
6055,ProtonVPN,1,1
6056,ProtonVPN,0,0
6057,ProtonVPN,1,1
6058,ProtonVPN,0,0
6059,ProtonVPN,0,0
6060,ProtonVPN,0,0
6061,ProtonVPN,1,1
6062,ProtonVPN,1,1
6063,ProtonVPN,0,0
6064,ProtonVPN,0,0
6065,ProtonVPN,0,0
6066,ProtonVPN,1,1
6067,ProtonVPN,1,1
6068,ProtonVPN,0,0
6069,ProtonVPN,1,1
6070,ProtonVPN,0,0
6071,ProtonVPN,1,1
6072,ProtonVPN,0,0
6073,ProtonVPN,0,0
6074,ProtonVPN,0,0
6075,ProtonVPN,0,0
6076,ProtonVPN,0,0
6077,ProtonVPN,0,0
6078,ProtonVPN,1,0
6079,ProtonVPN,1,0
6080,ProtonVPN,0,0
6081,ProtonVPN,1,1
6082,ProtonVPN,1,0
6083,ProtonVPN,0,0
6084,ProtonVPN,0,0
6085,ProtonVPN,1,1
6086,ProtonVPN,0,0
6087,ProtonVPN,1,1
6088,ProtonVPN,1,1
6089,ProtonVPN,1,1
6090,ProtonVPN,1,1
6091,ProtonVPN,0,0
6092,ProtonVPN,1,1
6093,ProtonVPN,1,1
6094,ProtonVPN,1,1
6095,ProtonVPN,1,1
6096,ProtonVPN,0,0
6097,ProtonVPN,0,0
6098,ProtonVPN,1,1
6099,ProtonVPN,1,1
6100,ProtonVPN,1,0
6101,ProtonVPN,1,0
6102,ProtonVPN,1,1
6103,ProtonVPN,1,1
6104,ProtonVPN,1,1
6105,ProtonVPN,0,0
6106,ProtonVPN,1,1
6107,ProtonVPN,1,0
6108,ProtonVPN,0,0
6109,ProtonVPN,1,1
6110,ProtonVPN,1,1
6111,ProtonVPN,1,1
6112,ProtonVPN,1,1
6113,ProtonVPN,0,0
6114,ProtonVPN,0,0
6115,ProtonVPN,0,0
6116,ProtonVPN,1,1
6117,ProtonVPN,0,0
6118,ProtonVPN,0,0
6119,ProtonVPN,0,0
6120,ProtonVPN,0,0
6121,ProtonVPN,1,1
6122,ProtonVPN,0,0
6123,ProtonVPN,1,1
6124,ProtonVPN,0,0
6125,ProtonVPN,1,1
6126,ProtonVPN,0,0
6127,ProtonVPN,1,1
6128,ProtonVPN,0,0
6129,ProtonVPN,1,1
6130,ProtonVPN,0,0
6131,ProtonVPN,1,1
6132,ProtonVPN,1,1
6133,ProtonVPN,1,1
6134,ProtonVPN,1,1
6135,ProtonVPN,1,1
6136,Windscribe,0,0
6137,Windscribe,0,0
6138,Windscribe,0,0
6139,Windscribe,0,0
6140,Windscribe,0,0
6141,Windscribe,0,0
6142,Windscribe,1,0
6143,Windscribe,0,0
6144,Windscribe,0,0
6145,Windscribe,0,0
6146,Windscribe,0,0
6147,Windscribe,0,0
6148,Windscribe,1,1
6149,Windscribe,1,1
6150,Windscribe,1,1
6151,Windscribe,0,0
6152,Windscribe,0,0
6153,Windscribe,0,0
6154,Windscribe,0,0
6155,Windscribe,0,0
6156,Windscribe,0,0
6157,Windscribe,0,0
6158,Windscribe,0,0
6159,Windscribe,0,0
6160,Windscribe,0,0
6161,Windscribe,0,0
6162,Windscribe,0,0
6163,Windscribe,1,1
6164,Windscribe,1,1
6165,Windscribe,0,0
6166,Windscribe,0,0
6167,Windscribe,0,0
6168,Windscribe,0,0
6169,Windscribe,0,0
6170,Windscribe,0,0
6171,Windscribe,0,0
6172,Windscribe,0,0
6173,Windscribe,1,0
6174,Windscribe,1,1
6175,Windscribe,0,0
6176,Windscribe,0,0
6177,Windscribe,1,1
6178,Windscribe,0,0
6179,Windscribe,0,0
6180,Windscribe,0,0
6181,Windscribe,0,0
6182,Windscribe,0,0
6183,Windscribe,0,0
6184,Windscribe,0,0
6185,Windscribe,0,0
6186,Windscribe,1,0
6187,Windscribe,0,0
6188,Windscribe,0,0
6189,Windscribe,0,0
6190,Windscribe,0,0
6191,Windscribe,0,0
6192,Windscribe,1,1
6193,Windscribe,0,0
6194,Windscribe,0,0
6195,Windscribe,0,0
6196,Windscribe,0,0
6197,Windscribe,0,0
6198,Windscribe,1,0
6199,Windscribe,0,0
6200,Windscribe,0,0
6201,Windscribe,0,0
6202,Windscribe,0,0
6203,Windscribe,0,0
6204,Windscribe,0,0
6205,Windscribe,0,0
6206,Windscribe,0,0
6207,Windscribe,0,0
6208,Windscribe,1,0
6209,Windscribe,0,0
6210,Windscribe,0,0
6211,Windscribe,0,0
6212,Windscribe,0,0
6213,Windscribe,0,0
6214,Windscribe,1,0
6215,Windscribe,0,0
6216,Windscribe,1,1
6217,Windscribe,0,0
6218,Windscribe,0,0
6219,Windscribe,1,0
6220,Windscribe,0,0
6221,Windscribe,1,1
6222,Windscribe,0,0
6223,Windscribe,1,0
6224,Windscribe,1,0
6225,Windscribe,0,0
6226,Windscribe,0,0
6227,Windscribe,0,0
6228,Windscribe,0,0
6229,Windscribe,0,0
6230,Windscribe,0,0
6231,Windscribe,0,0
6232,Windscribe,0,0
6233,Windscribe,0,0
6234,Windscribe,1,0
6235,Windscribe,0,0
6236,Windscribe,0,0
6237,Windscribe,0,0
6238,Windscribe,1,1
6239,Windscribe,1,1
6240,Windscribe,0,0
6241,Windscribe,0,0
6242,Windscribe,0,0
6243,Windscribe,0,0
6244,Windscribe,0,0
6245,Windscribe,0,0
6246,Windscribe,0,0
6247,VPN,0,0
6248,VPN,0,0
6249,VPN,0,0
6250,VPN,0,0
6251,VPN,0,0
6252,VPN,0,0
6253,VPN,1,1
6254,VPN,0,0
6255,VPN,0,0
6256,VPN,1,1
6257,VPN,1,0
6258,VPN,0,0
6259,VPN,0,0
6260,VPN,0,0
6261,VPN,0,0
6262,VPN,0,0
6263,VPN,0,0
6264,VPN,0,0
6265,VPN,0,0
6266,VPN,0,0
6267,VPN,0,0
6268,VPN,0,0
6269,VPN,0,0
6270,VPN,0,0
6271,VPN,0,0
6272,VPN,1,0
6273,VPN,0,0
6274,VPN,0,0
6275,VPN,0,0
6276,VPN,0,0
6277,VPN,0,0
6278,VPN,0,0
6279,VPN,0,0
6280,VPN,0,0
6281,VPN,1,0
6282,VPN,0,0
6283,VPN,0,0
6284,VPN,0,0
6285,VPN,0,0
6286,VPN,0,0
6287,VPN,0,0
6288,VPN,0,0
6289,VPN,0,0
6290,VPN,0,0
6291,VPN,0,0
6292,VPN,0,0
6293,VPN,0,0
6294,VPN,0,0
6295,VPN,0,0
6296,VPN,0,0
6297,VPN,0,0
6298,VPN,0,0
6299,VPN,0,0
6300,VPN,0,0
6301,VPN,0,0
6302,VPN,1,1
6303,VPN,1,1
6304,VPN,0,0
6305,VPN,0,0
6306,VPN,0,0
6307,VPN,0,0
6308,VPN,0,0
6309,VPN,0,0
6310,VPN,0,0
6311,VPN,0,0
6312,VPN,1,0
6313,VPN,0,0
6314,VPN,0,0
6315,VPN,1,0
6316,VPN,0,0
6317,VPN,0,0
6318,VPN,1,0
6319,VPN,0,0
6320,VPN,1,0
6321,VPN,1,0
6322,VPN,1,0
6323,VPN,0,0
6324,VPN,0,0
6325,VPN,0,0
6326,VPN,0,0
6327,VPN,0,0
6328,VPN,0,0
6329,VPN,0,0
6330,VPN,0,0
6331,VPN,0,0
6332,VPN,0,0
6333,VPN,1,1
6334,VPN,0,0
6335,VPN,0,0
6336,VPN,0,0
6337,VPN,0,0
6338,VPN,0,0
6339,VPN,0,0
6340,VPN,1,0
6341,VPN,0,0
6342,VPN,1,0
6343,VPN,1,0
6344,VPN,0,0
6345,VPN,0,0
6346,VPN,0,0
6347,VPN,1,0
6348,VPN,1,1
6349,VPN,0,0
6350,VPN,0,0
6351,VPN,0,0
6352,VPN,0,0
6353,VPN,0,0
6354,VPN,0,0
6355,VPN,1,1
6356,VPN,0,0
6357,VPN,0,0
6358,VPN,0,0
6359,VPN,1,1
6360,VPN,0,0
6361,VPN,0,0
6362,VPN,0,0
6363,VPN,1,1
6364,VPN,0,0
6365,VPN,0,0
6366,VPN,0,0
6367,VPN,1,0
6368,VPN,0,0
6369,VPN,0,0
6370,VPN,1,0
6371,VPN,0,0
6372,VPN,1,1
6373,VPN,0,0
6374,VPN,0,0
6375,VPN,0,0
6376,VPN,0,0
6377,VPN,1,1
6378,VPN,0,0
6379,VPN,0,0
6380,VPN,0,0
6381,VPN,0,0
6382,VPN,0,0
6383,VPN,0,0
6384,VPN,1,1
6385,VPN,0,0
6386,VPN,0,0
6387,VPN,0,0
6388,VPN,0,0
6389,VPN,0,0
6390,VPN,0,0
6391,VPN,0,0
6392,VPN,0,0
6393,VPN,0,0
6394,VPN,0,0
6395,VPN,0,0
6396,VPN,0,0
6397,VPN,0,0
6398,VPN,0,0
6399,VPN,1,0
6400,VPN,1,1
6401,VPN,0,0
6402,VPN,0,0
6403,VPN,0,0
6404,VPN,0,0
6405,VPN,0,0
6406,VPN,0,0
6407,VPN,0,0
6408,VPN,1,0
6409,VPN,1,0
6410,VPN,0,0
6411,VPN,1,1
6412,VPN,0,0
6413,VPN,1,0
6414,VPN,1,0
6415,VPN,0,0
6416,VPN,1,0
6417,VPN,1,1
6418,VPN,0,0
6419,VPN,1,0
6420,VPN,1,1
6421,VPN,1,0
6422,VPN,1,1
6423,VPN,1,0
6424,VPN,1,1
6425,VPN,1,1
6426,VPN,0,0
6427,VPN,0,0
6428,VPN,0,0
6429,VPN,0,0
6430,VPN,0,0
6431,VPN,1,1
6432,VPN,1,1
6433,VPN,1,0
6434,VPN,0,0
6435,VPN,0,0
6436,VPN,0,0
6437,VPN,0,0
6438,VPN,0,0
6439,VPN,0,0
6440,VPN,0,0
6441,VPN,0,0
6442,VPN,0,0
6443,VPN,0,0
6444,VPN,0,0
6445,VPN,1,1
6446,VPN,1,1
6447,VPN,0,0
6448,VPN,0,0
6449,VPN,0,0
6450,VPN,0,0
6451,VPN,0,0
6452,VPN,0,0
6453,VPN,0,0
6454,VPN,0,0
6455,VPN,0,0
6456,VPN,0,0
6457,VPN,1,0
6458,VPN,1,0
6459,VPN,0,0
6460,VPN,0,0
6461,VPN,1,0
6462,VPN,1,1
6463,VPN,0,0
6464,VPN,0,0
6465,VPN,0,0
6466,VPN,0,0
6467,VPN,1,1
6468,VPN,0,0
6469,VPN,0,0
6470,VPN,0,0
6471,VPN,0,0
6472,VPN,0,0
6473,VPN,0,0
6474,VPN,0,0
6475,VPN,0,0
6476,VPN,0,0
6477,VPN,0,0
6478,VPN,1,1
6479,VPN,0,0
6480,VPN,0,0
6481,VPN,0,0
6482,VPN,0,0
6483,VPN,1,0
6484,VPN,1,1
6485,VPN,0,0
6486,VPN,0,0
6487,VPN,0,0
6488,VPN,1,1
6489,VPN,0,0
6490,VPN,0,0
6491,VPN,0,0
6492,VPN,0,0
6493,VPN,0,0
6494,VPN,0,0
6495,VPN,1,1
6496,VPN,1,1
6497,VPN,0,0
6498,VPN,1,1
6499,VPN,1,1
6500,VPN,0,0
6501,VPN,0,0
6502,VPN,0,0
6503,VPN,0,0
6504,VPN,0,0
6505,VPN,1,1
6506,VPN,1,1
6507,VPN,1,1
6508,VPN,1,1
6509,VPN,0,0
6510,VPN,0,0
6511,VPN,1,1
6512,VPN,0,0
6513,VPN,1,1
6514,VPN,0,0
6515,VPN,0,0
6516,VPN,1,0
6517,VPN,1,1
6518,VPN,1,1
6519,VPN,1,1
6520,VPN,1,1
6521,VPN,1,1
6522,VPN,0,0
6523,VPN,0,0
6524,VPN,0,0
6525,VPN,1,1
6526,VPN,0,0
6527,VPN,1,0
6528,VPN,0,0
6529,VPN,0,0
6530,VPN,0,0
6531,VPN,1,1
6532,VPN,0,0
6533,VPN,0,0
6534,VPN,0,0
6535,VPN,1,1
6536,VPN,1,1
6537,VPN,0,0
6538,VPN,1,1
6539,VPN,0,0
6540,VPN,0,0
6541,VPN,0,0
6542,VPN,0,0
6543,VPN,0,0
6544,VPN,0,0
6545,VPN,1,1
6546,VPN,1,1
6547,VPN,0,0
6548,VPN,0,0
6549,VPN,0,0
6550,VPN,0,0
6551,VPN,0,0
6552,VPN,0,0
6553,VPN,0,0
6554,VPN,0,0
6555,VPN,0,0
6556,VPN,1,0
6557,VPN,1,1
6558,VPN,0,0
6559,VPN,0,0
6560,VPN,0,0
6561,VPN,0,0
6562,VPN,1,1
6563,VPN,0,0
6564,VPN,0,0
6565,VPN,0,0
6566,VPN,1,0
6567,VPN,0,0
6568,VPN,1,0
6569,VPN,0,0
6570,VPN,0,0
6571,VPN,0,0
6572,VPN,0,0
6573,VPN,1,1
6574,VPN,0,0
6575,VPN,0,0
6576,VPN,0,0
6577,VPN,0,0
6578,VPN,0,0
6579,VPN,0,0
6580,VPN,0,0
6581,VPN,0,0
6582,VPN,0,0
6583,VPN,0,0
6584,VPN,0,0
6585,VPN,0,0
6586,VPN,1,1
6587,VPN,0,0
6588,VPN,0,0
6589,VPN,1,0
6590,VPN,0,0
6591,VPN,0,0
6592,VPN,0,0
6593,VPN,0,0
6594,VPN,1,1
6595,VPN,0,0
6596,VPN,1,0
6597,VPN,0,0
6598,VPN,0,0
6599,VPN,1,0
6600,VPN,0,0
6601,VPN,0,0
6602,VPN,0,0
6603,VPN,0,0
6604,VPN,0,0
6605,VPN,0,0
6606,VPN,0,0
6607,VPN,0,0
6608,VPN,0,0
6609,VPN,0,0
6610,VPN,0,0
6611,VPN,0,0
6612,VPN,0,0
6613,VPN,1,0
6614,VPN,1,1
6615,VPN,0,0
6616,VPN,0,0
6617,VPN,1,0
6618,VPN,0,0
6619,VPN,1,1
6620,VPN,1,1
6621,VPN,0,0
6622,VPN,0,0
6623,VPN,0,0
6624,VPN,1,1
6625,VPN,0,0
6626,VPN,0,0
6627,VPN,0,0
6628,VPN,0,0
6629,VPN,0,0
6630,VPN,0,0
6631,VPN,0,0
6632,VPN,0,0
6633,VPN,1,0
6634,VPN,1,1
6635,VPN,1,1
6636,VPN,0,0
6637,VPN,0,0
6638,VPN,0,0
6639,VPN,0,0
6640,VPN,0,0
6641,VPN,0,0
6642,VPN,0,0
6643,VPN,0,0
6644,VPN,0,0
6645,VPN,0,0
6646,VPN,1,1
6647,VPN,1,1
6648,VPN,1,1
6649,VPN,0,0
6650,VPN,0,0
6651,VPN,0,0
6652,VPN,1,0
6653,VPN,1,0
6654,VPN,0,0
6655,VPN,0,0
6656,VPN,0,0
6657,VPN,0,0
6658,VPN,0,0
6659,VPN,1,1
6660,VPN,1,1
6661,VPN,0,0
6662,VPN,0,0
6663,VPN,0,0
6664,VPN,1,0
6665,VPN,0,0
6666,VPN,0,0
6667,VPN,1,1
6668,VPN,0,0
6669,VPN,1,1
6670,VPN,0,0
6671,VPN,1,1
6672,VPN,0,0
6673,VPN,1,1
6674,VPN,0,0
6675,VPN,0,0
6676,VPN,0,0
6677,VPN,0,0
6678,VPN,0,0
6679,VPN,1,1
6680,VPN,1,1
6681,VPN,1,1
6682,VPN,1,1
6683,VPN,1,1
6684,VPN,1,1
6685,VPN,1,0
6686,VPN,0,0
6687,VPN,0,0
6688,VPN,1,1
6689,VPN,1,1
6690,VPN,0,0
6691,VPN,1,0
6692,VPN,1,1
6693,VPN,1,1
6694,VPN,0,0
6695,VPN,1,1
6696,VPN,1,1
6697,VPN,0,0
6698,VPN,1,1
6699,VPN,0,0
6700,VPN,1,1
6701,VPN,1,0
6702,VPN,1,1
6703,VPN,0,0
6704,VPN,1,0
6705,VPN,1,0
6706,VPN,1,0
6707,VPN,0,0
6708,VPN,1,0
6709,VPN,0,0
6710,VPN,0,0
6711,VPN,1,0
6712,VPN,1,0
6713,VPN,0,0
6714,VPN,1,1
6715,VPN,1,0
6716,VPN,1,0
6717,VPN,1,0
6718,VPN,1,0
6719,VPN,1,0
6720,VPN,1,1
6721,VPN,1,0
6722,VPN,0,0
6723,VPN,1,1
6724,VPN,1,0
6725,VPN,1,1
6726,VPN,1,1
6727,VPN,0,0
6728,VPN,0,0
6729,VPN,1,0
6730,VPN,1,1
6731,VPN,1,0
6732,VPN,1,1
6733,VPN,0,0
6734,VPN,1,1
6735,VPN,0,0
6736,VPN,1,0
6737,VPN,1,1
6738,VPN,0,0
6739,VPN,1,0
6740,VPN,0,0
6741,VPN,1,1
6742,VPN,1,0
6743,VPN,1,1
6744,VPN,0,0
6745,VPN,0,0
6746,VPN,1,1
6747,VPN,1,1
6748,VPN,1,1
6749,VPN,1,1
6750,VPN,0,0
6751,VPN,0,0
6752,VPN,1,1
6753,VPN,0,0
6754,VPN,1,1
6755,VPN,1,1
6756,VPN,0,0
6757,VPN,1,1
6758,VPN,1,1
6759,VPN,0,0
6760,VPN,0,0
6761,VPN,1,1
6762,VPN,1,1
6763,VPN,1,1
6764,VPN,0,0
6765,VPN,1,1
6766,VPN,1,1
6767,VPN,1,1
6768,VPN,0,0
6769,VPN,1,1
6770,VPN,0,0
6771,VPN,0,0
6772,VPN,0,0
6773,VPN,1,1
6774,VPN,1,1
6775,VPN,1,1
6776,VPN,1,1
6777,VPN,0,0
6778,VPN,1,1
6779,VPN,0,0
6780,VPN,1,1
6781,VPN,1,1
6782,VPN,0,0
6783,VPN,0,0
6784,VPN,0,0
6785,VPN,0,0
6786,VPN,1,1
6787,VPN,0,0
6788,VPN,0,0
6789,VPN,0,0
6790,VPN,0,0
6791,VPN,1,1
6792,VPN,1,1
6793,VPN,1,1
6794,VPN,0,0
6795,VPN,1,1
6796,VPN,0,0
6797,VPN,0,0
6798,VPN,0,0
6799,VPN,0,0
6800,VPN,0,0
6801,VPN,1,1
6802,VPN,0,0
6803,VPN,1,1
6804,VPN,1,1
6805,VPN,0,0
6806,VPN,1,1
6807,VPN,0,0
6808,VPN,1,1
6809,VPN,1,1
6810,VPN,1,1
6811,VPN,1,1
6812,VPN,1,1
6813,VPN,0,0
6814,VPN,1,1
6815,VPN,1,1
6816,VPN,1,1
6817,VPN,0,0
6818,VPN,0,0
6819,VPN,0,0
6820,VPN,0,0
6821,VPN,1,1
6822,VPN,1,1
6823,VPN,1,1
6824,VPN,0,0
6825,VPN,0,0
6826,VPN,0,0
6827,VPN,0,0
6828,VPN,0,0
6829,VPN,1,1
6830,VPN,1,0
6831,VPN,0,0
6832,VPN,0,0
6833,VPN,0,0
6834,VPN,0,0
6835,VPN,0,0
6836,VPN,1,1
6837,VPN,0,0
6838,VPN,1,1
6839,VPN,0,0
6840,VPN,1,1
6841,VPN,0,0
6842,VPN,0,0
6843,VPN,1,1
6844,VPN,0,0
6845,VPN,0,0
6846,VPN,0,0
6847,VPN,0,0
6848,VPN,1,0
6849,VPN,0,0
6850,VPN,0,0
6851,VPN,1,1
6852,VPN,0,0
6853,VPN,0,0
6854,VPN,0,0
6855,VPN,0,0
6856,VPN,0,0
6857,VPN,1,1
6858,VPN,1,1
6859,VPN,1,1
6860,VPN,0,0
6861,VPN,1,1
6862,VPN,0,0
6863,VPN,0,0
6864,VPN,0,0
6865,VPN,1,1
6866,VPN,1,0
6867,VPN,0,0
6868,VPN,0,0
6869,VPN,0,0
6870,VPN,1,1
6871,VPN,1,1
6872,VPN,1,0
6873,VPN,0,0
6874,VPN,0,0
6875,VPN,1,1
6876,VPN,0,0
6877,VPN,1,1
6878,VPN,0,0
6879,VPN,0,0
6880,VPN,0,0
6881,VPN,0,0
6882,VPN,0,0
6883,VPN,1,1
6884,VPN,0,0
6885,VPN,0,0
6886,VPN,0,0
6887,VPN,1,1
6888,VPN,1,1
6889,VPN,1,1
6890,VPN,1,1
6891,VPN,0,0
6892,VPN,1,0
6893,VPN,0,0
6894,VPN,1,1
6895,VPN,0,0
6896,privacy,0,0
6897,privacy,0,0
6898,privacy,0,0
6899,privacy,0,0
6900,privacy,0,0
6901,privacy,0,0
6902,privacy,0,0
6903,privacy,0,0
6904,privacy,1,0
6905,privacy,0,0
6906,privacy,0,0
6907,privacy,0,0
6908,privacy,0,0
6909,privacy,1,0
6910,privacy,0,0
6911,privacy,0,0
6912,privacy,0,0
6913,privacy,0,0
6914,privacy,0,0
6915,privacy,1,0
6916,privacy,0,0
6917,privacy,0,0
6918,privacy,0,0
6919,privacy,0,0
6920,privacy,1,0
6921,privacy,0,0
6922,privacy,1,0
6923,privacy,0,0
6924,privacy,1,0
6925,privacy,0,0
6926,privacy,0,0
6927,privacy,0,0
6928,privacy,0,0
6929,privacy,0,0
6930,privacy,1,1
6931,privacy,0,0
6932,privacy,0,0
6933,privacy,1,0
6934,privacy,0,0
6935,privacy,0,0
6936,privacy,1,0
6937,privacy,0,0
6938,privacy,0,0
6939,privacy,0,0
6940,privacy,0,0
6941,privacy,0,0
6942,privacy,0,0
6943,privacy,1,0
6944,privacy,0,0
6945,privacy,0,0
6946,privacy,0,0
6947,privacy,1,0
6948,privacy,0,0
6949,privacy,0,0
6950,privacy,0,0
6951,privacy,0,0
6952,privacy,0,0
6953,privacy,0,0
6954,privacy,0,0
6955,privacy,0,0
6956,privacy,0,0
6957,privacy,0,0
6958,privacy,1,0
6959,privacy,0,0
6960,privacy,0,0
6961,privacy,0,0
6962,privacy,0,0
6963,privacy,0,0
6964,privacy,1,0
6965,privacy,0,0
6966,privacy,0,0
6967,privacy,1,0
6968,privacy,0,0
6969,privacy,1,1
6970,privacy,0,0
6971,privacy,0,0
6972,privacy,0,0
6973,privacy,0,0
6974,privacy,1,1
6975,privacy,0,0
6976,privacy,0,0
6977,privacy,0,0
6978,privacy,0,0
6979,privacy,0,0
6980,privacy,1,1
6981,privacy,0,0
6982,privacy,0,0
6983,privacy,0,0
6984,privacy,0,0
6985,privacy,0,0
6986,privacy,0,0
6987,privacy,1,1
6988,privacy,0,0
6989,privacy,0,0
6990,privacy,0,0
6991,privacy,0,0
6992,privacy,1,0
6993,privacy,0,0
6994,privacy,0,0
6995,privacy,0,0
6996,privacy,0,0
6997,privacy,0,0
6998,privacy,0,0
6999,privacy,0,0
7000,privacy,0,0
7001,privacy,0,0
7002,privacy,0,0
7003,privacy,0,0
7004,privacy,0,0
7005,privacy,0,0
7006,privacy,0,0
7007,privacy,0,0
7008,privacy,0,0
7009,privacy,1,1
7010,privacy,0,0
7011,privacy,0,0
7012,privacy,1,1
7013,privacy,1,1
7014,privacy,0,0
7015,privacy,0,0
7016,privacy,0,0
7017,privacy,0,0
7018,privacy,0,0
7019,privacy,0,0
7020,privacy,1,0
7021,privacy,0,0
7022,privacy,0,0
7023,privacy,0,0
7024,privacy,0,0
7025,privacy,0,0
7026,privacy,0,0
7027,privacy,0,0
7028,privacy,0,0
7029,privacy,1,0
7030,privacy,0,0
7031,privacy,0,0
7032,privacy,1,0
7033,privacy,1,0
7034,privacy,0,0
7035,privacy,0,0
7036,privacy,1,0
7037,privacy,0,0
7038,privacy,0,0
7039,privacy,0,0
7040,privacy,1,0
7041,privacy,0,0
7042,privacy,1,0
7043,privacy,0,0
7044,privacy,1,1
7045,privacy,0,0
7046,privacy,0,0
7047,privacy,0,0
7048,privacy,0,0
7049,privacy,0,0
7050,privacy,0,0
7051,privacy,0,0
7052,privacy,0,0
7053,privacy,0,0
7054,privacy,0,0
7055,privacy,0,0
7056,privacy,0,0
7057,privacy,0,0
7058,privacy,0,0
7059,privacy,1,0
7060,privacy,1,0
7061,privacy,0,0
7062,privacy,0,0
7063,privacy,0,0
7064,privacy,0,0
7065,privacy,0,0
7066,privacy,0,0
7067,privacy,0,0
7068,privacy,0,0
7069,privacy,0,0
7070,privacy,0,0
7071,privacy,0,0
7072,privacy,0,0
7073,privacy,0,0
7074,privacy,0,0
7075,privacy,0,0
7076,privacy,0,0
7077,privacy,0,0
7078,privacy,1,1
7079,privacy,1,0
7080,privacy,0,0
7081,privacy,1,1
7082,privacy,0,0
7083,privacy,1,1
7084,privacy,0,0
7085,privacy,0,0
7086,privacy,0,0
7087,privacy,1,1
7088,privacy,0,0
7089,privacy,1,1
7090,privacy,1,1
7091,privacy,0,0
7092,privacy,0,0
7093,privacy,0,0
7094,privacy,1,1
7095,privacy,0,0
7096,privacy,0,0
7097,privacy,0,0
7098,privacy,0,0
7099,privacy,0,0
7100,privacy,0,0
7101,privacy,0,0
7102,privacy,0,0
7103,privacy,0,0
7104,privacy,0,0
7105,privacy,0,0
7106,privacy,0,0
7107,privacy,0,0
7108,privacy,0,0
7109,privacy,0,0
7110,privacy,0,0
7111,privacy,0,0
7112,privacy,0,0
7113,privacy,1,1
7114,privacy,0,0
7115,privacy,0,0
7116,privacy,0,0
7117,privacy,0,0
7118,privacy,0,0
7119,privacy,0,0
7120,privacy,0,0
7121,privacy,1,0
7122,privacy,1,0
7123,privacy,0,0
7124,privacy,1,0
7125,privacy,0,0
7126,privacy,0,0
7127,privacy,0,0
7128,privacy,0,0
7129,privacy,1,1
7130,privacy,0,0
7131,privacy,0,0
7132,privacy,1,1
7133,privacy,0,0
7134,privacy,0,0
7135,privacy,0,0
7136,privacy,0,0
7137,privacy,1,0
7138,privacy,1,0
7139,privacy,0,0
7140,privacy,1,1
7141,privacy,1,1
7142,privacy,1,1
7143,privacy,0,0
7144,privacy,0,0
7145,privacy,1,1
7146,privacy,0,0
7147,privacy,1,1
7148,privacy,0,0
7149,privacy,0,0
7150,privacy,0,0
7151,privacy,0,0
7152,privacy,1,1
7153,privacy,0,0
7154,privacy,0,0
7155,privacy,0,0
7156,privacy,0,0
7157,privacy,0,0
7158,privacy,1,1
7159,privacy,0,0
7160,privacy,1,1
7161,privacy,0,0
7162,privacy,0,0
7163,privacy,0,0
7164,privacy,0,0
7165,privacy,0,0
7166,privacy,0,0
7167,privacy,1,1
7168,privacy,0,0
7169,privacy,0,0
7170,privacy,0,0
7171,privacy,0,0
7172,privacy,0,0
7173,privacy,0,0
7174,privacy,0,0
7175,privacy,0,0
7176,privacy,0,0
7177,privacy,1,0
7178,privacy,0,0
7179,privacy,0,0
7180,privacy,0,0
7181,privacy,1,1
7182,privacy,0,0
7183,privacy,0,0
7184,privacy,0,0
7185,privacy,0,0
7186,privacy,1,1
7187,privacy,0,0
7188,privacy,0,0
7189,privacy,1,0
7190,privacy,1,1
7191,privacy,0,0
7192,privacy,0,0
7193,privacy,1,1
7194,privacy,0,0
7195,privacy,0,0
7196,privacy,0,0
7197,privacy,0,0
7198,privacy,0,0
7199,privacy,0,0
7200,privacy,0,0
7201,privacy,0,0
7202,privacy,1,1
7203,privacy,1,1
7204,privacy,0,0
7205,privacy,0,0
7206,privacy,1,1
7207,privacy,0,0
7208,privacy,1,1
7209,privacy,0,0
7210,privacy,0,0
7211,privacy,1,1
7212,privacy,0,0
7213,privacy,1,0
7214,privacy,0,0
7215,privacy,1,0
7216,privacy,0,0
7217,privacy,0,0
7218,privacy,0,0
7219,privacy,0,0
7220,privacy,1,0
7221,privacy,0,0
7222,privacy,0,0
7223,privacy,0,0
7224,privacy,0,0
7225,privacy,0,0
7226,privacy,0,0
7227,privacy,1,1
7228,privacy,0,0
7229,privacy,0,0
7230,privacy,0,0
7231,privacy,0,0
7232,privacy,1,1
7233,privacy,1,0
7234,privacy,0,0
7235,privacy,0,0
7236,privacy,0,0
7237,privacy,0,0
7238,privacy,0,0
7239,privacy,0,0
7240,privacy,0,0
7241,privacy,0,0
7242,privacy,1,1
7243,privacy,1,0
7244,privacy,0,0
7245,privacy,0,0
7246,privacy,0,0
7247,privacy,0,0
7248,privacy,0,0
7249,privacy,0,0
7250,privacy,0,0
7251,privacy,1,1
7252,privacy,0,0
7253,privacy,0,0
7254,privacy,0,0
7255,privacy,0,0
7256,privacy,0,0
7257,privacy,0,0
7258,privacy,1,1
7259,privacy,1,0
7260,privacy,0,0
7261,privacy,0,0
7262,privacy,0,0
7263,privacy,0,0
7264,privacy,1,1
7265,privacy,0,0
7266,privacy,0,0
7267,privacy,0,0
7268,privacy,0,0
7269,privacy,1,0
7270,privacy,1,0
7271,privacy,0,0
7272,privacy,0,0
7273,privacy,0,0
7274,privacy,0,0
7275,privacy,0,0
7276,privacy,0,0
7277,privacy,0,0
7278,privacy,0,0
7279,privacy,1,1
7280,privacy,0,0
7281,privacy,0,0
7282,privacy,0,0
7283,privacy,1,0
7284,privacy,0,0
7285,privacy,0,0
7286,privacy,1,0
7287,privacy,1,0
7288,privacy,0,0
7289,privacy,0,0
7290,privacy,0,0
7291,privacy,1,1
7292,privacy,0,0
7293,privacy,0,0
7294,privacy,1,0
7295,privacy,0,0
7296,privacy,0,0
7297,privacy,0,0
7298,privacy,0,0
7299,privacy,1,0
7300,privacy,0,0
7301,privacy,0,0
7302,privacy,0,0
7303,privacy,0,0
7304,privacy,0,0
7305,privacy,0,0
7306,privacy,0,0
7307,privacy,0,0
7308,privacy,0,0
7309,privacy,0,0
7310,privacy,1,1
7311,privacy,1,1
7312,privacy,0,0
7313,privacy,0,0
7314,privacy,0,0
7315,privacy,1,0
7316,privacy,0,0
7317,privacy,1,1
7318,privacy,0,0
7319,privacy,1,0
7320,privacy,0,0
7321,privacy,0,0
7322,privacy,0,0
7323,privacy,0,0
7324,privacy,0,0
7325,privacy,1,1
7326,privacy,0,0
7327,privacy,1,1
7328,privacy,0,0
7329,privacy,1,1
7330,privacy,0,0
7331,privacy,1,0
7332,privacy,0,0
7333,privacy,0,0
7334,privacy,0,0
7335,privacy,1,0
7336,privacy,0,0
7337,privacy,0,0
7338,privacy,0,0
7339,privacy,0,0
7340,privacy,0,0
7341,privacy,0,0
7342,privacy,0,0
7343,privacy,0,0
7344,privacy,0,0
7345,privacy,0,0
7346,privacy,0,0
7347,privacy,0,0
7348,privacy,0,0
7349,privacy,0,0
7350,privacy,0,0
7351,privacy,0,0
7352,privacy,1,0
7353,privacy,0,0
7354,privacy,0,0
7355,privacy,0,0
7356,privacy,0,0
7357,privacy,0,0
7358,privacy,0,0
7359,privacy,1,1
7360,privacy,0,0
7361,privacy,0,0
7362,privacy,1,0
7363,privacy,0,0
7364,privacy,1,0
7365,privacy,0,0
7366,privacy,1,1
7367,privacy,0,0
7368,privacy,1,1
7369,privacy,0,0
7370,privacy,0,0
7371,privacy,0,0
7372,privacy,0,0
7373,privacy,0,0
7374,privacy,0,0
7375,privacy,0,0
7376,privacy,0,0
7377,privacy,1,0
7378,privacy,1,0
7379,privacy,1,0
7380,privacy,0,0
7381,privacy,0,0
7382,privacy,1,0
7383,privacy,1,0
7384,privacy,1,1
7385,privacy,0,0
7386,privacy,0,0
7387,privacy,0,0
7388,privacy,0,0
7389,privacy,1,0
7390,privacy,0,0
7391,privacy,0,0
7392,privacy,0,0
7393,privacy,0,0
7394,privacy,0,0
7395,privacy,0,0
7396,privacy,1,1
7397,privacy,0,0
7398,privacy,1,0
7399,privacy,1,1
7400,privacy,0,0
7401,privacy,0,0
7402,privacy,0,0
7403,privacy,0,0
7404,privacy,0,0
7405,privacy,0,0
7406,privacy,0,0
7407,privacy,0,0
7408,privacy,0,0
7409,privacy,0,0
7410,privacy,0,0
7411,privacy,0,0
7412,privacy,0,0
7413,privacy,0,0
7414,privacy,0,0
7415,privacy,0,0
7416,privacy,0,0
7417,privacy,0,0
7418,privacy,0,0
7419,privacy,0,0
7420,privacy,0,0
7421,privacy,0,0
7422,privacy,1,1
7423,privacy,0,0
7424,privacy,0,0
7425,privacy,0,0
7426,privacy,0,0
7427,privacy,0,0
7428,privacy,1,1
7429,privacy,0,0
7430,privacy,0,0
7431,privacy,0,0
7432,privacy,0,0
7433,privacy,1,1
7434,privacy,1,0
7435,privacy,0,0
7436,privacy,0,0
7437,privacy,1,0
7438,privacy,1,0
7439,privacy,1,1
7440,privacy,0,0
7441,privacy,1,0
7442,privacy,0,0
7443,privacy,0,0
7444,privacy,0,0
7445,privacy,0,0
7446,privacy,1,0
7447,privacy,0,0
7448,privacy,0,0
7449,privacy,0,0
7450,privacy,0,0
7451,privacy,0,0
7452,privacy,0,0
7453,privacy,0,0
7454,privacy,0,0
7455,privacy,0,0
7456,privacy,0,0
7457,privacy,1,0
7458,privacy,0,0
7459,privacy,0,0
7460,privacy,1,0
7461,privacy,1,1
7462,privacy,1,0
7463,privacy,1,0
7464,privacy,0,0
7465,privacy,0,0
7466,privacy,0,0
7467,privacy,0,0
7468,privacy,0,0
7469,privacy,0,0
7470,privacy,0,0
7471,privacy,0,0
7472,privacy,0,0
7473,privacy,0,0
7474,privacy,0,0
7475,privacy,0,0
7476,privacy,0,0
7477,privacy,0,0
7478,privacy,0,0
7479,privacy,0,0
7480,privacy,1,1
7481,privacy,1,0
7482,privacy,0,0
7483,privacy,0,0
7484,privacy,0,0
7485,privacy,1,1
7486,privacy,0,0
7487,privacy,1,0
7488,privacy,0,0
7489,privacy,1,1
7490,privacy,1,0
7491,privacy,1,1
7492,privacy,0,0
7493,privacy,0,0
7494,privacy,0,0
7495,privacy,0,0
7496,privacy,0,0
7497,privacy,0,0
7498,privacy,0,0
7499,privacy,0,0
7500,privacy,0,0
7501,privacy,1,1
7502,privacy,0,0
7503,privacy,0,0
7504,privacy,0,0
7505,privacy,0,0
7506,privacy,1,0
7507,privacy,0,0
7508,privacy,1,1
7509,privacy,1,1
7510,privacy,1,0
7511,privacy,0,0
7512,privacy,0,0
7513,privacy,1,1
7514,privacy,0,0
7515,privacy,1,1
7516,privacy,0,0
7517,privacy,1,1
7518,privacy,0,0
7519,privacy,1,0
7520,privacy,0,0
7521,privacy,0,0
7522,privacy,0,0
7523,privacy,0,0
7524,privacy,0,0
7525,privacy,0,0
7526,privacy,0,0
7527,privacy,0,0
7528,privacy,1,1
7529,privacy,0,0
7530,privacy,0,0
7531,privacy,0,0
7532,privacy,1,0
7533,privacy,0,0
7534,privacy,1,1
7535,privacy,0,0
7536,privacy,0,0
7537,privacy,0,0
7538,privacy,0,0
7539,privacy,0,0
7540,privacy,0,0
7541,privacy,1,0
7542,privacy,1,1
7543,privacy,0,0
7544,privacy,0,0
7545,privacy,0,0
7546,privacy,0,0
7547,privacy,0,0
7548,privacy,0,0
7549,privacy,0,0
7550,privacy,0,0
7551,privacy,0,0
7552,privacy,0,0
7553,privacy,0,0
7554,privacy,0,0
7555,privacy,0,0
7556,privacy,1,1
7557,privacy,0,0
7558,privacy,1,1
7559,privacy,1,0
7560,privacy,1,1
7561,privacy,0,0
7562,privacy,0,0
7563,privacy,1,1
7564,privacy,0,0
7565,privacy,0,0
7566,privacy,0,0
7567,privacy,0,0
7568,privacy,0,0
7569,privacy,0,0
7570,privacy,0,0
7571,privacy,1,0
7572,privacy,0,0
7573,privacy,0,0
7574,privacy,1,0
7575,privacy,1,1
7576,privacy,1,0
7577,privacy,1,0
7578,privacy,1,0
7579,privacy,1,0
7580,privacy,1,0
7581,privacy,0,0
7582,privacy,0,0
7583,privacy,0,0
7584,privacy,0,0
7585,privacy,1,0
7586,privacy,1,0
7587,privacy,1,0
7588,privacy,1,0
7589,privacy,1,1
7590,privacy,1,1
7591,privacy,1,0
7592,privacy,1,0
7593,privacy,0,0
7594,privacy,1,0
7595,privacy,1,1
7596,privacy,1,0
7597,privacy,1,0
7598,privacy,0,0
7599,privacy,0,0
7600,privacy,0,0
7601,privacy,0,0
7602,privacy,1,1
7603,privacy,0,0
7604,privacy,0,0
7605,privacy,1,1
7606,privacy,1,1
7607,privacy,1,1
7608,privacy,1,1
7609,privacy,0,0
7610,privacy,1,1
7611,privacy,0,0
7612,privacy,0,0
7613,privacy,0,0
7614,privacy,0,0
7615,privacy,0,0
7616,privacy,0,0
7617,privacy,0,0
7618,privacy,0,0
7619,privacy,1,1
7620,privacy,1,1
7621,privacy,0,0
7622,privacy,1,0
7623,privacy,0,0
7624,privacy,0,0
7625,privacy,0,0
7626,privacy,0,0
7627,privacy,0,0
7628,privacy,0,0
7629,privacy,0,0
7630,privacy,0,0
7631,privacy,0,0
7632,privacy,0,0
7633,privacy,0,0
7634,privacy,0,0
7635,privacy,0,0
7636,privacy,0,0
7637,privacy,0,0
7638,privacy,0,0
7639,privacy,0,0
7640,privacy,0,0
7641,privacy,0,0
7642,privacy,0,0
7643,privacy,0,0
7644,privacy,0,0
7645,privacy,0,0
7646,privacy,0,0
7647,privacy,0,0
7648,privacy,0,0
7649,privacy,0,0
7650,privacy,0,0
7651,privacy,0,0
7652,privacy,0,0
7653,privacy,1,1
7654,privacy,0,0
7655,privacy,0,0
7656,privacy,1,1
7657,privacy,1,1
7658,privacy,0,0
7659,privacy,1,0
7660,privacy,1,1
7661,privacy,0,0
7662,privacy,1,1
7663,privacy,0,0
7664,privacy,1,1
7665,privacy,0,0
7666,privacy,1,1
7667,privacy,1,1
7668,privacy,0,0
7669,privacy,1,1
7670,privacy,0,0
7671,privacy,0,0
7672,privacy,1,1
7673,privacy,1,1
7674,privacy,0,0
7675,privacy,1,1
7676,privacy,0,0
7677,privacy,0,0
7678,privacy,0,0
7679,privacy,1,1
7680,privacy,1,1
7681,privacy,0,0
7682,privacy,1,1
7683,privacy,0,0
7684,privacy,0,0
7685,privacy,1,1
7686,privacy,0,0
7687,privacy,1,0
7688,privacy,1,0
7689,privacy,0,0
7690,privacy,1,1
7691,privacy,1,1
7692,privacy,1,0
7693,privacy,1,1
7694,privacy,0,0
7695,privacy,0,0
7696,privacy,0,0
7697,privacy,1,0
7698,privacy,1,1
7699,privacy,1,1
7700,privacy,0,0
7701,privacy,0,0
7702,privacy,1,1
7703,privacy,0,0
7704,privacy,0,0
7705,privacy,0,0
7706,privacy,0,0
7707,privacy,1,1
7708,privacy,0,0
7709,privacy,0,0
7710,privacy,1,1
7711,privacy,0,0
7712,privacy,0,0
7713,privacy,0,0
7714,privacy,1,0
7715,privacy,1,0
7716,privacy,1,0
7717,privacy,1,1
7718,privacy,0,0
7719,privacy,0,0
7720,privacy,0,0
7721,privacy,1,1
7722,privacy,0,0
7723,privacy,0,0
7724,privacy,0,0
7725,privacy,0,0
7726,privacy,0,0
7727,privacy,0,0
7728,privacy,0,0
7729,privacy,1,0
7730,privacy,0,0
7731,privacy,0,0
7732,privacy,0,0
7733,privacy,0,0
7734,privacy,0,0
7735,privacy,0,0
7736,privacy,1,0
7737,privacy,1,1
7738,privacy,0,0
7739,privacy,0,0
7740,privacy,0,0
7741,privacy,0,0
7742,privacy,1,1
7743,privacy,0,0
7744,privacy,0,0
7745,privacy,0,0
7746,privacy,0,0
7747,privacy,0,0
7748,privacy,0,0
7749,privacy,0,0
7750,privacy,0,0
7751,privacy,0,0
7752,privacy,0,0
7753,privacy,0,0
7754,privacy,1,1
7755,privacy,0,0
7756,privacy,0,0
7757,privacy,0,0
7758,privacy,0,0
7759,privacy,0,0
7760,privacy,0,0
7761,privacy,0,0
7762,privacy,0,0
7763,privacy,0,0
7764,privacy,1,1
7765,privacy,0,0
7766,privacy,0,0
7767,privacy,0,0
7768,privacy,0,0
7769,privacy,0,0
7770,privacy,0,0
7771,privacy,0,0
7772,privacy,0,0
7773,privacy,0,0
7774,privacy,0,0
7775,privacy,0,0
7776,privacy,0,0
7777,privacy,0,0
7778,privacy,0,0
7779,privacy,0,0
7780,privacy,0,0
7781,privacy,0,0
7782,privacy,0,0
7783,privacy,0,0
7784,privacy,0,0
7785,privacy,0,0
7786,privacy,0,0
7787,privacy,0,0
7788,privacy,0,0
7789,privacy,1,0
7790,privacy,0,0
7791,privacy,0,0
7792,privacy,0,0
7793,privacy,0,0
7794,privacy,0,0
7795,privacy,0,0
7796,privacy,0,0
7797,privacy,0,0
7798,privacy,0,0
7799,privacy,1,0
7800,privacy,0,0
7801,privacy,1,1
7802,privacy,0,0
7803,privacy,1,1
7804,privacy,1,1
7805,privacy,0,0
7806,privacy,0,0
7807,privacy,0,0
7808,privacy,0,0
7809,privacy,0,0
7810,privacy,1,0
7811,privacy,1,0
7812,privacy,0,0
7813,privacy,1,0
7814,privacy,0,0
7815,privacy,0,0
7816,privacy,1,1
7817,privacy,1,1
7818,privacy,0,0
7819,privacy,1,1
7820,privacy,1,1
7821,privacy,0,0
7822,privacy,1,0
7823,privacy,0,0
7824,privacy,1,0
7825,privacy,0,0
7826,privacy,0,0
7827,privacy,0,0
7828,privacy,0,0
7829,privacy,0,0
7830,privacy,0,0
7831,privacy,1,0
7832,privacy,0,0
7833,privacy,1,0
7834,privacy,0,0
7835,privacy,1,1
7836,privacy,0,0
7837,privacy,0,0
7838,privacy,0,0
7839,privacy,1,0
7840,privacy,0,0
7841,privacy,0,0
7842,privacy,1,0
7843,privacy,1,1
7844,privacy,1,0
7845,privacy,0,0
7846,privacy,1,0
7847,privacy,1,0
7848,privacy,0,0
7849,privacy,0,0
7850,privacy,1,0
7851,privacy,0,0
7852,privacy,0,0
7853,privacy,0,0
7854,privacy,0,0
7855,privacy,0,0
7856,privacy,0,0
7857,privacy,0,0
7858,privacy,0,0
7859,privacy,0,0
7860,privacy,1,0
7861,privacy,0,0
7862,privacy,1,1
7863,privacy,0,0
7864,privacy,1,1
7865,privacy,0,0
7866,privacy,0,0
7867,privacy,1,0
7868,privacy,0,0
7869,privacy,1,1
7870,privacy,1,1
7871,privacy,1,1
7872,privacy,0,0
7873,privacy,0,0
7874,privacy,0,0
7875,privacy,0,0
7876,privacy,0,0
7877,privacy,0,0
7878,privacy,0,0
7879,privacy,0,0
7880,privacy,0,0
7881,privacy,0,0
7882,privacy,0,0
7883,privacy,0,0
7884,privacy,0,0
7885,privacy,1,0
7886,privacy,1,0
7887,privacy,0,0
7888,privacy,0,0
7889,privacy,1,0
7890,privacy,0,0
7891,privacy,0,0
7892,privacy,0,0
7893,privacy,0,0
7894,privacy,0,0
7895,privacy,0,0
7896,privacy,0,0
7897,privacy,1,0
7898,privacy,0,0
7899,privacy,0,0
7900,privacy,0,0
7901,privacy,0,0
7902,privacy,0,0
7903,privacy,0,0
7904,privacy,1,1
7905,privacy,0,0
7906,privacy,0,0
7907,privacy,0,0
7908,privacy,0,0
7909,privacy,0,0
7910,privacy,0,0
7911,privacy,0,0
7912,privacy,1,1
7913,privacy,1,1
7914,privacy,1,1
7915,privacy,1,0
7916,privacy,1,0
7917,privacy,1,1
7918,privacy,1,1
7919,privacy,1,1
7920,privacy,0,0
7921,privacy,0,0
7922,privacy,1,0
7923,privacy,0,0
7924,privacy,0,0
7925,privacy,0,0
7926,privacy,1,1
7927,privacy,0,0
7928,privacy,1,1
7929,privacy,0,0
7930,privacy,0,0
7931,privacy,1,1
7932,privacy,1,1
7933,privacy,0,0
7934,privacy,0,0
7935,privacy,0,0
7936,privacy,0,0
7937,privacy,0,0
7938,privacy,1,0
7939,privacy,0,0
7940,privacy,0,0
7941,privacy,0,0
7942,privacy,0,0
7943,privacy,0,0
7944,privacy,0,0
7945,privacy,0,0
7946,privacy,0,0
7947,privacy,0,0
7948,privacy,0,0
7949,privacy,0,0
7950,privacy,0,0
7951,privacy,0,0
7952,privacy,0,0
7953,privacy,0,0
7954,privacy,0,0
7955,privacy,1,1
7956,privacy,1,1
7957,privacy,0,0
7958,privacy,0,0
7959,privacy,0,0
7960,privacy,0,0
7961,privacy,0,0
7962,privacy,0,0
7963,privacy,0,0
7964,privacy,0,0
7965,privacy,0,0
7966,privacy,1,0
7967,privacy,1,1
7968,privacy,0,0
7969,privacy,0,0
7970,privacy,0,0
7971,privacy,0,0
7972,privacy,1,1
7973,privacy,0,0
7974,privacy,0,0
7975,privacy,0,0
7976,privacy,0,0
7977,privacy,0,0
7978,privacy,0,0
7979,privacy,0,0
7980,privacy,1,0
7981,privacy,1,0
7982,privacy,1,0
7983,privacy,0,0
7984,privacy,0,0
7985,privacy,0,0
7986,privacy,1,1
7987,privacy,0,0
7988,privacy,1,0
7989,privacy,1,0
7990,privacy,0,0
7991,privacy,0,0
7992,privacy,0,0
7993,privacy,0,0
7994,privacy,1,0
7995,privacy,0,0
7996,privacy,0,0
7997,privacy,0,0
7998,privacy,0,0
7999,privacy,1,0
8000,privacy,0,0
8001,privacy,0,0
8002,privacy,0,0
8003,privacy,0,0
8004,privacy,0,0
8005,privacy,0,0
8006,privacy,0,0
8007,privacy,0,0
8008,privacy,0,0
8009,privacy,0,0
8010,privacy,0,0
8011,privacy,0,0
8012,privacy,0,0
8013,privacy,0,0
8014,privacy,0,0
8015,privacy,0,0
8016,privacy,0,0
8017,privacy,0,0
8018,privacy,0,0
8019,privacy,0,0
8020,privacy,0,0
8021,privacy,0,0
8022,privacy,0,0
8023,privacy,0,0
8024,privacy,0,0
8025,privacy,0,0
8026,privacy,0,0
8027,privacy,0,0
8028,privacy,0,0
8029,privacy,1,0
8030,privacy,1,0
8031,privacy,1,1
8032,privacy,1,1
8033,privacy,1,1
8034,privacy,1,0
8035,privacy,1,0
8036,privacy,1,1
8037,privacy,0,0
8038,privacy,0,0
8039,privacy,0,0
8040,privacy,0,0
8041,privacy,0,0
8042,privacy,1,1
8043,privacy,1,0
8044,privacy,1,0
8045,privacy,0,0
8046,privacy,0,0
8047,privacy,0,0
8048,privacy,0,0
8049,privacy,0,0
8050,privacy,0,0
8051,privacy,0,0
8052,privacy,0,0
8053,privacy,0,0
8054,privacy,0,0
8055,privacy,0,0
8056,privacy,0,0
8057,privacy,0,0
8058,privacy,0,0
8059,privacy,0,0
8060,privacy,0,0
8061,privacy,0,0
8062,privacy,0,0
8063,privacy,0,0
8064,privacy,1,1
8065,privacy,0,0
8066,privacy,0,0
8067,privacy,0,0
8068,privacy,0,0
8069,privacy,0,0
8070,privacy,0,0
8071,privacy,0,0
8072,privacy,0,0
8073,privacy,0,0
8074,privacy,1,1
8075,privacy,0,0
8076,privacy,0,0
8077,privacy,0,0
8078,privacy,0,0
8079,privacy,0,0
8080,privacy,0,0
8081,privacy,0,0
8082,privacy,1,1
8083,privacy,0,0
8084,privacy,0,0
8085,privacy,0,0
8086,privacy,0,0
8087,privacy,0,0
8088,privacy,0,0
8089,privacy,0,0
8090,privacy,0,0
8091,privacy,0,0
8092,privacy,0,0
8093,privacy,0,0
8094,privacy,0,0
8095,privacy,0,0
8096,privacy,0,0
8097,privacy,1,0
8098,privacy,0,0
8099,privacy,1,0
8100,privacy,0,0
8101,privacy,0,0
8102,privacy,0,0
8103,privacy,0,0
8104,privacy,0,0
8105,privacy,0,0
8106,privacy,0,0
8107,privacy,0,0
8108,privacy,0,0
8109,privacy,0,0
8110,privacy,0,0
8111,privacy,0,0
8112,privacy,0,0
8113,privacy,0,0
8114,privacy,1,0
8115,privacy,1,0
8116,privacy,0,0
8117,privacy,0,0
8118,privacy,0,0
8119,privacy,1,1
8120,privacy,0,0
8121,privacy,0,0
8122,privacy,1,1
8123,privacy,0,0
8124,privacy,0,0
8125,privacy,0,0
8126,privacy,0,0
8127,privacy,0,0
8128,privacy,0,0
8129,privacy,0,0
8130,privacy,1,0
8131,privacy,0,0
8132,privacy,0,0
8133,privacy,0,0
8134,privacy,0,0
8135,privacy,1,0
8136,privacy,0,0
8137,privacy,0,0
8138,privacy,1,0
8139,privacy,0,0
8140,privacy,1,0
8141,privacy,0,0
8142,privacy,1,0
8143,privacy,0,0
8144,privacy,0,0
8145,privacy,0,0
8146,privacy,1,1
8147,privacy,0,0
8148,privacy,1,1
8149,privacy,1,0
8150,privacy,0,0
8151,privacy,0,0
8152,privacy,0,0
8153,privacy,0,0
8154,privacy,0,0
8155,privacy,0,0
8156,privacy,1,0
8157,privacy,0,0
8158,privacy,0,0
8159,privacy,1,1
8160,privacy,1,1
8161,privacy,0,0
8162,privacy,0,0
8163,privacy,1,1
8164,privacy,1,0
8165,privacy,0,0
8166,privacy,0,0
8167,privacy,1,1
8168,privacy,0,0
8169,privacy,0,0
8170,privacy,0,0
8171,privacy,0,0
8172,privacy,0,0
8173,privacy,0,0
8174,privacy,0,0
8175,privacy,0,0
8176,privacy,0,0
8177,privacy,0,0
8178,privacy,0,0
8179,privacy,0,0
8180,privacy,0,0
8181,privacy,0,0
8182,privacy,0,0
8183,privacy,1,1
8184,privacy,0,0
8185,privacy,0,0
8186,privacy,0,0
8187,privacy,0,0
8188,privacy,0,0
8189,privacy,0,0
8190,privacy,0,0
8191,privacy,0,0
8192,privacy,0,0
8193,privacy,0,0
8194,privacy,1,1
8195,privacy,0,0
8196,privacy,0,0
8197,privacy,0,0
8198,privacy,0,0
8199,privacy,0,0
8200,privacy,0,0
8201,privacy,0,0
8202,privacy,1,1
8203,privacy,1,0
8204,privacy,0,0
8205,privacy,1,0
8206,privacy,1,1
8207,privacy,0,0
8208,privacy,1,1
8209,privacy,1,1
8210,privacy,0,0
8211,privacy,1,1
8212,privacy,1,1
8213,privacy,0,0
8214,privacy,0,0
8215,privacy,1,1
8216,privacy,1,1
8217,privacy,0,0
8218,privacy,0,0
8219,privacy,0,0
8220,privacy,1,1
8221,privacy,0,0
8222,privacy,0,0
8223,privacy,0,0
8224,privacy,0,0
8225,privacy,0,0
8226,privacy,0,0
8227,privacy,0,0
8228,privacy,1,1
8229,privacy,1,1
8230,privacy,1,1
8231,privacy,1,1
8232,privacy,0,0
8233,privacy,1,1
8234,privacy,0,0
8235,privacy,0,0
8236,privacy,1,0
8237,privacy,0,0
8238,privacy,1,1
8239,privacy,1,1
8240,privacy,0,0
8241,privacy,0,0
8242,privacy,0,0
8243,privacy,0,0
8244,privacy,0,0
8245,privacy,0,0
8246,privacy,0,0
8247,privacy,1,0
8248,privacy,0,0
8249,privacy,0,0
8250,privacy,1,1
8251,privacy,1,1
8252,privacy,1,1
8253,privacy,1,1
8254,privacy,1,0
8255,privacy,0,0
8256,privacy,0,0
8257,privacy,0,0
8258,privacy,0,0
8259,privacy,0,0
8260,privacy,0,0
8261,privacy,0,0
8262,privacy,0,0
8263,privacy,1,0
8264,privacy,1,1
8265,privacy,1,0
8266,privacy,1,1
8267,privacy,1,0
8268,privacy,1,1
8269,privacy,0,0
8270,privacy,0,0
8271,privacy,1,1
8272,privacy,1,1
8273,privacy,1,0
8274,privacy,1,0
8275,privacy,0,0
8276,privacy,1,1
8277,privacy,0,0
8278,privacy,1,0
8279,privacy,0,0
8280,privacy,0,0
8281,privacy,0,0
8282,privacy,1,0
8283,privacy,0,0
8284,privacy,0,0
8285,privacy,0,0
8286,privacy,1,0
8287,privacy,0,0
8288,privacy,0,0
8289,privacy,1,1
8290,privacy,1,1
8291,privacy,1,1
8292,privacy,1,1
8293,privacy,1,1
8294,privacy,0,0
8295,privacy,0,0
8296,privacy,0,0
8297,privacy,0,0
8298,privacy,1,0
8299,privacy,0,0
8300,privacy,0,0
8301,privacy,0,0
8302,privacy,1,1
8303,privacy,0,0
8304,privacy,1,1
8305,privacy,1,1
8306,privacy,1,1
8307,privacy,0,0
8308,privacy,0,0
8309,privacy,1,0
8310,privacy,0,0
8311,privacy,1,0
8312,privacy,1,1
8313,privacy,0,0
8314,privacy,1,0
8315,privacy,0,0
8316,privacy,0,0
8317,privacy,1,0
8318,privacy,0,0
8319,privacy,1,1
8320,privacy,1,0
8321,privacy,0,0
8322,privacy,0,0
8323,privacy,0,0
8324,privacy,1,0
8325,privacy,0,0
8326,privacy,0,0
8327,privacy,0,0
8328,privacy,0,0
8329,privacy,0,0
8330,privacy,0,0
8331,privacy,0,0
8332,privacy,0,0
8333,privacy,0,0
8334,privacy,0,0
8335,privacy,0,0
8336,privacy,1,1
8337,privacy,0,0
8338,privacy,0,0
8339,privacy,0,0
8340,privacy,0,0
8341,privacy,0,0
8342,privacy,0,0
8343,privacy,1,0
8344,privacy,0,0
8345,privacy,0,0
8346,privacy,0,0
8347,privacy,0,0
8348,privacy,1,1
8349,privacy,1,0
8350,privacy,1,1
8351,privacy,1,1
8352,privacy,1,1
8353,privacy,1,0
8354,privacy,1,1
8355,privacy,1,1
8356,privacy,1,1
8357,privacy,1,1
8358,privacy,0,0
8359,privacy,0,0
8360,privacy,0,0
8361,privacy,1,1
8362,privacy,1,0
8363,privacy,1,0
8364,privacy,1,0
8365,privacy,1,0
8366,privacy,0,0
8367,privacy,0,0
8368,privacy,0,0
8369,privacy,1,0
8370,privacy,0,0
8371,privacy,1,0
8372,privacy,0,0
8373,privacy,0,0
8374,privacy,0,0
8375,privacy,0,0
8376,privacy,0,0
8377,privacy,0,0
8378,privacy,0,0
8379,privacy,0,0
8380,privacy,0,0
8381,privacy,0,0
8382,privacy,0,0
8383,privacy,0,0
8384,privacy,1,0
8385,privacy,1,1
8386,privacy,0,0
8387,privacy,0,0
8388,privacy,0,0
8389,privacy,0,0
8390,privacy,0,0
8391,privacy,0,0
8392,privacy,0,0
8393,privacy,0,0
8394,privacy,0,0
8395,privacy,0,0
8396,privacy,1,0
8397,privacy,1,0
8398,privacy,0,0
8399,privacy,0,0
8400,privacy,0,0
8401,privacy,0,0
8402,privacy,0,0
8403,privacy,0,0
8404,privacy,0,0
8405,privacy,0,0
8406,privacy,0,0
8407,privacy,1,0
8408,privacy,0,0
8409,privacy,0,0
8410,privacy,1,0
8411,privacy,1,0
8412,privacy,0,0
8413,privacy,1,0
8414,privacy,1,0
8415,privacy,1,0
8416,privacy,0,0
8417,privacy,1,0
8418,privacy,1,0
8419,privacy,0,0
8420,privacy,1,0
8421,privacy,0,0
8422,privacy,1,1
8423,privacy,0,0
8424,privacy,0,0
8425,privacy,0,0
8426,privacy,0,0
8427,privacy,0,0
8428,privacy,1,1
8429,privacy,1,1
8430,privacy,1,0
8431,privacy,0,0
8432,privacy,1,0
8433,privacy,0,0
8434,privacy,0,0
8435,privacy,0,0
8436,privacy,1,1
8437,privacy,0,0
8438,privacy,0,0
8439,privacy,0,0
8440,privacy,1,1
8441,privacy,0,0
8442,privacy,1,1
8443,privacy,1,1
8444,privacy,1,1
8445,privacy,0,0
8446,privacy,0,0
8447,privacy,0,0
8448,privacy,0,0
8449,privacy,0,0
8450,privacy,0,0
8451,privacy,0,0
8452,privacy,0,0
8453,privacy,1,1
8454,privacy,0,0
8455,privacy,0,0
8456,privacy,0,0
8457,privacy,1,1
8458,privacy,0,0
8459,privacy,1,1
8460,privacy,1,1
8461,privacy,0,0
8462,privacy,1,1
8463,privacy,0,0
8464,privacy,0,0
8465,privacy,0,0
8466,privacy,1,1
8467,privacy,1,1
8468,privacy,1,1
8469,privacy,1,1
8470,privacy,0,0
8471,privacy,0,0
8472,privacy,0,0
8473,privacy,0,0
8474,privacy,1,0
8475,privacy,0,0
8476,privacy,1,1
8477,privacy,0,0
8478,privacy,1,1
8479,privacy,1,1
8480,privacy,1,1
8481,privacy,1,1
8482,privacy,0,0
8483,privacy,0,0
8484,privacy,1,1
8485,privacy,0,0
8486,privacy,1,0
8487,privacy,0,0
8488,privacy,0,0
8489,privacy,0,0
8490,privacy,0,0
8491,privacy,1,0
8492,privacy,0,0
8493,privacy,0,0
8494,privacy,1,1
8495,privacy,1,1
8496,privacy,0,0
8497,privacy,1,0
8498,privacy,0,0
8499,privacy,0,0
8500,privacy,1,0
8501,privacy,1,0
8502,privacy,0,0
8503,privacy,1,0
8504,privacy,1,1
8505,privacy,0,0
8506,privacy,0,0
8507,privacy,1,0
8508,privacy,0,0
8509,privacy,1,0
8510,privacy,0,0
8511,privacy,0,0
8512,privacy,0,0
8513,privacy,0,0
8514,privacy,1,0
8515,privacy,1,1
8516,privacy,1,1
8517,privacy,0,0
8518,privacy,0,0
8519,privacy,1,0
8520,privacy,1,1
8521,privacy,1,1
8522,privacy,0,0
8523,privacy,1,0
8524,privacy,0,0
8525,privacy,0,0
8526,privacy,0,0
8527,privacy,1,0
8528,privacy,1,0
8529,privacy,1,0
8530,privacy,0,0
8531,privacy,1,0
8532,privacy,0,0
8533,privacy,1,1
8534,privacy,0,0
8535,privacy,1,1
8536,privacy,0,0
8537,privacy,1,0
8538,privacy,0,0
8539,privacy,1,1
8540,privacy,0,0
8541,privacy,1,1
8542,privacy,1,0
8543,privacy,0,0
8544,privacy,0,0
8545,privacy,0,0
8546,privacy,0,0
8547,privacy,0,0
8548,privacy,1,0
8549,privacy,0,0
8550,privacy,0,0
8551,privacy,1,0
8552,privacy,0,0
8553,privacy,0,0
8554,privacy,0,0
8555,privacy,0,0
8556,privacy,1,0
8557,privacy,1,0
8558,privacy,0,0
8559,privacy,0,0
8560,privacy,0,0
8561,privacy,0,0
8562,privacy,0,0
8563,privacy,1,0
8564,privacy,1,1
8565,privacy,0,0
8566,privacy,0,0
8567,privacy,0,0
8568,privacy,0,0
8569,privacy,0,0
8570,privacy,0,0
8571,privacy,0,0
8572,privacy,0,0
8573,privacy,0,0
8574,privacy,0,0
8575,privacy,0,0
8576,privacy,0,0
8577,privacy,0,0
8578,privacy,0,0
8579,privacy,0,0
8580,privacy,0,0
8581,privacy,0,0
8582,privacy,0,0
8583,privacy,0,0
8584,privacy,0,0
8585,privacy,0,0
8586,privacy,0,0
8587,privacy,0,0
8588,privacy,0,0
8589,privacy,0,0
8590,privacy,0,0
8591,privacy,1,0
8592,privacy,1,0
8593,privacy,0,0
8594,privacy,1,0
8595,privacy,0,0
8596,privacy,0,0
8597,privacy,1,1
8598,privacy,0,0
8599,privacy,0,0
8600,privacy,0,0
8601,privacy,0,0
8602,privacy,0,0
8603,privacy,0,0
8604,privacy,0,0
8605,privacy,0,0
8606,privacy,0,0
8607,privacy,0,0
8608,privacy,0,0
8609,privacy,0,0
8610,privacy,0,0
8611,privacy,0,0
8612,privacy,0,0
8613,privacy,0,0
8614,privacy,0,0
8615,privacy,0,0
8616,privacy,0,0
8617,privacy,0,0
8618,privacy,0,0
8619,privacy,0,0
8620,privacy,0,0
8621,privacy,0,0
8622,privacy,0,0
8623,privacy,0,0
8624,privacy,0,0
8625,privacy,0,0
8626,privacy,0,0
8627,privacy,0,0
8628,privacy,1,0
8629,privacy,0,0
8630,privacy,0,0
8631,privacy,0,0
8632,privacy,0,0
8633,privacy,0,0
8634,privacy,0,0
8635,privacy,0,0
8636,privacy,0,0
8637,privacy,0,0
8638,privacy,0,0
8639,privacy,0,0
8640,privacy,1,0
8641,privacy,0,0
8642,privacy,0,0
8643,privacy,0,0
8644,privacy,0,0
8645,privacy,0,0
8646,privacy,0,0
8647,privacy,0,0
8648,privacy,0,0
8649,privacy,1,1
8650,privacy,1,1
8651,privacy,0,0
8652,privacy,1,1
8653,privacy,0,0
8654,privacy,1,1
8655,privacy,0,0
8656,privacy,0,0
8657,privacy,1,1
8658,privacy,0,0
8659,privacy,1,1
8660,privacy,0,0
8661,privacy,0,0
8662,privacy,1,1
8663,privacy,1,1
8664,privacy,1,1
8665,privacy,0,0
8666,privacy,0,0
8667,privacy,1,1
8668,privacy,0,0
8669,privacy,1,1
8670,privacy,1,1
8671,privacy,0,0
8672,privacy,0,0
8673,privacy,0,0
8674,privacy,0,0
8675,privacy,0,0
8676,privacy,0,0
8677,privacy,0,0
8678,privacy,0,0
8679,privacy,0,0
8680,privacy,0,0
8681,privacy,0,0
8682,privacy,1,0
8683,privacy,0,0
8684,privacy,1,0
8685,privacy,0,0
8686,privacy,1,0
8687,privacy,1,0
8688,privacy,0,0
8689,privacy,0,0
8690,privacy,1,0
8691,privacy,0,0
8692,privacy,0,0
8693,privacy,0,0
8694,privacy,0,0
8695,privacy,0,0
8696,privacy,1,0
8697,privacy,0,0
8698,privacy,1,0
8699,privacy,1,0
8700,privacy,0,0
8701,privacy,0,0
8702,privacy,0,0
8703,privacy,0,0
8704,privacy,0,0
8705,privacy,0,0
8706,privacy,1,0
8707,privacy,0,0
8708,privacy,1,0
8709,privacy,1,0
8710,privacy,1,0
8711,privacy,1,0
8712,privacy,0,0
8713,privacy,0,0
8714,privacy,0,0
8715,privacy,0,0
8716,privacy,1,0
8717,privacy,0,0
8718,privacy,1,0
8719,privacy,1,0
8720,privacy,0,0
8721,privacy,0,0
8722,privacy,0,0
8723,privacy,1,0
8724,privacy,1,0
8725,privacy,1,0
8726,privacy,1,0
8727,privacy,0,0
8728,privacy,0,0
8729,privacy,1,0
8730,privacy,0,0
8731,privacy,0,0
8732,privacy,0,0
8733,privacy,0,0
8734,privacy,0,0
8735,privacy,0,0
8736,privacy,1,0
8737,privacy,0,0
8738,privacy,0,0
8739,privacy,1,0
8740,privacy,0,0
8741,privacy,1,0
8742,privacy,1,0
8743,privacy,0,0
8744,privacy,0,0
8745,privacy,1,1
8746,privacy,1,0
8747,privacy,0,0
8748,privacy,0,0
8749,privacy,0,0
8750,privacy,0,0
8751,privacy,0,0
8752,privacy,0,0
8753,privacy,1,0
8754,privacy,1,0
8755,privacy,0,0
8756,privacy,0,0
8757,privacy,1,0
8758,privacy,0,0
8759,privacy,1,1
8760,privacy,0,0
8761,privacy,0,0
8762,privacy,0,0
8763,privacy,0,0
8764,privacy,1,0
8765,privacy,0,0
8766,privacy,1,0
8767,privacy,1,0
8768,privacy,0,0
8769,privacy,1,0
8770,privacy,1,0
8771,privacy,0,0
8772,privacy,1,0
8773,privacy,1,0
8774,privacy,0,0
8775,privacy,0,0
8776,privacy,0,0
8777,privacy,0,0
8778,privacy,0,0
8779,privacy,1,1
8780,privacy,1,1
8781,privacy,1,1
8782,privacy,0,0
8783,privacy,0,0
8784,privacy,0,0
8785,privacy,0,0
8786,privacy,0,0
8787,privacy,1,1
8788,privacy,1,1
8789,privacy,0,0
8790,privacy,0,0
8791,privacy,1,0
8792,privacy,0,0
8793,privacy,0,0
8794,privacy,0,0
8795,privacy,1,0
8796,privacy,0,0
8797,privacy,0,0
8798,privacy,0,0
8799,privacy,0,0
8800,privacy,0,0
8801,privacy,1,1
8802,privacy,1,0
8803,privacy,1,1
8804,privacy,1,0
8805,privacy,0,0
8806,privacy,1,1
8807,privacy,0,0
8808,privacy,0,0
8809,privacy,1,0
8810,privacy,1,0
8811,privacy,1,0
8812,privacy,1,1
8813,privacy,1,1
8814,privacy,0,0
8815,privacy,0,0
8816,privacy,0,0
8817,privacy,1,0
8818,privacy,0,0
8819,privacy,1,0
8820,privacy,0,0
8821,privacy,1,1
8822,privacy,0,0
8823,privacy,1,1
8824,privacy,1,0
8825,privacy,1,1
8826,privacy,0,0
8827,privacy,0,0
8828,privacy,0,0
8829,privacy,0,0
8830,privacy,1,1
8831,privacy,0,0
8832,privacy,1,1
8833,privacy,0,0
8834,privacy,1,1
8835,privacy,0,0
8836,privacy,0,0
8837,privacy,0,0
8838,privacy,0,0
8839,privacy,1,0
8840,privacy,0,0
8841,privacy,1,1
8842,privacy,0,0
8843,privacy,0,0
8844,privacy,0,0
8845,privacy,0,0
8846,privacy,0,0
8847,privacy,0,0
8848,privacy,0,0
8849,privacy,0,0
8850,privacy,0,0
8851,privacy,0,0
8852,privacy,0,0
8853,privacy,0,0
8854,privacy,0,0
8855,privacy,0,0
8856,privacy,1,1
8857,privacy,1,1
8858,privacy,0,0
8859,privacy,0,0
8860,privacy,1,0
8861,privacy,1,0
8862,privacy,0,0
8863,privacy,0,0
8864,privacy,0,0
8865,privacy,0,0
8866,privacy,0,0
8867,privacy,0,0
8868,privacy,0,0
8869,privacy,0,0
8870,privacy,0,0
8871,privacy,0,0
8872,privacy,0,0
8873,privacy,0,0
8874,privacy,1,0
8875,privacy,1,0
8876,privacy,0,0
8877,privacy,1,0
8878,privacy,1,0
8879,privacy,0,0
8880,privacy,0,0
8881,privacy,0,0
8882,privacy,1,1
8883,privacy,1,0
8884,privacy,0,0
8885,privacy,0,0
8886,privacy,1,0
8887,privacy,0,0
8888,privacy,1,1
8889,privacy,1,0
8890,privacy,0,0
8891,privacy,0,0
8892,privacy,0,0
8893,privacy,1,0
8894,privacy,1,0
8895,privacy,1,1
8896,privacy,1,1
8897,privacy,1,1
8898,privacy,0,0
8899,privacy,1,1
8900,privacy,1,1
8901,privacy,1,1
8902,privacy,0,0
8903,privacy,0,0
8904,privacy,1,1
8905,privacy,1,0
8906,privacy,0,0
8907,privacy,0,0
8908,privacy,0,0
8909,privacy,0,0
8910,privacy,0,0
8911,privacy,1,0
8912,privacy,1,0
8913,privacy,0,0
8914,privacy,0,0
8915,privacy,0,0
8916,privacy,0,0
8917,privacy,1,0
8918,privacy,1,0
8919,privacy,1,0
8920,privacy,0,0
8921,privacy,0,0
8922,privacy,0,0
8923,privacy,1,0
8924,privacy,0,0
8925,privacy,1,0
8926,privacy,0,0
8927,privacy,1,0
8928,privacy,0,0
8929,privacy,1,0
8930,privacy,0,0
8931,privacy,0,0
8932,privacy,1,0
8933,privacy,1,0
8934,privacy,1,0
8935,privacy,0,0
8936,privacy,1,0
8937,privacy,1,0
8938,privacy,1,0
8939,privacy,1,0
8940,privacy,0,0
8941,privacy,0,0
8942,privacy,1,0
8943,privacy,0,0
8944,privacy,0,0
8945,privacy,1,0
8946,privacy,0,0
8947,privacy,0,0
8948,privacy,0,0
8949,privacy,0,0
8950,privacy,0,0
8951,privacy,1,0
8952,privacy,0,0
8953,privacy,1,1
8954,privacy,1,0
8955,privacy,0,0
8956,privacy,0,0
8957,privacy,1,1
8958,privacy,0,0
8959,privacy,0,0
8960,privacy,0,0
8961,privacy,0,0
8962,privacy,0,0
8963,privacy,0,0
8964,privacy,1,1
8965,privacy,0,0
8966,privacy,1,1
8967,privacy,0,0
8968,privacy,1,1
8969,privacy,1,1
8970,privacy,1,1
8971,privacy,0,0
8972,privacy,1,1
8973,privacy,1,1
8974,privacy,0,0
8975,privacy,1,0
8976,privacy,1,1
8977,privacy,0,0
8978,privacy,0,0
8979,privacy,1,1
8980,privacy,1,1
8981,privacy,0,0
8982,privacy,1,1
8983,privacy,0,0
8984,privacy,0,0
8985,privacy,0,0
8986,privacy,0,0
8987,privacy,1,0
8988,privacy,0,0
8989,privacy,0,0
8990,privacy,1,1
8991,privacy,0,0
8992,privacy,1,0
8993,privacy,0,0
8994,privacy,1,1
8995,privacy,0,0
8996,privacy,0,0
8997,privacy,0,0
8998,privacy,0,0
8999,privacy,0,0
9000,privacy,0,0
9001,privacy,0,0
9002,privacy,0,0
9003,privacy,1,1
9004,privacy,1,1
9005,privacy,1,0
9006,privacy,0,0
9007,privacy,0,0
9008,privacy,0,0
9009,privacy,0,0
9010,privacy,0,0
9011,privacy,0,0
9012,privacy,0,0
9013,privacy,1,0
9014,privacy,0,0
9015,privacy,0,0
9016,privacy,0,0
9017,privacy,0,0
9018,privacy,0,0
9019,privacy,0,0
9020,privacy,1,0
9021,privacy,0,0
9022,privacy,0,0
9023,privacy,1,0
9024,privacy,0,0
9025,privacy,0,0
9026,privacy,0,0
9027,privacy,1,0
9028,privacy,1,1
9029,privacy,0,0
9030,privacy,0,0
9031,privacy,0,0
9032,privacy,0,0
9033,privacy,1,0
9034,privacy,0,0
9035,privacy,0,0
9036,privacy,0,0
9037,privacy,0,0
9038,privacy,0,0
9039,privacy,0,0
9040,privacy,0,0
9041,privacy,1,0
9042,privacy,1,1
9043,privacy,0,0
9044,privacy,0,0
9045,privacy,1,1
9046,privacy,0,0
9047,privacy,0,0
9048,privacy,1,1
9049,privacy,1,0
9050,privacy,0,0
9051,privacy,0,0
9052,privacy,1,1
9053,privacy,1,0
9054,privacy,0,0
9055,privacy,0,0
9056,privacy,1,0
9057,privacy,0,0
9058,privacy,0,0
9059,privacy,0,0
9060,privacy,1,1
9061,privacy,0,0
9062,privacy,1,0
9063,privacy,1,1
9064,privacy,1,1
9065,privacy,0,0
9066,privacy,1,0
9067,privacy,0,0
9068,privacy,0,0
9069,privacy,1,0
9070,privacy,1,0
9071,privacy,0,0
9072,privacy,0,0
9073,privacy,0,0
9074,privacy,0,0
9075,privacy,0,0
9076,privacy,0,0
9077,privacy,0,0
9078,privacy,0,0
9079,privacy,0,0
9080,privacy,0,0
9081,privacy,1,1
9082,privacy,0,0
9083,privacy,1,1
9084,privacy,1,0
9085,privacy,0,0
9086,privacy,0,0
9087,privacy,1,0
9088,privacy,0,0
9089,privacy,0,0
9090,privacy,1,1
9091,privacy,1,0
9092,privacy,1,0
9093,privacy,0,0
9094,privacy,1,1
9095,privacy,0,0
9096,privacy,0,0
9097,privacy,0,0
9098,privacy,1,1
9099,privacy,1,1
9100,privacy,0,0
9101,privacy,0,0
9102,privacy,0,0
9103,privacy,0,0
9104,privacy,1,1
9105,privacy,0,0
9106,privacy,1,1
9107,privacy,1,1
9108,privacy,0,0
9109,privacy,0,0
9110,privacy,1,1
9111,privacy,0,0
9112,privacy,1,0
9113,privacy,0,0
9114,privacy,0,0
9115,privacy,0,0
9116,privacy,0,0
9117,privacy,0,0
9118,privacy,0,0
9119,privacy,0,0
9120,privacy,0,0
9121,privacy,0,0
9122,privacy,0,0
9123,privacy,0,0
9124,privacy,0,0
9125,privacy,1,0
9126,privacy,0,0
9127,privacy,1,1
9128,privacy,0,0
9129,privacy,0,0
9130,privacy,0,0
9131,privacy,0,0
9132,privacy,0,0
9133,privacy,0,0
9134,privacy,0,0
9135,privacy,0,0
9136,privacy,1,0
9137,privacy,1,0
9138,privacy,1,0
9139,privacy,0,0
9140,privacy,1,0
9141,privacy,1,0
9142,privacy,0,0
9143,privacy,0,0
9144,privacy,1,0
9145,privacy,0,0
9146,privacy,1,0
9147,privacy,1,1
9148,privacy,1,0
9149,privacy,1,0
9150,privacy,0,0
9151,privacy,0,0
9152,privacy,0,0
9153,privacy,1,1
9154,privacy,0,0
9155,privacy,1,1
9156,privacy,0,0
9157,privacy,0,0
9158,privacy,0,0
9159,privacy,0,0
9160,privacy,1,1
9161,privacy,0,0
9162,privacy,1,1
9163,privacy,0,0
9164,privacy,0,0
9165,privacy,0,0
9166,privacy,0,0
9167,privacy,1,1
9168,privacy,0,0
9169,privacy,1,1
9170,privacy,1,1
9171,privacy,0,0
9172,privacy,0,0
9173,privacy,0,0
9174,privacy,0,0
9175,privacy,0,0
9176,privacy,0,0
9177,privacy,0,0
9178,privacy,0,0
9179,privacy,1,1
9180,privacy,0,0
9181,privacy,0,0
9182,privacy,1,0
9183,privacy,0,0
9184,privacy,1,1
9185,privacy,1,1
9186,privacy,0,0
9187,privacy,1,1
9188,privacy,1,0
9189,privacy,0,0
9190,privacy,0,0
9191,privacy,0,0
9192,privacy,0,0
9193,privacy,1,1
9194,privacy,1,0
9195,privacy,0,0
9196,privacy,1,0
9197,privacy,0,0
9198,privacy,1,0
9199,privacy,0,0
9200,privacy,0,0
9201,privacy,0,0
9202,privacy,1,1
9203,privacy,1,0
9204,privacy,1,1
9205,privacy,1,0
9206,privacy,1,1
9207,privacy,1,1
9208,privacy,0,0
9209,privacy,1,1
9210,privacy,1,0
9211,privacy,0,0
9212,privacy,1,0
9213,privacy,1,0
9214,privacy,1,0
9215,privacy,1,1
9216,privacy,1,0
9217,privacy,1,0
9218,privacy,0,0
9219,privacy,1,0
9220,privacy,0,0
9221,privacy,0,0
9222,privacy,0,0
9223,privacy,1,0
9224,privacy,1,0
9225,privacy,0,0
9226,privacy,0,0
9227,privacy,0,0
9228,privacy,1,1
9229,privacy,0,0
9230,privacy,0,0
9231,privacy,0,0
9232,privacy,1,1
9233,privacy,0,0
9234,privacy,0,0
9235,privacy,0,0
9236,privacy,0,0
9237,privacy,0,0
9238,privacy,0,0
9239,privacy,1,0
9240,privacy,0,0
9241,privacy,0,0
9242,privacy,1,1
9243,privacy,0,0
9244,privacy,0,0
9245,privacy,0,0
9246,privacy,0,0
9247,privacy,0,0
9248,privacy,0,0
9249,privacy,0,0
9250,privacy,0,0
9251,privacy,0,0
9252,privacy,1,1
9253,privacy,0,0
9254,privacy,0,0
9255,privacy,0,0
9256,privacy,0,0
9257,privacy,1,0
9258,privacy,1,1
9259,privacy,0,0
9260,privacy,0,0
9261,privacy,1,0
9262,privacy,0,0
9263,privacy,1,0
9264,privacy,0,0
9265,privacy,0,0
9266,privacy,0,0
9267,privacy,0,0
9268,privacy,0,0
9269,privacy,1,1
9270,privacy,0,0
9271,privacy,0,0
9272,privacy,0,0
9273,privacy,1,1
9274,privacy,1,1
9275,privacy,0,0
9276,privacy,0,0
9277,privacy,0,0
9278,privacy,0,0
9279,privacy,0,0
9280,privacy,1,0
9281,privacy,1,1
9282,privacy,0,0
9283,privacy,0,0
9284,privacy,0,0
9285,privacy,0,0
9286,privacy,1,0
9287,privacy,0,0
9288,privacy,0,0
9289,privacy,1,1
9290,privacy,0,0
9291,privacy,0,0
9292,privacy,0,0
9293,privacy,0,0
9294,privacy,0,0
9295,privacy,1,1
9296,privacy,1,1
9297,privacy,0,0
9298,privacy,0,0
9299,privacy,0,0
9300,privacy,1,1
9301,privacy,0,0
9302,privacy,1,1
9303,privacy,0,0
9304,privacy,0,0
9305,privacy,0,0
9306,privacy,0,0
9307,privacy,0,0
9308,privacy,0,0
9309,privacy,1,1
9310,privacy,1,1
9311,privacy,0,0
9312,privacy,1,1
9313,privacy,0,0
9314,privacy,0,0
9315,privacy,1,1
9316,privacy,0,0
9317,privacy,0,0
9318,privacy,0,0
9319,privacy,0,0
9320,privacy,0,0
9321,privacy,0,0
9322,privacy,1,1
9323,privacy,1,1
9324,privacy,0,0
9325,privacy,0,0
9326,privacy,0,0
9327,privacy,0,0
9328,privacy,0,0
9329,privacy,0,0
9330,privacy,1,1
9331,privacy,1,1
9332,privacy,1,0
9333,privacy,0,0
9334,privacy,1,1
9335,privacy,1,0
9336,privacy,1,1
9337,privacy,1,1
9338,privacy,1,0
9339,privacy,1,1
9340,privacy,0,0
9341,privacy,0,0
9342,privacy,1,0
9343,privacy,0,0
9344,privacy,0,0
9345,privacy,1,0
9346,privacy,1,0
9347,privacy,1,0
9348,privacy,1,0
9349,privacy,0,0
9350,privacy,0,0
9351,privacy,0,0
9352,privacy,0,0
9353,privacy,0,0
9354,privacy,0,0
9355,privacy,0,0
9356,privacy,0,0
9357,privacy,1,0
9358,privacy,1,0
9359,privacy,1,1
9360,privacy,1,1
9361,privacy,1,1
9362,privacy,0,0
9363,privacy,0,0
9364,privacy,0,0
9365,privacy,0,0
9366,privacy,1,1
9367,privacy,1,1
9368,privacy,0,0
9369,privacy,1,1
9370,privacy,0,0
9371,privacy,0,0
9372,privacy,0,0
9373,privacy,0,0
9374,privacy,0,0
9375,privacy,0,0
9376,privacy,0,0
9377,privacy,0,0
9378,privacy,0,0
9379,privacy,0,0
9380,privacy,0,0
9381,privacy,0,0
9382,privacy,0,0
9383,privacy,0,0
9384,privacy,0,0
9385,privacy,1,0
9386,privacy,0,0
9387,privacy,0,0
9388,privacy,0,0
9389,privacy,0,0
9390,privacy,0,0
9391,privacy,0,0
9392,privacy,0,0
9393,privacy,0,0
9394,privacy,0,0
9395,privacy,0,0
9396,privacy,0,0
9397,privacy,0,0
9398,privacy,0,0
9399,privacy,0,0
9400,privacy,0,0
9401,privacy,1,0
9402,privacy,0,0
9403,privacy,0,0
9404,privacy,0,0
9405,privacy,0,0
9406,privacy,0,0
9407,privacy,1,0
9408,privacy,1,0
9409,privacy,1,1
9410,privacy,0,0
9411,privacy,0,0
9412,privacy,1,1
9413,privacy,0,0
9414,privacy,0,0
9415,privacy,0,0
9416,privacy,0,0
9417,privacy,0,0
9418,privacy,1,0
9419,privacy,0,0
9420,privacy,0,0
9421,privacy,0,0
9422,privacy,0,0
9423,privacy,0,0
9424,privacy,0,0
9425,privacy,0,0
9426,privacy,0,0
9427,privacy,0,0
9428,privacy,1,1
9429,privacy,0,0
9430,privacy,0,0
9431,privacy,1,0
9432,privacy,0,0
9433,privacy,1,1
9434,privacy,1,0
9435,privacy,0,0
9436,privacy,1,0
9437,privacy,0,0
9438,privacy,1,0
9439,privacy,1,0
9440,privacy,0,0
9441,privacy,0,0
9442,privacy,0,0
9443,privacy,0,0
9444,privacy,0,0
9445,privacy,1,1
9446,privacy,0,0
9447,privacy,1,1
9448,privacy,0,0
9449,privacy,0,0
9450,privacy,1,1
9451,privacy,0,0
9452,privacy,1,1
9453,privacy,0,0
9454,privacy,0,0
9455,privacy,0,0
9456,privacy,1,1
9457,privacy,0,0
9458,privacy,0,0
9459,privacy,0,0
9460,privacy,1,1
9461,privacy,0,0
9462,privacy,0,0
9463,privacy,1,1
9464,privacy,1,1
9465,privacy,1,1
9466,privacy,0,0
9467,privacy,1,0
9468,privacy,1,0
9469,privacy,1,0
9470,privacy,1,0
9471,privacy,0,0
9472,privacy,1,1
9473,privacy,0,0
9474,privacy,0,0
9475,privacy,1,0
9476,privacy,0,0
9477,privacy,0,0
9478,privacy,1,1
9479,privacy,0,0
9480,privacy,0,0
9481,privacy,0,0
9482,privacy,0,0
9483,privacy,0,0
9484,privacy,0,0
9485,privacy,0,0
9486,privacy,1,1
9487,privacy,1,1
9488,privacy,1,1
9489,privacy,1,1
9490,privacy,0,0
9491,privacy,0,0
9492,privacy,0,0
9493,privacy,0,0
9494,privacy,0,0
9495,privacy,0,0
9496,privacy,0,0
9497,privacy,0,0
9498,privacy,0,0
9499,privacy,0,0
9500,privacy,0,0
9501,privacy,0,0
9502,privacy,0,0
9503,privacy,0,0
9504,privacy,0,0
9505,privacy,0,0
9506,privacy,0,0
9507,privacy,0,0
9508,privacy,0,0
9509,privacy,1,1
9510,privacy,0,0
9511,privacy,0,0
9512,privacy,0,0
9513,privacy,0,0
9514,privacy,0,0
9515,privacy,0,0
9516,privacy,0,0
9517,privacy,1,0
9518,privacy,0,0
9519,privacy,1,0
9520,privacy,0,0
9521,privacy,1,0
9522,privacy,0,0
9523,privacy,1,0
9524,privacy,1,1
9525,privacy,0,0
9526,privacy,0,0
9527,privacy,0,0
9528,privacy,0,0
9529,privacy,0,0
9530,privacy,0,0
9531,privacy,0,0
9532,privacy,1,1
9533,privacy,0,0
9534,privacy,0,0
9535,privacy,0,0
9536,privacy,1,1
9537,privacy,0,0
9538,privacy,0,0
9539,privacy,0,0
9540,privacy,0,0
9541,privacy,0,0
9542,privacy,0,0
9543,privacy,0,0
9544,privacy,0,0
9545,privacy,0,0
9546,privacy,0,0
9547,privacy,0,0
9548,privacy,0,0
9549,privacy,0,0
9550,privacy,0,0
9551,privacy,1,1
9552,privacy,1,1
9553,privacy,1,1
9554,privacy,1,1
9555,privacy,0,0
9556,privacy,0,0
9557,privacy,0,0
9558,privacy,0,0
9559,privacy,0,0
9560,privacy,0,0
9561,privacy,1,0
9562,privacy,1,0
9563,privacy,1,0
9564,privacy,1,1
9565,privacy,0,0
9566,privacy,1,0
9567,privacy,1,0
9568,privacy,0,0
9569,privacy,0,0
9570,privacy,0,0
9571,privacy,0,0
9572,privacy,1,1
9573,privacy,0,0
9574,privacy,1,0
9575,privacy,0,0
9576,privacy,0,0
9577,privacy,0,0
9578,privacy,0,0
9579,privacy,0,0
9580,privacy,1,0
9581,privacy,0,0
9582,privacy,0,0
9583,privacy,1,1
9584,privacy,1,1
9585,privacy,0,0
9586,privacy,0,0
9587,privacy,0,0
9588,privacy,0,0
9589,privacy,1,0
9590,privacy,0,0
9591,privacy,0,0
9592,privacy,0,0
9593,privacy,1,0
9594,privacy,1,0
9595,privacy,0,0
9596,privacy,0,0
9597,privacy,1,0
9598,privacy,1,0
9599,privacy,0,0
9600,privacy,0,0
9601,privacy,1,0
9602,privacy,0,0
9603,privacy,0,0
9604,privacy,1,1
9605,privacy,0,0
9606,privacy,0,0
9607,privacy,0,0
9608,privacy,0,0
9609,privacy,1,1
9610,privacy,0,0
9611,privacy,1,1
9612,privacy,0,0
9613,privacy,1,1
9614,privacy,0,0
9615,privacy,0,0
9616,privacy,0,0
9617,privacy,1,1
9618,privacy,0,0
9619,privacy,1,0
9620,privacy,1,0
9621,privacy,0,0
9622,privacy,0,0
9623,privacy,0,0
9624,privacy,1,1
9625,privacy,0,0
9626,privacy,0,0
9627,privacy,0,0
9628,privacy,0,0
9629,privacy,0,0
9630,privacy,1,0
9631,privacy,0,0
9632,privacy,0,0
9633,privacy,0,0
9634,privacy,0,0
9635,privacy,0,0
9636,privacy,0,0
9637,privacy,0,0
9638,privacy,1,0
9639,privacy,0,0
9640,privacy,0,0
9641,privacy,0,0
9642,privacy,0,0
9643,privacy,1,0
9644,privacy,0,0
9645,privacy,1,1
9646,privacy,0,0
9647,privacy,1,1
9648,privacy,0,0
9649,privacy,1,1
9650,privacy,0,0
9651,privacy,0,0
9652,privacy,0,0
9653,privacy,0,0
9654,privacy,1,0
9655,privacy,0,0
9656,privacy,0,0
9657,privacy,0,0
9658,privacy,0,0
9659,privacy,0,0
9660,privacy,0,0
9661,privacy,0,0
9662,privacy,1,1
9663,privacy,0,0
9664,privacy,0,0
9665,privacy,0,0
9666,privacy,1,0
9667,privacy,1,0
9668,privacy,0,0
9669,privacy,0,0
9670,privacy,0,0
9671,privacy,0,0
9672,privacy,0,0
9673,privacy,0,0
9674,privacy,0,0
9675,privacy,0,0
9676,privacy,0,0
9677,privacy,0,0
9678,privacy,0,0
9679,privacy,0,0
9680,privacy,0,0
9681,privacy,1,0
9682,privacy,1,0
9683,privacy,1,0
9684,privacy,1,0
9685,privacy,0,0
9686,privacy,1,0
9687,privacy,1,0
9688,privacy,1,0
9689,privacy,1,1
9690,privacy,1,1
9691,privacy,1,0
9692,privacy,1,1
9693,privacy,1,1
9694,privacy,1,0
9695,privacy,1,1
9696,privacy,1,0
9697,privacy,1,1
9698,privacy,1,0
9699,privacy,0,0
9700,privacy,1,1
9701,privacy,0,0
9702,privacy,0,0
9703,privacy,1,1
9704,privacy,0,0
9705,privacy,1,1
9706,privacy,1,0
9707,privacy,0,0
9708,privacy,1,0
9709,privacy,1,1
9710,privacy,0,0
9711,privacy,1,0
9712,privacy,1,1
9713,privacy,0,0
9714,privacy,0,0
9715,privacy,0,0
9716,privacy,0,0
9717,privacy,0,0
9718,privacy,0,0
9719,privacy,1,0
9720,privacy,0,0
9721,privacy,0,0
9722,privacy,0,0
9723,privacy,0,0
9724,privacy,1,0
9725,privacy,1,1
9726,privacy,0,0
9727,privacy,1,0
9728,privacy,1,0
9729,privacy,1,0
9730,privacy,1,1
9731,privacy,1,0
9732,privacy,1,0
9733,privacy,0,0
9734,privacy,0,0
9735,privacy,0,0
9736,privacy,1,0
9737,privacy,0,0
9738,privacy,1,0
9739,privacy,1,0
9740,privacy,1,0
9741,privacy,1,0
9742,privacy,0,0
9743,privacy,1,0
9744,privacy,0,0
9745,privacy,1,0
9746,privacy,1,1
9747,privacy,0,0
9748,privacy,1,0
9749,privacy,0,0
9750,privacy,0,0
9751,privacy,0,0
9752,privacy,0,0
9753,privacy,0,0
9754,privacy,0,0
9755,privacy,0,0
9756,privacy,0,0
9757,privacy,0,0
9758,privacy,0,0
9759,privacy,0,0
9760,privacy,1,0
9761,privacy,1,0
9762,privacy,0,0
9763,privacy,0,0
9764,privacy,0,0
9765,privacy,0,0
9766,privacy,1,0
9767,privacy,0,0
9768,privacy,0,0
9769,privacy,1,1
9770,privacy,0,0
9771,privacy,0,0
9772,privacy,0,0
9773,privacy,0,0
9774,privacy,1,1
9775,privacy,1,1
9776,privacy,1,1
9777,privacy,0,0
9778,privacy,0,0
9779,privacy,1,0
9780,privacy,0,0
9781,privacy,1,1
9782,privacy,1,1
9783,privacy,0,0
9784,privacy,1,1
9785,privacy,0,0
9786,privacy,0,0
9787,privacy,0,0
9788,privacy,1,1
9789,privacy,1,1
9790,privacy,1,1
9791,privacy,1,0
9792,privacy,1,1
9793,privacy,1,1
9794,privacy,1,1
9795,privacy,0,0
9796,privacy,1,1
9797,privacy,1,1
9798,privacy,1,1
9799,privacy,0,0
9800,privacy,0,0
9801,privacy,0,0
9802,privacy,0,0
9803,privacy,0,0
9804,privacy,0,0
9805,privacy,0,0
9806,privacy,0,0
9807,privacy,0,0
9808,privacy,0,0
9809,privacy,0,0
9810,privacy,0,0
9811,privacy,0,0
9812,privacy,0,0
9813,privacy,1,1
9814,privacy,0,0
9815,privacy,0,0
9816,privacy,0,0
9817,privacy,0,0
9818,privacy,0,0
9819,privacy,0,0
9820,privacy,0,0
9821,privacy,1,1
9822,privacy,0,0
9823,privacy,0,0
9824,privacy,0,0
9825,privacy,0,0
9826,privacy,1,1
9827,privacy,0,0
9828,privacy,0,0
9829,privacy,0,0
9830,privacy,0,0
9831,privacy,0,0
9832,privacy,0,0
9833,privacy,1,0
9834,privacy,0,0
9835,privacy,0,0
9836,privacy,0,0
9837,privacy,0,0
9838,privacy,1,0
9839,privacy,1,1
9840,privacy,1,0
9841,privacy,0,0
9842,privacy,0,0
9843,privacy,0,0
9844,privacy,1,1
9845,privacy,1,1
9846,privacy,1,1
9847,privacy,1,1
9848,privacy,0,0
9849,privacy,0,0
9850,privacy,0,0
9851,privacy,1,1
9852,privacy,0,0
9853,privacy,0,0
9854,privacy,0,0
9855,privacy,0,0
9856,privacy,0,0
9857,privacy,0,0
9858,privacy,0,0
9859,privacy,0,0
9860,privacy,1,0
9861,privacy,0,0
9862,privacy,0,0
9863,privacy,0,0
9864,privacy,0,0
9865,privacy,0,0
9866,privacy,0,0
9867,privacy,0,0
9868,privacy,1,0
9869,privacy,0,0
9870,privacy,0,0
9871,privacy,0,0
9872,privacy,0,0
9873,privacy,0,0
9874,privacy,0,0
9875,privacy,1,1
9876,privacy,1,1
9877,privacy,1,0
9878,privacy,1,0
9879,privacy,1,1
9880,privacy,1,0
9881,privacy,1,1
9882,privacy,0,0
9883,privacy,1,0
9884,privacy,1,1
9885,privacy,0,0
9886,privacy,1,0
9887,privacy,1,0
9888,privacy,1,0
9889,privacy,0,0
9890,privacy,0,0
9891,privacy,1,0
9892,privacy,0,0
9893,privacy,1,1
9894,privacy,0,0
9895,privacy,1,0
9896,privacy,1,1
9897,privacy,1,1
9898,privacy,0,0
9899,privacy,1,1
9900,privacy,1,1
9901,privacy,1,1
9902,privacy,1,1
9903,privacy,0,0
9904,privacy,0,0
9905,privacy,0,0
9906,privacy,1,1
9907,privacy,1,1
9908,privacy,1,1
9909,privacy,1,1
9910,privacy,1,1
9911,privacy,0,0
9912,privacy,1,0
9913,privacy,1,1
9914,privacy,0,0
9915,privacy,0,0
9916,privacy,0,0
9917,privacy,1,1
9918,privacy,0,0
9919,privacy,1,0
9920,privacy,1,1
9921,privacy,1,0
9922,privacy,0,0
9923,privacy,1,1
9924,privacy,1,0
9925,privacy,0,0
9926,privacy,0,0
9927,privacy,0,0
9928,privacy,0,0
9929,privacy,0,0
9930,privacy,1,0
9931,privacy,1,0
9932,privacy,1,0
9933,privacy,1,0
9934,privacy,1,0
9935,privacy,0,0
9936,privacy,0,0
9937,privacy,0,0
9938,privacy,1,1
9939,privacy,0,0
9940,privacy,1,1
9941,privacy,0,0
9942,privacy,1,1
9943,privacy,0,0
9944,privacy,0,0
9945,privacy,0,0
9946,privacy,0,0
9947,privacy,0,0
9948,privacy,0,0
9949,privacy,0,0
9950,privacy,0,0
9951,privacy,0,0
9952,privacy,0,0
9953,privacy,0,0
9954,privacy,0,0
9955,privacy,0,0
9956,privacy,0,0
9957,privacy,0,0
9958,privacy,0,0
9959,privacy,0,0
9960,privacy,0,0
9961,privacy,0,0
9962,privacy,0,0
9963,privacy,0,0
9964,privacy,0,0
9965,privacy,0,0
9966,privacy,0,0
9967,privacy,0,0
9968,privacy,0,0
9969,privacy,0,0
9970,privacy,0,0
9971,privacy,0,0
9972,privacy,0,0
9973,privacy,0,0
9974,privacy,0,0
9975,privacy,0,0
9976,privacy,0,0
9977,privacy,0,0
9978,privacy,0,0
9979,privacy,0,0
9980,privacy,0,0
9981,privacy,0,0
9982,privacy,0,0
9983,privacy,0,0
9984,privacy,0,0
9985,privacy,0,0
9986,privacy,0,0
9987,privacy,0,0
9988,privacy,0,0
9989,privacy,0,0
9990,privacy,0,0
9991,privacy,0,0
9992,privacy,0,0
9993,privacy,0,0
9994,privacy,0,0
9995,privacy,0,0
9996,privacy,0,0
9997,privacy,0,0
9998,privacy,0,0
9999,privacy,0,0
10000,privacy,0,0
10001,privacy,0,0
10002,privacy,0,0
10003,privacy,1,1
10004,privacy,0,0
10005,privacy,0,0
10006,privacy,0,0
10007,privacy,0,0
10008,privacy,0,0
10009,privacy,1,0
10010,privacy,0,0
10011,privacy,0,0
10012,privacy,0,0
10013,privacy,1,0
10014,privacy,0,0
10015,privacy,0,0
10016,privacy,1,1
10017,privacy,1,1
10018,privacy,0,0
10019,privacy,0,0
10020,privacy,0,0
10021,privacy,0,0
10022,privacy,0,0
10023,privacy,1,1
10024,privacy,1,0
10025,privacy,0,0
10026,privacy,0,0
10027,privacy,1,0
10028,privacy,0,0
10029,privacy,1,0
10030,privacy,1,0
10031,privacy,1,1
10032,privacy,1,1
10033,privacy,0,0
10034,privacy,1,1
10035,privacy,0,0
10036,privacy,1,0
10037,privacy,0,0
10038,privacy,1,0
10039,privacy,1,1
10040,privacy,1,1
10041,privacy,1,0
10042,privacy,1,1
10043,privacy,0,0
10044,privacy,0,0
10045,privacy,1,0
10046,privacy,0,0
10047,privacy,0,0
10048,privacy,0,0
10049,privacy,0,0
10050,privacy,1,1
10051,privacy,1,1
10052,privacy,1,1
10053,privacy,1,1
10054,privacy,0,0
10055,privacy,1,0
10056,privacy,1,0
10057,privacy,0,0
10058,privacy,0,0
10059,privacy,1,1
10060,privacy,0,0
10061,privacy,0,0
10062,privacy,0,0
10063,privacy,0,0
10064,privacy,0,0
10065,privacy,0,0
10066,privacy,0,0
10067,privacy,0,0
10068,privacy,0,0
10069,privacy,0,0
10070,privacy,1,1
10071,privacy,1,1
10072,privacy,1,1
10073,privacy,0,0
10074,privacy,1,1
10075,privacy,1,1
10076,privacy,0,0
10077,privacy,1,1
10078,privacy,0,0
10079,privacy,0,0
10080,privacy,0,0
10081,privacy,0,0
10082,privacy,1,1
10083,privacy,0,0
10084,privacy,0,0
10085,privacy,0,0
10086,privacy,0,0
10087,privacy,0,0
10088,privacy,0,0
10089,privacy,1,1
10090,privacy,1,1
10091,privacy,1,0
10092,privacy,1,0
10093,privacy,1,0
10094,privacy,1,1
10095,privacy,0,0
10096,privacy,1,1
10097,privacy,0,0
10098,privacy,1,1
10099,privacy,0,0
10100,privacy,1,1
10101,privacy,0,0
10102,privacy,0,0
10103,privacy,0,0
10104,privacy,0,0
10105,privacy,0,0
10106,privacy,0,0
10107,privacy,0,0
10108,privacy,0,0
10109,privacy,0,0
10110,privacy,0,0
10111,privacy,0,0
10112,privacy,0,0
10113,privacy,0,0
10114,privacy,0,0
10115,privacy,1,1
10116,privacy,1,1
10117,privacy,0,0
10118,privacy,1,1
10119,privacy,1,1
10120,privacy,1,0
10121,privacy,0,0
10122,privacy,0,0
10123,privacy,0,0
10124,privacy,1,0
10125,privacy,1,0
10126,privacy,1,0
10127,privacy,1,0
10128,privacy,1,0
10129,privacy,1,0
10130,privacy,1,0
10131,privacy,1,0
10132,privacy,1,0
10133,privacy,1,0
10134,privacy,1,1
10135,privacy,1,0
10136,privacy,0,0
10137,privacy,1,0
10138,privacy,1,1
10139,privacy,1,0
10140,privacy,0,0
10141,privacy,1,0
10142,privacy,1,1
10143,privacy,1,0
10144,privacy,0,0
10145,privacy,0,0
10146,privacy,1,1
10147,privacy,1,0
10148,privacy,0,0
10149,privacy,0,0
10150,privacy,1,1
10151,privacy,0,0
10152,privacy,0,0
10153,privacy,1,0
10154,privacy,0,0
10155,privacy,0,0
10156,privacy,1,0
10157,privacy,0,0
10158,privacy,1,1
10159,privacy,0,0
10160,privacy,0,0
10161,privacy,1,0
10162,privacy,1,0
10163,privacy,0,0
10164,privacy,0,0
10165,privacy,0,0
10166,privacy,1,0
10167,privacy,1,1
10168,privacy,1,0
10169,privacy,0,0
10170,privacy,1,1
10171,privacy,1,0
10172,privacy,0,0
10173,privacy,1,0
10174,privacy,1,1
10175,privacy,1,1
10176,privacy,1,0
10177,privacy,0,0
10178,privacy,1,1
10179,privacy,0,0
10180,privacy,0,0
10181,privacy,1,1
10182,privacy,0,0
10183,privacy,1,0
10184,privacy,0,0
10185,privacy,0,0
10186,privacy,0,0
10187,privacy,1,0
10188,privacy,0,0
10189,privacy,0,0
10190,privacy,0,0
10191,privacy,1,0
10192,privacy,1,0
10193,privacy,0,0
10194,privacy,1,0
10195,privacy,1,0
10196,privacy,1,0
10197,privacy,0,0
10198,privacy,0,0
10199,privacy,1,1
10200,privacy,0,0
10201,privacy,0,0
10202,privacy,0,0
10203,privacy,0,0
10204,privacy,1,0
10205,privacy,1,0
10206,privacy,0,0
10207,privacy,1,0
10208,privacy,0,0
10209,privacy,0,0
10210,privacy,1,0
10211,privacy,0,0
10212,privacy,1,0
10213,privacy,0,0
10214,privacy,1,1
10215,privacy,0,0
10216,privacy,0,0
10217,privacy,1,0
10218,privacy,0,0
10219,privacy,0,0
10220,privacy,1,0
10221,privacy,1,0
10222,privacy,0,0
10223,privacy,1,1
10224,privacy,1,0
10225,privacy,0,0
10226,privacy,0,0
10227,privacy,0,0
10228,privacy,0,0
10229,privacy,0,0
10230,privacy,0,0
10231,privacy,0,0
10232,privacy,1,0
10233,privacy,0,0
10234,privacy,0,0
10235,privacy,0,0
10236,privacy,1,0
10237,privacy,1,1
10238,privacy,1,0
10239,privacy,1,1
10240,privacy,1,0
10241,privacy,0,0
10242,privacy,0,0
10243,privacy,0,0
10244,privacy,0,0
10245,privacy,1,0
10246,privacy,1,1
10247,privacy,0,0
10248,privacy,0,0
10249,privacy,1,1
10250,privacy,1,1
10251,privacy,0,0
10252,privacy,1,1
10253,privacy,1,0
10254,privacy,1,0
10255,privacy,1,1
10256,privacy,1,0
10257,privacy,1,1
10258,privacy,1,0
10259,privacy,1,0
10260,privacy,1,0
10261,privacy,0,0
10262,privacy,1,1
10263,privacy,1,1
10264,privacy,0,0
10265,privacy,1,0
10266,privacy,1,1
10267,privacy,1,0
10268,privacy,0,0
10269,privacy,1,0
10270,privacy,0,0
10271,privacy,1,0
10272,privacy,0,0
10273,privacy,0,0
10274,privacy,0,0
10275,privacy,0,0
10276,privacy,1,0
10277,privacy,1,0
10278,privacy,0,0
10279,privacy,0,0
10280,privacy,0,0
10281,privacy,1,0
10282,privacy,1,0
10283,privacy,1,0
10284,privacy,0,0
10285,privacy,0,0
10286,privacy,0,0
10287,privacy,1,0
10288,privacy,0,0
10289,privacy,0,0
10290,privacy,0,0
10291,privacy,0,0
10292,privacy,0,0
10293,privacy,0,0
10294,privacy,0,0
10295,privacy,0,0
10296,privacy,0,0
10297,privacy,0,0
10298,privacy,0,0
10299,privacy,0,0
10300,privacy,0,0
10301,privacy,0,0
10302,privacy,1,0
10303,privacy,0,0
10304,privacy,0,0
10305,privacy,0,0
10306,privacy,0,0
10307,privacy,0,0
10308,privacy,1,0
10309,privacy,1,0
10310,privacy,0,0
10311,privacy,0,0
10312,privacy,0,0
10313,privacy,0,0
10314,privacy,0,0
10315,privacy,1,0
10316,privacy,1,0
10317,privacy,1,0
10318,privacy,0,0
10319,privacy,1,0
10320,privacy,1,1
10321,privacy,1,1
10322,privacy,1,1
10323,privacy,1,1
10324,privacy,1,0
10325,privacy,0,0
10326,privacy,0,0
10327,privacy,0,0
10328,privacy,0,0
10329,privacy,0,0
10330,privacy,0,0
10331,privacy,0,0
10332,privacy,0,0
10333,privacy,0,0
10334,privacy,1,0
10335,privacy,0,0
10336,privacy,0,0
10337,privacy,0,0
10338,privacy,1,0
10339,privacy,0,0
10340,privacy,0,0
10341,privacy,1,1
10342,privacy,1,1
10343,privacy,0,0
10344,privacy,1,0
10345,privacy,1,0
10346,privacy,0,0
10347,privacy,0,0
10348,privacy,0,0
10349,privacy,1,0
10350,privacy,0,0
10351,privacy,0,0
10352,privacy,0,0
10353,privacy,0,0
10354,privacy,1,0
10355,privacy,1,0
10356,privacy,1,1
10357,privacy,1,1
10358,privacy,0,0
10359,privacy,0,0
10360,privacy,0,0
10361,privacy,1,0
10362,privacy,1,0
10363,privacy,0,0
10364,privacy,1,0
10365,privacy,0,0
10366,privacy,0,0
10367,privacy,0,0
10368,privacy,1,1
10369,privacy,1,1
10370,privacy,1,1
10371,privacy,0,0
10372,privacy,0,0
10373,privacy,1,1
10374,privacy,0,0
10375,privacy,0,0
10376,privacy,1,0
10377,privacy,0,0
10378,privacy,0,0
10379,privacy,1,1
10380,privacy,1,0
10381,privacy,0,0
10382,privacy,0,0
10383,privacy,0,0
10384,privacy,1,1
10385,privacy,0,0
10386,privacy,0,0
10387,privacy,0,0
10388,privacy,0,0
10389,privacy,1,1
10390,privacy,1,1
10391,privacy,1,0
10392,privacy,1,0
10393,privacy,1,0
10394,privacy,1,0
10395,privacy,0,0
10396,privacy,0,0
10397,privacy,1,1
10398,privacy,0,0
10399,privacy,0,0
10400,privacy,0,0
10401,privacy,0,0
10402,privacy,0,0
10403,privacy,0,0
10404,privacy,1,1
10405,privacy,0,0
10406,privacy,0,0
10407,privacy,0,0
10408,privacy,0,0
10409,privacy,0,0
10410,privacy,0,0
10411,privacy,0,0
10412,privacy,1,1
10413,privacy,0,0
10414,privacy,0,0
10415,privacy,0,0
10416,privacy,0,0
10417,privacy,1,1
10418,privacy,1,0
10419,privacy,0,0
10420,privacy,0,0
10421,privacy,1,0
10422,privacy,0,0
10423,privacy,0,0
10424,privacy,0,0
10425,privacy,0,0
10426,privacy,0,0
10427,privacy,0,0
10428,privacy,0,0
10429,privacy,0,0
10430,privacy,0,0
10431,privacy,0,0
10432,privacy,1,1
10433,privacy,0,0
10434,privacy,0,0
10435,privacy,0,0
10436,privacy,0,0
10437,privacy,0,0
10438,privacy,0,0
10439,privacy,0,0
10440,privacy,1,0
10441,privacy,0,0
10442,privacy,1,0
10443,privacy,0,0
10444,privacy,0,0
10445,privacy,0,0
10446,privacy,0,0
10447,privacy,0,0
10448,privacy,1,1
10449,privacy,0,0
10450,privacy,0,0
10451,privacy,0,0
10452,privacy,1,1
10453,privacy,0,0
10454,privacy,0,0
10455,privacy,1,1
10456,privacy,0,0
10457,privacy,1,1
10458,privacy,1,0
10459,privacy,1,0
10460,privacy,0,0
10461,privacy,0,0
10462,privacy,0,0
10463,privacy,0,0
10464,privacy,0,0
10465,privacy,0,0
10466,privacy,1,0
10467,privacy,1,0
10468,privacy,1,1
10469,privacy,0,0
10470,privacy,1,1
10471,privacy,0,0
10472,privacy,1,0
10473,privacy,1,1
10474,privacy,0,0
10475,privacy,0,0
10476,privacy,0,0
10477,privacy,0,0
10478,privacy,1,1
10479,privacy,0,0
10480,privacy,0,0
10481,privacy,0,0
10482,privacy,0,0
10483,privacy,0,0
10484,privacy,0,0
10485,privacy,1,1
10486,privacy,0,0
10487,privacy,0,0
10488,privacy,0,0
10489,privacy,0,0
10490,privacy,0,0
10491,privacy,0,0
10492,privacy,0,0
10493,privacy,0,0
10494,privacy,0,0
10495,privacy,1,1
10496,privacy,0,0
10497,privacy,0,0
10498,privacy,0,0
10499,privacy,0,0
10500,privacy,0,0
10501,privacy,1,1
10502,privacy,0,0
10503,privacy,1,1
10504,privacy,1,1
10505,privacy,0,0
10506,privacy,0,0
10507,privacy,0,0
10508,privacy,0,0
10509,privacy,1,0
10510,privacy,0,0
10511,privacy,1,1
10512,privacy,1,1
10513,privacy,0,0
10514,privacy,0,0
10515,privacy,1,1
10516,privacy,1,0
10517,privacy,1,0
10518,privacy,1,0
10519,privacy,1,0
10520,privacy,1,0
10521,privacy,1,0
10522,privacy,1,0
10523,privacy,0,0
10524,privacy,0,0
10525,privacy,0,0
10526,privacy,0,0
10527,privacy,0,0
10528,privacy,1,1
10529,privacy,0,0
10530,privacy,0,0
10531,privacy,0,0
10532,privacy,0,0
10533,privacy,0,0
10534,privacy,0,0
10535,privacy,1,1
10536,privacy,0,0
10537,privacy,1,0
10538,privacy,0,0
10539,privacy,1,1
10540,privacy,1,1
10541,privacy,0,0
10542,privacy,0,0
10543,privacy,0,0
10544,privacy,0,0
10545,privacy,0,0
10546,privacy,0,0
10547,privacy,0,0
10548,privacy,0,0
10549,privacy,1,0
10550,privacy,0,0
10551,privacy,0,0
10552,privacy,0,0
10553,privacy,0,0
10554,privacy,0,0
10555,privacy,1,0
10556,privacy,0,0
10557,privacy,0,0
10558,privacy,0,0
10559,privacy,0,0
10560,privacy,0,0
10561,privacy,1,1
10562,privacy,1,1
10563,privacy,1,1
10564,privacy,1,1
10565,privacy,1,1
10566,privacy,1,1
10567,privacy,1,0
10568,privacy,1,0
10569,privacy,1,0
10570,privacy,0,0
10571,privacy,0,0
10572,privacy,1,0
10573,privacy,0,0
10574,privacy,1,1
10575,privacy,1,1
10576,privacy,1,0
10577,privacy,1,0
10578,privacy,0,0
10579,privacy,1,1
10580,privacy,1,1
10581,privacy,1,0
10582,privacy,0,0
10583,privacy,0,0
10584,privacy,0,0
10585,privacy,1,0
10586,privacy,1,0
10587,privacy,1,1
10588,privacy,0,0
10589,privacy,1,0
10590,privacy,0,0
10591,privacy,0,0
10592,privacy,1,0
10593,privacy,0,0
10594,privacy,0,0
10595,privacy,0,0
10596,privacy,0,0
10597,privacy,0,0
10598,privacy,0,0
10599,privacy,0,0
10600,privacy,0,0
10601,privacy,0,0
10602,privacy,0,0
10603,privacy,0,0
10604,privacy,0,0
10605,privacy,0,0
10606,privacy,0,0
10607,privacy,0,0
10608,privacy,0,0
10609,privacy,0,0
10610,privacy,0,0
10611,privacy,0,0
10612,privacy,1,0
10613,privacy,0,0
10614,privacy,0,0
10615,privacy,0,0
10616,privacy,0,0
10617,privacy,0,0
10618,privacy,0,0
10619,privacy,0,0
10620,privacy,1,0
10621,privacy,1,0
10622,privacy,0,0
10623,privacy,0,0
10624,privacy,0,0
10625,privacy,0,0
10626,privacy,0,0
10627,privacy,0,0
10628,privacy,1,1
10629,privacy,0,0
10630,privacy,1,0
10631,privacy,0,0
10632,privacy,0,0
10633,privacy,0,0
10634,privacy,0,0
10635,privacy,0,0
10636,privacy,0,0
10637,privacy,0,0
10638,privacy,0,0
10639,privacy,1,0
10640,privacy,0,0
10641,privacy,0,0
10642,privacy,0,0
10643,privacy,1,0
10644,privacy,0,0
10645,privacy,1,0
10646,privacy,0,0
10647,privacy,0,0
10648,privacy,0,0
10649,privacy,0,0
10650,privacy,0,0
10651,privacy,0,0
10652,privacy,0,0
10653,privacy,0,0
10654,privacy,1,0
10655,privacy,0,0
10656,privacy,0,0
10657,privacy,1,0
10658,privacy,0,0
10659,privacy,1,0
10660,privacy,0,0
10661,privacy,1,0
10662,privacy,0,0
10663,privacy,1,0
10664,privacy,1,0
10665,privacy,0,0
10666,privacy,1,0
10667,privacy,0,0
10668,privacy,0,0
10669,privacy,1,1
10670,privacy,1,0
10671,privacy,1,0
10672,privacy,1,1
10673,privacy,1,1
10674,privacy,1,0
10675,privacy,0,0
10676,privacy,0,0
10677,privacy,1,1
10678,privacy,1,1
10679,privacy,0,0
10680,privacy,1,1
10681,privacy,0,0
10682,privacy,1,0
10683,privacy,1,1
10684,privacy,0,0
10685,privacy,0,0
10686,privacy,0,0
10687,privacy,0,0
10688,privacy,1,0
10689,privacy,1,1
10690,privacy,0,0
10691,privacy,0,0
10692,privacy,1,0
10693,privacy,0,0
10694,privacy,0,0
10695,privacy,0,0
10696,privacy,0,0
10697,privacy,1,0
10698,privacy,0,0
10699,privacy,0,0
10700,privacy,0,0
10701,privacy,0,0
10702,privacy,0,0
10703,privacy,0,0
10704,privacy,0,0
10705,privacy,0,0
10706,privacy,0,0
10707,privacy,0,0
10708,privacy,1,1
10709,privacy,0,0
10710,privacy,0,0
10711,privacy,0,0
10712,privacy,0,0
10713,privacy,0,0
10714,privacy,0,0
10715,privacy,0,0
10716,privacy,1,0
10717,privacy,0,0
10718,privacy,0,0
10719,privacy,0,0
10720,privacy,0,0
10721,privacy,0,0
10722,privacy,0,0
10723,privacy,1,1
10724,privacy,0,0
10725,privacy,0,0
10726,privacy,0,0
10727,privacy,0,0
10728,privacy,0,0
10729,privacy,0,0
10730,privacy,0,0
10731,privacy,0,0
10732,privacy,0,0
10733,privacy,0,0
10734,privacy,0,0
10735,privacy,0,0
10736,privacy,0,0
10737,privacy,0,0
10738,privacy,0,0
10739,privacy,0,0
10740,privacy,0,0
10741,privacy,0,0
10742,privacy,0,0
10743,privacy,0,0
10744,privacy,0,0
10745,privacy,0,0
10746,privacy,0,0
10747,privacy,0,0
10748,privacy,0,0
10749,privacy,0,0
10750,privacy,0,0
10751,privacy,0,0
10752,privacy,0,0
10753,privacy,0,0
10754,privacy,0,0
10755,privacy,0,0
10756,privacy,1,0
10757,privacy,1,0
10758,privacy,1,1
10759,privacy,0,0
10760,privacy,0,0
10761,privacy,0,0
10762,privacy,1,0
10763,privacy,0,0
10764,privacy,1,1
10765,privacy,1,0
10766,privacy,1,0
10767,privacy,1,0
10768,privacy,0,0
10769,privacy,0,0
10770,privacy,1,1
10771,privacy,0,0
10772,privacy,0,0
10773,privacy,0,0
10774,privacy,0,0
10775,privacy,0,0
10776,privacy,0,0
10777,privacy,0,0
10778,privacy,1,0
10779,privacy,1,1
10780,privacy,0,0
10781,privacy,1,0
10782,privacy,0,0
10783,privacy,0,0
10784,privacy,1,0
10785,privacy,1,0
10786,privacy,0,0
10787,privacy,0,0
10788,privacy,0,0
10789,privacy,1,0
10790,privacy,0,0
10791,privacy,1,0
10792,privacy,0,0
10793,privacy,0,0
10794,privacy,0,0
10795,privacy,0,0
10796,privacy,0,0
10797,privacy,1,0
10798,privacy,1,0
10799,privacy,1,1
10800,privacy,0,0
10801,privacy,0,0
10802,privacy,0,0
10803,privacy,1,1
10804,privacy,0,0
10805,privacy,0,0
10806,privacy,1,1
10807,privacy,0,0
10808,privacy,1,1
10809,privacy,0,0
10810,privacy,1,0
10811,privacy,0,0
10812,privacy,0,0
10813,privacy,0,0
10814,privacy,1,1
10815,privacy,1,1
10816,privacy,0,0
10817,privacy,0,0
10818,privacy,1,1
10819,privacy,0,0
10820,privacy,0,0
10821,privacy,0,0
10822,privacy,0,0
10823,privacy,0,0
10824,privacy,1,0
10825,privacy,0,0
10826,privacy,0,0
10827,privacy,0,0
10828,privacy,0,0
10829,privacy,0,0
10830,privacy,1,1
10831,privacy,1,1
10832,privacy,0,0
10833,privacy,1,1
10834,privacy,0,0
10835,privacy,0,0
10836,privacy,0,0
10837,privacy,1,1
10838,privacy,0,0
10839,privacy,1,0
10840,privacy,0,0
10841,privacy,0,0
10842,privacy,0,0
10843,privacy,0,0
10844,privacy,0,0
10845,privacy,0,0
10846,privacy,0,0
10847,privacy,0,0
10848,privacy,1,0
10849,privacy,0,0
10850,privacy,0,0
10851,privacy,0,0
10852,privacy,0,0
10853,privacy,0,0
10854,privacy,0,0
10855,privacy,1,0
10856,privacy,0,0
10857,privacy,0,0
10858,privacy,0,0
10859,privacy,0,0
10860,privacy,0,0
10861,privacy,1,1
10862,privacy,0,0
10863,privacy,1,1
10864,privacy,1,1
10865,privacy,1,1
10866,privacy,1,1
10867,privacy,0,0
10868,privacy,1,1
10869,privacy,0,0
10870,privacy,1,1
10871,privacy,0,0
10872,privacy,1,1
10873,privacy,1,1
10874,privacy,1,0
10875,privacy,1,1
10876,privacy,0,0
10877,privacy,0,0
10878,privacy,1,1
10879,privacy,1,1
10880,privacy,1,1
10881,privacy,1,1
10882,privacy,0,0
10883,privacy,0,0
10884,privacy,1,1
10885,privacy,1,1
10886,privacy,1,0
10887,privacy,1,0
10888,privacy,1,0
10889,privacy,0,0
10890,privacy,1,0
10891,privacy,0,0
10892,privacy,1,0
10893,privacy,1,0
10894,privacy,1,0
10895,privacy,0,0
10896,privacy,1,0
10897,privacy,0,0
10898,privacy,1,0
10899,privacy,0,0
10900,privacy,0,0
10901,privacy,0,0
10902,privacy,1,0
10903,privacy,0,0
10904,privacy,0,0
10905,privacy,0,0
10906,privacy,1,0
10907,privacy,0,0
10908,privacy,1,0
10909,privacy,0,0
10910,privacy,0,0
10911,privacy,1,0
10912,privacy,0,0
10913,privacy,1,0
10914,privacy,0,0
10915,privacy,0,0
10916,privacy,0,0
10917,privacy,1,0
10918,privacy,1,1
10919,privacy,1,1
10920,privacy,1,0
10921,privacy,0,0
10922,privacy,0,0
10923,privacy,0,0
10924,privacy,0,0
10925,privacy,0,0
10926,privacy,0,0
10927,privacy,0,0
10928,privacy,0,0
10929,privacy,0,0
10930,privacy,0,0
10931,privacy,1,1
10932,privacy,0,0
10933,privacy,1,0
10934,privacy,0,0
10935,privacy,0,0
10936,privacy,1,1
10937,privacy,0,0
10938,privacy,1,1
10939,privacy,0,0
10940,privacy,0,0
10941,privacy,0,0
10942,privacy,0,0
10943,privacy,0,0
10944,privacy,0,0
10945,privacy,0,0
10946,privacy,1,0
10947,privacy,0,0
10948,privacy,0,0
10949,privacy,1,0
10950,privacy,0,0
10951,privacy,1,0
10952,privacy,0,0
10953,privacy,0,0
10954,privacy,0,0
10955,privacy,1,0
10956,privacy,0,0
10957,privacy,0,0
10958,privacy,1,1
10959,privacy,1,0
10960,privacy,1,0
10961,privacy,1,1
10962,privacy,0,0
10963,privacy,1,1
10964,privacy,1,1
10965,privacy,0,0
10966,privacy,0,0
10967,privacy,0,0
10968,privacy,0,0
10969,privacy,0,0
10970,privacy,0,0
10971,privacy,0,0
10972,privacy,0,0
10973,privacy,0,0
10974,privacy,0,0
10975,privacy,0,0
10976,privacy,0,0
10977,privacy,0,0
10978,privacy,0,0
10979,privacy,0,0
10980,privacy,0,0
10981,privacy,0,0
10982,privacy,0,0
10983,privacy,0,0
10984,privacy,0,0
10985,privacy,0,0
10986,privacy,0,0
10987,privacy,0,0
10988,privacy,0,0
10989,privacy,0,0
10990,privacy,0,0
10991,privacy,0,0
10992,privacy,1,1
10993,privacy,0,0
10994,privacy,0,0
10995,privacy,0,0
10996,privacy,1,0
10997,privacy,0,0
10998,privacy,0,0
10999,privacy,0,0
11000,privacy,0,0
11001,privacy,0,0
11002,privacy,0,0
11003,privacy,0,0
11004,privacy,1,1
11005,privacy,1,1
11006,privacy,1,1
11007,privacy,1,1
11008,privacy,0,0
11009,privacy,1,1
11010,privacy,0,0
11011,privacy,1,1
11012,privacy,1,1
11013,privacy,0,0
11014,privacy,0,0
11015,privacy,0,0
11016,privacy,0,0
11017,privacy,0,0
11018,privacy,0,0
11019,privacy,1,1
11020,privacy,1,0
11021,privacy,1,0
11022,privacy,0,0
11023,privacy,1,1
11024,privacy,0,0
11025,privacy,1,1
11026,privacy,0,0
11027,privacy,1,1
11028,privacy,0,0
11029,privacy,0,0
11030,privacy,0,0
11031,privacy,1,1
11032,privacy,0,0
11033,privacy,1,1
11034,privacy,0,0
11035,privacy,0,0
11036,privacy,0,0
11037,privacy,0,0
11038,privacy,1,1
11039,privacy,1,1
11040,privacy,0,0
11041,privacy,0,0
11042,privacy,0,0
11043,privacy,0,0
11044,privacy,0,0
11045,privacy,0,0
11046,privacy,0,0
11047,privacy,0,0
11048,privacy,1,1
11049,privacy,0,0
11050,privacy,0,0
11051,privacy,1,1
11052,privacy,1,0
11053,privacy,1,0
11054,privacy,0,0
11055,privacy,0,0
11056,privacy,0,0
11057,privacy,1,0
11058,privacy,0,0
11059,privacy,0,0
11060,privacy,0,0
11061,privacy,0,0
11062,privacy,0,0
11063,privacy,0,0
11064,privacy,1,1
11065,privacy,1,1
11066,privacy,1,1
11067,privacy,1,1
11068,privacy,0,0
11069,privacy,1,1
11070,privacy,0,0
11071,privacy,0,0
11072,privacy,1,1
11073,privacy,1,1
11074,privacy,1,0
11075,privacy,0,0
11076,privacy,1,1
11077,privacy,0,0
11078,privacy,0,0
11079,privacy,0,0
11080,privacy,1,1
11081,privacy,0,0
11082,privacy,1,1
11083,privacy,0,0
11084,privacy,0,0
11085,privacy,0,0
11086,privacy,1,0
11087,privacy,0,0
11088,privacy,1,0
11089,privacy,0,0
11090,privacy,0,0
11091,privacy,0,0
11092,privacy,0,0
11093,privacy,0,0
11094,privacy,0,0
11095,privacy,0,0
11096,privacy,0,0
11097,privacy,0,0
11098,privacy,1,1
11099,privacy,1,0
11100,privacy,0,0
11101,privacy,1,1
11102,privacy,0,0
11103,privacy,0,0
11104,privacy,0,0
11105,privacy,0,0
11106,privacy,0,0
11107,privacy,0,0
11108,privacy,0,0
11109,privacy,0,0
11110,privacy,0,0
11111,privacy,0,0
11112,privacy,1,1
11113,privacy,0,0
11114,privacy,0,0
11115,privacy,0,0
11116,privacy,0,0
11117,privacy,0,0
11118,privacy,0,0
11119,privacy,0,0
11120,privacy,1,1
11121,privacy,0,0
11122,privacy,0,0
11123,privacy,0,0
11124,privacy,1,1
11125,privacy,1,1
11126,privacy,0,0
11127,privacy,0,0
11128,privacy,0,0
11129,privacy,0,0
11130,privacy,0,0
11131,privacy,1,1
11132,privacy,0,0
11133,privacy,0,0
11134,privacy,1,0
11135,privacy,0,0
11136,privacy,0,0
11137,privacy,1,1
11138,privacy,0,0
11139,privacy,0,0
11140,privacy,0,0
11141,privacy,0,0
11142,privacy,1,1
11143,privacy,0,0
11144,privacy,1,1
11145,privacy,0,0
11146,privacy,0,0
11147,privacy,0,0
11148,privacy,0,0
11149,privacy,0,0
11150,privacy,0,0
11151,privacy,0,0
11152,privacy,0,0
11153,privacy,0,0
11154,privacy,0,0
11155,privacy,0,0
11156,privacy,0,0
11157,privacy,0,0
11158,privacy,0,0
11159,privacy,0,0
11160,privacy,0,0
11161,privacy,0,0
11162,privacy,0,0
11163,privacy,0,0
11164,privacy,0,0
11165,privacy,0,0
11166,privacy,0,0
11167,privacy,0,0
11168,privacy,0,0
11169,privacy,0,0
11170,privacy,0,0
11171,privacy,0,0
11172,privacy,0,0
11173,privacy,0,0
11174,privacy,0,0
11175,privacy,0,0
11176,privacy,1,1
11177,privacy,0,0
11178,privacy,0,0
11179,privacy,0,0
11180,privacy,0,0
11181,privacy,0,0
11182,privacy,0,0
11183,privacy,0,0
11184,privacy,1,1
11185,privacy,0,0
11186,privacy,0,0
11187,privacy,0,0
11188,privacy,0,0
11189,privacy,0,0
11190,privacy,1,0
11191,privacy,0,0
11192,privacy,0,0
11193,privacy,0,0
11194,privacy,0,0
11195,privacy,0,0
11196,privacy,1,0
11197,privacy,0,0
11198,privacy,1,0
11199,privacy,0,0
11200,privacy,0,0
11201,privacy,0,0
11202,privacy,0,0
11203,privacy,0,0
11204,privacy,0,0
11205,privacy,0,0
11206,privacy,0,0
11207,privacy,0,0
11208,privacy,1,0
11209,privacy,0,0
11210,privacy,0,0
11211,privacy,0,0
11212,privacy,0,0
11213,privacy,0,0
11214,privacy,0,0
11215,privacy,1,0
11216,privacy,0,0
11217,privacy,0,0
11218,privacy,0,0
11219,privacy,0,0
11220,privacy,0,0
11221,privacy,1,0
11222,privacy,0,0
11223,privacy,0,0
11224,privacy,1,0
11225,privacy,1,0
11226,privacy,0,0
11227,privacy,1,0
11228,privacy,1,0
11229,privacy,1,1
11230,privacy,0,0
11231,privacy,0,0
11232,privacy,0,0
11233,privacy,0,0
11234,privacy,1,1
11235,privacy,1,0
11236,privacy,0,0
11237,privacy,0,0
11238,privacy,0,0
11239,privacy,0,0
11240,privacy,0,0
11241,privacy,0,0
11242,privacy,0,0
11243,privacy,1,0
11244,privacy,1,1
11245,privacy,1,1
11246,privacy,0,0
11247,privacy,0,0
11248,privacy,0,0
11249,privacy,0,0
11250,privacy,1,1
11251,privacy,0,0
11252,privacy,0,0
11253,privacy,0,0
11254,privacy,0,0
11255,privacy,0,0
11256,privacy,1,0
11257,privacy,0,0
11258,privacy,0,0
11259,privacy,1,0
11260,privacy,0,0
11261,privacy,1,0
11262,privacy,0,0
11263,privacy,1,0
11264,privacy,1,1
11265,privacy,1,1
11266,privacy,1,1
11267,privacy,1,0
11268,privacy,0,0
11269,privacy,1,0
11270,privacy,1,0
11271,privacy,1,0
11272,privacy,1,0
11273,privacy,1,0
11274,privacy,1,0
11275,privacy,0,0
11276,privacy,0,0
11277,privacy,0,0
11278,privacy,0,0
11279,privacy,0,0
11280,privacy,0,0
11281,privacy,0,0
11282,privacy,0,0
11283,privacy,0,0
11284,privacy,0,0
11285,privacy,0,0
11286,privacy,0,0
11287,privacy,1,0
11288,privacy,1,1
11289,privacy,0,0
11290,privacy,0,0
11291,privacy,0,0
11292,privacy,0,0
11293,privacy,0,0
11294,privacy,0,0
11295,privacy,1,0
11296,privacy,1,1
11297,privacy,0,0
11298,privacy,0,0
11299,privacy,0,0
11300,privacy,0,0
11301,privacy,0,0
11302,privacy,0,0
11303,privacy,0,0
11304,privacy,0,0
11305,privacy,0,0
11306,privacy,0,0
11307,privacy,0,0
11308,privacy,0,0
11309,privacy,0,0
11310,privacy,0,0
11311,privacy,0,0
11312,privacy,1,0
11313,privacy,0,0
11314,privacy,0,0
11315,privacy,1,0
11316,privacy,0,0
11317,privacy,0,0
11318,privacy,0,0
11319,privacy,0,0
11320,privacy,0,0
11321,privacy,0,0
11322,privacy,0,0
11323,privacy,0,0
11324,privacy,0,0
11325,privacy,0,0
11326,privacy,0,0
11327,privacy,0,0
11328,privacy,1,1
11329,privacy,0,0
11330,privacy,1,0
11331,privacy,0,0
11332,privacy,0,0
11333,privacy,0,0
11334,privacy,1,1
11335,privacy,0,0
11336,privacy,0,0
11337,privacy,0,0
11338,privacy,0,0
11339,privacy,0,0
11340,privacy,0,0
11341,privacy,0,0
11342,privacy,0,0
11343,privacy,0,0
11344,privacy,0,0
11345,privacy,0,0
11346,privacy,0,0
11347,privacy,1,1
11348,privacy,1,0
11349,privacy,1,0
11350,privacy,0,0
11351,privacy,0,0
11352,privacy,0,0
11353,privacy,0,0
11354,privacy,0,0
11355,privacy,0,0
11356,privacy,0,0
11357,privacy,0,0
11358,privacy,0,0
11359,privacy,0,0
11360,privacy,0,0
11361,privacy,1,1
11362,privacy,1,1
11363,privacy,0,0
11364,privacy,0,0
11365,privacy,0,0
11366,privacy,0,0
11367,privacy,0,0
11368,privacy,0,0
11369,privacy,0,0
11370,privacy,0,0
11371,privacy,0,0
11372,privacy,0,0
11373,privacy,0,0
11374,privacy,0,0
11375,privacy,1,1
11376,privacy,1,1
11377,privacy,0,0
11378,privacy,0,0
11379,privacy,0,0
11380,privacy,0,0
11381,privacy,0,0
11382,privacy,0,0
11383,privacy,1,0
11384,privacy,0,0
11385,privacy,1,1
11386,privacy,1,0
11387,privacy,0,0
11388,privacy,1,1
11389,privacy,1,1
11390,privacy,1,1
11391,privacy,1,0
11392,privacy,1,1
11393,privacy,1,1
11394,privacy,1,0
11395,privacy,1,0
11396,privacy,1,0
11397,privacy,0,0
11398,privacy,1,0
11399,privacy,1,0
11400,privacy,0,0
11401,privacy,0,0
11402,privacy,1,0
11403,privacy,0,0
11404,privacy,0,0
11405,privacy,1,0
11406,privacy,1,0
11407,privacy,0,0
11408,privacy,1,1
11409,privacy,1,0
11410,privacy,0,0
11411,privacy,0,0
11412,privacy,1,0
11413,privacy,1,1
11414,privacy,0,0
11415,privacy,0,0
11416,privacy,0,0
11417,privacy,1,0
11418,privacy,1,0
11419,privacy,1,0
11420,privacy,0,0
11421,privacy,1,0
11422,privacy,0,0
11423,privacy,1,0
11424,privacy,0,0
11425,privacy,0,0
11426,privacy,0,0
11427,privacy,0,0
11428,privacy,0,0
11429,privacy,0,0
11430,privacy,1,0
11431,privacy,1,1
11432,privacy,1,1
11433,privacy,0,0
11434,privacy,0,0
11435,privacy,0,0
11436,privacy,0,0
11437,privacy,0,0
11438,privacy,0,0
11439,privacy,0,0
11440,privacy,1,1
11441,privacy,0,0
11442,privacy,0,0
11443,privacy,1,0
11444,privacy,1,0
11445,privacy,0,0
11446,privacy,0,0
11447,privacy,1,0
11448,privacy,0,0
11449,privacy,0,0
11450,privacy,0,0
11451,privacy,1,1
11452,privacy,0,0
11453,privacy,0,0
11454,privacy,0,0
11455,privacy,1,0
11456,privacy,1,1
11457,privacy,1,0
11458,privacy,0,0
11459,privacy,1,1
11460,privacy,0,0
11461,privacy,1,0
11462,privacy,0,0
11463,privacy,0,0
11464,privacy,0,0
11465,privacy,0,0
11466,privacy,0,0
11467,privacy,1,1
11468,privacy,0,0
11469,privacy,0,0
11470,privacy,0,0
11471,privacy,0,0
11472,privacy,0,0
11473,privacy,1,0
11474,privacy,0,0
11475,privacy,0,0
11476,privacy,0,0
11477,privacy,0,0
11478,privacy,0,0
11479,privacy,0,0
11480,privacy,0,0
11481,privacy,0,0
11482,privacy,0,0
11483,privacy,0,0
11484,privacy,0,0
11485,privacy,0,0
11486,privacy,0,0
11487,privacy,0,0
11488,privacy,0,0
11489,privacy,0,0
11490,privacy,0,0
11491,privacy,1,0
11492,privacy,0,0
11493,privacy,0,0
11494,privacy,0,0
11495,privacy,1,1
11496,privacy,0,0
11497,privacy,0,0
11498,privacy,0,0
11499,privacy,0,0
11500,privacy,0,0
11501,privacy,0,0
11502,privacy,0,0
11503,privacy,0,0
11504,privacy,1,1
11505,privacy,0,0
11506,privacy,0,0
11507,privacy,0,0
11508,privacy,0,0
11509,privacy,0,0
11510,privacy,1,1
11511,privacy,0,0
11512,privacy,0,0
11513,privacy,1,1
11514,privacy,0,0
11515,privacy,1,0
11516,privacy,1,1
11517,privacy,1,0
11518,privacy,0,0
11519,privacy,0,0
11520,privacy,1,1
11521,privacy,0,0
11522,privacy,1,0
11523,privacy,0,0
11524,privacy,1,1
11525,privacy,0,0
11526,privacy,0,0
11527,privacy,1,0
11528,privacy,0,0
11529,privacy,1,1
11530,privacy,0,0
11531,privacy,1,1
11532,privacy,0,0
11533,privacy,0,0
11534,privacy,0,0
11535,privacy,0,0
11536,privacy,0,0
11537,privacy,0,0
11538,privacy,0,0
11539,privacy,1,0
11540,privacy,0,0
11541,privacy,0,0
11542,privacy,0,0
11543,privacy,1,0
11544,privacy,0,0
11545,privacy,0,0
11546,privacy,0,0
11547,privacy,0,0
11548,privacy,0,0
11549,privacy,0,0
11550,privacy,0,0
11551,privacy,0,0
11552,privacy,0,0
11553,privacy,0,0
11554,privacy,0,0
11555,privacy,0,0
11556,privacy,0,0
11557,privacy,0,0
11558,privacy,0,0
11559,privacy,1,0
11560,privacy,0,0
11561,privacy,0,0
11562,privacy,0,0
11563,privacy,0,0
11564,privacy,1,0
11565,privacy,0,0
11566,privacy,1,0
11567,privacy,0,0
11568,privacy,0,0
11569,privacy,0,0
11570,privacy,0,0
11571,privacy,0,0
11572,privacy,1,1
11573,privacy,0,0
11574,privacy,1,0
11575,privacy,0,0
11576,privacy,0,0
11577,privacy,0,0
11578,privacy,0,0
11579,privacy,0,0
11580,privacy,0,0
11581,privacy,0,0
11582,privacy,0,0
11583,privacy,0,0
11584,privacy,0,0
11585,privacy,0,0
11586,privacy,0,0
11587,privacy,0,0
11588,privacy,0,0
11589,privacy,0,0
11590,privacy,0,0
11591,privacy,0,0
11592,privacy,0,0
11593,privacy,0,0
11594,privacy,0,0
11595,privacy,0,0
11596,privacy,0,0
11597,privacy,0,0
11598,privacy,0,0
11599,privacy,0,0
11600,privacy,0,0
11601,privacy,0,0
11602,privacy,0,0
11603,privacy,0,0
11604,privacy,0,0
11605,privacy,1,1
11606,privacy,1,0
11607,privacy,0,0
11608,privacy,1,1
11609,privacy,0,0
11610,privacy,0,0
11611,privacy,0,0
11612,privacy,0,0
11613,privacy,0,0
11614,privacy,0,0
11615,privacy,0,0
11616,privacy,0,0
11617,privacy,0,0
11618,privacy,0,0
11619,privacy,0,0
11620,privacy,1,1
11621,privacy,0,0
11622,privacy,0,0
11623,privacy,0,0
11624,privacy,0,0
11625,privacy,0,0
11626,privacy,0,0
11627,privacy,0,0
11628,privacy,1,1
11629,privacy,1,1
11630,privacy,1,1
11631,privacy,1,1
11632,privacy,0,0
11633,privacy,0,0
11634,privacy,0,0
11635,privacy,0,0
11636,privacy,0,0
11637,privacy,0,0
11638,privacy,0,0
11639,privacy,0,0
11640,privacy,0,0
11641,privacy,0,0
11642,privacy,0,0
11643,privacy,0,0
11644,privacy,0,0
11645,privacy,1,1
11646,privacy,0,0
11647,privacy,0,0
11648,privacy,0,0
11649,privacy,0,0
11650,privacy,0,0
11651,privacy,0,0
11652,privacy,0,0
11653,privacy,1,1
11654,privacy,1,1
11655,privacy,0,0
11656,privacy,1,1
11657,privacy,0,0
11658,privacy,0,0
11659,privacy,1,1
11660,privacy,0,0
11661,privacy,0,0
11662,privacy,0,0
11663,privacy,0,0
11664,privacy,1,1
11665,privacy,0,0
11666,privacy,0,0
11667,privacy,0,0
11668,privacy,0,0
11669,privacy,0,0
11670,privacy,0,0
11671,privacy,0,0
11672,privacy,0,0
11673,privacy,0,0
11674,privacy,0,0
11675,privacy,0,0
11676,privacy,0,0
11677,privacy,0,0
11678,privacy,0,0
11679,privacy,1,0
11680,privacy,1,0
11681,privacy,0,0
11682,privacy,0,0
11683,privacy,1,0
11684,privacy,0,0
11685,privacy,0,0
11686,privacy,0,0
11687,privacy,0,0
11688,privacy,0,0
11689,privacy,1,0
11690,privacy,0,0
11691,privacy,1,1
11692,privacy,1,0
11693,privacy,0,0
11694,privacy,1,1
11695,privacy,1,1
11696,privacy,1,1
11697,privacy,1,0
11698,privacy,0,0
11699,privacy,0,0
11700,privacy,0,0
11701,privacy,0,0
11702,privacy,1,0
11703,privacy,0,0
11704,privacy,0,0
11705,privacy,0,0
11706,privacy,0,0
11707,privacy,0,0
11708,privacy,0,0
11709,privacy,1,1
11710,privacy,0,0
11711,privacy,0,0
11712,privacy,1,1
11713,privacy,1,1
11714,privacy,0,0
11715,privacy,0,0
11716,privacy,0,0
11717,privacy,0,0
11718,privacy,0,0
11719,privacy,0,0
11720,privacy,0,0
11721,privacy,1,0
11722,privacy,0,0
11723,privacy,0,0
11724,privacy,0,0
11725,privacy,0,0
11726,privacy,0,0
11727,privacy,0,0
11728,privacy,0,0
11729,privacy,0,0
11730,privacy,0,0
11731,privacy,1,1
11732,privacy,0,0
11733,privacy,0,0
11734,privacy,0,0
11735,privacy,0,0
11736,privacy,0,0
11737,privacy,0,0
11738,privacy,0,0
11739,privacy,0,0
11740,privacy,0,0
11741,privacy,0,0
11742,privacy,1,1
11743,privacy,0,0
11744,privacy,0,0
11745,privacy,0,0
11746,privacy,0,0
11747,privacy,0,0
11748,privacy,0,0
11749,privacy,0,0
11750,privacy,0,0
11751,privacy,0,0
11752,privacy,0,0
11753,privacy,0,0
11754,privacy,0,0
11755,privacy,0,0
11756,privacy,0,0
11757,privacy,0,0
11758,privacy,0,0
11759,privacy,0,0
11760,privacy,0,0
11761,privacy,0,0
11762,privacy,0,0
11763,privacy,0,0
11764,privacy,0,0
11765,privacy,0,0
11766,privacy,0,0
11767,privacy,0,0
11768,privacy,0,0
11769,privacy,0,0
11770,privacy,0,0
11771,privacy,0,0
11772,privacy,0,0
11773,privacy,0,0
11774,privacy,0,0
11775,privacy,0,0
11776,privacy,1,0
11777,privacy,0,0
11778,privacy,0,0
11779,privacy,0,0
11780,privacy,0,0
11781,privacy,0,0
11782,privacy,0,0
11783,privacy,0,0
11784,privacy,0,0
11785,privacy,0,0
11786,privacy,1,0
11787,privacy,0,0
11788,privacy,0,0
11789,privacy,0,0
11790,privacy,0,0
11791,privacy,0,0
11792,privacy,0,0
11793,privacy,0,0
11794,privacy,0,0
11795,privacy,0,0
11796,privacy,0,0
11797,privacy,0,0
11798,privacy,0,0
11799,privacy,1,1
11800,privacy,1,1
11801,privacy,0,0
11802,privacy,0,0
11803,privacy,0,0
11804,privacy,0,0
11805,privacy,0,0
11806,privacy,0,0
11807,privacy,0,0
11808,privacy,1,0
11809,privacy,1,1
11810,privacy,0,0
11811,privacy,0,0
11812,privacy,1,1
11813,privacy,0,0
11814,privacy,0,0
11815,privacy,0,0
11816,privacy,0,0
11817,privacy,0,0
11818,privacy,0,0
11819,privacy,0,0
11820,privacy,0,0
11821,privacy,0,0
11822,privacy,0,0
11823,privacy,0,0
11824,privacy,0,0
11825,privacy,0,0
11826,privacy,0,0
11827,privacy,0,0
11828,privacy,0,0
11829,privacy,0,0
11830,privacy,0,0
11831,privacy,0,0
11832,privacy,0,0
11833,privacy,0,0
11834,privacy,0,0
11835,privacy,0,0
11836,privacy,0,0
11837,privacy,0,0
11838,privacy,0,0
11839,privacy,0,0
11840,privacy,0,0
11841,privacy,0,0
11842,privacy,0,0
11843,privacy,0,0
11844,privacy,0,0
11845,privacy,0,0
11846,privacy,0,0
11847,privacy,0,0
11848,privacy,1,1
11849,privacy,0,0
11850,privacy,0,0
11851,privacy,0,0
11852,privacy,1,1
11853,privacy,0,0
11854,privacy,0,0
11855,privacy,1,1
11856,privacy,1,0
11857,privacy,0,0
11858,privacy,0,0
11859,privacy,0,0
11860,privacy,0,0
11861,privacy,1,0
11862,privacy,0,0
11863,privacy,1,1
11864,privacy,1,1
11865,privacy,1,1
11866,privacy,0,0
11867,privacy,0,0
11868,privacy,0,0
11869,privacy,0,0
11870,privacy,0,0
11871,privacy,0,0
11872,privacy,0,0
11873,privacy,0,0
11874,privacy,0,0
11875,privacy,0,0
11876,privacy,0,0
11877,privacy,0,0
11878,privacy,0,0
11879,privacy,0,0
11880,privacy,0,0
11881,privacy,0,0
11882,privacy,0,0
11883,privacy,0,0
11884,privacy,0,0
11885,privacy,1,1
11886,privacy,0,0
11887,privacy,1,0
11888,privacy,0,0
11889,privacy,0,0
11890,privacy,0,0
11891,privacy,0,0
11892,privacy,0,0
11893,privacy,0,0
11894,privacy,1,0
11895,privacy,0,0
11896,privacy,1,1
11897,privacy,1,1
11898,privacy,1,1
11899,privacy,0,0
11900,privacy,0,0
11901,privacy,0,0
11902,privacy,0,0
11903,privacy,0,0
11904,privacy,0,0
11905,privacy,0,0
11906,privacy,0,0
11907,privacy,0,0
11908,privacy,0,0
11909,privacy,0,0
11910,privacy,0,0
11911,privacy,0,0
11912,privacy,0,0
11913,privacy,0,0
11914,privacy,0,0
11915,privacy,0,0
11916,privacy,0,0
11917,privacy,0,0
11918,privacy,0,0
11919,privacy,0,0
11920,privacy,1,1
11921,privacy,0,0
11922,privacy,0,0
11923,privacy,0,0
11924,privacy,0,0
11925,privacy,1,0
11926,privacy,0,0
11927,privacy,0,0
11928,privacy,0,0
11929,privacy,0,0
11930,privacy,0,0
11931,privacy,0,0
11932,privacy,0,0
11933,privacy,0,0
11934,privacy,0,0
11935,privacy,0,0
11936,privacy,0,0
11937,privacy,0,0
11938,privacy,0,0
11939,privacy,1,1
11940,privacy,0,0
11941,privacy,0,0
11942,privacy,0,0
11943,privacy,0,0
11944,privacy,0,0
11945,privacy,0,0
11946,privacy,0,0
11947,privacy,0,0
11948,privacy,0,0
11949,privacy,0,0
11950,privacy,0,0
11951,privacy,0,0
11952,privacy,0,0
11953,privacy,1,1
11954,privacy,0,0
11955,privacy,0,0
11956,privacy,0,0
11957,privacy,0,0
11958,privacy,1,0
11959,privacy,0,0
11960,privacy,0,0
11961,privacy,0,0
11962,privacy,0,0
11963,privacy,1,0
11964,privacy,0,0
11965,privacy,1,0
11966,privacy,0,0
11967,privacy,0,0
11968,privacy,0,0
11969,privacy,0,0
11970,privacy,0,0
11971,privacy,0,0
11972,privacy,0,0
11973,privacy,1,0
11974,privacy,0,0
11975,privacy,0,0
11976,privacy,0,0
11977,privacy,0,0
11978,privacy,0,0
11979,privacy,0,0
11980,privacy,0,0
11981,privacy,1,1
11982,privacy,0,0
11983,privacy,0,0
11984,privacy,0,0
11985,privacy,0,0
11986,privacy,0,0
11987,privacy,0,0
11988,privacy,1,1
11989,privacy,1,1
11990,privacy,0,0
11991,privacy,1,1
11992,privacy,1,1
11993,privacy,1,1
11994,privacy,1,1
11995,privacy,0,0
11996,privacy,0,0
11997,privacy,0,0
11998,privacy,0,0
11999,privacy,1,1
12000,privacy,0,0
12001,privacy,0,0
12002,privacy,0,0
12003,privacy,0,0
12004,privacy,0,0
12005,privacy,0,0
12006,privacy,0,0
12007,privacy,0,0
12008,privacy,1,1
12009,privacy,0,0
12010,privacy,0,0
12011,privacy,1,1
12012,privacy,1,1
12013,privacy,1,0
12014,privacy,0,0
12015,privacy,0,0
12016,privacy,0,0
12017,privacy,0,0
12018,privacy,0,0
12019,privacy,0,0
12020,privacy,0,0
12021,privacy,0,0
12022,privacy,1,0
12023,privacy,0,0
12024,privacy,0,0
12025,privacy,0,0
12026,privacy,0,0
12027,privacy,0,0
12028,privacy,0,0
12029,privacy,1,1
12030,privacy,0,0
12031,privacy,1,1
12032,privacy,0,0
12033,privacy,0,0
12034,privacy,0,0
12035,privacy,1,1
12036,privacy,1,1
12037,privacy,0,0
12038,privacy,1,1
12039,privacy,0,0
12040,privacy,0,0
12041,privacy,0,0
12042,privacy,1,0
12043,privacy,0,0
12044,privacy,1,1
12045,privacy,1,1
12046,privacy,0,0
12047,privacy,0,0
12048,privacy,0,0
12049,privacy,0,0
12050,privacy,0,0
12051,privacy,0,0
12052,privacy,0,0
12053,privacy,0,0
12054,privacy,0,0
12055,privacy,0,0
12056,privacy,0,0
12057,privacy,0,0
12058,privacy,0,0
12059,privacy,0,0
12060,privacy,0,0
12061,privacy,0,0
12062,privacy,0,0
12063,privacy,0,0
12064,privacy,0,0
12065,privacy,0,0
12066,privacy,0,0
12067,privacy,0,0
12068,privacy,0,0
12069,privacy,0,0
12070,privacy,0,0
12071,privacy,0,0
12072,privacy,0,0
12073,privacy,0,0
12074,privacy,0,0
12075,privacy,0,0
12076,privacy,0,0
12077,privacy,0,0
12078,privacy,0,0
12079,privacy,0,0
12080,privacy,0,0
12081,privacy,0,0
12082,privacy,0,0
12083,privacy,0,0
12084,privacy,0,0
12085,privacy,0,0
12086,privacy,0,0
12087,privacy,0,0
12088,privacy,0,0
12089,privacy,0,0
12090,privacy,0,0
12091,privacy,0,0
12092,privacy,0,0
12093,privacy,0,0
12094,privacy,0,0
12095,privacy,0,0
12096,privacy,0,0
12097,privacy,0,0
12098,privacy,0,0
12099,privacy,1,1
12100,privacy,1,1
12101,privacy,0,0
12102,privacy,0,0
12103,privacy,0,0
12104,privacy,0,0
12105,privacy,0,0
12106,privacy,0,0
12107,privacy,0,0
12108,privacy,0,0
12109,privacy,1,1
12110,privacy,0,0
12111,privacy,0,0
12112,privacy,1,1
12113,privacy,1,1
12114,privacy,1,1
12115,privacy,1,1
12116,privacy,0,0
12117,privacy,0,0
12118,privacy,1,0
12119,privacy,0,0
12120,privacy,0,0
12121,privacy,0,0
12122,privacy,0,0
12123,privacy,0,0
12124,privacy,0,0
12125,privacy,0,0
12126,privacy,0,0
12127,privacy,0,0
12128,privacy,0,0
12129,privacy,0,0
12130,privacy,0,0
12131,privacy,0,0
12132,privacy,0,0
12133,privacy,0,0
12134,privacy,1,0
12135,privacy,0,0
12136,privacy,0,0
12137,privacy,0,0
12138,privacy,1,0
12139,privacy,0,0
12140,privacy,0,0
12141,privacy,1,1
12142,privacy,0,0
12143,privacy,1,1
12144,privacy,1,1
12145,privacy,0,0
12146,privacy,0,0
12147,privacy,1,1
12148,privacy,0,0
12149,privacy,0,0
12150,privacy,1,1
12151,privacy,0,0
12152,privacy,0,0
12153,privacy,1,1
12154,privacy,1,1
12155,privacy,1,1
12156,privacy,0,0
12157,privacy,0,0
12158,privacy,1,1
12159,privacy,0,0
12160,privacy,0,0
12161,privacy,0,0
12162,privacy,0,0
12163,privacy,1,0
12164,privacy,1,1
12165,privacy,0,0
12166,privacy,1,1
12167,privacy,1,1
12168,privacy,1,1
12169,privacy,0,0
12170,privacy,0,0
12171,privacy,0,0
12172,privacy,0,0
12173,privacy,0,0
12174,privacy,1,0
12175,privacy,0,0
12176,privacy,1,1
12177,privacy,0,0
12178,privacy,0,0
12179,privacy,0,0
12180,privacy,1,1
12181,privacy,1,1
12182,privacy,0,0
12183,privacy,1,0
12184,privacy,0,0
12185,privacy,0,0
12186,privacy,1,0
12187,privacy,0,0
12188,privacy,1,1
12189,privacy,1,1
12190,privacy,1,1
12191,privacy,0,0
12192,privacy,1,1
12193,privacy,0,0
12194,privacy,1,1
12195,privacy,0,0
12196,privacy,1,1
12197,privacy,1,1
12198,privacy,1,0
12199,privacy,0,0
12200,privacy,0,0
12201,privacy,0,0
12202,privacy,1,1
12203,privacy,1,1
12204,privacy,0,0
12205,privacy,1,1
12206,privacy,0,0
12207,privacy,1,0
12208,privacy,1,1
12209,privacy,0,0
12210,privacy,1,0
12211,privacy,1,1
12212,privacy,1,1
12213,privacy,0,0
12214,privacy,1,1
12215,privacy,1,1
12216,privacy,0,0
12217,privacy,1,1
12218,privacy,1,1
12219,privacy,1,1
12220,privacy,0,0
12221,privacy,1,1
12222,privacy,1,1
12223,privacy,0,0
12224,privacy,0,0
12225,privacy,0,0
12226,privacy,1,1
12227,privacy,0,0
12228,privacy,1,1
12229,privacy,1,1
12230,privacy,0,0
12231,privacy,1,1
12232,privacy,0,0
12233,privacy,0,0
12234,privacy,1,1
12235,privacy,1,1
12236,privacy,0,0
12237,privacy,0,0
12238,privacy,1,1
12239,privacy,1,0
12240,privacy,0,0
12241,privacy,0,0
12242,privacy,0,0
12243,privacy,0,0
12244,privacy,1,1
12245,privacy,0,0
12246,privacy,0,0
12247,privacy,0,0
12248,privacy,0,0
12249,privacy,0,0
12250,privacy,0,0
12251,privacy,0,0
12252,privacy,1,1
12253,privacy,0,0
12254,privacy,0,0
12255,privacy,0,0
12256,privacy,0,0
12257,privacy,0,0
12258,privacy,0,0
12259,privacy,1,1
12260,privacy,0,0
12261,privacy,0,0
12262,privacy,1,1
12263,privacy,1,1
12264,privacy,1,1
12265,privacy,0,0
12266,privacy,0,0
12267,privacy,1,1
12268,privacy,0,0
12269,privacy,0,0
12270,privacy,0,0
12271,privacy,0,0
12272,privacy,0,0
12273,privacy,0,0
12274,privacy,0,0
12275,privacy,0,0
12276,privacy,0,0
12277,privacy,0,0
12278,privacy,0,0
12279,privacy,0,0
12280,privacy,0,0
12281,privacy,0,0
12282,privacy,0,0
12283,privacy,0,0
12284,privacy,0,0
12285,privacy,0,0
12286,privacy,1,1
12287,privacy,1,1
12288,privacy,0,0
12289,privacy,0,0
12290,privacy,0,0
12291,privacy,1,1
12292,privacy,1,1
12293,privacy,1,1
12294,privacy,0,0
12295,privacy,1,1
12296,privacy,1,1
12297,privacy,0,0
12298,privacy,0,0
12299,privacy,1,1
12300,privacy,1,0
12301,privacy,0,0
12302,privacy,1,1
12303,privacy,1,1
12304,privacy,0,0
12305,privacy,0,0
12306,privacy,0,0
12307,privacy,0,0
12308,privacy,0,0
12309,privacy,1,1
12310,privacy,0,0
12311,privacy,0,0
12312,privacy,0,0
12313,privacy,1,1
12314,privacy,0,0
12315,privacy,0,0
12316,privacy,1,0
12317,privacy,0,0
12318,privacy,1,1
12319,privacy,1,1
12320,privacy,0,0
12321,privacy,0,0
12322,privacy,0,0
12323,privacy,0,0
12324,privacy,1,1
12325,privacy,0,0
12326,privacy,0,0
12327,privacy,0,0
12328,privacy,1,1
12329,privacy,1,1
12330,privacy,0,0
12331,privacy,0,0
12332,privacy,1,0
12333,privacy,1,0
12334,privacy,0,0
12335,privacy,1,0
12336,privacy,1,0
12337,privacy,1,1
12338,privacy,0,0
12339,privacy,0,0
12340,privacy,0,0
12341,privacy,1,1
12342,privacy,1,1
12343,privacy,0,0
12344,privacy,0,0
12345,privacy,0,0
12346,privacy,0,0
12347,privacy,0,0
12348,privacy,1,1
12349,privacy,0,0
12350,privacy,0,0
12351,privacy,1,0
12352,privacy,0,0
12353,privacy,0,0
12354,privacy,0,0
12355,privacy,0,0
12356,privacy,1,0
12357,privacy,1,0
12358,privacy,0,0
12359,privacy,1,0
12360,privacy,1,1
12361,privacy,0,0
12362,privacy,0,0
12363,privacy,1,1
12364,privacy,0,0
12365,privacy,1,0
12366,privacy,1,0
12367,privacy,0,0
12368,privacy,1,1
12369,privacy,1,0
12370,privacy,1,0
12371,privacy,0,0
12372,privacy,0,0
12373,privacy,0,0
12374,privacy,0,0
12375,privacy,0,0
12376,privacy,0,0
12377,privacy,0,0
12378,privacy,0,0
12379,privacy,0,0
12380,privacy,0,0
12381,privacy,0,0
12382,privacy,0,0
12383,privacy,0,0
12384,privacy,0,0
12385,privacy,1,0
12386,privacy,1,0
12387,privacy,0,0
12388,privacy,0,0
12389,privacy,0,0
12390,privacy,0,0
12391,privacy,0,0
12392,privacy,0,0
12393,privacy,0,0
12394,privacy,0,0
12395,privacy,0,0
12396,privacy,1,0
12397,privacy,0,0
12398,privacy,0,0
12399,privacy,0,0
12400,privacy,0,0
12401,privacy,1,0
12402,privacy,0,0
12403,privacy,1,0
12404,privacy,0,0
12405,privacy,1,0
12406,privacy,0,0
12407,privacy,0,0
12408,privacy,0,0
12409,privacy,1,0
12410,privacy,0,0
12411,privacy,1,0
12412,privacy,0,0
12413,privacy,0,0
12414,privacy,0,0
12415,privacy,0,0
12416,privacy,0,0
12417,privacy,1,0
12418,privacy,1,0
12419,privacy,1,0
12420,privacy,0,0
12421,privacy,0,0
12422,privacy,0,0
12423,privacy,0,0
12424,privacy,0,0
12425,privacy,1,0
12426,privacy,0,0
12427,privacy,1,0
12428,privacy,1,0
12429,privacy,0,0
12430,privacy,0,0
12431,privacy,0,0
12432,privacy,0,0
12433,privacy,0,0
12434,privacy,1,0
12435,privacy,0,0
12436,privacy,1,0
12437,privacy,0,0
12438,privacy,1,0
12439,privacy,0,0
12440,privacy,0,0
12441,privacy,0,0
12442,privacy,1,0
12443,privacy,0,0
12444,privacy,0,0
12445,privacy,0,0
12446,privacy,0,0
12447,privacy,0,0
12448,privacy,0,0
12449,privacy,0,0
12450,privacy,0,0
12451,privacy,0,0
12452,privacy,0,0
12453,privacy,0,0
12454,privacy,0,0
12455,privacy,0,0
12456,privacy,0,0
12457,privacy,1,1
12458,privacy,1,0
12459,privacy,0,0
12460,privacy,0,0
12461,privacy,0,0
12462,privacy,0,0
12463,privacy,0,0
12464,privacy,1,0
12465,privacy,1,0
12466,privacy,0,0
12467,privacy,1,0
12468,privacy,0,0
12469,privacy,0,0
12470,privacy,1,0
12471,privacy,1,1
12472,privacy,0,0
12473,privacy,0,0
12474,privacy,0,0
12475,privacy,1,0
12476,privacy,1,0
12477,privacy,0,0
12478,privacy,0,0
12479,privacy,0,0
12480,privacy,1,0
12481,privacy,1,0
12482,privacy,0,0
12483,privacy,0,0
12484,privacy,0,0
12485,privacy,1,1
12486,privacy,1,0
12487,privacy,1,0
12488,privacy,1,0
12489,privacy,1,1
12490,privacy,1,0
12491,privacy,1,1
12492,privacy,1,0
12493,privacy,0,0
12494,privacy,0,0
12495,privacy,0,0
12496,privacy,1,0
12497,privacy,1,1
12498,privacy,1,0
12499,privacy,0,0
12500,privacy,0,0
12501,privacy,0,0
12502,privacy,0,0
12503,privacy,0,0
12504,privacy,0,0
12505,privacy,0,0
12506,privacy,0,0
12507,privacy,1,0
12508,privacy,0,0
12509,privacy,0,0
12510,privacy,1,1
12511,privacy,0,0
12512,privacy,0,0
12513,privacy,0,0
12514,privacy,0,0
12515,privacy,0,0
12516,privacy,0,0
12517,privacy,0,0
12518,privacy,0,0
12519,privacy,1,1
12520,privacy,1,1
12521,privacy,1,1
12522,privacy,0,0
12523,privacy,1,1
12524,privacy,0,0
12525,privacy,1,1
12526,privacy,1,1
12527,privacy,0,0
12528,privacy,1,1
12529,privacy,0,0
12530,privacy,0,0
12531,privacy,1,0
12532,privacy,0,0
12533,privacy,1,1
12534,privacy,0,0
12535,privacy,1,1
12536,privacy,1,0
12537,privacy,1,1
12538,privacy,1,0
12539,privacy,0,0
12540,privacy,0,0
12541,privacy,0,0
12542,privacy,1,1
12543,privacy,1,1
12544,privacy,1,1
12545,privacy,0,0
12546,privacy,0,0
12547,privacy,0,0
12548,privacy,0,0
12549,privacy,1,0
12550,privacy,0,0
12551,privacy,0,0
12552,privacy,1,1
12553,privacy,0,0
12554,privacy,1,1
12555,privacy,1,0
12556,privacy,1,1
12557,privacy,1,0
12558,privacy,0,0
12559,privacy,1,0
12560,privacy,0,0
12561,privacy,0,0
12562,privacy,0,0
12563,privacy,1,1
12564,privacy,1,1
12565,privacy,0,0
12566,privacy,1,1
12567,privacy,0,0
12568,privacy,0,0
12569,privacy,0,0
12570,privacy,0,0
12571,privacy,0,0
12572,privacy,0,0
12573,privacy,1,1
12574,privacy,0,0
12575,privacy,0,0
12576,privacy,0,0
12577,privacy,0,0
12578,privacy,1,1
12579,privacy,0,0
12580,privacy,0,0
12581,privacy,0,0
12582,privacy,0,0
12583,privacy,0,0
12584,privacy,0,0
12585,privacy,1,1
12586,privacy,0,0
12587,privacy,0,0
12588,privacy,0,0
12589,privacy,0,0
12590,privacy,1,0
12591,privacy,0,0
12592,privacy,0,0
12593,privacy,0,0
12594,privacy,1,1
12595,privacy,0,0
12596,privacy,0,0
12597,privacy,0,0
12598,privacy,1,1
12599,privacy,1,0
12600,privacy,0,0
12601,privacy,1,0
12602,privacy,1,0
12603,privacy,1,1
12604,privacy,1,1
12605,privacy,0,0
12606,privacy,0,0
12607,privacy,0,0
12608,privacy,1,1
12609,privacy,1,1
12610,privacy,1,0
12611,privacy,1,1
12612,privacy,1,1
12613,privacy,1,1
12614,privacy,1,1
12615,privacy,1,1
12616,privacy,1,1
12617,privacy,1,1
12618,privacy,1,1
12619,privacy,1,1
12620,privacy,1,1
12621,privacy,1,1
12622,privacy,1,1
12623,privacy,1,1
12624,privacy,1,1
12625,privacy,0,0
12626,privacy,1,1
12627,privacy,1,1
12628,privacy,1,1
12629,privacy,1,1
12630,privacy,1,1
12631,privacy,1,1
12632,privacy,1,1
12633,privacy,1,1
12634,privacy,0,0
12635,privacy,1,1
12636,privacy,1,1
12637,privacy,1,1
12638,privacy,1,1
12639,privacy,1,1
12640,privacy,1,1
12641,privacy,1,1
12642,privacy,1,1
12643,privacy,1,1
12644,privacy,1,1
12645,privacy,1,1
12646,privacy,0,0
12647,privacy,1,1
12648,privacy,1,1
12649,privacy,1,1
12650,privacy,1,1
12651,privacy,0,0
12652,privacy,0,0
12653,privacy,0,0
12654,privacy,1,1
12655,privacy,1,1
12656,privacy,1,0
12657,privacy,1,0
12658,privacy,1,0
12659,privacy,1,0
12660,privacy,0,0
12661,privacy,1,0
12662,privacy,0,0
12663,privacy,1,0
12664,privacy,0,0
12665,privacy,0,0
12666,privacy,1,1
12667,privacy,0,0
12668,privacy,1,0
12669,privacy,0,0
12670,privacy,0,0
12671,privacy,0,0
12672,privacy,1,1
12673,privacy,0,0
12674,privacy,0,0
12675,privacy,0,0
12676,privacy,0,0
12677,privacy,0,0
12678,privacy,1,1
12679,privacy,0,0
12680,privacy,1,0
12681,privacy,0,0
12682,privacy,0,0
12683,privacy,0,0
12684,privacy,1,1
12685,privacy,1,1
12686,privacy,0,0
12687,privacy,1,1
12688,privacy,1,1
12689,privacy,1,1
12690,privacy,1,1
12691,privacy,1,1
12692,privacy,0,0
12693,privacy,0,0
12694,privacy,0,0
12695,privacy,0,0
12696,privacy,0,0
12697,privacy,0,0
12698,privacy,0,0
12699,privacy,1,0
12700,privacy,0,0
12701,privacy,1,1
12702,privacy,1,0
12703,privacy,0,0
12704,privacy,0,0
12705,privacy,1,0
12706,privacy,0,0
12707,privacy,1,1
12708,privacy,1,1
12709,privacy,0,0
12710,privacy,0,0
12711,privacy,0,0
12712,privacy,0,0
12713,privacy,0,0
12714,privacy,0,0
12715,privacy,0,0
12716,privacy,0,0
12717,privacy,1,0
12718,privacy,0,0
12719,privacy,0,0
12720,privacy,0,0
12721,privacy,0,0
12722,privacy,0,0
12723,privacy,0,0
12724,privacy,0,0
12725,privacy,0,0
12726,privacy,0,0
12727,privacy,0,0
12728,privacy,1,1
12729,privacy,0,0
12730,privacy,0,0
12731,privacy,0,0
12732,privacy,0,0
12733,privacy,1,1
12734,privacy,1,1
12735,privacy,0,0
12736,privacy,1,1
12737,privacy,0,0
12738,privacy,1,1
12739,privacy,0,0
12740,privacy,1,0
12741,privacy,1,1
12742,privacy,0,0
12743,privacy,0,0
12744,privacy,0,0
12745,privacy,0,0
12746,privacy,0,0
12747,privacy,0,0
12748,privacy,0,0
12749,privacy,1,1
12750,privacy,0,0
12751,privacy,0,0
12752,privacy,1,0
12753,privacy,1,0
12754,privacy,1,0
12755,privacy,1,1
12756,privacy,1,0
12757,privacy,0,0
12758,privacy,0,0
12759,privacy,0,0
12760,privacy,1,0
12761,privacy,0,0
12762,privacy,0,0
12763,privacy,0,0
12764,privacy,1,1
12765,privacy,0,0
12766,privacy,1,0
12767,privacy,0,0
12768,privacy,0,0
12769,privacy,0,0
12770,privacy,1,0
12771,privacy,1,0
12772,privacy,0,0
12773,privacy,0,0
12774,privacy,1,0
12775,privacy,0,0
12776,privacy,0,0
12777,privacy,1,0
12778,privacy,1,0
12779,privacy,0,0
12780,privacy,0,0
12781,privacy,1,0
12782,privacy,1,1
12783,privacy,1,0
12784,privacy,0,0
12785,privacy,0,0
12786,privacy,0,0
12787,privacy,1,0
12788,privacy,0,0
12789,privacy,0,0
12790,privacy,1,1
12791,privacy,0,0
12792,privacy,0,0
12793,privacy,0,0
12794,privacy,0,0
12795,privacy,0,0
12796,privacy,0,0
12797,privacy,0,0
12798,privacy,0,0
12799,privacy,0,0
12800,privacy,0,0
12801,privacy,0,0
12802,privacy,0,0
12803,privacy,1,0
12804,privacy,0,0
12805,privacy,0,0
12806,privacy,0,0
12807,privacy,0,0
12808,privacy,0,0
12809,privacy,0,0
12810,privacy,1,0
12811,privacy,0,0
12812,privacy,1,0
12813,privacy,1,1
12814,privacy,1,1
12815,privacy,1,1
12816,privacy,0,0
12817,privacy,0,0
12818,privacy,1,0
12819,privacy,0,0
12820,privacy,0,0
12821,privacy,1,0
12822,privacy,0,0
12823,privacy,0,0
12824,privacy,0,0
12825,privacy,0,0
12826,privacy,0,0
12827,privacy,0,0
12828,privacy,0,0
12829,privacy,0,0
12830,privacy,1,1
12831,privacy,1,1
12832,privacy,0,0
12833,privacy,1,1
12834,privacy,1,1
12835,privacy,1,1
12836,privacy,0,0
12837,privacy,1,1
12838,privacy,1,0
12839,privacy,0,0
12840,privacy,0,0
12841,privacy,0,0
12842,privacy,0,0
12843,privacy,0,0
12844,privacy,0,0
12845,privacy,1,0
12846,privacy,0,0
12847,privacy,0,0
12848,privacy,0,0
12849,privacy,0,0
12850,privacy,0,0
12851,privacy,1,1
12852,privacy,1,1
12853,privacy,0,0
12854,privacy,0,0
12855,privacy,1,1
12856,privacy,1,1
12857,privacy,0,0
12858,privacy,1,1
12859,privacy,1,1
12860,privacy,0,0
12861,privacy,1,0
12862,privacy,0,0
12863,privacy,0,0
12864,privacy,1,0
12865,privacy,0,0
12866,privacy,1,0
12867,privacy,0,0
12868,privacy,0,0
12869,privacy,0,0
12870,privacy,0,0
12871,privacy,0,0
12872,privacy,1,0
12873,privacy,1,0
12874,privacy,0,0
12875,privacy,1,1
12876,privacy,0,0
12877,privacy,0,0
12878,privacy,0,0
12879,privacy,0,0
12880,privacy,1,1
12881,privacy,0,0
12882,privacy,0,0
12883,privacy,0,0
12884,privacy,0,0
12885,privacy,0,0
12886,privacy,0,0
12887,privacy,0,0
12888,privacy,0,0
12889,privacy,0,0
12890,privacy,1,1
12891,privacy,0,0
12892,privacy,1,1
12893,privacy,1,1
12894,privacy,1,1
12895,privacy,0,0
12896,privacy,1,1
12897,privacy,0,0
12898,privacy,0,0
12899,privacy,1,1
12900,privacy,1,1
12901,privacy,1,1
12902,privacy,0,0
12903,privacy,1,1
12904,privacy,1,1
12905,privacy,0,0
12906,privacy,0,0
12907,privacy,0,0
12908,privacy,0,0
12909,privacy,0,0
12910,privacy,0,0
12911,privacy,1,1
12912,privacy,0,0
12913,privacy,1,1
12914,privacy,1,1
12915,privacy,1,1
12916,privacy,1,1
12917,privacy,0,0
12918,privacy,0,0
12919,privacy,0,0
12920,privacy,0,0
12921,privacy,0,0
12922,privacy,0,0
12923,privacy,0,0
12924,privacy,0,0
12925,privacy,0,0
12926,privacy,0,0
12927,privacy,0,0
12928,privacy,1,0
12929,privacy,0,0
12930,privacy,0,0
12931,privacy,0,0
12932,privacy,0,0
12933,privacy,0,0
12934,privacy,0,0
12935,privacy,0,0
12936,privacy,1,1
12937,privacy,1,0
12938,privacy,1,0
12939,privacy,1,0
12940,privacy,0,0
12941,privacy,1,0
12942,privacy,1,0
12943,privacy,1,0
12944,privacy,1,1
12945,privacy,0,0
12946,privacy,0,0
12947,privacy,0,0
12948,privacy,1,0
12949,privacy,1,0
12950,privacy,0,0
12951,privacy,0,0
12952,privacy,0,0
12953,privacy,0,0
12954,privacy,0,0
12955,privacy,0,0
12956,privacy,0,0
12957,privacy,0,0
12958,privacy,0,0
12959,privacy,0,0
12960,privacy,0,0
12961,privacy,0,0
12962,privacy,1,1
12963,privacy,0,0
12964,privacy,0,0
12965,privacy,0,0
12966,privacy,0,0
12967,privacy,1,1
12968,privacy,1,1
12969,privacy,0,0
12970,privacy,1,1
12971,privacy,1,1
12972,privacy,1,0
12973,privacy,0,0
12974,privacy,0,0
12975,privacy,0,0
12976,privacy,0,0
12977,privacy,0,0
12978,privacy,0,0
12979,privacy,0,0
12980,privacy,0,0
12981,privacy,0,0
12982,privacy,0,0
12983,privacy,1,0
12984,privacy,0,0
12985,privacy,0,0
12986,privacy,0,0
12987,privacy,0,0
12988,privacy,1,0
12989,privacy,1,0
12990,privacy,1,0
12991,privacy,1,0
12992,privacy,0,0
12993,privacy,0,0
12994,privacy,0,0
12995,privacy,0,0
12996,privacy,0,0
12997,privacy,0,0
12998,privacy,0,0
12999,privacy,1,1
13000,privacy,0,0
13001,privacy,0,0
13002,privacy,0,0
13003,privacy,1,1
13004,privacy,0,0
13005,privacy,1,1
13006,privacy,0,0
13007,privacy,0,0
13008,privacy,1,1
13009,privacy,0,0
13010,privacy,0,0
13011,privacy,0,0
13012,privacy,0,0
13013,privacy,0,0
13014,privacy,0,0
13015,privacy,1,0
13016,privacy,0,0
13017,privacy,1,1
13018,privacy,0,0
13019,privacy,1,1
13020,privacy,0,0
13021,privacy,0,0
13022,privacy,0,0
13023,privacy,0,0
13024,privacy,0,0
13025,privacy,0,0
13026,privacy,0,0
13027,privacy,0,0
13028,privacy,0,0
13029,privacy,0,0
13030,privacy,0,0
13031,privacy,0,0
13032,privacy,0,0
13033,privacy,0,0
13034,privacy,0,0
13035,privacy,0,0
13036,privacy,1,1
13037,privacy,1,1
13038,privacy,0,0
13039,privacy,0,0
13040,privacy,0,0
13041,privacy,0,0
13042,privacy,0,0
13043,privacy,0,0
13044,privacy,0,0
13045,privacy,1,0
13046,privacy,0,0
13047,privacy,0,0
13048,privacy,0,0
13049,privacy,0,0
13050,privacy,0,0
13051,privacy,0,0
13052,privacy,0,0
13053,privacy,0,0
13054,privacy,0,0
13055,privacy,1,1
13056,privacy,0,0
13057,privacy,0,0
13058,privacy,0,0
13059,privacy,0,0
13060,privacy,0,0
13061,privacy,0,0
13062,privacy,0,0
13063,privacy,0,0
13064,privacy,0,0
13065,privacy,0,0
13066,privacy,0,0
13067,privacy,0,0
13068,privacy,0,0
13069,privacy,0,0
13070,privacy,0,0
13071,privacy,0,0
13072,privacy,0,0
13073,privacy,0,0
13074,privacy,1,1
13075,privacy,0,0
13076,privacy,0,0
13077,privacy,0,0
13078,privacy,1,0
13079,privacy,0,0
13080,privacy,0,0
13081,privacy,0,0
13082,privacy,1,0
13083,privacy,1,1
13084,privacy,0,0
13085,privacy,1,1
13086,privacy,0,0
13087,privacy,0,0
13088,privacy,1,1
13089,privacy,0,0
13090,privacy,0,0
13091,privacy,1,1
13092,privacy,1,1
13093,privacy,1,1
13094,privacy,0,0
13095,privacy,1,1
13096,privacy,1,1
13097,privacy,1,0
13098,privacy,0,0
13099,privacy,0,0
13100,privacy,0,0
13101,privacy,1,0
13102,privacy,1,0
13103,privacy,1,0
13104,privacy,0,0
13105,privacy,0,0
13106,privacy,1,0
13107,privacy,0,0
13108,privacy,0,0
13109,privacy,0,0
13110,privacy,0,0
13111,privacy,0,0
13112,privacy,1,0
13113,privacy,0,0
13114,privacy,0,0
13115,privacy,1,0
13116,privacy,0,0
13117,privacy,1,0
13118,privacy,0,0
13119,privacy,1,1
13120,privacy,0,0
13121,privacy,1,0
13122,privacy,0,0
13123,privacy,0,0
13124,privacy,0,0
13125,privacy,0,0
13126,privacy,0,0
13127,privacy,0,0
13128,privacy,1,0
13129,privacy,1,0
13130,privacy,0,0
13131,privacy,1,1
13132,privacy,0,0
13133,privacy,0,0
13134,privacy,0,0
13135,privacy,0,0
13136,privacy,0,0
13137,privacy,0,0
13138,privacy,0,0
13139,privacy,0,0
13140,privacy,0,0
13141,privacy,0,0
13142,privacy,0,0
13143,privacy,0,0
13144,privacy,0,0
13145,privacy,0,0
13146,privacy,0,0
13147,privacy,1,1
13148,privacy,1,0
13149,privacy,0,0
13150,privacy,0,0
13151,privacy,1,1
13152,privacy,1,0
13153,privacy,1,0
13154,privacy,1,1
13155,privacy,0,0
13156,privacy,1,0
13157,privacy,0,0
13158,privacy,1,0
13159,privacy,0,0
13160,privacy,1,0
13161,privacy,1,0
13162,privacy,1,0
13163,privacy,1,0
13164,privacy,0,0
13165,privacy,1,1
13166,privacy,1,0
13167,privacy,1,0
13168,privacy,0,0
13169,privacy,0,0
13170,privacy,1,0
13171,privacy,0,0
13172,privacy,1,0
13173,privacy,1,0
13174,privacy,0,0
13175,privacy,1,0
13176,privacy,1,0
13177,privacy,1,0
13178,privacy,1,0
13179,privacy,1,0
13180,privacy,1,0
13181,privacy,0,0
13182,privacy,0,0
13183,privacy,0,0
13184,privacy,0,0
13185,privacy,1,0
13186,privacy,0,0
13187,privacy,1,1
13188,privacy,1,1
13189,privacy,1,1
13190,privacy,0,0
13191,privacy,0,0
13192,privacy,0,0
13193,privacy,1,1
13194,privacy,0,0
13195,privacy,0,0
13196,privacy,0,0
13197,privacy,0,0
13198,privacy,0,0
13199,privacy,0,0
13200,privacy,0,0
13201,privacy,0,0
13202,privacy,0,0
13203,privacy,0,0
13204,privacy,1,1
13205,privacy,1,1
13206,privacy,0,0
13207,privacy,0,0
13208,privacy,1,1
13209,privacy,0,0
13210,privacy,0,0
13211,privacy,0,0
13212,privacy,0,0
13213,privacy,0,0
13214,privacy,0,0
13215,privacy,0,0
13216,privacy,0,0
13217,privacy,0,0
13218,privacy,0,0
13219,privacy,0,0
13220,privacy,1,1
13221,privacy,1,1
13222,privacy,0,0
13223,privacy,0,0
13224,privacy,0,0
13225,privacy,1,1
13226,privacy,0,0
13227,privacy,0,0
13228,privacy,0,0
13229,privacy,0,0
13230,privacy,0,0
13231,privacy,1,1
13232,privacy,0,0
13233,privacy,0,0
13234,privacy,0,0
13235,privacy,1,0
13236,privacy,1,1
13237,privacy,1,1
13238,privacy,0,0
13239,privacy,1,1
13240,privacy,1,1
13241,privacy,0,0
13242,privacy,0,0
13243,privacy,0,0
13244,privacy,0,0
13245,privacy,1,1
13246,privacy,0,0
13247,privacy,0,0
13248,privacy,0,0
13249,privacy,0,0
13250,privacy,0,0
13251,privacy,1,0
13252,privacy,0,0
13253,privacy,1,1
13254,privacy,0,0
13255,privacy,1,1
13256,privacy,1,0
13257,privacy,1,0
13258,privacy,1,1
13259,privacy,1,0
13260,privacy,0,0
13261,privacy,0,0
13262,privacy,1,1
13263,privacy,1,0
13264,privacy,1,1
13265,privacy,1,1
13266,privacy,0,0
13267,privacy,1,0
13268,privacy,1,0
13269,privacy,0,0
13270,privacy,1,0
13271,privacy,1,0
13272,privacy,1,0
13273,privacy,1,0
13274,privacy,1,1
13275,privacy,0,0
13276,privacy,1,1
13277,privacy,1,1
13278,privacy,0,0
13279,privacy,0,0
13280,privacy,0,0
13281,privacy,0,0
13282,privacy,1,1
13283,privacy,0,0
13284,privacy,0,0
13285,privacy,0,0
13286,privacy,0,0
13287,privacy,0,0
13288,privacy,0,0
13289,privacy,0,0
13290,privacy,0,0
13291,privacy,0,0
13292,privacy,1,0
13293,privacy,0,0
13294,privacy,1,1
13295,privacy,1,0
13296,privacy,1,0
13297,privacy,1,1
13298,privacy,0,0
13299,privacy,0,0
13300,privacy,0,0
13301,privacy,0,0
13302,privacy,0,0
13303,privacy,1,1
13304,privacy,1,1
13305,privacy,1,1
13306,privacy,0,0
13307,privacy,0,0
13308,privacy,0,0
13309,privacy,1,1
13310,privacy,0,0
13311,privacy,0,0
13312,privacy,0,0
13313,privacy,0,0
13314,privacy,1,1
13315,privacy,0,0
13316,privacy,0,0
13317,privacy,0,0
13318,privacy,0,0
13319,privacy,0,0
13320,privacy,0,0
13321,privacy,0,0
13322,privacy,0,0
13323,privacy,0,0
13324,privacy,0,0
13325,privacy,0,0
13326,privacy,0,0
13327,privacy,1,0
13328,privacy,1,0
13329,privacy,0,0
13330,privacy,0,0
13331,privacy,1,1
13332,privacy,0,0
13333,privacy,1,1
13334,privacy,1,0
13335,privacy,1,0
13336,privacy,0,0
13337,privacy,1,1
13338,privacy,1,0
13339,privacy,0,0
13340,privacy,1,1
13341,privacy,1,1
13342,privacy,1,1
13343,privacy,0,0
13344,privacy,0,0
13345,privacy,0,0
13346,privacy,0,0
13347,privacy,1,0
13348,privacy,1,1
13349,privacy,1,0
13350,privacy,0,0
13351,privacy,0,0
13352,privacy,0,0
13353,privacy,0,0
13354,privacy,0,0
13355,privacy,0,0
13356,privacy,1,1
13357,privacy,0,0
13358,privacy,0,0
13359,privacy,1,0
13360,privacy,0,0
13361,privacy,0,0
13362,privacy,0,0
13363,privacy,0,0
13364,privacy,0,0
13365,privacy,0,0
13366,privacy,1,0
13367,privacy,1,0
13368,privacy,1,0
13369,privacy,1,0
13370,privacy,1,1
13371,privacy,0,0
13372,privacy,0,0
13373,privacy,0,0
13374,privacy,0,0
13375,privacy,0,0
13376,privacy,0,0
13377,privacy,1,0
13378,privacy,0,0
13379,privacy,0,0
13380,privacy,0,0
13381,privacy,0,0
13382,privacy,0,0
13383,privacy,0,0
13384,privacy,0,0
13385,privacy,0,0
13386,privacy,0,0
13387,privacy,0,0
13388,privacy,1,0
13389,privacy,0,0
13390,privacy,0,0
13391,privacy,0,0
13392,privacy,0,0
13393,privacy,0,0
13394,privacy,0,0
13395,privacy,1,0
13396,privacy,1,1
13397,privacy,1,1
13398,privacy,0,0
13399,privacy,1,0
13400,privacy,1,0
13401,privacy,0,0
13402,privacy,0,0
13403,privacy,0,0
13404,privacy,0,0
13405,privacy,0,0
13406,privacy,0,0
13407,privacy,0,0
13408,privacy,0,0
13409,privacy,1,1
13410,privacy,0,0
13411,privacy,0,0
13412,privacy,0,0
13413,privacy,0,0
13414,privacy,1,0
13415,privacy,0,0
13416,privacy,0,0
13417,privacy,0,0
13418,privacy,0,0
13419,privacy,0,0
13420,privacy,0,0
13421,privacy,0,0
13422,privacy,0,0
13423,privacy,0,0
13424,privacy,0,0
13425,privacy,0,0
13426,privacy,0,0
13427,privacy,0,0
13428,privacy,0,0
13429,privacy,0,0
13430,privacy,0,0
13431,privacy,0,0
13432,privacy,0,0
13433,privacy,0,0
13434,privacy,0,0
13435,privacy,0,0
13436,privacy,0,0
13437,privacy,0,0
13438,privacy,0,0
13439,privacy,0,0
13440,privacy,0,0
13441,privacy,0,0
13442,privacy,0,0
13443,privacy,0,0
13444,privacy,0,0
13445,privacy,0,0
13446,privacy,0,0
13447,privacy,0,0
13448,privacy,0,0
13449,privacy,0,0
13450,privacy,0,0
13451,privacy,1,1
13452,privacy,0,0
13453,privacy,0,0
13454,privacy,0,0
13455,privacy,0,0
13456,privacy,0,0
13457,privacy,0,0
13458,privacy,0,0
13459,privacy,0,0
13460,privacy,0,0
13461,privacy,1,0
13462,privacy,0,0
13463,privacy,0,0
13464,privacy,0,0
13465,privacy,0,0
13466,privacy,0,0
13467,privacy,0,0
13468,privacy,0,0
13469,privacy,0,0
13470,privacy,0,0
13471,privacy,0,0
13472,privacy,0,0
13473,privacy,0,0
13474,privacy,0,0
13475,privacy,0,0
13476,privacy,0,0
13477,privacy,0,0
13478,privacy,0,0
13479,privacy,0,0
13480,privacy,0,0
13481,privacy,0,0
13482,privacy,0,0
13483,privacy,0,0
13484,privacy,0,0
13485,privacy,0,0
13486,privacy,0,0
13487,privacy,0,0
13488,privacy,1,1
13489,privacy,1,0
13490,privacy,0,0
13491,privacy,0,0
13492,privacy,0,0
13493,privacy,0,0
13494,privacy,0,0
13495,privacy,0,0
13496,privacy,0,0
13497,privacy,0,0
13498,privacy,0,0
13499,privacy,0,0
13500,privacy,0,0
13501,privacy,0,0
13502,privacy,0,0
13503,privacy,0,0
13504,privacy,0,0
13505,privacy,0,0
13506,privacy,0,0
13507,privacy,0,0
13508,privacy,0,0
13509,privacy,0,0
13510,privacy,0,0
13511,privacy,0,0
13512,privacy,1,0
13513,privacy,0,0
13514,privacy,1,0
13515,privacy,1,0
13516,privacy,1,0
13517,privacy,1,0
13518,privacy,0,0
13519,privacy,0,0
13520,privacy,0,0
13521,privacy,0,0
13522,privacy,1,1
13523,privacy,0,0
13524,privacy,0,0
13525,privacy,0,0
13526,privacy,0,0
13527,privacy,1,1
13528,privacy,0,0
13529,privacy,0,0
13530,privacy,0,0
13531,privacy,0,0
13532,privacy,0,0
13533,privacy,0,0
13534,privacy,0,0
13535,privacy,0,0
13536,privacy,1,0
13537,privacy,1,1
13538,privacy,1,1
13539,privacy,0,0
13540,privacy,1,1
13541,privacy,0,0
13542,privacy,0,0
13543,privacy,0,0
13544,privacy,0,0
13545,privacy,0,0
13546,privacy,0,0
13547,privacy,0,0
13548,privacy,0,0
13549,privacy,1,0
13550,privacy,0,0
13551,privacy,0,0
13552,privacy,0,0
13553,privacy,0,0
13554,privacy,0,0
13555,privacy,0,0
13556,privacy,0,0
13557,privacy,0,0
13558,privacy,0,0
13559,privacy,0,0
13560,privacy,0,0
13561,privacy,0,0
13562,privacy,0,0
13563,privacy,0,0
13564,privacy,0,0
13565,privacy,0,0
13566,privacy,0,0
13567,privacy,0,0
13568,privacy,0,0
13569,privacy,0,0
13570,privacy,0,0
13571,privacy,0,0
13572,privacy,0,0
13573,privacy,0,0
13574,privacy,0,0
13575,privacy,0,0
13576,privacy,0,0
13577,privacy,0,0
13578,privacy,0,0
13579,privacy,1,1
13580,privacy,1,0
13581,privacy,1,0
13582,privacy,0,0
13583,privacy,0,0
13584,privacy,1,0
13585,privacy,0,0
13586,privacy,1,0
13587,privacy,1,1
13588,privacy,1,0
13589,privacy,1,0
13590,privacy,1,0
13591,privacy,1,1
13592,privacy,1,1
13593,privacy,1,1
13594,privacy,1,1
13595,privacy,0,0
13596,privacy,1,1
13597,privacy,0,0
13598,privacy,1,1
13599,privacy,1,0
13600,privacy,0,0
13601,privacy,1,1
13602,privacy,1,1
13603,privacy,0,0
13604,privacy,1,0
13605,privacy,1,0
13606,privacy,1,1
13607,privacy,0,0
13608,privacy,1,1
13609,privacy,0,0
13610,privacy,1,1
13611,privacy,1,1
13612,privacy,1,1
13613,privacy,1,1
13614,privacy,0,0
13615,privacy,1,0
13616,privacy,0,0
13617,privacy,0,0
13618,privacy,1,0
13619,privacy,1,0
13620,privacy,0,0
13621,privacy,0,0
13622,privacy,0,0
13623,privacy,1,0
13624,privacy,1,0
13625,privacy,0,0
13626,privacy,1,1
13627,privacy,0,0
13628,privacy,0,0
13629,privacy,0,0
13630,privacy,0,0
13631,privacy,0,0
13632,privacy,0,0
13633,privacy,1,0
13634,privacy,0,0
13635,privacy,0,0
13636,privacy,1,0
13637,privacy,0,0
13638,privacy,0,0
13639,privacy,0,0
13640,privacy,1,0
13641,privacy,0,0
13642,privacy,1,1
13643,privacy,0,0
13644,privacy,0,0
13645,privacy,0,0
13646,privacy,0,0
13647,privacy,1,0
13648,privacy,1,1
13649,privacy,1,1
13650,privacy,1,1
13651,privacy,1,1
13652,privacy,1,1
13653,privacy,1,1
13654,privacy,0,0
13655,privacy,0,0
13656,privacy,0,0
13657,privacy,0,0
13658,privacy,0,0
13659,privacy,0,0
13660,privacy,1,1
13661,privacy,0,0
13662,privacy,0,0
13663,privacy,0,0
13664,privacy,1,1
13665,privacy,0,0
13666,privacy,1,1
13667,privacy,0,0
13668,privacy,0,0
13669,privacy,0,0
13670,privacy,0,0
13671,privacy,0,0
13672,privacy,0,0
13673,privacy,0,0
13674,privacy,0,0
13675,privacy,0,0
13676,privacy,0,0
13677,privacy,1,0
13678,privacy,1,0
13679,privacy,0,0
13680,privacy,0,0
13681,privacy,0,0
13682,privacy,1,1
13683,privacy,1,0
13684,privacy,0,0
13685,privacy,1,0
13686,privacy,0,0
13687,privacy,1,0
13688,privacy,0,0
13689,privacy,0,0
13690,privacy,1,0
13691,privacy,1,0
13692,privacy,1,1
13693,privacy,0,0
13694,privacy,0,0
13695,privacy,0,0
13696,privacy,0,0
13697,privacy,1,1
13698,privacy,0,0
13699,privacy,0,0
13700,privacy,0,0
13701,privacy,1,1
13702,privacy,0,0
13703,privacy,0,0
13704,privacy,0,0
13705,privacy,1,1
13706,privacy,0,0
13707,privacy,0,0
13708,privacy,0,0
13709,privacy,0,0
13710,privacy,0,0
13711,privacy,0,0
13712,privacy,0,0
13713,privacy,0,0
13714,privacy,0,0
13715,privacy,0,0
13716,privacy,1,0
13717,privacy,0,0
13718,privacy,0,0
13719,privacy,0,0
13720,privacy,0,0
13721,privacy,1,0
13722,privacy,0,0
13723,privacy,0,0
13724,privacy,0,0
13725,privacy,0,0
13726,privacy,0,0
13727,privacy,0,0
13728,privacy,0,0
13729,privacy,0,0
13730,privacy,0,0
13731,privacy,0,0
13732,privacy,0,0
13733,privacy,0,0
13734,privacy,0,0
13735,privacy,1,0
13736,privacy,1,0
13737,privacy,1,1
13738,privacy,0,0
13739,privacy,1,1
13740,privacy,0,0
13741,privacy,0,0
13742,privacy,0,0
13743,privacy,1,0
13744,privacy,0,0
13745,privacy,0,0
13746,privacy,0,0
13747,privacy,0,0
13748,privacy,0,0
13749,privacy,0,0
13750,privacy,0,0
13751,privacy,0,0
13752,privacy,0,0
13753,privacy,0,0
13754,privacy,0,0
13755,privacy,1,1
13756,privacy,0,0
13757,privacy,0,0
13758,privacy,0,0
13759,privacy,0,0
13760,privacy,0,0
13761,privacy,0,0
13762,privacy,0,0
13763,privacy,1,0
13764,privacy,0,0
13765,privacy,0,0
13766,privacy,0,0
13767,privacy,0,0
13768,privacy,0,0
13769,privacy,0,0
13770,privacy,1,0
13771,privacy,0,0
13772,privacy,1,1
13773,privacy,0,0
13774,privacy,0,0
13775,privacy,0,0
13776,privacy,0,0
13777,privacy,1,0
13778,privacy,0,0
13779,privacy,1,0
13780,privacy,0,0
13781,privacy,0,0
13782,privacy,0,0
13783,privacy,0,0
13784,privacy,0,0
13785,privacy,0,0
13786,privacy,1,0
13787,privacy,1,0
13788,privacy,0,0
13789,privacy,0,0
13790,privacy,1,0
13791,privacy,1,0
13792,privacy,0,0
13793,privacy,0,0
13794,privacy,0,0
13795,privacy,0,0
13796,privacy,1,0
13797,privacy,0,0
13798,privacy,0,0
13799,privacy,0,0
13800,privacy,0,0
13801,privacy,1,0
13802,privacy,0,0
13803,privacy,0,0
13804,privacy,0,0
13805,privacy,0,0
13806,privacy,1,1
13807,privacy,0,0
13808,privacy,0,0
13809,privacy,0,0
13810,privacy,1,0
13811,privacy,1,0
13812,privacy,1,0
13813,privacy,0,0
13814,privacy,0,0
13815,privacy,0,0
13816,privacy,0,0
13817,privacy,1,0
13818,privacy,1,0
13819,privacy,0,0
13820,privacy,1,0
13821,privacy,1,0
13822,privacy,0,0
13823,privacy,0,0
13824,privacy,1,1
13825,privacy,1,1
13826,privacy,0,0
13827,privacy,0,0
13828,privacy,0,0
13829,privacy,0,0
13830,privacy,0,0
13831,privacy,1,0
13832,privacy,0,0
13833,privacy,0,0
13834,privacy,0,0
13835,privacy,0,0
13836,privacy,0,0
13837,privacy,1,0
13838,privacy,1,1
13839,privacy,0,0
13840,privacy,0,0
13841,privacy,1,1
13842,privacy,0,0
13843,privacy,1,0
13844,privacy,0,0
13845,privacy,0,0
13846,privacy,1,1
13847,privacy,1,0
13848,privacy,1,1
13849,privacy,0,0
13850,privacy,0,0
13851,privacy,0,0
13852,privacy,1,0
13853,privacy,0,0
13854,privacy,0,0
13855,privacy,0,0
13856,privacy,1,1
13857,privacy,1,1
13858,privacy,0,0
13859,privacy,0,0
13860,privacy,1,1
13861,privacy,0,0
13862,privacy,1,1
13863,privacy,0,0
13864,privacy,0,0
13865,privacy,0,0
13866,privacy,0,0
13867,privacy,0,0
13868,privacy,1,1
13869,privacy,1,0
13870,privacy,0,0
13871,privacy,1,1
13872,privacy,1,0
13873,privacy,1,0
13874,privacy,0,0
13875,privacy,0,0
13876,privacy,1,1
13877,privacy,0,0
13878,privacy,1,1
13879,privacy,0,0
13880,privacy,0,0
13881,privacy,0,0
13882,privacy,0,0
13883,privacy,0,0
13884,privacy,1,1
13885,privacy,0,0
13886,privacy,0,0
13887,privacy,1,0
13888,privacy,0,0
13889,privacy,1,0
13890,privacy,0,0
13891,privacy,0,0
13892,privacy,1,0
13893,privacy,1,0
13894,privacy,1,0
13895,privacy,0,0
13896,privacy,0,0
13897,privacy,0,0
13898,privacy,1,0
13899,privacy,1,0
13900,privacy,0,0
13901,privacy,0,0
13902,privacy,0,0
13903,privacy,0,0
13904,privacy,0,0
13905,privacy,0,0
13906,privacy,0,0
13907,privacy,0,0
13908,privacy,1,0
13909,privacy,0,0
13910,privacy,0,0
13911,privacy,1,0
13912,privacy,0,0
13913,privacy,0,0
13914,privacy,1,0
13915,privacy,1,0
13916,privacy,0,0
13917,privacy,0,0
13918,privacy,0,0
13919,privacy,1,1
13920,privacy,0,0
13921,privacy,0,0
13922,privacy,0,0
13923,privacy,0,0
13924,privacy,0,0
13925,privacy,0,0
13926,privacy,0,0
13927,privacy,0,0
13928,privacy,0,0
13929,privacy,1,0
13930,privacy,1,0
13931,privacy,1,1
13932,privacy,0,0
13933,privacy,0,0
13934,privacy,0,0
13935,privacy,0,0
13936,privacy,0,0
13937,privacy,0,0
13938,privacy,1,0
13939,privacy,0,0
13940,privacy,1,1
13941,privacy,0,0
13942,privacy,1,0
13943,privacy,1,1
13944,privacy,1,1
13945,privacy,1,1
13946,privacy,0,0
13947,privacy,0,0
13948,privacy,0,0
13949,privacy,0,0
13950,privacy,0,0
13951,privacy,0,0
13952,privacy,0,0
13953,privacy,1,0
13954,privacy,0,0
13955,privacy,0,0
13956,privacy,0,0
13957,privacy,0,0
13958,privacy,0,0
13959,privacy,0,0
13960,privacy,0,0
13961,privacy,0,0
13962,privacy,1,1
13963,privacy,1,1
13964,privacy,0,0
13965,privacy,1,1
13966,privacy,0,0
13967,privacy,1,1
13968,privacy,0,0
13969,privacy,0,0
13970,privacy,0,0
13971,privacy,0,0
13972,privacy,0,0
13973,privacy,0,0
13974,privacy,0,0
13975,privacy,1,0
13976,privacy,0,0
13977,privacy,0,0
13978,privacy,0,0
13979,privacy,0,0
13980,privacy,0,0
13981,privacy,0,0
13982,privacy,0,0
13983,privacy,1,1
13984,privacy,1,1
13985,privacy,0,0
13986,privacy,1,1
13987,privacy,1,1
13988,privacy,1,1
13989,privacy,0,0
13990,privacy,1,1
13991,privacy,0,0
13992,privacy,0,0
13993,privacy,0,0
13994,privacy,0,0
13995,privacy,1,0
13996,privacy,0,0
13997,privacy,0,0
13998,privacy,0,0
13999,privacy,0,0
14000,privacy,0,0
14001,privacy,0,0
14002,privacy,0,0
14003,privacy,1,1
14004,privacy,0,0
14005,privacy,1,1
14006,privacy,0,0
14007,privacy,0,0
14008,privacy,0,0
14009,privacy,0,0
14010,privacy,0,0
14011,privacy,1,1
14012,privacy,1,1
14013,privacy,0,0
14014,privacy,0,0
14015,privacy,0,0
14016,privacy,0,0
14017,privacy,1,1
14018,privacy,1,1
14019,privacy,0,0
14020,privacy,1,1
14021,privacy,0,0
14022,privacy,0,0
14023,privacy,0,0
14024,privacy,1,0
14025,privacy,0,0
14026,privacy,1,1
14027,privacy,0,0
14028,privacy,0,0
14029,privacy,0,0
14030,privacy,1,0
14031,privacy,0,0
14032,privacy,0,0
14033,privacy,0,0
14034,privacy,0,0
14035,privacy,0,0
14036,privacy,1,0
14037,privacy,0,0
14038,privacy,0,0
14039,privacy,0,0
14040,privacy,0,0
14041,privacy,0,0
14042,privacy,0,0
14043,privacy,0,0
14044,privacy,0,0
14045,privacy,0,0
14046,privacy,0,0
14047,privacy,0,0
14048,privacy,0,0
14049,privacy,0,0
14050,privacy,0,0
14051,privacy,0,0
14052,privacy,0,0
14053,privacy,0,0
14054,privacy,0,0
14055,privacy,0,0
14056,privacy,1,1
14057,privacy,0,0
14058,privacy,0,0
14059,privacy,0,0
14060,privacy,1,1
14061,privacy,0,0
14062,privacy,1,0
14063,privacy,0,0
14064,privacy,0,0
14065,privacy,0,0
14066,privacy,0,0
14067,privacy,0,0
14068,privacy,0,0
14069,privacy,0,0
14070,privacy,0,0
14071,privacy,0,0
14072,privacy,0,0
14073,privacy,0,0
14074,privacy,1,0
14075,privacy,0,0
14076,privacy,0,0
14077,privacy,0,0
14078,privacy,0,0
14079,privacy,0,0
14080,privacy,0,0
14081,privacy,0,0
14082,privacy,0,0
14083,privacy,0,0
14084,privacy,0,0
14085,privacy,0,0
14086,privacy,1,1
14087,privacy,1,1
14088,privacy,1,1
14089,privacy,1,1
14090,privacy,1,0
14091,privacy,0,0
14092,privacy,0,0
14093,privacy,0,0
14094,privacy,0,0
14095,privacy,0,0
14096,privacy,0,0
14097,privacy,0,0
14098,privacy,0,0
14099,privacy,1,0
14100,privacy,0,0
14101,privacy,1,0
14102,privacy,1,1
14103,privacy,0,0
14104,privacy,0,0
14105,privacy,0,0
14106,privacy,1,0
14107,privacy,0,0
14108,privacy,1,1
14109,privacy,0,0
14110,privacy,0,0
14111,privacy,0,0
14112,privacy,0,0
14113,privacy,1,0
14114,privacy,1,0
14115,privacy,0,0
14116,privacy,1,1
14117,privacy,1,1
14118,privacy,1,1
14119,privacy,0,0
14120,privacy,1,1
14121,privacy,0,0
14122,privacy,1,1
14123,privacy,1,1
14124,privacy,0,0
14125,privacy,1,1
14126,privacy,0,0
14127,privacy,1,1
14128,privacy,0,0
14129,privacy,1,1
14130,privacy,0,0
14131,privacy,1,1
14132,privacy,1,1
14133,privacy,1,1
14134,privacy,1,1
14135,privacy,1,1
14136,privacy,0,0
14137,privacy,1,1
14138,privacy,1,1
14139,privacy,1,1
14140,privacy,0,0
14141,privacy,1,1
14142,privacy,0,0
14143,privacy,1,1
14144,privacy,0,0
14145,privacy,0,0
14146,privacy,1,1
14147,privacy,0,0
14148,privacy,0,0
14149,privacy,0,0
14150,privacy,0,0
14151,privacy,0,0
14152,privacy,1,0
14153,privacy,0,0
14154,privacy,0,0
14155,privacy,0,0
14156,privacy,0,0
14157,privacy,0,0
14158,privacy,1,0
14159,privacy,0,0
14160,privacy,1,0
14161,privacy,0,0
14162,privacy,1,0
14163,privacy,1,0
14164,privacy,0,0
14165,privacy,0,0
14166,privacy,1,0
14167,privacy,1,0
14168,privacy,0,0
14169,privacy,0,0
14170,privacy,1,0
14171,privacy,0,0
14172,privacy,0,0
14173,privacy,0,0
14174,privacy,1,0
14175,privacy,0,0
14176,privacy,0,0
14177,privacy,0,0
14178,privacy,0,0
14179,privacy,0,0
14180,privacy,0,0
14181,privacy,0,0
14182,privacy,0,0
14183,privacy,0,0
14184,privacy,0,0
14185,privacy,1,1
14186,privacy,1,1
14187,privacy,0,0
14188,privacy,0,0
14189,privacy,0,0
14190,privacy,0,0
14191,privacy,0,0
14192,privacy,1,1
14193,privacy,1,0
14194,privacy,0,0
14195,privacy,0,0
14196,privacy,0,0
14197,privacy,0,0
14198,privacy,0,0
14199,privacy,0,0
14200,privacy,0,0
14201,privacy,0,0
14202,privacy,0,0
14203,privacy,0,0
14204,privacy,0,0
14205,privacy,0,0
14206,privacy,0,0
14207,privacy,0,0
14208,privacy,0,0
14209,privacy,0,0
14210,privacy,0,0
14211,privacy,1,0
14212,privacy,0,0
14213,privacy,0,0
14214,privacy,0,0
14215,privacy,0,0
14216,privacy,0,0
14217,privacy,0,0
14218,privacy,1,1
14219,privacy,0,0
14220,privacy,0,0
14221,privacy,0,0
14222,privacy,0,0
14223,privacy,0,0
14224,privacy,0,0
14225,privacy,0,0
14226,privacy,0,0
14227,privacy,0,0
14228,privacy,0,0
14229,privacy,0,0
14230,privacy,0,0
14231,privacy,0,0
14232,privacy,0,0
14233,privacy,1,0
14234,privacy,0,0
14235,privacy,1,1
14236,privacy,1,1
14237,privacy,1,0
14238,privacy,0,0
14239,privacy,1,0
14240,privacy,0,0
14241,privacy,0,0
14242,privacy,0,0
14243,privacy,0,0
14244,privacy,0,0
14245,privacy,0,0
14246,privacy,0,0
14247,privacy,1,0
14248,privacy,1,0
14249,privacy,0,0
14250,privacy,0,0
14251,privacy,0,0
14252,privacy,0,0
14253,privacy,0,0
14254,privacy,0,0
14255,privacy,0,0
14256,privacy,0,0
14257,privacy,1,0
14258,privacy,1,1
14259,privacy,1,1
14260,privacy,0,0
14261,privacy,0,0
14262,privacy,0,0
14263,privacy,1,0
14264,privacy,0,0
14265,privacy,0,0
14266,privacy,0,0
14267,privacy,0,0
14268,privacy,0,0
14269,privacy,0,0
14270,privacy,0,0
14271,privacy,0,0
14272,privacy,1,1
14273,privacy,0,0
14274,privacy,0,0
14275,privacy,0,0
14276,privacy,0,0
14277,privacy,0,0
14278,privacy,0,0
14279,privacy,0,0
14280,privacy,0,0
14281,privacy,0,0
14282,privacy,0,0
14283,privacy,0,0
14284,privacy,1,1
14285,privacy,0,0
14286,privacy,0,0
14287,privacy,0,0
14288,privacy,0,0
14289,privacy,1,1
14290,privacy,0,0
14291,privacy,0,0
14292,privacy,0,0
14293,privacy,0,0
14294,privacy,0,0
14295,privacy,0,0
14296,privacy,0,0
14297,privacy,0,0
14298,privacy,0,0
14299,privacy,0,0
14300,privacy,0,0
14301,privacy,1,0
14302,privacy,0,0
14303,privacy,0,0
14304,privacy,0,0
14305,privacy,0,0
14306,privacy,0,0
14307,privacy,1,0
14308,privacy,1,0
14309,privacy,1,1
14310,privacy,0,0
14311,privacy,1,0
14312,privacy,0,0
14313,privacy,0,0
14314,privacy,0,0
14315,privacy,1,0
14316,privacy,1,1
14317,privacy,1,0
14318,privacy,1,0
14319,privacy,0,0
14320,privacy,0,0
14321,privacy,1,0
14322,privacy,1,1
14323,privacy,0,0
14324,privacy,0,0
14325,privacy,0,0
14326,privacy,0,0
14327,privacy,0,0
14328,privacy,0,0
14329,privacy,0,0
14330,privacy,1,1
14331,privacy,0,0
14332,privacy,0,0
14333,privacy,0,0
14334,privacy,1,0
14335,privacy,0,0
14336,privacy,0,0
14337,privacy,0,0
14338,privacy,1,0
14339,privacy,1,1
14340,privacy,0,0
14341,privacy,1,1
14342,privacy,0,0
14343,privacy,0,0
14344,privacy,1,1
14345,privacy,0,0
14346,privacy,0,0
14347,privacy,1,0
14348,privacy,1,1
14349,privacy,1,1
14350,privacy,0,0
14351,privacy,0,0
14352,privacy,0,0
14353,privacy,1,1
14354,privacy,0,0
14355,privacy,0,0
14356,privacy,0,0
14357,privacy,0,0
14358,privacy,0,0
14359,privacy,0,0
14360,privacy,1,1
14361,privacy,0,0
14362,privacy,0,0
14363,privacy,1,1
14364,privacy,1,1
14365,privacy,0,0
14366,privacy,0,0
14367,privacy,0,0
14368,privacy,0,0
14369,privacy,1,1
14370,privacy,0,0
14371,privacy,0,0
14372,privacy,0,0
14373,privacy,0,0
14374,privacy,1,0
14375,privacy,0,0
14376,privacy,1,1
14377,privacy,0,0
14378,privacy,0,0
14379,privacy,0,0
14380,privacy,0,0
14381,privacy,1,1
14382,privacy,0,0
14383,privacy,0,0
14384,privacy,1,0
14385,privacy,1,1
14386,privacy,0,0
14387,privacy,1,1
14388,privacy,0,0
14389,privacy,0,0
14390,privacy,0,0
14391,privacy,0,0
14392,privacy,0,0
14393,privacy,1,1
14394,privacy,0,0
14395,privacy,0,0
14396,privacy,0,0
14397,privacy,0,0
14398,privacy,0,0
14399,privacy,0,0
14400,privacy,0,0
14401,privacy,0,0
14402,privacy,0,0
14403,privacy,0,0
14404,privacy,0,0
14405,privacy,0,0
14406,privacy,0,0
14407,privacy,1,0
14408,privacy,0,0
14409,privacy,0,0
14410,privacy,0,0
14411,privacy,0,0
14412,privacy,0,0
14413,privacy,0,0
14414,privacy,1,1
14415,privacy,0,0
14416,privacy,0,0
14417,privacy,0,0
14418,privacy,0,0
14419,privacy,0,0
14420,privacy,0,0
14421,privacy,0,0
14422,privacy,0,0
14423,privacy,1,1
14424,privacy,0,0
14425,privacy,0,0
14426,privacy,0,0
14427,privacy,0,0
14428,privacy,1,0
14429,privacy,0,0
14430,privacy,0,0
14431,privacy,0,0
14432,privacy,0,0
14433,privacy,1,1
14434,privacy,1,1
14435,privacy,0,0
14436,privacy,0,0
14437,privacy,1,1
14438,privacy,0,0
14439,privacy,0,0
14440,privacy,0,0
14441,privacy,1,0
14442,privacy,0,0
14443,privacy,0,0
14444,privacy,1,0
14445,privacy,0,0
14446,privacy,0,0
14447,privacy,1,1
14448,privacy,0,0
14449,privacy,1,0
14450,privacy,0,0
14451,privacy,0,0
14452,privacy,0,0
14453,privacy,0,0
14454,privacy,0,0
14455,privacy,0,0
14456,privacy,0,0
14457,privacy,0,0
14458,privacy,0,0
14459,privacy,0,0
14460,privacy,0,0
14461,privacy,0,0
14462,privacy,0,0
14463,privacy,0,0
14464,privacy,0,0
14465,privacy,0,0
14466,privacy,0,0
14467,privacy,0,0
14468,privacy,0,0
14469,privacy,1,1
14470,privacy,0,0
14471,privacy,0,0
14472,privacy,1,1
14473,privacy,1,1
14474,privacy,0,0
14475,privacy,0,0
14476,privacy,0,0
14477,privacy,0,0
14478,privacy,0,0
14479,privacy,0,0
14480,privacy,1,0
14481,privacy,1,1
14482,privacy,0,0
14483,privacy,0,0
14484,privacy,0,0
14485,privacy,0,0
14486,privacy,1,0
14487,privacy,1,0
14488,privacy,1,0
14489,privacy,0,0
14490,privacy,1,1
14491,privacy,1,0
14492,privacy,0,0
14493,privacy,1,1
14494,privacy,0,0
14495,privacy,0,0
14496,privacy,1,0
14497,privacy,1,0
14498,privacy,1,1
14499,privacy,0,0
14500,privacy,0,0
14501,privacy,0,0
14502,privacy,0,0
14503,privacy,1,1
14504,privacy,1,0
14505,privacy,0,0
14506,privacy,0,0
14507,privacy,0,0
14508,privacy,0,0
14509,privacy,1,1
14510,privacy,0,0
14511,privacy,0,0
14512,privacy,0,0
14513,privacy,0,0
14514,privacy,1,1
14515,privacy,0,0
14516,privacy,0,0
14517,privacy,0,0
14518,privacy,1,1
14519,privacy,0,0
14520,privacy,0,0
14521,privacy,0,0
14522,privacy,0,0
14523,privacy,1,0
14524,privacy,0,0
14525,privacy,0,0
14526,privacy,0,0
14527,privacy,0,0
14528,privacy,0,0
14529,privacy,0,0
14530,privacy,0,0
14531,privacy,0,0
14532,privacy,0,0
14533,privacy,0,0
14534,privacy,0,0
14535,privacy,0,0
14536,privacy,1,1
14537,privacy,0,0
14538,privacy,0,0
14539,privacy,0,0
14540,privacy,0,0
14541,privacy,0,0
14542,privacy,0,0
14543,privacy,0,0
14544,privacy,0,0
14545,privacy,0,0
14546,privacy,0,0
14547,privacy,0,0
14548,privacy,0,0
14549,privacy,0,0
14550,privacy,1,1
14551,privacy,1,1
14552,privacy,0,0
14553,privacy,0,0
14554,privacy,0,0
14555,privacy,0,0
14556,privacy,1,1
14557,privacy,1,0
14558,privacy,1,1
14559,privacy,0,0
14560,privacy,0,0
14561,privacy,0,0
14562,privacy,0,0
14563,privacy,1,1
14564,privacy,0,0
14565,privacy,0,0
14566,privacy,0,0
14567,privacy,0,0
14568,privacy,0,0
14569,privacy,0,0
14570,privacy,1,1
14571,privacy,0,0
14572,privacy,1,0
14573,privacy,1,0
14574,privacy,0,0
14575,privacy,0,0
14576,privacy,0,0
14577,privacy,0,0
14578,privacy,0,0
14579,privacy,0,0
14580,privacy,0,0
14581,privacy,0,0
14582,privacy,0,0
14583,privacy,0,0
14584,privacy,1,1
14585,privacy,0,0
14586,privacy,0,0
14587,privacy,0,0
14588,privacy,0,0
14589,privacy,0,0
14590,privacy,1,1
14591,privacy,0,0
14592,privacy,1,1
14593,privacy,0,0
14594,privacy,0,0
14595,privacy,0,0
14596,privacy,0,0
14597,privacy,0,0
14598,privacy,1,0
14599,privacy,0,0
14600,privacy,0,0
14601,privacy,0,0
14602,privacy,0,0
14603,privacy,0,0
14604,privacy,0,0
14605,privacy,0,0
14606,privacy,0,0
14607,privacy,0,0
14608,privacy,1,1
14609,privacy,0,0
14610,privacy,0,0
14611,privacy,0,0
14612,privacy,0,0
14613,privacy,0,0
14614,privacy,0,0
14615,privacy,0,0
14616,privacy,0,0
14617,privacy,0,0
14618,privacy,1,1
14619,privacy,0,0
14620,privacy,0,0
14621,privacy,0,0
14622,privacy,0,0
14623,privacy,0,0
14624,privacy,0,0
14625,privacy,0,0
14626,privacy,0,0
14627,privacy,0,0
14628,privacy,1,1
14629,privacy,0,0
14630,privacy,0,0
14631,privacy,0,0
14632,privacy,0,0
14633,privacy,1,0
14634,privacy,1,0
14635,privacy,0,0
14636,privacy,0,0
14637,privacy,1,0
14638,privacy,1,0
14639,privacy,1,0
14640,privacy,0,0
14641,privacy,1,0
14642,privacy,0,0
14643,privacy,1,0
14644,privacy,0,0
14645,privacy,0,0
14646,privacy,1,1
14647,privacy,0,0
14648,privacy,1,1
14649,privacy,1,0
14650,privacy,0,0
14651,privacy,1,0
14652,privacy,0,0
14653,privacy,0,0
14654,privacy,0,0
14655,privacy,0,0
14656,privacy,1,0
14657,privacy,1,1
14658,privacy,1,0
14659,privacy,0,0
14660,privacy,1,0
14661,privacy,1,0
14662,privacy,0,0
14663,privacy,1,0
14664,privacy,1,1
14665,privacy,1,1
14666,privacy,1,1
14667,privacy,1,1
14668,privacy,1,0
14669,privacy,1,0
14670,privacy,0,0
14671,privacy,0,0
14672,privacy,1,1
14673,privacy,0,0
14674,privacy,1,1
14675,privacy,0,0
14676,privacy,1,0
14677,privacy,0,0
14678,privacy,0,0
14679,privacy,0,0
14680,privacy,0,0
14681,privacy,0,0
14682,privacy,0,0
14683,privacy,0,0
14684,privacy,0,0
14685,privacy,0,0
14686,privacy,0,0
14687,privacy,0,0
14688,privacy,1,0
14689,privacy,0,0
14690,privacy,0,0
14691,privacy,0,0
14692,privacy,1,0
14693,privacy,0,0
14694,privacy,0,0
14695,privacy,0,0
14696,privacy,0,0
14697,privacy,0,0
14698,privacy,1,0
14699,privacy,1,0
14700,privacy,0,0
14701,privacy,0,0
14702,privacy,0,0
14703,privacy,0,0
14704,privacy,0,0
14705,privacy,0,0
14706,privacy,0,0
14707,privacy,0,0
14708,privacy,0,0
14709,privacy,0,0
14710,privacy,0,0
14711,privacy,0,0
14712,privacy,0,0
14713,privacy,0,0
14714,privacy,0,0
14715,privacy,1,1
14716,privacy,0,0
14717,privacy,0,0
14718,privacy,0,0
14719,privacy,0,0
14720,privacy,0,0
14721,privacy,0,0
14722,privacy,0,0
14723,privacy,0,0
14724,privacy,0,0
14725,privacy,0,0
14726,privacy,0,0
14727,privacy,0,0
14728,privacy,0,0
14729,privacy,0,0
14730,privacy,1,0
14731,privacy,0,0
14732,privacy,0,0
14733,privacy,0,0
14734,privacy,0,0
14735,privacy,0,0
14736,privacy,0,0
14737,privacy,0,0
14738,privacy,0,0
14739,privacy,0,0
14740,privacy,1,0
14741,privacy,0,0
14742,privacy,0,0
14743,privacy,1,0
14744,privacy,0,0
14745,privacy,0,0
14746,privacy,0,0
14747,privacy,0,0
14748,privacy,0,0
14749,privacy,0,0
14750,privacy,0,0
14751,privacy,0,0
14752,privacy,0,0
14753,privacy,0,0
14754,privacy,0,0
14755,privacy,0,0
14756,privacy,1,0
14757,privacy,0,0
14758,privacy,0,0
14759,privacy,1,1
14760,privacy,0,0
14761,privacy,1,1
14762,privacy,0,0
14763,privacy,0,0
14764,privacy,1,1
14765,privacy,0,0
14766,privacy,0,0
14767,privacy,0,0
14768,privacy,1,0
14769,privacy,1,1
14770,privacy,0,0
14771,privacy,0,0
14772,privacy,0,0
14773,privacy,1,0
14774,privacy,1,0
14775,privacy,0,0
14776,privacy,1,1
14777,privacy,0,0
14778,privacy,1,1
14779,privacy,0,0
14780,privacy,1,0
14781,privacy,0,0
14782,privacy,0,0
14783,privacy,1,1
14784,privacy,1,1
14785,privacy,0,0
14786,privacy,1,1
14787,privacy,0,0
14788,privacy,0,0
14789,privacy,1,0
14790,privacy,0,0
14791,privacy,0,0
14792,privacy,1,1
14793,privacy,0,0
14794,privacy,0,0
14795,privacy,0,0
14796,privacy,0,0
14797,privacy,0,0
14798,privacy,0,0
14799,privacy,0,0
14800,privacy,0,0
14801,privacy,0,0
14802,privacy,1,1
14803,privacy,0,0
14804,privacy,0,0
14805,privacy,1,1
14806,privacy,1,0
14807,privacy,1,0
14808,privacy,0,0
14809,privacy,0,0
14810,privacy,0,0
14811,privacy,0,0
14812,privacy,0,0
14813,privacy,0,0
14814,privacy,0,0
14815,privacy,1,1
14816,privacy,0,0
14817,privacy,1,1
14818,privacy,0,0
14819,privacy,1,1
14820,privacy,1,1
14821,privacy,0,0
14822,privacy,0,0
14823,privacy,0,0
14824,privacy,0,0
14825,privacy,0,0
14826,privacy,0,0
14827,privacy,0,0
14828,privacy,0,0
14829,privacy,0,0
14830,privacy,0,0
14831,privacy,0,0
14832,privacy,0,0
14833,privacy,1,0
14834,privacy,0,0
14835,privacy,1,1
14836,privacy,1,1
14837,privacy,0,0
14838,privacy,0,0
14839,privacy,1,1
14840,privacy,0,0
14841,privacy,0,0
14842,privacy,0,0
14843,privacy,0,0
14844,privacy,0,0
14845,privacy,0,0
14846,privacy,0,0
14847,privacy,0,0
14848,privacy,0,0
14849,privacy,0,0
14850,privacy,0,0
14851,privacy,1,1
14852,privacy,0,0
14853,privacy,1,1
14854,privacy,0,0
14855,privacy,0,0
14856,privacy,0,0
14857,privacy,0,0
14858,privacy,0,0
14859,privacy,0,0
14860,privacy,0,0
14861,privacy,0,0
14862,privacy,1,1
14863,privacy,0,0
14864,privacy,0,0
14865,privacy,0,0
14866,privacy,0,0
14867,privacy,1,0
14868,privacy,0,0
14869,privacy,0,0
14870,privacy,0,0
14871,privacy,0,0
14872,privacy,0,0
14873,privacy,0,0
14874,privacy,0,0
14875,privacy,0,0
14876,privacy,0,0
14877,privacy,0,0
14878,privacy,1,1
14879,privacy,0,0
14880,privacy,0,0
14881,privacy,0,0
14882,privacy,0,0
14883,privacy,0,0
14884,privacy,0,0
14885,privacy,0,0
14886,privacy,0,0
14887,privacy,0,0
14888,privacy,0,0
14889,privacy,0,0
14890,privacy,0,0
14891,privacy,0,0
14892,privacy,0,0
14893,privacy,0,0
14894,privacy,0,0
14895,privacy,0,0
14896,privacy,0,0
14897,privacy,0,0
14898,privacy,0,0
14899,privacy,0,0
14900,privacy,0,0
14901,privacy,0,0
14902,privacy,0,0
14903,privacy,1,1
14904,privacy,0,0
14905,privacy,0,0
14906,privacy,0,0
14907,privacy,0,0
14908,privacy,0,0
14909,privacy,0,0
14910,privacy,0,0
14911,privacy,0,0
14912,privacy,1,0
14913,privacy,1,0
14914,privacy,1,0
14915,privacy,1,0
14916,privacy,1,0
14917,privacy,1,0
14918,privacy,1,0
14919,privacy,0,0
14920,privacy,0,0
14921,privacy,0,0
14922,privacy,0,0
14923,privacy,1,0
14924,privacy,1,0
14925,privacy,0,0
14926,privacy,0,0
14927,privacy,0,0
14928,privacy,0,0
14929,privacy,0,0
14930,privacy,0,0
14931,privacy,0,0
14932,privacy,0,0
14933,privacy,0,0
14934,privacy,0,0
14935,privacy,0,0
14936,privacy,0,0
14937,privacy,0,0
14938,privacy,0,0
14939,privacy,1,0
14940,privacy,0,0
14941,privacy,0,0
14942,privacy,0,0
14943,privacy,0,0
14944,privacy,1,0
14945,privacy,0,0
14946,privacy,0,0
14947,privacy,1,1
14948,privacy,0,0
14949,privacy,0,0
14950,privacy,0,0
14951,privacy,1,0
14952,privacy,0,0
14953,privacy,1,1
14954,privacy,1,1
14955,privacy,0,0
14956,privacy,0,0
14957,privacy,0,0
14958,privacy,0,0
14959,privacy,0,0
14960,privacy,0,0
14961,privacy,0,0
14962,privacy,1,1
14963,privacy,0,0
14964,privacy,0,0
14965,privacy,0,0
14966,privacy,0,0
14967,privacy,0,0
14968,privacy,0,0
14969,privacy,1,1
14970,privacy,0,0
14971,privacy,0,0
14972,privacy,0,0
14973,privacy,0,0
14974,privacy,1,0
14975,privacy,0,0
14976,privacy,0,0
14977,privacy,1,1
14978,privacy,0,0
14979,privacy,0,0
14980,privacy,0,0
14981,privacy,0,0
14982,privacy,1,1
14983,privacy,0,0
14984,privacy,0,0
14985,privacy,1,1
14986,privacy,0,0
14987,privacy,0,0
14988,privacy,0,0
14989,privacy,0,0
14990,privacy,1,0
14991,privacy,1,1
14992,privacy,0,0
14993,privacy,0,0
14994,privacy,0,0
14995,privacy,0,0
14996,privacy,0,0
14997,privacy,0,0
14998,privacy,0,0
14999,privacy,0,0
15000,privacy,0,0
15001,privacy,0,0
15002,privacy,0,0
15003,privacy,1,1
15004,privacy,0,0
15005,privacy,0,0
15006,privacy,0,0
15007,privacy,0,0
15008,privacy,0,0
15009,privacy,1,1
15010,privacy,0,0
15011,privacy,0,0
15012,privacy,1,0
15013,privacy,1,1
15014,privacy,1,0
15015,privacy,0,0
15016,privacy,0,0
15017,privacy,1,0
15018,privacy,0,0
15019,privacy,0,0
15020,privacy,0,0
15021,privacy,0,0
15022,privacy,0,0
15023,privacy,0,0
15024,privacy,0,0
15025,privacy,0,0
15026,privacy,0,0
15027,privacy,0,0
15028,privacy,0,0
15029,privacy,1,1
15030,privacy,0,0
15031,privacy,0,0
15032,privacy,0,0
15033,privacy,0,0
15034,privacy,1,1
15035,privacy,0,0
15036,privacy,0,0
15037,privacy,0,0
15038,privacy,0,0
15039,privacy,1,1
15040,privacy,1,1
15041,privacy,1,0
15042,privacy,0,0
15043,privacy,1,0
15044,privacy,1,1
15045,privacy,0,0
15046,privacy,0,0
15047,privacy,0,0
15048,privacy,0,0
15049,privacy,0,0
15050,privacy,0,0
15051,privacy,0,0
15052,privacy,1,1
15053,privacy,0,0
15054,privacy,0,0
15055,privacy,0,0
15056,privacy,0,0
15057,privacy,0,0
15058,privacy,0,0
15059,privacy,0,0
15060,privacy,1,0
15061,privacy,1,0
15062,privacy,1,0
15063,privacy,0,0
15064,privacy,0,0
15065,privacy,0,0
15066,privacy,1,0
15067,privacy,0,0
15068,privacy,0,0
15069,privacy,0,0
15070,privacy,1,1
15071,privacy,0,0
15072,privacy,0,0
15073,privacy,0,0
15074,privacy,1,0
15075,privacy,0,0
15076,privacy,0,0
15077,privacy,0,0
15078,privacy,0,0
15079,privacy,0,0
15080,privacy,0,0
15081,privacy,1,0
15082,privacy,1,0
15083,privacy,0,0
15084,privacy,0,0
15085,privacy,0,0
15086,privacy,0,0
15087,privacy,0,0
15088,privacy,0,0
15089,privacy,0,0
15090,privacy,1,0
15091,privacy,0,0
15092,privacy,0,0
15093,privacy,0,0
15094,privacy,0,0
15095,privacy,1,1
15096,privacy,0,0
15097,privacy,0,0
15098,privacy,0,0
15099,privacy,0,0
15100,privacy,0,0
15101,privacy,0,0
15102,privacy,1,1
15103,privacy,0,0
15104,privacy,0,0
15105,privacy,0,0
15106,privacy,0,0
15107,privacy,0,0
15108,privacy,1,0
15109,privacy,1,0
15110,privacy,0,0
15111,privacy,0,0
15112,privacy,1,0
15113,privacy,1,0
15114,privacy,1,0
15115,privacy,1,0
15116,privacy,0,0
15117,privacy,0,0
15118,privacy,1,0
15119,privacy,1,1
15120,privacy,1,0
15121,privacy,1,0
15122,privacy,0,0
15123,privacy,0,0
15124,privacy,0,0
15125,privacy,0,0
15126,privacy,0,0
15127,privacy,0,0
15128,privacy,0,0
15129,privacy,0,0
15130,privacy,0,0
15131,privacy,0,0
15132,privacy,1,0
15133,privacy,1,1
15134,privacy,0,0
15135,privacy,0,0
15136,privacy,0,0
15137,privacy,0,0
15138,privacy,0,0
15139,privacy,0,0
15140,privacy,0,0
15141,privacy,0,0
15142,privacy,0,0
15143,privacy,0,0
15144,privacy,0,0
15145,privacy,1,0
15146,privacy,0,0
15147,privacy,0,0
15148,privacy,0,0
15149,privacy,0,0
15150,privacy,0,0
15151,privacy,0,0
15152,privacy,0,0
15153,privacy,0,0
15154,privacy,1,0
15155,privacy,0,0
15156,privacy,0,0
15157,privacy,1,0
15158,privacy,0,0
15159,privacy,1,1
15160,privacy,0,0
15161,privacy,0,0
15162,privacy,0,0
15163,privacy,0,0
15164,privacy,0,0
15165,privacy,0,0
15166,privacy,0,0
15167,privacy,0,0
15168,privacy,0,0
15169,privacy,1,1
15170,privacy,0,0
15171,privacy,0,0
15172,privacy,0,0
15173,privacy,0,0
15174,privacy,0,0
15175,privacy,0,0
15176,privacy,0,0
15177,privacy,0,0
15178,privacy,0,0
15179,privacy,1,1
15180,privacy,0,0
15181,privacy,0,0
15182,privacy,1,1
15183,privacy,0,0
15184,privacy,0,0
15185,privacy,0,0
15186,privacy,1,1
15187,privacy,1,1
15188,privacy,0,0
15189,privacy,0,0
15190,privacy,0,0
15191,privacy,1,0
15192,privacy,0,0
15193,privacy,0,0
15194,privacy,0,0
15195,privacy,0,0
15196,privacy,0,0
15197,privacy,1,0
15198,privacy,0,0
15199,privacy,0,0
15200,privacy,0,0
15201,privacy,0,0
15202,privacy,0,0
15203,privacy,0,0
15204,privacy,1,1
15205,privacy,0,0
15206,privacy,1,1
15207,privacy,0,0
15208,privacy,1,1
15209,privacy,0,0
15210,privacy,0,0
15211,privacy,1,1
15212,privacy,0,0
15213,privacy,1,1
15214,privacy,0,0
15215,privacy,0,0
15216,privacy,0,0
15217,privacy,0,0
15218,privacy,0,0
15219,privacy,0,0
15220,privacy,0,0
15221,privacy,1,0
15222,privacy,0,0
15223,privacy,1,1
15224,privacy,1,1
15225,privacy,0,0
15226,privacy,0,0
15227,privacy,0,0
15228,privacy,0,0
15229,privacy,1,1
15230,privacy,0,0
15231,privacy,0,0
15232,privacy,0,0
15233,privacy,0,0
15234,privacy,0,0
15235,privacy,0,0
15236,privacy,0,0
15237,privacy,0,0
15238,privacy,1,1
15239,privacy,0,0
15240,privacy,1,1
15241,privacy,1,1
15242,privacy,0,0
15243,privacy,0,0
15244,privacy,0,0
15245,privacy,1,0
15246,privacy,0,0
15247,privacy,0,0
15248,privacy,0,0
15249,privacy,0,0
15250,privacy,0,0
15251,privacy,1,1
15252,privacy,0,0
15253,privacy,0,0
15254,privacy,0,0
15255,privacy,0,0
15256,privacy,1,0
15257,privacy,0,0
15258,privacy,0,0
15259,privacy,0,0
15260,privacy,1,0
15261,privacy,0,0
15262,privacy,0,0
15263,privacy,1,1
15264,privacy,0,0
15265,privacy,0,0
15266,privacy,0,0
15267,privacy,1,1
15268,privacy,1,0
15269,privacy,0,0
15270,privacy,0,0
15271,privacy,0,0
15272,privacy,1,0
15273,privacy,1,0
15274,privacy,1,0
15275,privacy,0,0
15276,privacy,1,1
15277,privacy,0,0
15278,privacy,0,0
15279,privacy,0,0
15280,privacy,1,0
15281,privacy,0,0
15282,privacy,1,1
15283,privacy,1,0
15284,privacy,0,0
15285,privacy,0,0
15286,privacy,0,0
15287,privacy,1,0
15288,privacy,1,1
15289,privacy,1,1
15290,privacy,1,0
15291,privacy,1,0
15292,privacy,1,1
15293,privacy,0,0
15294,privacy,1,0
15295,privacy,0,0
15296,privacy,0,0
15297,privacy,0,0
15298,privacy,1,1
15299,privacy,0,0
15300,privacy,0,0
15301,privacy,1,0
15302,privacy,0,0
15303,privacy,0,0
15304,privacy,1,1
15305,privacy,0,0
15306,privacy,1,1
15307,privacy,1,1
15308,privacy,0,0
15309,privacy,0,0
15310,privacy,1,0
15311,privacy,1,0
15312,privacy,1,1
15313,privacy,0,0
15314,privacy,0,0
15315,privacy,1,1
15316,privacy,0,0
15317,privacy,1,1
15318,privacy,0,0
15319,privacy,1,1
15320,privacy,1,0
15321,privacy,1,0
15322,privacy,0,0
15323,privacy,0,0
15324,privacy,0,0
15325,privacy,0,0
15326,privacy,0,0
15327,privacy,1,1
15328,privacy,0,0
15329,privacy,1,0
15330,privacy,1,1
15331,privacy,0,0
15332,privacy,0,0
15333,privacy,1,0
15334,privacy,0,0
15335,privacy,1,0
15336,privacy,0,0
15337,privacy,1,1
15338,privacy,0,0
15339,privacy,0,0
15340,privacy,0,0
15341,privacy,0,0
15342,privacy,0,0
15343,privacy,0,0
15344,privacy,1,0
15345,privacy,0,0
15346,privacy,0,0
15347,privacy,0,0
15348,privacy,0,0
15349,privacy,0,0
15350,privacy,0,0
15351,privacy,1,0
15352,privacy,0,0
15353,privacy,1,0
15354,privacy,0,0
15355,privacy,0,0
15356,privacy,0,0
15357,privacy,0,0
15358,privacy,0,0
15359,privacy,0,0
15360,privacy,0,0
15361,privacy,0,0
15362,privacy,0,0
15363,privacy,0,0
15364,privacy,0,0
15365,privacy,0,0
15366,privacy,0,0
15367,privacy,1,0
15368,privacy,0,0
15369,privacy,0,0
15370,privacy,1,0
15371,privacy,0,0
15372,privacy,0,0
15373,privacy,1,0
15374,privacy,0,0
15375,privacy,0,0
15376,privacy,1,0
15377,privacy,0,0
15378,privacy,1,0
15379,privacy,0,0
15380,privacy,0,0
15381,privacy,0,0
15382,privacy,1,0
15383,privacy,1,1
15384,privacy,0,0
15385,privacy,0,0
15386,privacy,0,0
15387,privacy,0,0
15388,privacy,0,0
15389,privacy,1,0
15390,privacy,0,0
15391,privacy,1,0
15392,privacy,1,0
15393,privacy,1,0
15394,privacy,0,0
15395,privacy,0,0
15396,privacy,1,0
15397,privacy,0,0
15398,privacy,0,0
15399,privacy,1,0
15400,privacy,0,0
15401,privacy,0,0
15402,privacy,1,0
15403,privacy,0,0
15404,privacy,1,0
15405,privacy,1,0
15406,privacy,1,1
15407,privacy,0,0
15408,privacy,0,0
15409,privacy,1,0
15410,privacy,1,0
15411,privacy,1,0
15412,privacy,1,0
15413,privacy,1,0
15414,privacy,1,0
15415,privacy,0,0
15416,privacy,1,0
15417,privacy,1,0
15418,privacy,1,0
15419,privacy,1,1
15420,privacy,1,0
15421,privacy,1,0
15422,privacy,1,0
15423,privacy,1,0
15424,privacy,0,0
15425,privacy,0,0
15426,privacy,0,0
15427,privacy,0,0
15428,privacy,0,0
15429,privacy,0,0
15430,privacy,0,0
15431,privacy,0,0
15432,privacy,0,0
15433,privacy,1,0
15434,privacy,1,0
15435,privacy,0,0
15436,privacy,0,0
15437,privacy,0,0
15438,privacy,1,0
15439,privacy,0,0
15440,privacy,1,0
15441,privacy,1,0
15442,privacy,1,0
15443,privacy,0,0
15444,privacy,0,0
15445,privacy,0,0
15446,privacy,0,0
15447,privacy,0,0
15448,privacy,0,0
15449,privacy,0,0
15450,privacy,0,0
15451,privacy,0,0
15452,privacy,0,0
15453,privacy,0,0
15454,privacy,0,0
15455,privacy,0,0
15456,privacy,0,0
15457,privacy,0,0
15458,privacy,0,0
15459,privacy,0,0
15460,privacy,1,1
15461,privacy,0,0
15462,privacy,0,0
15463,privacy,0,0
15464,privacy,0,0
15465,privacy,0,0
15466,privacy,0,0
15467,privacy,0,0
15468,privacy,0,0
15469,privacy,0,0
15470,privacy,0,0
15471,privacy,1,1
15472,privacy,0,0
15473,privacy,0,0
15474,privacy,1,1
15475,privacy,0,0
15476,privacy,0,0
15477,privacy,0,0
15478,privacy,0,0
15479,privacy,0,0
15480,privacy,0,0
15481,privacy,0,0
15482,privacy,1,0
15483,privacy,0,0
15484,privacy,1,1
15485,privacy,1,0
15486,privacy,0,0
15487,privacy,0,0
15488,privacy,0,0
15489,privacy,1,0
15490,privacy,0,0
15491,privacy,1,0
15492,privacy,1,0
15493,privacy,0,0
15494,privacy,0,0
15495,privacy,0,0
15496,privacy,1,0
15497,privacy,0,0
15498,privacy,0,0
15499,privacy,0,0
15500,privacy,0,0
15501,privacy,0,0
15502,privacy,0,0
15503,privacy,0,0
15504,privacy,1,1
15505,privacy,1,1
15506,privacy,1,0
15507,privacy,0,0
15508,privacy,0,0
15509,privacy,0,0
15510,privacy,1,1
15511,privacy,0,0
15512,privacy,0,0
15513,privacy,0,0
15514,privacy,1,0
15515,privacy,0,0
15516,privacy,0,0
15517,privacy,0,0
15518,privacy,0,0
15519,privacy,0,0
15520,privacy,0,0
15521,privacy,0,0
15522,privacy,0,0
15523,privacy,0,0
15524,privacy,0,0
15525,privacy,0,0
15526,privacy,0,0
15527,privacy,0,0
15528,privacy,0,0
15529,privacy,0,0
15530,privacy,0,0
15531,privacy,0,0
15532,privacy,0,0
15533,privacy,0,0
15534,privacy,1,0
15535,privacy,0,0
15536,privacy,0,0
15537,privacy,0,0
15538,privacy,0,0
15539,privacy,1,0
15540,privacy,1,0
15541,privacy,0,0
15542,privacy,0,0
15543,privacy,0,0
15544,privacy,0,0
15545,privacy,0,0
15546,privacy,0,0
15547,privacy,1,1
15548,privacy,0,0
15549,privacy,0,0
15550,privacy,0,0
15551,privacy,1,1
15552,privacy,0,0
15553,privacy,0,0
15554,privacy,0,0
15555,privacy,1,0
15556,privacy,0,0
15557,privacy,0,0
15558,privacy,1,0
15559,privacy,0,0
15560,privacy,0,0
15561,privacy,1,0
15562,privacy,0,0
15563,privacy,1,0
15564,privacy,1,0
15565,privacy,1,0
15566,privacy,1,0
15567,privacy,0,0
15568,privacy,1,0
15569,privacy,0,0
15570,privacy,0,0
15571,privacy,1,0
15572,privacy,0,0
15573,privacy,0,0
15574,privacy,0,0
15575,privacy,0,0
15576,privacy,0,0
15577,privacy,1,0
15578,privacy,0,0
15579,privacy,1,0
15580,privacy,1,0
15581,privacy,0,0
15582,privacy,0,0
15583,privacy,0,0
15584,privacy,0,0
15585,privacy,0,0
15586,privacy,0,0
15587,privacy,0,0
15588,privacy,1,0
15589,privacy,0,0
15590,privacy,1,0
15591,privacy,1,1
15592,privacy,0,0
15593,privacy,1,1
15594,privacy,0,0
15595,privacy,0,0
15596,privacy,0,0
15597,privacy,0,0
15598,privacy,0,0
15599,privacy,0,0
15600,privacy,0,0
15601,privacy,1,0
15602,privacy,1,0
15603,privacy,1,0
15604,privacy,1,0
15605,privacy,1,0
15606,privacy,0,0
15607,privacy,1,1
15608,privacy,1,0
15609,privacy,1,0
15610,privacy,0,0
15611,privacy,1,0
15612,privacy,0,0
15613,privacy,1,0
15614,privacy,0,0
15615,privacy,0,0
15616,privacy,1,1
15617,privacy,0,0
15618,privacy,1,0
15619,privacy,0,0
15620,privacy,0,0
15621,privacy,0,0
15622,privacy,0,0
15623,privacy,0,0
15624,privacy,0,0
15625,privacy,0,0
15626,privacy,0,0
15627,privacy,0,0
15628,privacy,0,0
15629,privacy,0,0
15630,privacy,0,0
15631,privacy,0,0
15632,privacy,0,0
15633,privacy,0,0
15634,privacy,1,0
15635,privacy,0,0
15636,privacy,0,0
15637,privacy,0,0
15638,privacy,1,0
15639,privacy,0,0
15640,privacy,0,0
15641,privacy,0,0
15642,privacy,1,0
15643,privacy,0,0
15644,privacy,0,0
15645,privacy,0,0
15646,privacy,0,0
15647,privacy,0,0
15648,privacy,0,0
15649,privacy,0,0
15650,privacy,0,0
15651,privacy,1,0
15652,privacy,0,0
15653,privacy,0,0
15654,privacy,0,0
15655,privacy,0,0
15656,privacy,0,0
15657,privacy,0,0
15658,privacy,0,0
15659,privacy,0,0
15660,privacy,0,0
15661,privacy,0,0
15662,privacy,0,0
15663,privacy,0,0
15664,privacy,0,0
15665,privacy,0,0
15666,privacy,0,0
15667,privacy,0,0
15668,privacy,0,0
15669,privacy,0,0
15670,privacy,0,0
15671,privacy,1,0
15672,privacy,1,0
15673,privacy,1,0
15674,privacy,0,0
15675,privacy,0,0
15676,privacy,0,0
15677,privacy,0,0
15678,privacy,0,0
15679,privacy,1,1
15680,privacy,1,1
15681,privacy,0,0
15682,privacy,1,1
15683,privacy,0,0
15684,privacy,0,0
15685,privacy,1,1
15686,privacy,0,0
15687,privacy,0,0
15688,privacy,1,1
15689,privacy,0,0
15690,privacy,0,0
15691,privacy,0,0
15692,privacy,1,0
15693,privacy,1,1
15694,privacy,1,0
15695,privacy,0,0
15696,privacy,0,0
15697,privacy,0,0
15698,privacy,0,0
15699,privacy,0,0
15700,privacy,0,0
15701,privacy,0,0
15702,privacy,0,0
15703,privacy,0,0
15704,privacy,0,0
15705,privacy,0,0
15706,privacy,0,0
15707,privacy,0,0
15708,privacy,0,0
15709,privacy,0,0
15710,privacy,0,0
15711,privacy,0,0
15712,privacy,0,0
15713,privacy,0,0
15714,privacy,0,0
15715,privacy,1,0
15716,privacy,1,1
15717,privacy,1,0
15718,privacy,0,0
15719,privacy,0,0
15720,privacy,0,0
15721,privacy,0,0
15722,privacy,0,0
15723,privacy,0,0
15724,privacy,0,0
15725,privacy,0,0
15726,privacy,0,0
15727,privacy,1,1
15728,privacy,0,0
15729,privacy,0,0
15730,privacy,0,0
15731,privacy,0,0
15732,privacy,0,0
15733,privacy,1,1
15734,privacy,0,0
15735,privacy,1,0
15736,privacy,0,0
15737,privacy,0,0
15738,privacy,0,0
15739,privacy,1,1
15740,privacy,0,0
15741,privacy,0,0
15742,privacy,0,0
15743,privacy,0,0
15744,privacy,0,0
15745,privacy,0,0
15746,privacy,0,0
15747,privacy,0,0
15748,privacy,0,0
15749,privacy,0,0
15750,privacy,0,0
15751,privacy,0,0
15752,privacy,0,0
15753,privacy,0,0
15754,privacy,1,1
15755,privacy,0,0
15756,privacy,0,0
15757,privacy,1,1
15758,privacy,0,0
15759,privacy,0,0
15760,privacy,0,0
15761,privacy,0,0
15762,privacy,0,0
15763,privacy,0,0
15764,privacy,0,0
15765,privacy,0,0
15766,privacy,0,0
15767,privacy,0,0
15768,privacy,1,0
15769,privacy,1,1
15770,privacy,1,1
15771,privacy,0,0
15772,privacy,0,0
15773,privacy,0,0
15774,privacy,0,0
15775,privacy,0,0
15776,privacy,0,0
15777,privacy,1,0
15778,privacy,0,0
15779,privacy,0,0
15780,privacy,0,0
15781,privacy,0,0
15782,privacy,0,0
15783,privacy,1,0
15784,privacy,0,0
15785,privacy,0,0
15786,privacy,0,0
15787,privacy,0,0
15788,privacy,0,0
15789,privacy,1,1
15790,privacy,0,0
15791,privacy,1,1
15792,privacy,0,0
15793,privacy,0,0
15794,privacy,0,0
15795,privacy,1,0
15796,privacy,1,0
15797,privacy,0,0
15798,privacy,0,0
15799,privacy,0,0
15800,privacy,0,0
15801,privacy,0,0
15802,privacy,0,0
15803,privacy,0,0
15804,privacy,0,0
15805,privacy,0,0
15806,privacy,0,0
15807,privacy,0,0
15808,privacy,1,0
15809,privacy,0,0
15810,privacy,0,0
15811,privacy,1,1
15812,privacy,1,0
15813,privacy,1,1
15814,privacy,0,0
15815,privacy,1,0
15816,privacy,1,1
15817,privacy,1,1
15818,privacy,1,1
15819,privacy,0,0
15820,privacy,0,0
15821,privacy,0,0
15822,privacy,0,0
15823,privacy,0,0
15824,privacy,1,0
15825,privacy,1,0
15826,privacy,0,0
15827,privacy,0,0
15828,privacy,0,0
15829,privacy,0,0
15830,privacy,0,0
15831,privacy,0,0
15832,privacy,0,0
15833,privacy,0,0
15834,privacy,0,0
15835,privacy,0,0
15836,privacy,1,0
15837,privacy,0,0
15838,privacy,0,0
15839,privacy,0,0
15840,privacy,1,0
15841,privacy,0,0
15842,privacy,1,1
15843,privacy,1,1
15844,privacy,0,0
15845,privacy,1,1
15846,privacy,0,0
15847,privacy,0,0
15848,privacy,1,0
15849,privacy,1,0
15850,privacy,0,0
15851,privacy,1,1
15852,privacy,0,0
15853,privacy,0,0
15854,privacy,0,0
15855,privacy,0,0
15856,privacy,1,1
15857,privacy,0,0
15858,privacy,0,0
15859,privacy,0,0
15860,privacy,0,0
15861,privacy,1,0
15862,privacy,0,0
15863,privacy,0,0
15864,privacy,0,0
15865,privacy,1,0
15866,privacy,0,0
15867,privacy,0,0
15868,privacy,1,0
15869,privacy,0,0
15870,privacy,1,0
15871,privacy,0,0
15872,privacy,0,0
15873,privacy,1,1
15874,privacy,1,1
15875,privacy,0,0
15876,privacy,0,0
15877,privacy,1,1
15878,privacy,1,0
15879,privacy,0,0
15880,privacy,0,0
15881,privacy,1,1
15882,privacy,0,0
15883,privacy,0,0
15884,privacy,0,0
15885,privacy,1,0
15886,privacy,1,1
15887,privacy,1,1
15888,privacy,0,0
15889,privacy,1,1
15890,privacy,1,1
15891,privacy,0,0
15892,privacy,0,0
15893,privacy,0,0
15894,privacy,0,0
15895,privacy,1,0
15896,privacy,1,0
15897,privacy,0,0
15898,privacy,0,0
15899,privacy,0,0
15900,privacy,0,0
15901,privacy,0,0
15902,privacy,0,0
15903,privacy,0,0
15904,privacy,0,0
15905,privacy,0,0
15906,privacy,0,0
15907,privacy,0,0
15908,privacy,0,0
15909,privacy,0,0
15910,privacy,0,0
15911,privacy,0,0
15912,privacy,0,0
15913,privacy,0,0
15914,privacy,0,0
15915,privacy,0,0
15916,privacy,0,0
15917,privacy,0,0
15918,privacy,0,0
15919,privacy,0,0
15920,privacy,0,0
15921,privacy,0,0
15922,privacy,0,0
15923,privacy,0,0
15924,privacy,1,0
15925,privacy,0,0
15926,privacy,0,0
15927,privacy,0,0
15928,privacy,0,0
15929,privacy,0,0
15930,privacy,1,0
15931,privacy,0,0
15932,privacy,0,0
15933,privacy,0,0
15934,privacy,0,0
15935,privacy,0,0
15936,privacy,1,1
15937,privacy,0,0
15938,privacy,0,0
15939,privacy,0,0
15940,privacy,1,0
15941,privacy,0,0
15942,privacy,1,0
15943,privacy,1,0
15944,privacy,0,0
15945,privacy,0,0
15946,privacy,1,0
15947,privacy,0,0
15948,privacy,0,0
15949,privacy,0,0
15950,privacy,0,0
15951,privacy,0,0
15952,privacy,0,0
15953,privacy,0,0
15954,privacy,0,0
15955,privacy,0,0
15956,privacy,0,0
15957,privacy,0,0
15958,privacy,0,0
15959,privacy,0,0
15960,privacy,0,0
15961,privacy,0,0
15962,privacy,1,0
15963,privacy,0,0
15964,privacy,0,0
15965,privacy,0,0
15966,privacy,0,0
15967,privacy,0,0
15968,privacy,1,1
15969,privacy,1,1
15970,privacy,1,1
15971,privacy,1,1
15972,privacy,0,0
15973,privacy,0,0
15974,privacy,0,0
15975,privacy,0,0
15976,privacy,0,0
15977,privacy,0,0
15978,privacy,0,0
15979,privacy,0,0
15980,privacy,0,0
15981,privacy,0,0
15982,privacy,0,0
15983,privacy,0,0
15984,privacy,0,0
15985,privacy,0,0
15986,privacy,1,1
15987,privacy,0,0
15988,privacy,0,0
15989,privacy,0,0
15990,privacy,0,0
15991,privacy,0,0
15992,privacy,0,0
15993,privacy,0,0
15994,privacy,0,0
15995,privacy,0,0
15996,privacy,0,0
15997,privacy,0,0
15998,privacy,0,0
15999,privacy,0,0
16000,privacy,0,0
16001,privacy,1,1
16002,privacy,0,0
16003,privacy,0,0
16004,privacy,0,0
16005,privacy,0,0
16006,privacy,1,1
16007,privacy,1,1
16008,privacy,0,0
16009,privacy,1,1
16010,privacy,1,1
16011,privacy,1,0
16012,privacy,0,0
16013,privacy,0,0
16014,privacy,0,0
16015,privacy,1,0
16016,privacy,1,0
16017,privacy,0,0
16018,privacy,1,1
16019,privacy,0,0
16020,privacy,0,0
16021,privacy,0,0
16022,privacy,0,0
16023,privacy,0,0
16024,privacy,1,0
16025,privacy,0,0
16026,privacy,0,0
16027,privacy,0,0
16028,privacy,0,0
16029,privacy,0,0
16030,privacy,1,1
16031,privacy,0,0
16032,privacy,0,0
16033,privacy,0,0
16034,privacy,0,0
16035,privacy,0,0
16036,privacy,0,0
16037,privacy,0,0
16038,privacy,0,0
16039,privacy,0,0
16040,privacy,0,0
16041,privacy,1,1
16042,privacy,0,0
16043,privacy,1,1
16044,privacy,0,0
16045,privacy,0,0
16046,privacy,0,0
16047,privacy,0,0
16048,privacy,1,1
16049,privacy,1,1
16050,privacy,0,0
16051,privacy,0,0
16052,privacy,0,0
16053,privacy,0,0
16054,privacy,0,0
16055,privacy,0,0
16056,privacy,1,1
16057,privacy,0,0
16058,privacy,0,0
16059,privacy,0,0
16060,privacy,0,0
16061,privacy,0,0
16062,privacy,0,0
16063,privacy,0,0
16064,privacy,0,0
16065,privacy,1,0
16066,privacy,0,0
16067,privacy,0,0
16068,privacy,0,0
16069,privacy,0,0
16070,privacy,0,0
16071,privacy,0,0
16072,privacy,0,0
16073,privacy,0,0
16074,privacy,0,0
16075,privacy,0,0
16076,privacy,0,0
16077,privacy,0,0
16078,privacy,0,0
16079,privacy,0,0
16080,privacy,0,0
16081,privacy,0,0
16082,privacy,0,0
16083,privacy,0,0
16084,privacy,0,0
16085,privacy,0,0
16086,privacy,1,1
16087,privacy,0,0
16088,privacy,0,0
16089,privacy,0,0
16090,privacy,0,0
16091,privacy,1,1
16092,privacy,0,0
16093,privacy,1,1
16094,privacy,1,1
16095,privacy,0,0
16096,privacy,1,1
16097,privacy,0,0
16098,privacy,0,0
16099,privacy,0,0
16100,privacy,0,0
16101,privacy,0,0
16102,privacy,0,0
16103,privacy,0,0
16104,privacy,0,0
16105,privacy,0,0
16106,privacy,0,0
16107,privacy,0,0
16108,privacy,0,0
16109,privacy,0,0
16110,privacy,0,0
16111,privacy,0,0
16112,privacy,0,0
16113,privacy,0,0
16114,privacy,0,0
16115,privacy,0,0
16116,privacy,1,1
16117,privacy,0,0
16118,privacy,0,0
16119,privacy,0,0
16120,privacy,0,0
16121,privacy,0,0
16122,privacy,0,0
16123,privacy,0,0
16124,privacy,0,0
16125,privacy,0,0
16126,privacy,1,1
16127,privacy,0,0
16128,privacy,0,0
16129,privacy,0,0
16130,privacy,0,0
16131,privacy,0,0
16132,privacy,0,0
16133,privacy,0,0
16134,privacy,0,0
16135,privacy,0,0
16136,privacy,1,1
16137,privacy,1,1
16138,privacy,1,0
16139,privacy,1,0
16140,privacy,1,0
16141,privacy,1,0
16142,privacy,1,1
16143,privacy,1,0
16144,privacy,1,0
16145,privacy,1,0
16146,privacy,0,0
16147,privacy,1,1
16148,privacy,1,1
16149,privacy,1,1
16150,privacy,1,1
16151,privacy,0,0
16152,privacy,1,0
16153,privacy,0,0
16154,privacy,0,0
16155,privacy,0,0
16156,privacy,0,0
16157,privacy,0,0
16158,privacy,0,0
16159,privacy,0,0
16160,privacy,0,0
16161,privacy,1,0
16162,privacy,0,0
16163,privacy,0,0
16164,privacy,0,0
16165,privacy,0,0
16166,privacy,0,0
16167,privacy,0,0
16168,privacy,0,0
16169,privacy,1,0
16170,privacy,0,0
16171,privacy,0,0
16172,privacy,0,0
16173,privacy,1,0
16174,privacy,0,0
16175,privacy,0,0
16176,privacy,0,0
16177,privacy,0,0
16178,privacy,0,0
16179,privacy,0,0
16180,privacy,0,0
16181,privacy,0,0
16182,privacy,0,0
16183,privacy,0,0
16184,privacy,1,1
16185,privacy,0,0
16186,privacy,0,0
16187,privacy,0,0
16188,privacy,1,1
16189,privacy,0,0
16190,privacy,0,0
16191,privacy,0,0
16192,privacy,0,0
16193,privacy,1,1
16194,privacy,0,0
16195,privacy,1,1
16196,privacy,0,0
16197,privacy,1,1
16198,privacy,1,0
16199,privacy,0,0
16200,privacy,0,0
16201,privacy,0,0
16202,privacy,0,0
16203,privacy,0,0
16204,privacy,0,0
16205,privacy,1,0
16206,privacy,1,1
16207,privacy,0,0
16208,privacy,0,0
16209,privacy,0,0
16210,privacy,0,0
16211,privacy,0,0
16212,privacy,0,0
16213,privacy,0,0
16214,privacy,0,0
16215,privacy,0,0
16216,privacy,0,0
16217,privacy,0,0
16218,privacy,0,0
16219,privacy,0,0
16220,privacy,0,0
16221,privacy,0,0
16222,privacy,0,0
16223,privacy,0,0
16224,privacy,0,0
16225,privacy,0,0
16226,privacy,0,0
16227,privacy,0,0
16228,privacy,0,0
16229,privacy,0,0
16230,privacy,0,0
16231,privacy,0,0
16232,privacy,0,0
16233,privacy,0,0
16234,privacy,1,0
16235,privacy,1,0
16236,privacy,1,0
16237,privacy,1,0
16238,privacy,1,0
16239,privacy,1,0
16240,privacy,1,0
16241,privacy,1,0
16242,privacy,1,0
16243,privacy,0,0
16244,privacy,0,0
16245,privacy,1,1
16246,privacy,1,1
16247,privacy,1,1
16248,privacy,0,0
16249,privacy,0,0
16250,privacy,0,0
16251,privacy,0,0
16252,privacy,1,1
16253,privacy,0,0
16254,privacy,1,1
16255,privacy,1,1
16256,privacy,0,0
16257,privacy,1,1
16258,privacy,1,1
16259,privacy,1,1
16260,privacy,0,0
16261,privacy,0,0
16262,privacy,0,0
16263,privacy,1,0
16264,privacy,1,0
16265,privacy,1,0
16266,privacy,1,0
16267,privacy,1,0
16268,privacy,0,0
16269,privacy,1,1
16270,privacy,1,0
16271,privacy,1,1
16272,privacy,1,1
16273,privacy,0,0
16274,privacy,1,0
16275,privacy,0,0
16276,privacy,0,0
16277,privacy,1,0
16278,privacy,1,1
16279,privacy,0,0
16280,privacy,0,0
16281,privacy,0,0
16282,privacy,0,0
16283,privacy,0,0
16284,privacy,1,0
16285,privacy,1,0
16286,privacy,0,0
16287,privacy,0,0
16288,privacy,0,0
16289,privacy,0,0
16290,privacy,1,1
16291,privacy,1,0
16292,privacy,1,0
16293,privacy,1,0
16294,privacy,0,0
16295,privacy,1,0
16296,privacy,1,0
16297,privacy,1,0
16298,privacy,1,0
16299,privacy,1,1
16300,privacy,1,1
16301,privacy,0,0
16302,privacy,0,0
16303,privacy,1,1
16304,privacy,0,0
16305,privacy,1,1
16306,privacy,0,0
16307,privacy,0,0
16308,privacy,0,0
16309,privacy,0,0
16310,privacy,0,0
16311,privacy,0,0
16312,privacy,0,0
16313,privacy,0,0
16314,privacy,0,0
16315,privacy,0,0
16316,privacy,1,0
16317,privacy,1,1
16318,privacy,1,0
16319,privacy,1,1
16320,privacy,0,0
16321,privacy,0,0
16322,privacy,0,0
16323,privacy,1,0
16324,privacy,1,0
16325,privacy,1,1
16326,privacy,0,0
16327,privacy,0,0
16328,privacy,0,0
16329,privacy,1,1
16330,privacy,1,0
16331,privacy,0,0
16332,privacy,0,0
16333,privacy,0,0
16334,privacy,0,0
16335,privacy,0,0
16336,privacy,0,0
16337,privacy,1,1
16338,privacy,0,0
16339,privacy,0,0
16340,privacy,0,0
16341,privacy,0,0
16342,privacy,0,0
16343,privacy,0,0
16344,privacy,1,0
16345,privacy,0,0
16346,privacy,1,0
16347,privacy,0,0
16348,privacy,0,0
16349,privacy,0,0
16350,privacy,1,0
16351,privacy,0,0
16352,privacy,0,0
16353,privacy,0,0
16354,privacy,0,0
16355,privacy,0,0
16356,privacy,0,0
16357,privacy,1,1
16358,privacy,0,0
16359,privacy,0,0
16360,privacy,1,1
16361,privacy,0,0
16362,privacy,1,1
16363,privacy,0,0
16364,privacy,0,0
16365,privacy,0,0
16366,privacy,1,1
16367,privacy,1,0
16368,privacy,1,1
16369,privacy,0,0
16370,privacy,0,0
16371,privacy,0,0
16372,privacy,0,0
16373,privacy,0,0
16374,privacy,0,0
16375,privacy,0,0
16376,privacy,0,0
16377,privacy,0,0
16378,privacy,0,0
16379,privacy,0,0
16380,privacy,1,0
16381,privacy,1,0
16382,privacy,1,0
16383,privacy,0,0
16384,privacy,1,0
16385,privacy,1,0
16386,privacy,0,0
16387,privacy,0,0
16388,privacy,0,0
16389,privacy,0,0
16390,privacy,0,0
16391,privacy,1,0
16392,privacy,0,0
16393,privacy,0,0
16394,privacy,0,0
16395,privacy,0,0
16396,privacy,0,0
16397,privacy,1,0
16398,privacy,0,0
16399,privacy,0,0
16400,privacy,1,0
16401,privacy,0,0
16402,privacy,0,0
16403,privacy,0,0
16404,privacy,0,0
16405,privacy,0,0
16406,privacy,0,0
16407,privacy,0,0
16408,privacy,0,0
16409,privacy,0,0
16410,privacy,0,0
16411,privacy,0,0
16412,privacy,0,0
16413,privacy,0,0
16414,privacy,0,0
16415,privacy,0,0
16416,privacy,1,0
16417,privacy,0,0
16418,privacy,0,0
16419,privacy,1,1
16420,privacy,0,0
16421,privacy,0,0
16422,privacy,0,0
16423,privacy,0,0
16424,privacy,0,0
16425,privacy,0,0
16426,privacy,0,0
16427,privacy,0,0
16428,privacy,0,0
16429,privacy,1,1
16430,privacy,0,0
16431,privacy,0,0
16432,privacy,0,0
16433,privacy,0,0
16434,privacy,0,0
16435,privacy,0,0
16436,privacy,1,1
16437,privacy,1,0
16438,privacy,0,0
16439,privacy,0,0
16440,privacy,0,0
16441,privacy,0,0
16442,privacy,0,0
16443,privacy,0,0
16444,privacy,0,0
16445,privacy,0,0
16446,privacy,0,0
16447,privacy,0,0
16448,privacy,0,0
16449,privacy,0,0
16450,privacy,0,0
16451,privacy,0,0
16452,privacy,0,0
16453,privacy,0,0
16454,privacy,0,0
16455,privacy,0,0
16456,privacy,0,0
16457,privacy,0,0
16458,privacy,0,0
16459,privacy,0,0
16460,privacy,1,1
16461,privacy,1,1
16462,privacy,1,1
16463,privacy,0,0
16464,privacy,0,0
16465,privacy,0,0
16466,privacy,0,0
16467,privacy,0,0
16468,privacy,0,0
16469,privacy,0,0
16470,privacy,0,0
16471,privacy,0,0
16472,privacy,1,1
16473,privacy,0,0
16474,privacy,0,0
16475,privacy,0,0
16476,privacy,0,0
16477,privacy,1,0
16478,privacy,0,0
16479,privacy,0,0
16480,privacy,1,1
16481,privacy,0,0
16482,privacy,0,0
16483,privacy,0,0
16484,privacy,0,0
16485,privacy,0,0
16486,privacy,0,0
16487,privacy,0,0
16488,privacy,0,0
16489,privacy,1,1
16490,privacy,0,0
16491,privacy,0,0
16492,privacy,0,0
16493,privacy,1,1
16494,privacy,1,1
16495,privacy,1,1
16496,privacy,1,1
16497,privacy,0,0
16498,privacy,0,0
16499,privacy,1,1
16500,privacy,0,0
16501,privacy,0,0
16502,privacy,1,1
16503,privacy,0,0
16504,privacy,0,0
16505,privacy,1,1
16506,privacy,0,0
16507,privacy,0,0
16508,privacy,0,0
16509,privacy,1,0
16510,privacy,1,1
16511,privacy,0,0
16512,privacy,0,0
16513,privacy,0,0
16514,privacy,0,0
16515,privacy,0,0
16516,privacy,1,1
16517,privacy,0,0
16518,privacy,1,1
16519,privacy,0,0
16520,privacy,0,0
16521,privacy,0,0
16522,privacy,0,0
16523,privacy,1,1
16524,privacy,0,0
16525,privacy,0,0
16526,privacy,0,0
16527,privacy,0,0
16528,privacy,0,0
16529,privacy,0,0
16530,privacy,0,0
16531,privacy,0,0
16532,privacy,0,0
16533,privacy,0,0
16534,privacy,0,0
16535,privacy,0,0
16536,privacy,0,0
16537,privacy,0,0
16538,privacy,0,0
16539,privacy,0,0
16540,privacy,0,0
16541,privacy,0,0
16542,privacy,0,0
16543,privacy,0,0
16544,privacy,1,0
16545,privacy,0,0
16546,privacy,1,0
16547,privacy,1,0
16548,privacy,0,0
16549,privacy,0,0
16550,privacy,1,1
16551,privacy,0,0
16552,privacy,1,1
16553,privacy,0,0
16554,privacy,0,0
16555,privacy,0,0
16556,privacy,0,0
16557,privacy,1,0
16558,privacy,1,0
16559,privacy,0,0
16560,privacy,0,0
16561,privacy,0,0
16562,privacy,0,0
16563,privacy,0,0
16564,privacy,0,0
16565,privacy,0,0
16566,privacy,0,0
16567,privacy,0,0
16568,privacy,0,0
16569,privacy,0,0
16570,privacy,0,0
16571,privacy,0,0
16572,privacy,0,0
16573,privacy,0,0
16574,privacy,1,0
16575,privacy,0,0
16576,privacy,0,0
16577,privacy,0,0
16578,privacy,0,0
16579,privacy,0,0
16580,privacy,0,0
16581,privacy,0,0
16582,privacy,0,0
16583,privacy,0,0
16584,privacy,0,0
16585,privacy,0,0
16586,privacy,0,0
16587,privacy,0,0
16588,privacy,0,0
16589,privacy,0,0
16590,privacy,0,0
16591,privacy,1,1
16592,privacy,0,0
16593,privacy,0,0
16594,privacy,0,0
16595,privacy,1,1
16596,privacy,1,1
16597,privacy,0,0
16598,privacy,0,0
16599,privacy,1,0
16600,privacy,1,0
16601,privacy,0,0
16602,privacy,0,0
16603,privacy,0,0
16604,privacy,0,0
16605,privacy,1,0
16606,privacy,1,0
16607,privacy,0,0
16608,privacy,0,0
16609,privacy,0,0
16610,privacy,0,0
16611,privacy,0,0
16612,privacy,1,1
16613,privacy,1,1
16614,privacy,0,0
16615,privacy,0,0
16616,privacy,1,1
16617,privacy,0,0
16618,privacy,1,0
16619,privacy,0,0
16620,privacy,0,0
16621,privacy,1,1
16622,privacy,0,0
16623,privacy,1,0
16624,privacy,0,0
16625,privacy,0,0
16626,privacy,1,0
16627,privacy,0,0
16628,privacy,1,1
16629,privacy,1,1
16630,privacy,0,0
16631,privacy,1,1
16632,privacy,0,0
16633,privacy,1,1
16634,privacy,1,0
16635,privacy,1,0
16636,privacy,0,0
16637,privacy,0,0
16638,privacy,1,0
16639,privacy,1,0
16640,privacy,1,0
16641,privacy,1,0
16642,privacy,1,0
16643,privacy,1,0
16644,privacy,0,0
16645,privacy,1,0
16646,privacy,1,1
16647,privacy,1,0
16648,privacy,1,0
16649,privacy,0,0
16650,privacy,1,1
16651,privacy,0,0
16652,privacy,0,0
16653,privacy,1,1
16654,privacy,0,0
16655,privacy,0,0
16656,privacy,0,0
16657,privacy,1,0
16658,privacy,1,0
16659,privacy,0,0
16660,privacy,0,0
16661,privacy,1,0
16662,privacy,0,0
16663,privacy,0,0
16664,privacy,0,0
16665,privacy,0,0
16666,privacy,0,0
16667,privacy,0,0
16668,privacy,0,0
16669,privacy,0,0
16670,privacy,1,0
16671,privacy,0,0
16672,privacy,0,0
16673,privacy,1,0
16674,privacy,0,0
16675,privacy,0,0
16676,privacy,0,0
16677,privacy,0,0
16678,privacy,0,0
16679,privacy,0,0
16680,privacy,1,1
16681,privacy,0,0
16682,privacy,1,0
16683,privacy,0,0
16684,privacy,0,0
16685,privacy,0,0
16686,privacy,0,0
16687,privacy,0,0
16688,privacy,0,0
16689,privacy,1,0
16690,privacy,0,0
16691,privacy,0,0
16692,privacy,0,0
16693,privacy,0,0
16694,privacy,1,0
16695,privacy,1,0
16696,privacy,0,0
16697,privacy,0,0
16698,privacy,0,0
16699,privacy,1,1
16700,privacy,0,0
16701,privacy,0,0
16702,privacy,0,0
16703,privacy,0,0
16704,privacy,1,0
16705,privacy,1,0
16706,privacy,1,0
16707,privacy,1,0
16708,privacy,0,0
16709,privacy,1,0
16710,privacy,1,0
16711,privacy,0,0
16712,privacy,1,1
16713,privacy,1,0
16714,privacy,0,0
16715,privacy,0,0
16716,privacy,1,1
16717,privacy,1,1
16718,privacy,0,0
16719,privacy,0,0
16720,privacy,0,0
16721,privacy,0,0
16722,privacy,0,0
16723,privacy,0,0
16724,privacy,1,0
16725,privacy,0,0
16726,privacy,1,0
16727,privacy,0,0
16728,privacy,1,0
16729,privacy,1,0
16730,privacy,0,0
16731,privacy,1,1
16732,privacy,1,1
16733,privacy,0,0
16734,privacy,1,0
16735,privacy,1,1
16736,privacy,1,0
16737,privacy,0,0
16738,privacy,1,0
16739,privacy,1,0
16740,privacy,1,0
16741,privacy,1,0
16742,privacy,1,0
16743,privacy,0,0
16744,privacy,0,0
16745,privacy,0,0
16746,privacy,0,0
16747,privacy,0,0
16748,privacy,1,0
16749,privacy,1,0
16750,privacy,0,0
16751,privacy,0,0
16752,privacy,0,0
16753,privacy,0,0
16754,privacy,0,0
16755,privacy,0,0
16756,privacy,0,0
16757,privacy,0,0
16758,privacy,0,0
16759,privacy,0,0
16760,privacy,0,0
16761,privacy,0,0
16762,privacy,0,0
16763,privacy,0,0
16764,privacy,0,0
16765,privacy,0,0
16766,privacy,0,0
16767,privacy,0,0
16768,privacy,1,1
16769,privacy,0,0
16770,privacy,0,0
16771,privacy,0,0
16772,privacy,0,0
16773,privacy,0,0
16774,privacy,0,0
16775,privacy,0,0
16776,privacy,0,0
16777,privacy,1,1
16778,privacy,0,0
16779,privacy,0,0
16780,privacy,0,0
16781,privacy,0,0
16782,privacy,0,0
16783,privacy,0,0
16784,privacy,0,0
16785,privacy,0,0
16786,privacy,0,0
16787,privacy,1,1
16788,privacy,1,1
16789,privacy,1,1
16790,privacy,1,1
16791,privacy,1,0
16792,privacy,1,1
16793,privacy,0,0
16794,privacy,0,0
16795,privacy,0,0
16796,privacy,0,0
16797,privacy,0,0
16798,privacy,0,0
16799,privacy,0,0
16800,privacy,0,0
16801,privacy,0,0
16802,privacy,0,0
16803,privacy,0,0
16804,privacy,0,0
16805,privacy,0,0
16806,privacy,0,0
16807,privacy,0,0
16808,privacy,1,1
16809,privacy,0,0
16810,privacy,0,0
16811,privacy,0,0
16812,privacy,0,0
16813,privacy,0,0
16814,privacy,0,0
16815,privacy,0,0
16816,privacy,0,0
16817,privacy,0,0
16818,privacy,0,0
16819,privacy,0,0
16820,privacy,0,0
16821,privacy,0,0
16822,privacy,0,0
16823,privacy,0,0
16824,privacy,0,0
16825,privacy,0,0
16826,privacy,0,0
16827,privacy,0,0
16828,privacy,1,0
16829,privacy,0,0
16830,privacy,0,0
16831,privacy,0,0
16832,privacy,0,0
16833,privacy,0,0
16834,privacy,0,0
16835,privacy,0,0
16836,privacy,1,1
16837,privacy,1,1
16838,privacy,0,0
16839,privacy,1,1
16840,privacy,0,0
16841,privacy,0,0
16842,privacy,0,0
16843,privacy,0,0
16844,privacy,0,0
16845,privacy,0,0
16846,privacy,0,0
16847,privacy,0,0
16848,privacy,0,0
16849,privacy,0,0
16850,privacy,0,0
16851,privacy,0,0
16852,privacy,0,0
16853,privacy,0,0
16854,privacy,0,0
16855,privacy,0,0
16856,privacy,1,1
16857,privacy,0,0
16858,privacy,0,0
16859,privacy,0,0
16860,privacy,0,0
16861,privacy,0,0
16862,privacy,0,0
16863,privacy,0,0
16864,privacy,0,0
16865,privacy,0,0
16866,privacy,0,0
16867,privacy,0,0
16868,privacy,0,0
16869,privacy,1,1
16870,privacy,0,0
16871,privacy,0,0
16872,privacy,0,0
16873,privacy,0,0
16874,privacy,1,1
16875,privacy,0,0
16876,privacy,1,0
16877,privacy,1,0
16878,privacy,0,0
16879,privacy,0,0
16880,privacy,0,0
16881,privacy,0,0
16882,privacy,0,0
16883,privacy,0,0
16884,privacy,1,1
16885,privacy,1,0
16886,privacy,0,0
16887,privacy,0,0
16888,privacy,0,0
16889,privacy,1,0
16890,privacy,1,0
16891,privacy,1,0
16892,privacy,0,0
16893,privacy,0,0
16894,privacy,1,0
16895,privacy,1,1
16896,privacy,0,0
16897,privacy,1,1
16898,privacy,1,0
16899,privacy,1,1
16900,privacy,1,1
16901,privacy,0,0
16902,privacy,1,1
16903,privacy,1,1
16904,privacy,0,0
16905,privacy,0,0
16906,privacy,1,1
16907,privacy,1,1
16908,privacy,1,1
16909,privacy,1,1
16910,privacy,1,1
16911,privacy,1,1
16912,privacy,1,1
16913,privacy,1,1
16914,privacy,1,1
16915,privacy,1,1
16916,privacy,1,1
16917,privacy,1,1
16918,privacy,1,1
16919,privacy,1,1
16920,privacy,1,1
16921,privacy,0,0
16922,privacy,0,0
16923,privacy,1,1
16924,privacy,1,1
16925,privacy,0,0
16926,privacy,0,0
16927,privacy,0,0
16928,privacy,0,0
16929,privacy,0,0
16930,privacy,0,0
16931,privacy,0,0
16932,privacy,0,0
16933,privacy,0,0
16934,privacy,0,0
16935,privacy,0,0
16936,privacy,0,0
16937,privacy,0,0
16938,privacy,0,0
16939,privacy,0,0
16940,privacy,0,0
16941,privacy,1,1
16942,privacy,1,0
16943,privacy,0,0
16944,privacy,0,0
16945,privacy,0,0
16946,privacy,1,0
16947,privacy,1,0
16948,privacy,1,0
16949,privacy,1,0
16950,privacy,0,0
16951,privacy,1,0
16952,privacy,0,0
16953,privacy,0,0
16954,privacy,0,0
16955,privacy,1,0
16956,privacy,0,0
16957,privacy,1,0
16958,privacy,0,0
16959,privacy,1,0
16960,privacy,1,0
16961,privacy,1,0
16962,privacy,1,0
16963,privacy,0,0
16964,privacy,0,0
16965,privacy,0,0
16966,privacy,0,0
16967,privacy,1,1
16968,privacy,0,0
16969,privacy,0,0
16970,privacy,0,0
16971,privacy,0,0
16972,privacy,1,0
16973,privacy,0,0
16974,privacy,0,0
16975,privacy,0,0
16976,privacy,1,0
16977,privacy,0,0
16978,privacy,1,0
16979,privacy,1,0
16980,privacy,0,0
16981,privacy,0,0
16982,privacy,0,0
16983,privacy,0,0
16984,privacy,1,0
16985,privacy,1,0
16986,privacy,1,0
16987,privacy,0,0
16988,privacy,0,0
16989,privacy,0,0
16990,privacy,0,0
16991,privacy,0,0
16992,privacy,1,0
16993,privacy,0,0
16994,privacy,0,0
16995,privacy,0,0
16996,privacy,0,0
16997,privacy,1,1
16998,privacy,0,0
16999,privacy,0,0
17000,privacy,0,0
17001,privacy,0,0
17002,privacy,0,0
17003,privacy,0,0
17004,privacy,0,0
17005,privacy,0,0
17006,privacy,0,0
17007,privacy,0,0
17008,privacy,1,1
17009,privacy,0,0
17010,privacy,0,0
17011,privacy,0,0
17012,privacy,0,0
17013,privacy,1,0
17014,privacy,1,0
17015,privacy,1,0
17016,privacy,1,0
17017,privacy,1,0
17018,privacy,1,0
17019,privacy,0,0
17020,privacy,1,0
17021,privacy,1,1
17022,privacy,0,0
17023,privacy,0,0
17024,privacy,0,0
17025,privacy,0,0
17026,privacy,0,0
17027,privacy,0,0
17028,privacy,1,1
17029,privacy,1,1
17030,privacy,0,0
17031,privacy,0,0
17032,privacy,0,0
17033,privacy,0,0
17034,privacy,1,1
17035,privacy,0,0
17036,privacy,1,0
17037,privacy,1,1
17038,privacy,1,1
17039,privacy,1,1
17040,privacy,1,0
17041,privacy,1,1
17042,privacy,1,1
17043,privacy,0,0
17044,privacy,0,0
17045,privacy,1,0
17046,privacy,0,0
17047,privacy,1,0
17048,privacy,1,0
17049,privacy,1,1
17050,privacy,0,0
17051,privacy,0,0
17052,privacy,0,0
17053,privacy,0,0
17054,privacy,0,0
17055,privacy,0,0
17056,privacy,0,0
17057,privacy,0,0
17058,privacy,0,0
17059,privacy,0,0
17060,privacy,1,1
17061,privacy,0,0
17062,privacy,0,0
17063,privacy,0,0
17064,privacy,0,0
17065,privacy,0,0
17066,privacy,1,1
17067,privacy,0,0
17068,privacy,0,0
17069,privacy,0,0
17070,privacy,0,0
17071,privacy,0,0
17072,privacy,0,0
17073,privacy,0,0
17074,privacy,0,0
17075,privacy,0,0
17076,privacy,1,1
17077,privacy,0,0
17078,privacy,0,0
17079,privacy,0,0
17080,privacy,0,0
17081,privacy,1,1
17082,privacy,0,0
17083,privacy,1,0
17084,privacy,0,0
17085,privacy,0,0
17086,privacy,0,0
17087,privacy,0,0
17088,privacy,1,1
17089,privacy,0,0
17090,privacy,0,0
17091,privacy,0,0
17092,privacy,0,0
17093,privacy,1,1
17094,privacy,0,0
17095,privacy,0,0
17096,privacy,0,0
17097,privacy,0,0
17098,privacy,0,0
17099,privacy,0,0
17100,privacy,0,0
17101,privacy,0,0
17102,privacy,0,0
17103,privacy,0,0
17104,privacy,0,0
17105,privacy,0,0
17106,privacy,0,0
17107,privacy,0,0
17108,privacy,1,0
17109,privacy,1,0
17110,privacy,1,0
17111,privacy,0,0
17112,privacy,0,0
17113,privacy,0,0
17114,privacy,0,0
17115,privacy,0,0
17116,privacy,0,0
17117,privacy,1,0
17118,privacy,0,0
17119,privacy,0,0
17120,privacy,0,0
17121,privacy,0,0
17122,privacy,0,0
17123,privacy,1,0
17124,privacy,1,0
17125,privacy,0,0
17126,privacy,0,0
17127,privacy,0,0
17128,privacy,0,0
17129,privacy,0,0
17130,privacy,1,1
17131,privacy,0,0
17132,privacy,0,0
17133,privacy,0,0
17134,privacy,0,0
17135,privacy,0,0
17136,privacy,0,0
17137,privacy,0,0
17138,privacy,0,0
17139,privacy,0,0
17140,privacy,0,0
17141,privacy,0,0
17142,privacy,0,0
17143,privacy,1,1
17144,privacy,0,0
17145,privacy,1,0
17146,privacy,0,0
17147,privacy,0,0
17148,privacy,1,0
17149,privacy,1,0
17150,privacy,0,0
17151,privacy,1,0
17152,privacy,0,0
17153,privacy,1,0
17154,privacy,1,0
17155,privacy,1,0
17156,privacy,0,0
17157,privacy,1,0
17158,privacy,1,0
17159,privacy,0,0
17160,privacy,1,0
17161,privacy,1,0
17162,privacy,0,0
17163,privacy,1,0
17164,privacy,1,0
17165,privacy,1,1
17166,privacy,1,0
17167,privacy,0,0
17168,privacy,1,1
17169,privacy,1,0
17170,privacy,1,0
17171,privacy,1,0
17172,privacy,0,0
17173,privacy,0,0
17174,privacy,1,0
17175,privacy,0,0
17176,privacy,0,0
17177,privacy,0,0
17178,privacy,0,0
17179,privacy,0,0
17180,privacy,0,0
17181,privacy,0,0
17182,privacy,0,0
17183,privacy,0,0
17184,privacy,0,0
17185,privacy,1,0
17186,privacy,0,0
17187,privacy,0,0
17188,privacy,0,0
17189,privacy,0,0
17190,privacy,0,0
17191,privacy,0,0
17192,privacy,0,0
17193,privacy,0,0
17194,privacy,1,0
17195,privacy,0,0
17196,privacy,0,0
17197,privacy,0,0
17198,privacy,0,0
17199,privacy,1,1
17200,privacy,0,0
17201,privacy,0,0
17202,privacy,0,0
17203,privacy,0,0
17204,privacy,0,0
17205,privacy,1,1
17206,privacy,0,0
17207,privacy,0,0
17208,privacy,0,0
17209,privacy,0,0
17210,privacy,0,0
17211,privacy,0,0
17212,privacy,0,0
17213,privacy,0,0
17214,privacy,0,0
17215,privacy,0,0
17216,privacy,0,0
17217,privacy,0,0
17218,privacy,0,0
17219,privacy,1,0
17220,privacy,0,0
17221,privacy,0,0
17222,privacy,0,0
17223,privacy,1,0
17224,privacy,0,0
17225,privacy,0,0
17226,privacy,0,0
17227,privacy,0,0
17228,privacy,0,0
17229,privacy,0,0
17230,privacy,0,0
17231,privacy,0,0
17232,privacy,0,0
17233,privacy,0,0
17234,privacy,0,0
17235,privacy,0,0
17236,privacy,0,0
17237,privacy,0,0
17238,privacy,0,0
17239,privacy,0,0
17240,privacy,0,0
17241,privacy,0,0
17242,privacy,0,0
17243,privacy,0,0
17244,privacy,0,0
17245,privacy,0,0
17246,privacy,1,1
17247,privacy,0,0
17248,privacy,0,0
17249,privacy,0,0
17250,privacy,0,0
17251,privacy,0,0
17252,privacy,0,0
17253,privacy,1,0
17254,privacy,1,0
17255,privacy,0,0
17256,privacy,1,0
17257,privacy,0,0
17258,privacy,1,0
17259,privacy,0,0
17260,privacy,1,0
17261,privacy,1,0
17262,privacy,1,0
17263,privacy,1,0
17264,privacy,1,0
17265,privacy,0,0
17266,privacy,1,0
17267,privacy,0,0
17268,privacy,1,1
17269,privacy,1,0
17270,privacy,1,0
17271,privacy,0,0
17272,privacy,1,0
17273,privacy,0,0
17274,privacy,1,0
17275,privacy,0,0
17276,privacy,0,0
17277,privacy,0,0
17278,privacy,0,0
17279,privacy,0,0
17280,privacy,0,0
17281,privacy,0,0
17282,privacy,0,0
17283,privacy,0,0
17284,privacy,0,0
17285,privacy,0,0
17286,privacy,0,0
17287,privacy,0,0
17288,privacy,0,0
17289,privacy,0,0
17290,privacy,0,0
17291,privacy,0,0
17292,privacy,0,0
17293,privacy,0,0
17294,privacy,0,0
17295,privacy,0,0
17296,privacy,0,0
17297,privacy,0,0
17298,privacy,0,0
17299,privacy,0,0
17300,privacy,0,0
17301,privacy,0,0
17302,privacy,1,1
17303,privacy,0,0
17304,privacy,0,0
17305,privacy,0,0
17306,privacy,1,1
17307,privacy,1,0
17308,privacy,0,0
17309,privacy,0,0
17310,privacy,0,0
17311,privacy,0,0
17312,privacy,1,1
17313,privacy,0,0
17314,privacy,0,0
17315,privacy,0,0
17316,privacy,0,0
17317,privacy,0,0
17318,privacy,0,0
17319,privacy,0,0
17320,privacy,0,0
17321,privacy,0,0
17322,privacy,0,0
17323,privacy,0,0
17324,privacy,1,0
17325,privacy,0,0
17326,privacy,0,0
17327,privacy,0,0
17328,privacy,0,0
17329,privacy,0,0
17330,privacy,0,0
17331,privacy,0,0
17332,privacy,0,0
17333,privacy,0,0
17334,privacy,0,0
17335,privacy,0,0
17336,privacy,0,0
17337,privacy,0,0
17338,privacy,0,0
17339,privacy,0,0
17340,privacy,0,0
17341,privacy,1,0
17342,privacy,0,0
17343,privacy,1,0
17344,privacy,0,0
17345,privacy,0,0
17346,privacy,1,1
17347,privacy,1,0
17348,privacy,1,0
17349,privacy,1,0
17350,privacy,1,0
17351,privacy,1,0
17352,privacy,1,0
17353,privacy,1,0
17354,privacy,0,0
17355,privacy,0,0
17356,privacy,0,0
17357,privacy,1,0
17358,privacy,0,0
17359,privacy,1,0
17360,privacy,1,0
17361,privacy,1,0
17362,privacy,1,0
17363,privacy,1,1
17364,privacy,1,0
17365,privacy,0,0
17366,privacy,1,1
17367,privacy,0,0
17368,privacy,1,0
17369,privacy,1,0
17370,privacy,1,0
17371,privacy,1,0
17372,privacy,1,0
17373,privacy,1,0
17374,privacy,1,0
17375,privacy,0,0
17376,privacy,0,0
17377,privacy,1,1
17378,privacy,1,1
17379,privacy,0,0
17380,privacy,0,0
17381,privacy,1,0
17382,privacy,0,0
17383,privacy,0,0
17384,privacy,1,0
17385,privacy,0,0
17386,privacy,1,0
17387,privacy,1,0
17388,privacy,1,0
17389,privacy,0,0
17390,privacy,0,0
17391,privacy,0,0
17392,privacy,0,0
17393,privacy,0,0
17394,privacy,0,0
17395,privacy,1,0
17396,privacy,0,0
17397,privacy,0,0
17398,privacy,0,0
17399,privacy,0,0
17400,privacy,0,0
17401,privacy,0,0
17402,privacy,0,0
17403,privacy,1,1
17404,privacy,0,0
17405,privacy,0,0
17406,privacy,0,0
17407,privacy,0,0
17408,privacy,0,0
17409,privacy,0,0
17410,privacy,0,0
17411,privacy,0,0
17412,privacy,0,0
17413,privacy,0,0
17414,privacy,0,0
17415,privacy,0,0
17416,privacy,1,0
17417,privacy,0,0
17418,privacy,0,0
17419,privacy,0,0
17420,privacy,1,1
17421,privacy,0,0
17422,privacy,0,0
17423,privacy,0,0
17424,privacy,0,0
17425,privacy,1,1
17426,privacy,0,0
17427,privacy,1,1
17428,privacy,0,0
17429,privacy,1,0
17430,privacy,0,0
17431,privacy,0,0
17432,privacy,0,0
17433,privacy,1,1
17434,privacy,1,0
17435,privacy,0,0
17436,privacy,1,0
17437,privacy,1,1
17438,privacy,1,0
17439,privacy,0,0
17440,privacy,0,0
17441,privacy,1,1
17442,privacy,1,0
17443,privacy,0,0
17444,privacy,0,0
17445,privacy,0,0
17446,privacy,0,0
17447,privacy,1,0
17448,privacy,0,0
17449,privacy,1,0
17450,privacy,0,0
17451,privacy,0,0
17452,privacy,0,0
17453,privacy,0,0
17454,privacy,0,0
17455,privacy,0,0
17456,privacy,0,0
17457,privacy,0,0
17458,privacy,0,0
17459,privacy,1,1
17460,privacy,0,0
17461,privacy,0,0
17462,privacy,0,0
17463,privacy,0,0
17464,privacy,0,0
17465,privacy,0,0
17466,privacy,0,0
17467,privacy,0,0
17468,privacy,0,0
17469,privacy,0,0
17470,privacy,0,0
17471,privacy,0,0
17472,privacy,0,0
17473,privacy,0,0
17474,privacy,0,0
17475,privacy,0,0
17476,privacy,0,0
17477,privacy,0,0
17478,privacy,0,0
17479,privacy,0,0
17480,privacy,1,0
17481,privacy,1,0
17482,privacy,1,0
17483,privacy,0,0
17484,privacy,1,1
17485,privacy,1,1
17486,privacy,1,0
17487,privacy,1,1
17488,privacy,0,0
17489,privacy,0,0
17490,privacy,1,0
17491,privacy,1,0
17492,privacy,0,0
17493,privacy,1,1
17494,privacy,0,0
17495,privacy,0,0
17496,privacy,1,1
17497,privacy,0,0
17498,privacy,1,1
17499,privacy,1,1
17500,privacy,0,0
17501,privacy,0,0
17502,privacy,1,1
17503,privacy,0,0
17504,privacy,0,0
17505,privacy,1,1
17506,privacy,0,0
17507,privacy,0,0
17508,privacy,0,0
17509,privacy,0,0
17510,privacy,0,0
17511,privacy,0,0
17512,privacy,0,0
17513,privacy,1,0
17514,privacy,0,0
17515,privacy,0,0
17516,privacy,0,0
17517,privacy,0,0
17518,privacy,0,0
17519,privacy,0,0
17520,privacy,0,0
17521,privacy,1,1
17522,privacy,1,1
17523,privacy,0,0
17524,privacy,1,1
17525,privacy,0,0
17526,privacy,0,0
17527,privacy,0,0
17528,privacy,0,0
17529,privacy,0,0
17530,privacy,0,0
17531,privacy,0,0
17532,privacy,0,0
17533,privacy,1,1
17534,privacy,0,0
17535,privacy,0,0
17536,privacy,0,0
17537,privacy,1,1
17538,privacy,0,0
17539,privacy,1,1
17540,privacy,0,0
17541,privacy,0,0
17542,privacy,0,0
17543,privacy,0,0
17544,privacy,0,0
17545,privacy,0,0
17546,privacy,0,0
17547,privacy,0,0
17548,privacy,0,0
17549,privacy,0,0
17550,privacy,0,0
17551,privacy,0,0
17552,privacy,0,0
17553,privacy,0,0
17554,privacy,0,0
17555,privacy,1,1
17556,privacy,1,0
17557,privacy,1,0
17558,privacy,0,0
17559,privacy,1,0
17560,privacy,1,0
17561,privacy,0,0
17562,privacy,0,0
17563,privacy,0,0
17564,privacy,0,0
17565,privacy,1,0
17566,privacy,0,0
17567,privacy,0,0
17568,privacy,0,0
17569,privacy,0,0
17570,privacy,0,0
17571,privacy,0,0
17572,privacy,0,0
17573,privacy,0,0
17574,privacy,0,0
17575,privacy,0,0
17576,privacy,0,0
17577,privacy,0,0
17578,privacy,0,0
17579,privacy,0,0
17580,privacy,0,0
17581,privacy,1,0
17582,privacy,1,0
17583,privacy,1,0
17584,privacy,1,1
17585,privacy,0,0
17586,privacy,0,0
17587,privacy,0,0
17588,privacy,0,0
17589,privacy,1,0
17590,privacy,0,0
17591,privacy,0,0
17592,privacy,0,0
17593,privacy,0,0
17594,privacy,0,0
17595,privacy,0,0
17596,privacy,0,0
17597,privacy,0,0
17598,privacy,0,0
17599,privacy,0,0
17600,privacy,0,0
17601,privacy,0,0
17602,privacy,0,0
17603,privacy,0,0
17604,privacy,0,0
17605,privacy,0,0
17606,privacy,0,0
17607,privacy,0,0
17608,privacy,0,0
17609,privacy,0,0
17610,privacy,0,0
17611,privacy,0,0
17612,privacy,0,0
17613,privacy,0,0
17614,privacy,0,0
17615,privacy,0,0
17616,privacy,0,0
17617,privacy,0,0
17618,privacy,0,0
17619,privacy,0,0
17620,privacy,0,0
17621,privacy,1,0
17622,privacy,0,0
17623,privacy,0,0
17624,privacy,0,0
17625,privacy,0,0
17626,privacy,0,0
17627,privacy,0,0
17628,privacy,0,0
17629,privacy,0,0
17630,privacy,0,0
17631,privacy,0,0
17632,privacy,1,1
17633,privacy,0,0
17634,privacy,0,0
17635,privacy,1,1
17636,privacy,1,0
17637,privacy,0,0
17638,privacy,0,0
17639,privacy,0,0
17640,privacy,1,0
17641,privacy,0,0
17642,privacy,0,0
17643,privacy,1,0
17644,privacy,1,0
17645,privacy,1,0
17646,privacy,0,0
17647,privacy,0,0
17648,privacy,1,1
17649,privacy,1,0
17650,privacy,0,0
17651,privacy,0,0
17652,privacy,0,0
17653,privacy,0,0
17654,privacy,1,0
17655,privacy,1,0
17656,privacy,0,0
17657,privacy,0,0
17658,privacy,0,0
17659,privacy,1,1
17660,privacy,1,0
17661,privacy,0,0
17662,privacy,0,0
17663,privacy,0,0
17664,privacy,0,0
17665,privacy,0,0
17666,privacy,0,0
17667,privacy,0,0
17668,privacy,0,0
17669,privacy,0,0
17670,privacy,0,0
17671,privacy,0,0
17672,privacy,0,0
17673,privacy,0,0
17674,privacy,1,0
17675,privacy,1,0
17676,privacy,0,0
17677,privacy,1,0
17678,privacy,0,0
17679,privacy,1,1
17680,privacy,0,0
17681,privacy,0,0
17682,privacy,0,0
17683,privacy,1,0
17684,privacy,1,0
17685,privacy,0,0
17686,privacy,1,0
17687,privacy,0,0
17688,privacy,0,0
17689,privacy,0,0
17690,privacy,0,0
17691,privacy,0,0
17692,privacy,0,0
17693,privacy,1,1
17694,privacy,0,0
17695,privacy,0,0
17696,privacy,1,1
17697,privacy,0,0
17698,privacy,0,0
17699,privacy,0,0
17700,privacy,0,0
17701,privacy,0,0
17702,privacy,0,0
17703,privacy,0,0
17704,privacy,0,0
17705,privacy,0,0
17706,privacy,0,0
17707,privacy,0,0
17708,privacy,0,0
17709,privacy,0,0
17710,privacy,0,0
17711,privacy,1,1
17712,privacy,0,0
17713,privacy,0,0
17714,privacy,0,0
17715,privacy,0,0
17716,privacy,0,0
17717,privacy,0,0
17718,privacy,0,0
17719,privacy,0,0
17720,privacy,0,0
17721,privacy,1,0
17722,privacy,0,0
17723,privacy,0,0
17724,privacy,1,1
17725,privacy,0,0
17726,privacy,0,0
17727,privacy,0,0
17728,privacy,0,0
17729,privacy,0,0
17730,privacy,0,0
17731,privacy,0,0
17732,privacy,0,0
17733,privacy,0,0
17734,privacy,0,0
17735,privacy,0,0
17736,privacy,1,1
17737,privacy,0,0
17738,privacy,0,0
17739,privacy,0,0
17740,privacy,1,1
17741,privacy,0,0
17742,privacy,1,0
17743,privacy,0,0
17744,privacy,0,0
17745,privacy,0,0
17746,privacy,0,0
17747,privacy,1,0
17748,privacy,0,0
17749,privacy,1,0
17750,privacy,0,0
17751,privacy,0,0
17752,privacy,0,0
17753,privacy,1,0
17754,privacy,0,0
17755,privacy,0,0
17756,privacy,0,0
17757,privacy,0,0
17758,privacy,0,0
17759,privacy,0,0
17760,privacy,0,0
17761,privacy,0,0
17762,privacy,0,0
17763,privacy,0,0
17764,privacy,1,0
17765,privacy,0,0
17766,privacy,1,0
17767,privacy,0,0
17768,privacy,0,0
17769,privacy,1,1
17770,privacy,0,0
17771,privacy,0,0
17772,privacy,0,0
17773,privacy,1,0
17774,privacy,1,0
17775,privacy,0,0
17776,privacy,0,0
17777,privacy,0,0
17778,privacy,0,0
17779,privacy,0,0
17780,privacy,0,0
17781,privacy,0,0
17782,privacy,0,0
17783,privacy,0,0
17784,privacy,0,0
17785,privacy,0,0
17786,privacy,0,0
17787,privacy,0,0
17788,privacy,0,0
17789,privacy,0,0
17790,privacy,0,0
17791,privacy,1,0
17792,privacy,1,0
17793,privacy,0,0
17794,privacy,1,0
17795,privacy,1,0
17796,privacy,0,0
17797,privacy,1,0
17798,privacy,1,0
17799,privacy,0,0
17800,privacy,0,0
17801,privacy,0,0
17802,privacy,0,0
17803,privacy,0,0
17804,privacy,0,0
17805,privacy,0,0
17806,privacy,0,0
17807,privacy,1,0
17808,privacy,0,0
17809,privacy,0,0
17810,privacy,0,0
17811,privacy,1,0
17812,privacy,0,0
17813,privacy,0,0
17814,privacy,0,0
17815,privacy,0,0
17816,privacy,0,0
17817,privacy,0,0
17818,privacy,0,0
17819,privacy,0,0
17820,privacy,0,0
17821,privacy,0,0
17822,privacy,0,0
17823,privacy,0,0
17824,privacy,1,0
17825,privacy,0,0
17826,privacy,0,0
17827,privacy,0,0
17828,privacy,1,1
17829,privacy,0,0
17830,privacy,0,0
17831,privacy,1,0
17832,privacy,1,0
17833,privacy,1,0
17834,privacy,0,0
17835,privacy,0,0
17836,privacy,0,0
17837,privacy,0,0
17838,privacy,1,1
17839,privacy,0,0
17840,privacy,0,0
17841,privacy,0,0
17842,privacy,0,0
17843,privacy,0,0
17844,privacy,0,0
17845,privacy,0,0
17846,privacy,0,0
17847,privacy,0,0
17848,privacy,0,0
17849,privacy,1,1
17850,privacy,0,0
17851,privacy,0,0
17852,privacy,0,0
17853,privacy,0,0
17854,privacy,1,1
17855,privacy,0,0
17856,privacy,1,1
17857,privacy,1,0
17858,privacy,1,1
17859,privacy,1,0
17860,privacy,1,1
17861,privacy,1,1
17862,privacy,0,0
17863,privacy,0,0
17864,privacy,0,0
17865,privacy,0,0
17866,privacy,1,0
17867,privacy,0,0
17868,privacy,0,0
17869,privacy,0,0
17870,privacy,0,0
17871,privacy,1,0
17872,privacy,1,0
17873,privacy,0,0
17874,privacy,0,0
17875,privacy,0,0
17876,privacy,0,0
17877,privacy,0,0
17878,privacy,0,0
17879,privacy,0,0
17880,privacy,0,0
17881,privacy,0,0
17882,privacy,0,0
17883,privacy,0,0
17884,privacy,0,0
17885,privacy,0,0
17886,privacy,0,0
17887,privacy,0,0
17888,privacy,0,0
17889,privacy,0,0
17890,privacy,0,0
17891,privacy,0,0
17892,privacy,1,0
17893,privacy,0,0
17894,privacy,0,0
17895,privacy,0,0
17896,privacy,0,0
17897,privacy,0,0
17898,privacy,0,0
17899,privacy,0,0
17900,privacy,1,1
17901,privacy,0,0
17902,privacy,0,0
17903,privacy,0,0
17904,privacy,0,0
17905,privacy,0,0
17906,privacy,0,0
17907,privacy,0,0
17908,privacy,0,0
17909,privacy,0,0
17910,privacy,0,0
17911,privacy,0,0
17912,privacy,0,0
17913,privacy,0,0
17914,privacy,0,0
17915,privacy,0,0
17916,privacy,0,0
17917,privacy,0,0
17918,privacy,0,0
17919,privacy,0,0
17920,privacy,0,0
17921,privacy,1,1
17922,privacy,0,0
17923,privacy,1,1
17924,privacy,0,0
17925,privacy,0,0
17926,privacy,0,0
17927,privacy,1,0
17928,privacy,0,0
17929,privacy,1,1
17930,privacy,0,0
17931,privacy,1,0
17932,privacy,0,0
17933,privacy,0,0
17934,privacy,0,0
17935,privacy,1,1
17936,privacy,0,0
17937,privacy,0,0
17938,privacy,0,0
17939,privacy,1,0
17940,privacy,1,0
17941,privacy,0,0
17942,privacy,1,0
17943,privacy,1,0
17944,privacy,1,0
17945,privacy,0,0
17946,privacy,0,0
17947,privacy,1,0
17948,privacy,0,0
17949,privacy,1,0
17950,privacy,0,0
17951,privacy,1,1
17952,privacy,1,1
17953,privacy,0,0
17954,privacy,1,0
17955,privacy,0,0
17956,privacy,0,0
17957,privacy,0,0
17958,privacy,0,0
17959,privacy,0,0
17960,privacy,1,0
17961,privacy,1,0
17962,privacy,0,0
17963,privacy,0,0
17964,privacy,1,0
17965,privacy,0,0
17966,privacy,1,1
17967,privacy,1,1
17968,privacy,0,0
17969,privacy,0,0
17970,privacy,1,1
17971,privacy,0,0
17972,privacy,0,0
17973,privacy,0,0
17974,privacy,0,0
17975,privacy,0,0
17976,privacy,0,0
17977,privacy,0,0
17978,privacy,0,0
17979,privacy,0,0
17980,privacy,0,0
17981,privacy,0,0
17982,privacy,0,0
17983,privacy,0,0
17984,privacy,0,0
17985,privacy,1,1
17986,privacy,0,0
17987,privacy,0,0
17988,privacy,1,1
17989,privacy,1,0
17990,privacy,0,0
17991,privacy,0,0
17992,privacy,1,1
17993,privacy,0,0
17994,privacy,0,0
17995,privacy,0,0
17996,privacy,1,1
17997,privacy,1,1
17998,privacy,1,1
17999,privacy,0,0
18000,privacy,0,0
18001,privacy,0,0
18002,privacy,0,0
18003,privacy,0,0
18004,privacy,1,0
18005,privacy,0,0
18006,privacy,0,0
18007,privacy,1,1
18008,privacy,0,0
18009,privacy,1,1
18010,privacy,0,0
18011,privacy,0,0
18012,privacy,0,0
18013,privacy,1,1
18014,privacy,0,0
18015,privacy,0,0
18016,privacy,0,0
18017,privacy,0,0
18018,privacy,0,0
18019,privacy,0,0
18020,privacy,0,0
18021,privacy,0,0
18022,privacy,0,0
18023,privacy,0,0
18024,privacy,0,0
18025,privacy,0,0
18026,privacy,0,0
18027,privacy,0,0
18028,privacy,0,0
18029,privacy,0,0
18030,privacy,0,0
18031,privacy,1,1
18032,privacy,0,0
18033,privacy,1,1
18034,privacy,1,1
18035,privacy,0,0
18036,privacy,0,0
18037,privacy,0,0
18038,privacy,0,0
18039,privacy,1,1
18040,privacy,1,1
18041,privacy,0,0
18042,privacy,0,0
18043,privacy,0,0
18044,privacy,0,0
18045,privacy,0,0
18046,privacy,0,0
18047,privacy,1,1
18048,privacy,0,0
18049,privacy,0,0
18050,privacy,0,0
18051,privacy,0,0
18052,privacy,1,1
18053,privacy,1,1
18054,privacy,0,0
18055,privacy,1,0
18056,privacy,1,1
18057,privacy,0,0
18058,privacy,0,0
18059,privacy,0,0
18060,privacy,0,0
18061,privacy,1,1
18062,privacy,0,0
18063,privacy,0,0
18064,privacy,1,0
18065,privacy,0,0
18066,privacy,1,1
18067,privacy,1,1
18068,privacy,1,0
18069,privacy,1,0
18070,privacy,0,0
18071,privacy,0,0
18072,privacy,0,0
18073,privacy,1,0
18074,privacy,1,0
18075,privacy,1,1
18076,privacy,0,0
18077,privacy,1,1
18078,privacy,1,0
18079,privacy,1,0
18080,privacy,0,0
18081,privacy,1,0
18082,privacy,0,0
18083,privacy,0,0
18084,privacy,1,1
18085,privacy,1,0
18086,privacy,0,0
18087,privacy,1,0
18088,privacy,0,0
18089,privacy,1,0
18090,privacy,0,0
18091,privacy,1,0
18092,privacy,0,0
18093,privacy,0,0
18094,privacy,1,0
18095,privacy,1,1
18096,privacy,0,0
18097,privacy,1,0
18098,privacy,0,0
18099,privacy,1,1
18100,privacy,0,0
18101,privacy,0,0
18102,privacy,1,1
18103,privacy,1,1
18104,privacy,1,0
18105,privacy,1,0
18106,privacy,0,0
18107,privacy,0,0
18108,privacy,0,0
18109,privacy,1,0
18110,privacy,0,0
18111,privacy,1,1
18112,privacy,0,0
18113,privacy,1,0
18114,privacy,0,0
18115,privacy,1,1
18116,privacy,0,0
18117,privacy,1,1
18118,privacy,0,0
18119,privacy,1,0
18120,privacy,0,0
18121,privacy,0,0
18122,privacy,0,0
18123,privacy,1,0
18124,privacy,1,0
18125,privacy,0,0
18126,privacy,0,0
18127,privacy,0,0
18128,privacy,0,0
18129,privacy,0,0
18130,privacy,0,0
18131,privacy,0,0
18132,privacy,1,1
18133,privacy,0,0
18134,privacy,0,0
18135,privacy,1,1
18136,privacy,1,0
18137,privacy,0,0
18138,privacy,1,1
18139,privacy,0,0
18140,privacy,0,0
18141,privacy,0,0
18142,privacy,1,1
18143,privacy,1,1
18144,privacy,0,0
18145,privacy,0,0
18146,privacy,1,1
18147,privacy,1,1
18148,privacy,0,0
18149,privacy,0,0
18150,privacy,0,0
18151,privacy,0,0
18152,privacy,0,0
18153,privacy,0,0
18154,privacy,1,1
18155,privacy,0,0
18156,privacy,0,0
18157,privacy,0,0
18158,privacy,0,0
18159,privacy,0,0
18160,privacy,1,1
18161,privacy,1,1
18162,privacy,1,1
18163,privacy,1,1
18164,privacy,1,1
18165,privacy,0,0
18166,privacy,0,0
18167,privacy,1,1
18168,privacy,0,0
18169,privacy,1,1
18170,privacy,0,0
18171,privacy,0,0
18172,privacy,0,0
18173,privacy,0,0
18174,privacy,0,0
18175,privacy,0,0
18176,privacy,0,0
18177,privacy,0,0
18178,privacy,0,0
18179,privacy,0,0
18180,privacy,0,0
18181,privacy,1,1
18182,privacy,0,0
18183,privacy,1,1
18184,privacy,0,0
18185,privacy,0,0
18186,privacy,1,1
18187,privacy,0,0
18188,privacy,0,0
18189,privacy,0,0
18190,privacy,0,0
18191,privacy,0,0
18192,privacy,0,0
18193,privacy,0,0
18194,privacy,0,0
18195,privacy,0,0
18196,privacy,1,1
18197,privacy,1,1
18198,privacy,1,1
18199,privacy,0,0
18200,privacy,0,0
18201,privacy,0,0
18202,privacy,0,0
18203,privacy,0,0
18204,privacy,0,0
18205,privacy,0,0
18206,privacy,0,0
18207,privacy,0,0
18208,privacy,0,0
18209,privacy,0,0
18210,privacy,0,0
18211,privacy,1,1
18212,privacy,0,0
18213,privacy,0,0
18214,privacy,1,1
18215,privacy,0,0
18216,privacy,0,0
18217,privacy,0,0
18218,privacy,0,0
18219,privacy,0,0
18220,privacy,0,0
18221,privacy,0,0
18222,privacy,0,0
18223,privacy,0,0
18224,privacy,1,1
18225,privacy,0,0
18226,privacy,0,0
18227,privacy,1,1
18228,privacy,0,0
18229,privacy,1,1
18230,privacy,0,0
18231,privacy,1,1
18232,privacy,0,0
18233,privacy,0,0
18234,privacy,0,0
18235,privacy,1,1
18236,privacy,0,0
18237,privacy,0,0
18238,privacy,1,1
18239,privacy,0,0
18240,privacy,1,1
18241,privacy,0,0
18242,privacy,0,0
18243,privacy,0,0
18244,privacy,0,0
18245,privacy,0,0
18246,privacy,1,0
18247,privacy,1,1
18248,privacy,0,0
18249,privacy,1,0
18250,privacy,0,0
18251,privacy,0,0
18252,privacy,0,0
18253,privacy,0,0
18254,privacy,0,0
18255,privacy,0,0
18256,privacy,0,0
18257,privacy,0,0
18258,privacy,0,0
18259,privacy,1,1
18260,privacy,1,1
18261,privacy,0,0
18262,privacy,0,0
18263,privacy,0,0
18264,privacy,1,1
18265,privacy,1,1
18266,privacy,0,0
18267,privacy,0,0
18268,privacy,0,0
18269,privacy,0,0
18270,privacy,0,0
18271,privacy,0,0
18272,privacy,0,0
18273,privacy,0,0
18274,privacy,0,0
18275,privacy,0,0
18276,privacy,0,0
18277,privacy,0,0
18278,privacy,0,0
18279,privacy,0,0
18280,privacy,0,0
18281,privacy,0,0
18282,privacy,0,0
18283,privacy,0,0
18284,privacy,0,0
18285,privacy,0,0
18286,privacy,0,0
18287,privacy,0,0
18288,privacy,0,0
18289,privacy,0,0
18290,privacy,0,0
18291,privacy,0,0
18292,privacy,0,0
18293,privacy,0,0
18294,privacy,0,0
18295,privacy,0,0
18296,privacy,0,0
18297,privacy,0,0
18298,privacy,0,0
18299,privacy,0,0
18300,privacy,0,0
18301,privacy,0,0
18302,privacy,0,0
18303,privacy,0,0
18304,privacy,0,0
18305,privacy,0,0
18306,privacy,0,0
18307,privacy,0,0
18308,privacy,0,0
18309,privacy,0,0
18310,privacy,0,0
18311,privacy,0,0
18312,privacy,1,0
18313,privacy,0,0
18314,privacy,0,0
18315,privacy,0,0
18316,privacy,0,0
18317,privacy,0,0
18318,privacy,1,1
18319,privacy,0,0
18320,privacy,0,0
18321,privacy,1,1
18322,privacy,1,1
18323,privacy,0,0
18324,privacy,0,0
18325,privacy,1,1
18326,privacy,0,0
18327,privacy,0,0
18328,privacy,0,0
18329,privacy,0,0
18330,privacy,1,1
18331,privacy,0,0
18332,privacy,0,0
18333,privacy,0,0
18334,privacy,0,0
18335,privacy,0,0
18336,privacy,0,0
18337,privacy,1,1
18338,privacy,1,1
18339,privacy,0,0
18340,privacy,0,0
18341,privacy,0,0
18342,privacy,1,1
18343,privacy,1,1
18344,privacy,0,0
18345,privacy,0,0
18346,privacy,0,0
18347,privacy,1,1
18348,privacy,0,0
18349,privacy,0,0
18350,privacy,0,0
18351,privacy,0,0
18352,privacy,0,0
18353,privacy,0,0
18354,privacy,1,1
18355,privacy,0,0
18356,privacy,0,0
18357,privacy,1,0
18358,privacy,1,0
18359,privacy,1,0
18360,privacy,1,0
18361,privacy,1,0
18362,privacy,0,0
18363,privacy,0,0
18364,privacy,0,0
18365,privacy,1,1
18366,privacy,1,1
18367,privacy,0,0
18368,privacy,0,0
18369,privacy,0,0
18370,privacy,0,0
18371,privacy,0,0
18372,privacy,0,0
18373,privacy,1,0
18374,privacy,0,0
18375,privacy,0,0
18376,privacy,0,0
18377,privacy,0,0
18378,privacy,0,0
18379,privacy,0,0
18380,privacy,1,1
18381,privacy,1,1
18382,privacy,0,0
18383,privacy,1,0
18384,privacy,0,0
18385,privacy,0,0
18386,privacy,1,1
18387,privacy,0,0
18388,privacy,0,0
18389,privacy,0,0
18390,privacy,0,0
18391,privacy,0,0
18392,privacy,0,0
18393,privacy,0,0
18394,privacy,1,1
18395,privacy,0,0
18396,privacy,0,0
18397,privacy,0,0
18398,privacy,0,0
18399,privacy,0,0
18400,privacy,0,0
18401,privacy,1,1
18402,privacy,0,0
18403,privacy,0,0
18404,privacy,0,0
18405,privacy,0,0
18406,privacy,1,0
18407,privacy,1,1
18408,privacy,1,1
18409,privacy,0,0
18410,privacy,0,0
18411,privacy,0,0
18412,privacy,1,1
18413,privacy,1,0
18414,privacy,0,0
18415,privacy,1,1
18416,privacy,1,1
18417,privacy,1,1
18418,privacy,0,0
18419,privacy,0,0
18420,privacy,0,0
18421,privacy,0,0
18422,privacy,1,1
18423,privacy,1,1
18424,privacy,1,1
18425,privacy,0,0
18426,privacy,1,1
18427,privacy,0,0
18428,privacy,1,1
18429,privacy,0,0
18430,privacy,1,1
18431,privacy,0,0
18432,privacy,0,0
18433,privacy,1,1
18434,privacy,1,1
18435,privacy,0,0
18436,privacy,0,0
18437,privacy,0,0
18438,privacy,0,0
18439,privacy,0,0
18440,privacy,0,0
18441,privacy,1,0
18442,privacy,0,0
18443,privacy,0,0
18444,privacy,0,0
18445,privacy,0,0
18446,privacy,0,0
18447,privacy,0,0
18448,privacy,0,0
18449,privacy,0,0
18450,privacy,0,0
18451,privacy,0,0
18452,privacy,0,0
18453,privacy,0,0
18454,privacy,0,0
18455,privacy,0,0
18456,privacy,0,0
18457,privacy,0,0
18458,privacy,1,0
18459,privacy,0,0
18460,privacy,1,1
18461,privacy,0,0
18462,privacy,1,0
18463,privacy,1,1
18464,privacy,1,0
18465,privacy,0,0
18466,privacy,0,0
18467,privacy,1,0
18468,privacy,1,1
18469,privacy,0,0
18470,privacy,1,1
18471,privacy,1,0
18472,privacy,0,0
18473,privacy,0,0
18474,privacy,0,0
18475,privacy,0,0
18476,privacy,0,0
18477,privacy,0,0
18478,privacy,0,0
18479,privacy,0,0
18480,privacy,0,0
18481,privacy,0,0
18482,privacy,0,0
18483,privacy,0,0
18484,privacy,0,0
18485,privacy,0,0
18486,privacy,0,0
18487,privacy,0,0
18488,privacy,0,0
18489,privacy,0,0
18490,privacy,0,0
18491,privacy,1,1
18492,privacy,1,1
18493,privacy,0,0
18494,privacy,0,0
18495,privacy,0,0
18496,privacy,0,0
18497,privacy,0,0
18498,privacy,0,0
18499,privacy,1,1
18500,privacy,0,0
18501,privacy,1,1
18502,privacy,0,0
18503,privacy,0,0
18504,privacy,0,0
18505,privacy,0,0
18506,privacy,0,0
18507,privacy,0,0
18508,privacy,0,0
18509,privacy,0,0
18510,privacy,1,1
18511,privacy,0,0
18512,privacy,0,0
18513,privacy,0,0
18514,privacy,0,0
18515,privacy,0,0
18516,privacy,0,0
18517,privacy,0,0
18518,privacy,0,0
18519,privacy,0,0
18520,privacy,0,0
18521,privacy,0,0
18522,privacy,1,1
18523,privacy,0,0
18524,privacy,0,0
18525,privacy,1,1
18526,privacy,1,1
18527,privacy,1,1
18528,privacy,0,0
18529,privacy,0,0
18530,privacy,0,0
18531,privacy,1,1
18532,privacy,0,0
18533,privacy,0,0
18534,privacy,0,0
18535,privacy,1,0
18536,privacy,0,0
18537,privacy,0,0
18538,privacy,0,0
18539,privacy,0,0
18540,privacy,0,0
18541,privacy,1,0
18542,privacy,0,0
18543,privacy,1,0
18544,privacy,1,1
18545,privacy,0,0
18546,privacy,0,0
18547,privacy,0,0
18548,privacy,1,0
18549,privacy,1,1
18550,privacy,0,0
18551,privacy,0,0
18552,privacy,0,0
18553,privacy,0,0
18554,privacy,0,0
18555,privacy,1,1
18556,privacy,0,0
18557,privacy,0,0
18558,privacy,0,0
18559,privacy,0,0
18560,privacy,0,0
18561,privacy,0,0
18562,privacy,1,1
18563,privacy,0,0
18564,privacy,0,0
18565,privacy,0,0
18566,privacy,0,0
18567,privacy,0,0
18568,privacy,1,1
18569,privacy,0,0
18570,privacy,0,0
18571,privacy,0,0
18572,privacy,0,0
18573,privacy,1,1
18574,privacy,0,0
18575,privacy,0,0
18576,privacy,0,0
18577,privacy,0,0
18578,privacy,0,0
18579,privacy,0,0
18580,privacy,0,0
18581,privacy,0,0
18582,privacy,1,1
18583,privacy,0,0
18584,privacy,0,0
18585,privacy,1,0
18586,privacy,1,0
18587,privacy,0,0
18588,privacy,0,0
18589,privacy,0,0
18590,privacy,1,0
18591,privacy,0,0
18592,privacy,0,0
18593,privacy,0,0
18594,privacy,0,0
18595,privacy,0,0
18596,privacy,0,0
18597,privacy,0,0
18598,privacy,0,0
18599,privacy,0,0
18600,privacy,0,0
18601,privacy,0,0
18602,privacy,0,0
18603,privacy,0,0
18604,privacy,1,1
18605,privacy,0,0
18606,privacy,1,1
18607,privacy,0,0
18608,privacy,0,0
18609,privacy,0,0
18610,privacy,0,0
18611,privacy,1,0
18612,privacy,0,0
18613,privacy,1,0
18614,privacy,0,0
18615,privacy,0,0
18616,privacy,0,0
18617,privacy,0,0
18618,privacy,0,0
18619,privacy,0,0
18620,privacy,0,0
18621,privacy,0,0
18622,privacy,1,0
18623,privacy,0,0
18624,privacy,0,0
18625,privacy,0,0
18626,privacy,0,0
18627,privacy,1,1
18628,privacy,1,0
18629,privacy,0,0
18630,privacy,1,1
18631,privacy,1,1
18632,privacy,1,1
18633,privacy,1,1
18634,privacy,0,0
18635,privacy,1,1
18636,privacy,0,0
18637,privacy,0,0
18638,privacy,0,0
18639,privacy,1,0
18640,privacy,1,1
18641,privacy,0,0
18642,privacy,0,0
18643,privacy,1,1
18644,privacy,0,0
18645,privacy,0,0
18646,privacy,0,0
18647,privacy,0,0
18648,privacy,0,0
18649,privacy,1,1
18650,privacy,0,0
18651,privacy,1,1
18652,privacy,0,0
18653,privacy,0,0
18654,privacy,0,0
18655,privacy,0,0
18656,privacy,1,1
18657,privacy,0,0
18658,privacy,0,0
18659,privacy,0,0
18660,privacy,1,1
18661,privacy,0,0
18662,privacy,0,0
18663,privacy,1,0
18664,privacy,0,0
18665,privacy,1,1
18666,privacy,0,0
18667,privacy,0,0
18668,privacy,1,0
18669,privacy,1,0
18670,privacy,1,1
18671,privacy,0,0
18672,privacy,0,0
18673,privacy,0,0
18674,privacy,0,0
18675,privacy,1,1
18676,privacy,0,0
18677,privacy,1,1
18678,privacy,0,0
18679,privacy,0,0
18680,privacy,0,0
18681,privacy,0,0
18682,privacy,1,0
18683,privacy,0,0
18684,privacy,1,0
18685,privacy,0,0
18686,privacy,0,0
18687,privacy,0,0
18688,privacy,1,1
18689,privacy,1,1
18690,privacy,0,0
18691,privacy,0,0
18692,privacy,1,1
18693,privacy,1,1
18694,privacy,1,1
18695,privacy,1,1
18696,privacy,1,0
18697,privacy,1,1
18698,privacy,0,0
18699,privacy,0,0
18700,privacy,1,1
18701,privacy,1,1
18702,privacy,1,1
18703,privacy,0,0
18704,privacy,1,1
18705,privacy,0,0
18706,privacy,1,1
18707,privacy,1,1
18708,privacy,0,0
18709,privacy,1,1
18710,privacy,1,0
18711,privacy,1,1
18712,privacy,0,0
18713,privacy,0,0
18714,privacy,0,0
18715,privacy,0,0
18716,privacy,0,0
18717,privacy,0,0
18718,privacy,1,0
18719,privacy,0,0
18720,privacy,0,0
18721,privacy,1,1
18722,privacy,0,0
18723,privacy,0,0
18724,privacy,0,0
18725,privacy,0,0
18726,privacy,0,0
18727,privacy,0,0
18728,privacy,0,0
18729,privacy,1,1
18730,privacy,0,0
18731,privacy,0,0
18732,privacy,1,0
18733,privacy,1,0
18734,privacy,1,0
18735,privacy,1,1
18736,privacy,0,0
18737,privacy,0,0
18738,privacy,0,0
18739,privacy,0,0
18740,privacy,0,0
18741,privacy,0,0
18742,privacy,1,1
18743,privacy,1,1
18744,privacy,0,0
18745,privacy,0,0
18746,privacy,0,0
18747,privacy,1,1
18748,privacy,0,0
18749,privacy,1,0
18750,privacy,0,0
18751,privacy,0,0
18752,privacy,0,0
18753,privacy,0,0
18754,privacy,0,0
18755,privacy,1,0
18756,privacy,1,0
18757,privacy,0,0
18758,privacy,0,0
18759,privacy,1,1
18760,privacy,1,0
18761,privacy,0,0
18762,privacy,0,0
18763,privacy,0,0
18764,privacy,0,0
18765,privacy,0,0
18766,privacy,0,0
18767,privacy,1,0
18768,privacy,1,0
18769,privacy,1,1
18770,privacy,1,0
18771,privacy,1,1
18772,privacy,1,1
18773,privacy,1,1
18774,privacy,0,0
18775,privacy,1,1
18776,privacy,0,0
18777,privacy,1,1
18778,privacy,0,0
18779,privacy,0,0
18780,privacy,0,0
18781,privacy,0,0
18782,privacy,0,0
18783,privacy,0,0
18784,privacy,1,0
18785,privacy,1,0
18786,privacy,0,0
18787,privacy,0,0
18788,privacy,0,0
18789,privacy,1,0
18790,privacy,1,0
18791,privacy,0,0
18792,privacy,0,0
18793,privacy,0,0
18794,privacy,1,0
18795,privacy,1,1
18796,privacy,0,0
18797,privacy,0,0
18798,privacy,0,0
18799,privacy,0,0
18800,privacy,0,0
18801,privacy,0,0
18802,privacy,0,0
18803,privacy,0,0
18804,privacy,0,0
18805,privacy,0,0
18806,privacy,0,0
18807,privacy,0,0
18808,privacy,0,0
18809,privacy,0,0
18810,privacy,0,0
18811,privacy,0,0
18812,privacy,0,0
18813,privacy,0,0
18814,privacy,0,0
18815,privacy,0,0
18816,privacy,0,0
18817,privacy,0,0
18818,privacy,0,0
18819,privacy,0,0
18820,privacy,0,0
18821,privacy,0,0
18822,privacy,0,0
18823,privacy,0,0
18824,privacy,0,0
18825,privacy,0,0
18826,privacy,0,0
18827,privacy,0,0
18828,privacy,0,0
18829,privacy,0,0
18830,privacy,0,0
18831,privacy,0,0
18832,privacy,0,0
18833,privacy,0,0
18834,privacy,0,0
18835,privacy,0,0
18836,privacy,0,0
18837,privacy,0,0
18838,privacy,0,0
18839,privacy,0,0
18840,privacy,0,0
18841,privacy,0,0
18842,privacy,0,0
18843,privacy,0,0
18844,privacy,0,0
18845,privacy,0,0
18846,privacy,0,0
18847,privacy,0,0
18848,privacy,0,0
18849,privacy,0,0
18850,privacy,0,0
18851,privacy,0,0
18852,privacy,0,0
18853,privacy,0,0
18854,privacy,0,0
18855,privacy,0,0
18856,privacy,1,0
18857,privacy,0,0
18858,privacy,0,0
18859,privacy,0,0
18860,privacy,1,0
18861,privacy,1,0
18862,privacy,0,0
18863,privacy,0,0
18864,privacy,1,0
18865,privacy,0,0
18866,privacy,1,0
18867,privacy,0,0
18868,privacy,0,0
18869,privacy,1,0
18870,privacy,0,0
18871,privacy,0,0
18872,privacy,0,0
18873,privacy,0,0
18874,privacy,0,0
18875,privacy,0,0
18876,privacy,0,0
18877,privacy,0,0
18878,privacy,0,0
18879,privacy,0,0
18880,privacy,0,0
18881,privacy,0,0
18882,privacy,0,0
18883,privacy,0,0
18884,privacy,0,0
18885,privacy,0,0
18886,privacy,1,0
18887,privacy,0,0
18888,privacy,0,0
18889,privacy,1,0
18890,privacy,0,0
18891,privacy,0,0
18892,privacy,0,0
18893,privacy,0,0
18894,privacy,0,0
18895,privacy,0,0
18896,privacy,1,0
18897,privacy,0,0
18898,privacy,1,1
18899,privacy,1,0
18900,privacy,0,0
18901,privacy,0,0
18902,privacy,0,0
18903,privacy,0,0
18904,privacy,0,0
18905,privacy,0,0
18906,privacy,1,1
18907,privacy,0,0
18908,privacy,0,0
18909,privacy,1,1
18910,privacy,0,0
18911,privacy,0,0
18912,privacy,0,0
18913,privacy,0,0
18914,privacy,0,0
18915,privacy,0,0
18916,privacy,1,1
18917,privacy,0,0
18918,privacy,1,0
18919,privacy,0,0
18920,privacy,1,1
18921,privacy,1,1
18922,privacy,0,0
18923,privacy,1,1
18924,privacy,1,1
18925,privacy,1,1
18926,privacy,0,0
18927,privacy,0,0
18928,privacy,0,0
18929,privacy,0,0
18930,privacy,1,1
18931,privacy,1,1
18932,privacy,1,1
18933,privacy,1,1
18934,privacy,1,1
18935,privacy,0,0
18936,privacy,0,0
18937,privacy,0,0
18938,privacy,0,0
18939,privacy,1,1
18940,privacy,0,0
18941,privacy,0,0
18942,privacy,0,0
18943,privacy,0,0
18944,privacy,0,0
18945,privacy,0,0
18946,privacy,1,0
18947,privacy,0,0
18948,privacy,1,1
18949,privacy,0,0
18950,privacy,1,1
18951,privacy,0,0
18952,privacy,0,0
18953,privacy,1,0
18954,privacy,0,0
18955,privacy,1,0
18956,privacy,1,0
18957,privacy,1,1
18958,privacy,1,1
18959,privacy,1,1
18960,privacy,1,0
18961,privacy,1,0
18962,privacy,0,0
18963,privacy,1,0
18964,privacy,0,0
18965,privacy,1,1
18966,privacy,0,0
18967,privacy,1,1
18968,privacy,1,0
18969,privacy,1,0
18970,privacy,0,0
18971,privacy,0,0
18972,privacy,0,0
18973,privacy,1,1
18974,privacy,1,0
18975,privacy,0,0
18976,privacy,0,0
18977,privacy,0,0
18978,privacy,0,0
18979,privacy,0,0
18980,privacy,0,0
18981,privacy,0,0
18982,privacy,0,0
18983,privacy,0,0
18984,privacy,0,0
18985,privacy,0,0
18986,privacy,1,1
18987,privacy,1,0
18988,privacy,1,1
18989,privacy,0,0
18990,privacy,0,0
18991,privacy,0,0
18992,privacy,0,0
18993,privacy,0,0
18994,privacy,0,0
18995,privacy,0,0
18996,privacy,0,0
18997,privacy,0,0
18998,privacy,1,1
18999,privacy,1,1
19000,privacy,1,1
19001,privacy,0,0
19002,privacy,0,0
19003,privacy,0,0
19004,privacy,0,0
19005,privacy,0,0
19006,privacy,0,0
19007,privacy,1,1
19008,privacy,1,1
19009,privacy,1,1
19010,privacy,1,1
19011,privacy,0,0
19012,privacy,0,0
19013,privacy,0,0
19014,privacy,0,0
19015,privacy,0,0
19016,privacy,0,0
19017,privacy,0,0
19018,privacy,0,0
19019,privacy,0,0
19020,privacy,0,0
19021,privacy,0,0
19022,privacy,0,0
19023,privacy,0,0
19024,privacy,0,0
19025,privacy,1,1
19026,privacy,0,0
19027,privacy,0,0
19028,privacy,0,0
19029,privacy,0,0
19030,privacy,0,0
19031,privacy,1,1
19032,privacy,0,0
19033,privacy,0,0
19034,privacy,0,0
19035,privacy,1,1
19036,privacy,1,1
19037,privacy,0,0
19038,privacy,0,0
19039,privacy,0,0
19040,privacy,1,1
19041,privacy,0,0
19042,privacy,1,1
19043,privacy,1,0
19044,privacy,0,0
19045,privacy,0,0
19046,privacy,0,0
19047,privacy,1,1
19048,privacy,1,0
19049,privacy,0,0
19050,privacy,0,0
19051,privacy,1,1
19052,privacy,0,0
19053,privacy,0,0
19054,privacy,0,0
19055,privacy,0,0
19056,privacy,0,0
19057,privacy,0,0
19058,privacy,1,0
19059,privacy,1,0
19060,privacy,0,0
19061,privacy,1,0
19062,privacy,1,1
19063,privacy,1,0
19064,privacy,1,0
19065,privacy,0,0
19066,privacy,0,0
19067,privacy,0,0
19068,privacy,1,0
19069,privacy,0,0
19070,privacy,0,0
19071,privacy,0,0
19072,privacy,0,0
19073,privacy,0,0
19074,privacy,0,0
19075,privacy,0,0
19076,privacy,0,0
19077,privacy,0,0
19078,privacy,0,0
19079,privacy,0,0
19080,privacy,0,0
19081,privacy,0,0
19082,privacy,0,0
19083,privacy,0,0
19084,privacy,1,1
19085,privacy,0,0
19086,privacy,0,0
19087,privacy,0,0
19088,privacy,0,0
19089,privacy,0,0
19090,privacy,0,0
19091,privacy,0,0
19092,privacy,0,0
19093,privacy,0,0
19094,privacy,0,0
19095,privacy,1,0
19096,privacy,1,0
19097,privacy,1,0
19098,privacy,0,0
19099,privacy,0,0
19100,privacy,0,0
19101,privacy,0,0
19102,privacy,0,0
19103,privacy,1,0
19104,privacy,1,0
19105,privacy,0,0
19106,privacy,1,1
19107,privacy,1,0
19108,privacy,1,1
19109,privacy,0,0
19110,privacy,1,1
19111,privacy,0,0
19112,privacy,0,0
19113,privacy,0,0
19114,privacy,0,0
19115,privacy,0,0
19116,privacy,0,0
19117,privacy,0,0
19118,privacy,0,0
19119,privacy,0,0
19120,privacy,1,0
19121,privacy,0,0
19122,privacy,0,0
19123,privacy,0,0
19124,privacy,1,0
19125,privacy,0,0
19126,privacy,0,0
19127,privacy,0,0
19128,privacy,0,0
19129,privacy,1,0
19130,privacy,0,0
19131,privacy,0,0
19132,privacy,0,0
19133,privacy,1,0
19134,privacy,0,0
19135,privacy,0,0
19136,privacy,0,0
19137,privacy,0,0
19138,privacy,0,0
19139,privacy,0,0
19140,privacy,0,0
19141,privacy,0,0
19142,privacy,1,0
19143,privacy,0,0
19144,privacy,1,0
19145,privacy,0,0
19146,privacy,1,1
19147,privacy,1,0
19148,privacy,1,0
19149,privacy,0,0
19150,privacy,0,0
19151,privacy,1,0
19152,privacy,0,0
19153,privacy,0,0
19154,privacy,0,0
19155,privacy,0,0
19156,privacy,0,0
19157,privacy,0,0
19158,privacy,0,0
19159,privacy,0,0
19160,privacy,0,0
19161,privacy,0,0
19162,privacy,1,0
19163,privacy,0,0
19164,privacy,1,1
19165,privacy,1,0
19166,privacy,0,0
19167,privacy,1,1
19168,privacy,0,0
19169,privacy,0,0
19170,privacy,0,0
19171,privacy,0,0
19172,privacy,0,0
19173,privacy,0,0
19174,privacy,1,0
19175,privacy,0,0
19176,privacy,0,0
19177,privacy,0,0
19178,privacy,1,0
19179,privacy,1,0
19180,privacy,1,0
19181,privacy,0,0
19182,privacy,1,0
19183,privacy,0,0
19184,privacy,1,1
19185,privacy,0,0
19186,privacy,1,1
19187,privacy,1,1
19188,privacy,1,0
19189,privacy,0,0
19190,privacy,0,0
19191,privacy,0,0
19192,privacy,0,0
19193,privacy,1,1
19194,privacy,0,0
19195,privacy,0,0
19196,privacy,0,0
19197,privacy,0,0
19198,privacy,1,1
19199,privacy,1,0
19200,privacy,1,1
19201,privacy,0,0
19202,privacy,0,0
19203,privacy,0,0
19204,privacy,1,1
19205,privacy,0,0
19206,privacy,0,0
19207,privacy,0,0
19208,privacy,0,0
19209,privacy,0,0
19210,privacy,0,0
19211,privacy,1,0
19212,privacy,1,1
19213,privacy,0,0
19214,privacy,1,1
19215,privacy,0,0
19216,privacy,0,0
19217,privacy,1,1
19218,privacy,0,0
19219,privacy,0,0
19220,privacy,0,0
19221,privacy,0,0
19222,privacy,1,0
19223,privacy,0,0
19224,privacy,0,0
19225,privacy,0,0
19226,privacy,0,0
19227,privacy,0,0
19228,privacy,1,1
19229,privacy,1,1
19230,privacy,0,0
19231,privacy,1,1
19232,privacy,0,0
19233,privacy,0,0
19234,privacy,0,0
19235,privacy,1,0
19236,privacy,0,0
19237,privacy,0,0
19238,privacy,0,0
19239,privacy,0,0
19240,privacy,0,0
19241,privacy,1,0
19242,privacy,0,0
19243,privacy,1,1
19244,privacy,1,0
19245,privacy,1,0
19246,privacy,0,0
19247,privacy,1,0
19248,privacy,0,0
19249,privacy,0,0
19250,privacy,0,0
19251,privacy,0,0
19252,privacy,0,0
19253,privacy,0,0
19254,privacy,0,0
19255,privacy,0,0
19256,privacy,0,0
19257,privacy,0,0
19258,privacy,1,0
19259,privacy,0,0
19260,privacy,0,0
19261,privacy,0,0
19262,privacy,0,0
19263,privacy,0,0
19264,privacy,0,0
19265,privacy,0,0
19266,privacy,0,0
19267,privacy,0,0
19268,privacy,1,0
19269,privacy,1,1
19270,privacy,0,0
19271,privacy,1,1
19272,privacy,0,0
19273,privacy,0,0
19274,privacy,0,0
19275,privacy,0,0
19276,privacy,0,0
19277,privacy,0,0
19278,privacy,0,0
19279,privacy,0,0
19280,privacy,0,0
19281,privacy,0,0
19282,privacy,1,0
19283,privacy,0,0
19284,privacy,0,0
19285,privacy,1,0
19286,privacy,0,0
19287,privacy,0,0
19288,privacy,1,0
19289,privacy,0,0
19290,privacy,0,0
19291,privacy,1,0
19292,privacy,0,0
19293,privacy,1,1
19294,privacy,0,0
19295,privacy,0,0
19296,privacy,1,0
19297,privacy,0,0
19298,privacy,1,0
19299,privacy,1,1
19300,privacy,0,0
19301,privacy,0,0
19302,privacy,1,0
19303,privacy,0,0
19304,privacy,0,0
19305,privacy,0,0
19306,privacy,0,0
19307,privacy,0,0
19308,privacy,0,0
19309,privacy,0,0
19310,privacy,1,0
19311,privacy,1,1
19312,privacy,0,0
19313,privacy,0,0
19314,privacy,0,0
19315,privacy,1,1
19316,privacy,1,1
19317,privacy,0,0
19318,privacy,0,0
19319,privacy,0,0
19320,privacy,0,0
19321,privacy,0,0
19322,privacy,0,0
19323,privacy,1,0
19324,privacy,0,0
19325,privacy,1,1
19326,privacy,0,0
19327,privacy,1,1
19328,privacy,0,0
19329,privacy,0,0
19330,privacy,0,0
19331,privacy,0,0
19332,privacy,0,0
19333,privacy,0,0
19334,privacy,1,1
19335,privacy,0,0
19336,privacy,0,0
19337,privacy,0,0
19338,privacy,0,0
19339,privacy,1,1
19340,privacy,0,0
19341,privacy,1,1
19342,privacy,0,0
19343,privacy,1,1
19344,privacy,0,0
19345,privacy,0,0
19346,privacy,0,0
19347,privacy,1,1
19348,privacy,0,0
19349,privacy,1,1
19350,privacy,0,0
19351,privacy,1,1
19352,privacy,0,0
19353,privacy,0,0
19354,privacy,0,0
19355,privacy,0,0
19356,privacy,0,0
19357,privacy,0,0
19358,privacy,0,0
19359,privacy,0,0
19360,privacy,0,0
19361,privacy,1,0
19362,privacy,1,0
19363,privacy,0,0
19364,privacy,1,1
19365,privacy,0,0
19366,privacy,1,1
19367,privacy,1,1
19368,privacy,0,0
19369,privacy,0,0
19370,privacy,1,1
19371,privacy,1,1
19372,privacy,0,0
19373,privacy,0,0
19374,privacy,0,0
19375,privacy,1,1
19376,privacy,1,0
19377,privacy,0,0
19378,privacy,1,1
19379,privacy,1,1
19380,privacy,0,0
19381,privacy,0,0
19382,privacy,0,0
19383,privacy,0,0
19384,privacy,1,0
19385,privacy,1,0
19386,privacy,0,0
19387,privacy,0,0
19388,privacy,0,0
19389,privacy,0,0
19390,privacy,0,0
19391,privacy,1,1
19392,privacy,0,0
19393,privacy,0,0
19394,privacy,1,0
19395,privacy,1,0
19396,privacy,0,0
19397,privacy,1,0
19398,privacy,0,0
19399,privacy,0,0
19400,privacy,0,0
19401,privacy,0,0
19402,privacy,0,0
19403,privacy,0,0
19404,privacy,0,0
19405,privacy,0,0
19406,privacy,0,0
19407,privacy,0,0
19408,privacy,0,0
19409,privacy,0,0
19410,privacy,0,0
19411,privacy,0,0
19412,privacy,0,0
19413,privacy,0,0
19414,privacy,0,0
19415,privacy,0,0
19416,privacy,0,0
19417,privacy,0,0
19418,privacy,1,1
19419,privacy,0,0
19420,privacy,0,0
19421,privacy,0,0
19422,privacy,1,0
19423,privacy,1,1
19424,privacy,1,1
19425,privacy,0,0
19426,privacy,1,0
19427,privacy,0,0
19428,privacy,0,0
19429,privacy,0,0
19430,privacy,1,1
19431,privacy,1,0
19432,privacy,0,0
19433,privacy,0,0
19434,privacy,1,1
19435,privacy,1,0
19436,privacy,1,0
19437,privacy,1,1
19438,privacy,0,0
19439,privacy,0,0
19440,privacy,1,0
19441,privacy,1,0
19442,privacy,0,0
19443,privacy,0,0
19444,privacy,0,0
19445,privacy,1,0
19446,privacy,1,0
19447,privacy,1,0
19448,privacy,0,0
19449,privacy,0,0
19450,privacy,0,0
19451,privacy,0,0
19452,privacy,0,0
19453,privacy,1,1
19454,privacy,0,0
19455,privacy,0,0
19456,privacy,1,1
19457,privacy,1,1
19458,privacy,0,0
19459,privacy,1,1
19460,privacy,0,0
19461,privacy,0,0
19462,privacy,0,0
19463,privacy,0,0
19464,privacy,0,0
19465,privacy,1,0
19466,privacy,1,1
19467,privacy,0,0
19468,privacy,1,1
19469,privacy,0,0
19470,privacy,0,0
19471,privacy,0,0
19472,privacy,0,0
19473,privacy,0,0
19474,privacy,1,0
19475,privacy,0,0
19476,privacy,0,0
19477,privacy,0,0
19478,privacy,0,0
19479,privacy,0,0
19480,privacy,0,0
19481,privacy,0,0
19482,privacy,0,0
19483,privacy,1,0
19484,privacy,0,0
19485,privacy,0,0
19486,privacy,0,0
19487,privacy,0,0
19488,privacy,1,1
19489,privacy,0,0
19490,privacy,0,0
19491,privacy,0,0
19492,privacy,1,1
19493,privacy,0,0
19494,privacy,0,0
19495,privacy,1,1
19496,privacy,1,0
19497,privacy,1,0
19498,privacy,1,0
19499,privacy,0,0
19500,privacy,0,0
19501,privacy,1,1
19502,privacy,0,0
19503,privacy,1,1
19504,privacy,0,0
19505,privacy,0,0
19506,privacy,0,0
19507,privacy,1,1
19508,privacy,0,0
19509,privacy,1,1
19510,privacy,0,0
19511,privacy,0,0
19512,privacy,1,1
19513,privacy,1,0
19514,privacy,0,0
19515,privacy,0,0
19516,privacy,0,0
19517,privacy,0,0
19518,privacy,0,0
19519,privacy,0,0
19520,privacy,1,1
19521,privacy,0,0
19522,privacy,0,0
19523,privacy,1,1
19524,privacy,1,1
19525,privacy,0,0
19526,privacy,0,0
19527,privacy,0,0
19528,privacy,1,1
19529,privacy,1,1
19530,privacy,0,0
19531,privacy,1,1
19532,privacy,1,1
19533,privacy,0,0
19534,privacy,1,1
19535,privacy,1,1
19536,privacy,1,1
19537,privacy,1,1
19538,privacy,0,0
19539,privacy,0,0
19540,privacy,1,1
19541,privacy,1,1
19542,privacy,1,1
19543,privacy,0,0
19544,privacy,0,0
19545,privacy,0,0
19546,privacy,0,0
19547,privacy,0,0
19548,privacy,1,1
19549,privacy,1,1
19550,privacy,0,0
19551,privacy,0,0
19552,privacy,1,1
19553,privacy,0,0
19554,privacy,1,1
19555,privacy,1,1
19556,privacy,1,1
19557,privacy,0,0
19558,privacy,0,0
19559,privacy,0,0
19560,privacy,1,1
19561,privacy,0,0
19562,privacy,1,1
19563,privacy,1,1
19564,privacy,0,0
19565,privacy,0,0
19566,privacy,0,0
19567,privacy,0,0
19568,privacy,0,0
19569,privacy,0,0
19570,privacy,0,0
19571,privacy,0,0
19572,privacy,1,1
19573,privacy,1,1
19574,privacy,1,1
19575,privacy,1,1
19576,privacy,1,1
19577,privacy,0,0
19578,privacy,1,1
19579,privacy,0,0
19580,privacy,0,0
19581,privacy,0,0
19582,privacy,0,0
19583,privacy,1,1
19584,privacy,1,1
19585,privacy,0,0
19586,privacy,0,0
19587,privacy,0,0
19588,privacy,0,0
19589,privacy,0,0
19590,privacy,1,1
19591,privacy,1,1
19592,privacy,0,0
19593,privacy,0,0
19594,privacy,0,0
19595,privacy,0,0
19596,privacy,1,1
19597,privacy,0,0
19598,privacy,0,0
19599,privacy,0,0
19600,privacy,0,0
19601,privacy,0,0
19602,privacy,0,0
19603,privacy,1,1
19604,privacy,1,1
19605,privacy,1,1
19606,privacy,1,0
19607,privacy,0,0
19608,privacy,1,0
19609,privacy,0,0
19610,privacy,0,0
19611,privacy,0,0
19612,privacy,0,0
19613,privacy,0,0
19614,privacy,0,0
19615,privacy,0,0
19616,privacy,1,0
19617,privacy,0,0
19618,privacy,0,0
19619,privacy,0,0
19620,privacy,0,0
19621,privacy,1,0
19622,privacy,0,0
19623,privacy,1,0
19624,privacy,0,0
19625,privacy,0,0
19626,privacy,1,0
19627,privacy,1,0
19628,privacy,0,0
19629,privacy,0,0
19630,privacy,0,0
19631,privacy,1,0
19632,privacy,1,0
19633,privacy,0,0
19634,privacy,0,0
19635,privacy,0,0
19636,privacy,0,0
19637,privacy,0,0
19638,privacy,1,1
19639,privacy,0,0
19640,privacy,1,0
19641,privacy,0,0
19642,privacy,1,0
19643,privacy,0,0
19644,privacy,0,0
19645,privacy,0,0
19646,privacy,0,0
19647,privacy,0,0
19648,privacy,0,0
19649,privacy,1,0
19650,privacy,0,0
19651,privacy,1,0
19652,privacy,1,1
19653,privacy,0,0
19654,privacy,1,0
19655,privacy,0,0
19656,privacy,1,1
19657,privacy,1,0
19658,privacy,1,0
19659,privacy,1,1
19660,privacy,0,0
19661,privacy,1,0
19662,privacy,1,1
19663,privacy,0,0
19664,privacy,1,0
19665,privacy,0,0
19666,privacy,0,0
19667,privacy,0,0
19668,privacy,1,0
19669,privacy,0,0
19670,privacy,1,0
19671,privacy,1,1
19672,privacy,1,1
19673,privacy,0,0
19674,privacy,0,0
19675,privacy,0,0
19676,privacy,1,1
19677,privacy,0,0
19678,privacy,1,1
19679,privacy,1,1
19680,privacy,0,0
19681,privacy,0,0
19682,privacy,0,0
19683,privacy,0,0
19684,privacy,1,1
19685,privacy,1,1
19686,privacy,0,0
19687,privacy,0,0
19688,privacy,1,0
19689,privacy,0,0
19690,privacy,1,0
19691,privacy,1,0
19692,privacy,1,0
19693,privacy,0,0
19694,privacy,0,0
19695,privacy,0,0
19696,privacy,1,1
19697,privacy,1,1
19698,privacy,0,0
19699,privacy,0,0
19700,privacy,0,0
19701,privacy,0,0
19702,privacy,0,0
19703,privacy,0,0
19704,privacy,1,1
19705,privacy,0,0
19706,privacy,0,0
19707,privacy,1,1
19708,privacy,1,1
19709,privacy,0,0
19710,privacy,0,0
19711,privacy,0,0
19712,privacy,0,0
19713,privacy,0,0
19714,privacy,0,0
19715,privacy,0,0
19716,privacy,0,0
19717,privacy,0,0
19718,privacy,1,1
19719,privacy,0,0
19720,privacy,0,0
19721,privacy,0,0
19722,privacy,0,0
19723,privacy,1,0
19724,privacy,0,0
19725,privacy,0,0
19726,privacy,1,0
19727,privacy,0,0
19728,privacy,0,0
19729,privacy,0,0
19730,privacy,0,0
19731,privacy,0,0
19732,privacy,1,1
19733,privacy,1,0
19734,privacy,0,0
19735,privacy,1,1
19736,privacy,0,0
19737,privacy,0,0
19738,privacy,0,0
19739,privacy,0,0
19740,privacy,1,0
19741,privacy,0,0
19742,privacy,0,0
19743,privacy,1,1
19744,privacy,0,0
19745,privacy,1,1
19746,privacy,0,0
19747,privacy,0,0
19748,privacy,1,1
19749,privacy,0,0
19750,privacy,0,0
19751,privacy,0,0
19752,privacy,1,1
19753,privacy,0,0
19754,privacy,1,1
19755,privacy,0,0
19756,privacy,0,0
19757,privacy,0,0
19758,privacy,0,0
19759,privacy,1,1
19760,privacy,0,0
19761,privacy,1,1
19762,privacy,0,0
19763,privacy,1,1
19764,privacy,0,0
19765,privacy,1,1
19766,privacy,1,0
19767,privacy,1,1
19768,privacy,0,0
19769,privacy,0,0
19770,privacy,0,0
19771,privacy,0,0
19772,privacy,0,0
19773,privacy,0,0
19774,privacy,0,0
19775,privacy,0,0
19776,privacy,0,0
19777,privacy,0,0
19778,privacy,0,0
19779,privacy,0,0
19780,privacy,0,0
19781,privacy,1,0
19782,privacy,1,1
19783,privacy,1,1
19784,privacy,0,0
19785,privacy,1,0
19786,privacy,0,0
19787,privacy,0,0
19788,privacy,0,0
19789,privacy,0,0
19790,privacy,1,0
19791,privacy,0,0
19792,privacy,0,0
19793,privacy,0,0
19794,privacy,0,0
19795,privacy,1,1
19796,privacy,1,0
19797,privacy,0,0
19798,privacy,1,0
19799,privacy,1,0
19800,privacy,0,0
19801,privacy,0,0
19802,privacy,1,1
19803,privacy,0,0
19804,privacy,0,0
19805,privacy,0,0
19806,privacy,0,0
19807,privacy,0,0
19808,privacy,0,0
19809,privacy,0,0
19810,privacy,1,1
19811,privacy,1,1
19812,privacy,0,0
19813,privacy,0,0
19814,privacy,0,0
19815,privacy,1,1
19816,privacy,0,0
19817,privacy,0,0
19818,privacy,0,0
19819,privacy,0,0
19820,privacy,0,0
19821,privacy,0,0
19822,privacy,0,0
19823,privacy,0,0
19824,privacy,0,0
19825,privacy,0,0
19826,privacy,0,0
19827,privacy,0,0
19828,privacy,0,0
19829,privacy,0,0
19830,privacy,1,0
19831,privacy,1,1
19832,privacy,1,1
19833,privacy,1,1
19834,privacy,0,0
19835,privacy,1,1
19836,privacy,1,1
19837,privacy,1,1
19838,privacy,0,0
19839,privacy,0,0
19840,privacy,1,0
19841,privacy,1,1
19842,privacy,1,0
19843,privacy,1,1
19844,privacy,1,1
19845,privacy,1,1
19846,privacy,1,1
19847,privacy,1,1
19848,privacy,0,0
19849,privacy,0,0
19850,privacy,0,0
19851,privacy,0,0
19852,privacy,1,1
19853,privacy,0,0
19854,privacy,0,0
19855,privacy,0,0
19856,privacy,0,0
19857,privacy,1,1
19858,privacy,1,1
19859,privacy,0,0
19860,privacy,0,0
19861,privacy,0,0
19862,privacy,0,0
19863,privacy,0,0
19864,privacy,0,0
19865,privacy,0,0
19866,privacy,0,0
19867,privacy,0,0
19868,privacy,0,0
19869,privacy,0,0
19870,privacy,0,0
19871,privacy,0,0
19872,privacy,0,0
19873,privacy,0,0
19874,privacy,0,0
19875,privacy,1,0
19876,privacy,1,1
19877,privacy,1,1
19878,privacy,0,0
19879,privacy,1,1
19880,privacy,1,1
19881,privacy,0,0
19882,privacy,1,1
19883,privacy,0,0
19884,privacy,0,0
19885,privacy,0,0
19886,privacy,0,0
19887,privacy,0,0
19888,privacy,1,1
19889,privacy,0,0
19890,privacy,0,0
19891,privacy,0,0
19892,privacy,1,1
19893,privacy,1,1
19894,privacy,1,1
19895,privacy,1,1
19896,privacy,1,1
19897,privacy,0,0
19898,privacy,1,0
19899,privacy,0,0
19900,privacy,1,0
19901,privacy,0,0
19902,privacy,0,0
19903,privacy,0,0
19904,privacy,0,0
19905,privacy,0,0
19906,privacy,0,0
19907,privacy,0,0
19908,privacy,0,0
19909,privacy,0,0
19910,privacy,0,0
19911,privacy,0,0
19912,privacy,0,0
19913,privacy,1,1
19914,privacy,0,0
19915,privacy,0,0
19916,privacy,0,0
19917,privacy,0,0
19918,privacy,0,0
19919,privacy,0,0
19920,privacy,0,0
19921,privacy,1,0
19922,privacy,1,1
19923,privacy,1,1
19924,privacy,0,0
19925,privacy,0,0
19926,privacy,0,0
19927,privacy,0,0
19928,privacy,0,0
19929,privacy,0,0
19930,privacy,0,0
19931,privacy,1,0
19932,privacy,0,0
19933,privacy,0,0
19934,privacy,0,0
19935,privacy,0,0
19936,privacy,0,0
19937,privacy,0,0
19938,privacy,0,0
19939,privacy,0,0
19940,privacy,1,1
19941,privacy,1,1
19942,privacy,0,0
19943,privacy,0,0
19944,privacy,0,0
19945,privacy,1,0
19946,privacy,0,0
19947,privacy,0,0
19948,privacy,0,0
19949,privacy,1,0
19950,privacy,0,0
19951,privacy,0,0
19952,privacy,0,0
19953,privacy,0,0
19954,privacy,0,0
19955,privacy,1,0
19956,privacy,0,0
19957,privacy,0,0
19958,privacy,1,0
19959,privacy,1,1
19960,privacy,1,1
19961,privacy,1,1
19962,privacy,1,1
19963,privacy,1,1
19964,privacy,1,1
19965,privacy,1,0
19966,privacy,0,0
19967,privacy,0,0
19968,privacy,1,1
19969,privacy,0,0
19970,privacy,1,1
19971,privacy,0,0
19972,privacy,0,0
19973,privacy,1,1
19974,privacy,0,0
19975,privacy,0,0
19976,privacy,1,1
19977,privacy,1,1
19978,privacy,1,1
19979,privacy,0,0
19980,privacy,0,0
19981,privacy,1,1
19982,privacy,0,0
19983,privacy,1,1
19984,privacy,1,1
19985,privacy,1,1
19986,privacy,0,0
19987,privacy,1,1
19988,privacy,1,1
19989,privacy,1,1
19990,privacy,1,0
19991,privacy,1,1
19992,privacy,1,1
19993,privacy,1,1
19994,privacy,0,0
19995,privacy,0,0
19996,privacy,1,0
19997,privacy,0,0
19998,privacy,1,1
19999,privacy,0,0
20000,privacy,0,0
20001,privacy,0,0
20002,privacy,0,0
20003,privacy,1,1
20004,privacy,1,1
20005,privacy,0,0
20006,privacy,1,1
20007,privacy,0,0
20008,privacy,1,1
20009,privacy,1,1
20010,privacy,1,1
20011,privacy,0,0
20012,privacy,1,0
20013,privacy,1,0
20014,privacy,1,0
20015,privacy,1,1
20016,privacy,1,1
20017,privacy,1,1
20018,privacy,1,1
20019,privacy,1,1
20020,privacy,1,1
20021,privacy,1,1
20022,privacy,0,0
20023,privacy,0,0
20024,privacy,1,0
20025,privacy,0,0
20026,privacy,0,0
20027,privacy,1,1
20028,privacy,0,0
20029,privacy,0,0
20030,privacy,1,1
20031,privacy,1,1
20032,privacy,1,1
20033,privacy,0,0
20034,privacy,0,0
20035,privacy,0,0
20036,privacy,0,0
20037,privacy,1,1
20038,privacy,1,1
20039,privacy,0,0
20040,privacy,0,0
20041,privacy,1,1
20042,privacy,0,0
20043,privacy,0,0
20044,privacy,1,0
20045,privacy,1,1
20046,privacy,0,0
20047,privacy,1,1
20048,privacy,0,0
20049,privacy,0,0
20050,privacy,0,0
20051,privacy,0,0
20052,privacy,1,0
20053,privacy,0,0
20054,privacy,1,1
20055,privacy,0,0
20056,privacy,0,0
20057,privacy,1,1
20058,privacy,0,0
20059,privacy,0,0
20060,privacy,0,0
20061,privacy,0,0
20062,privacy,1,1
20063,privacy,0,0
20064,privacy,0,0
20065,privacy,0,0
20066,privacy,0,0
20067,privacy,0,0
20068,privacy,1,0
20069,privacy,0,0
20070,privacy,1,1
20071,privacy,0,0
20072,privacy,1,0
20073,privacy,1,0
20074,privacy,0,0
20075,privacy,0,0
20076,privacy,0,0
20077,privacy,0,0
20078,privacy,0,0
20079,privacy,1,1
20080,privacy,1,0
20081,privacy,0,0
20082,privacy,0,0
20083,privacy,1,1
20084,privacy,0,0
20085,privacy,0,0
20086,privacy,1,1
20087,privacy,0,0
20088,privacy,1,0
20089,privacy,0,0
20090,privacy,0,0
20091,privacy,0,0
20092,privacy,0,0
20093,privacy,1,0
20094,privacy,0,0
20095,privacy,0,0
20096,privacy,0,0
20097,privacy,0,0
20098,privacy,0,0
20099,privacy,0,0
20100,privacy,0,0
20101,privacy,0,0
20102,privacy,0,0
20103,privacy,0,0
20104,privacy,0,0
20105,privacy,0,0
20106,privacy,0,0
20107,privacy,0,0
20108,privacy,0,0
20109,privacy,0,0
20110,privacy,0,0
20111,privacy,0,0
20112,privacy,0,0
20113,privacy,0,0
20114,privacy,0,0
20115,privacy,0,0
20116,privacy,1,1
20117,privacy,0,0
20118,privacy,1,1
20119,privacy,0,0
20120,privacy,0,0
20121,privacy,0,0
20122,privacy,0,0
20123,privacy,0,0
20124,privacy,0,0
20125,privacy,0,0
20126,privacy,0,0
20127,privacy,0,0
20128,privacy,1,1
20129,privacy,0,0
20130,privacy,0,0
20131,privacy,1,1
20132,privacy,1,1
20133,privacy,0,0
20134,privacy,0,0
20135,privacy,0,0
20136,privacy,0,0
20137,privacy,0,0
20138,privacy,1,0
20139,privacy,1,1
20140,privacy,0,0
20141,privacy,1,1
20142,privacy,1,1
20143,privacy,1,1
20144,privacy,1,1
20145,privacy,1,1
20146,privacy,0,0
20147,privacy,0,0
20148,privacy,0,0
20149,privacy,1,1
20150,privacy,0,0
20151,privacy,0,0
20152,privacy,0,0
20153,privacy,0,0
20154,privacy,0,0
20155,privacy,0,0
20156,privacy,0,0
20157,privacy,1,1
20158,privacy,0,0
20159,privacy,0,0
20160,privacy,0,0
20161,privacy,1,1
20162,privacy,1,1
20163,privacy,0,0
20164,privacy,0,0
20165,privacy,0,0
20166,privacy,0,0
20167,privacy,1,1
20168,privacy,0,0
20169,privacy,0,0
20170,privacy,0,0
20171,privacy,0,0
20172,privacy,0,0
20173,privacy,0,0
20174,privacy,0,0
20175,privacy,0,0
20176,privacy,1,1
20177,privacy,0,0
20178,privacy,0,0
20179,privacy,0,0
20180,privacy,0,0
20181,privacy,0,0
20182,privacy,0,0
20183,privacy,0,0
20184,privacy,0,0
20185,privacy,1,0
20186,privacy,0,0
20187,privacy,1,0
20188,privacy,0,0
20189,privacy,0,0
20190,privacy,0,0
20191,privacy,0,0
20192,privacy,0,0
20193,privacy,0,0
20194,privacy,0,0
20195,privacy,0,0
20196,privacy,0,0
20197,privacy,0,0
20198,privacy,0,0
20199,privacy,1,0
20200,privacy,0,0
20201,privacy,0,0
20202,privacy,0,0
20203,privacy,0,0
20204,privacy,0,0
20205,privacy,0,0
20206,privacy,1,0
20207,privacy,0,0
20208,privacy,0,0
20209,privacy,0,0
20210,privacy,0,0
20211,privacy,1,0
20212,privacy,0,0
20213,privacy,1,0
20214,privacy,0,0
20215,privacy,0,0
20216,privacy,0,0
20217,privacy,0,0
20218,privacy,1,0
20219,privacy,1,0
20220,privacy,0,0
20221,privacy,0,0
20222,privacy,1,0
20223,privacy,1,0
20224,privacy,0,0
20225,privacy,0,0
20226,privacy,0,0
20227,privacy,0,0
20228,privacy,0,0
20229,privacy,0,0
20230,privacy,0,0
20231,privacy,0,0
20232,privacy,0,0
20233,privacy,0,0
20234,privacy,1,0
20235,privacy,1,0
20236,privacy,1,0
20237,privacy,1,0
20238,privacy,1,0
20239,privacy,1,0
20240,privacy,1,0
20241,privacy,1,0
20242,privacy,1,0
20243,privacy,1,0
20244,privacy,1,0
20245,privacy,1,0
20246,privacy,1,0
20247,privacy,1,0
20248,privacy,1,0
20249,privacy,1,0
20250,privacy,0,0
20251,privacy,1,0
20252,privacy,0,0
20253,privacy,0,0
20254,privacy,1,0
20255,privacy,1,0
20256,privacy,1,0
20257,privacy,1,0
20258,privacy,1,0
20259,privacy,1,0
20260,privacy,1,0
20261,privacy,0,0
20262,privacy,1,0
20263,privacy,1,0
20264,privacy,0,0
20265,privacy,1,0
20266,privacy,0,0
20267,privacy,1,0
20268,privacy,0,0
20269,privacy,0,0
20270,privacy,1,1
20271,privacy,1,0
20272,privacy,1,0
20273,privacy,0,0
20274,privacy,1,0
20275,privacy,0,0
20276,privacy,0,0
20277,privacy,1,1
20278,privacy,1,1
20279,privacy,0,0
20280,privacy,0,0
20281,privacy,0,0
20282,privacy,0,0
20283,privacy,0,0
20284,privacy,0,0
20285,privacy,1,0
20286,privacy,0,0
20287,privacy,0,0
20288,privacy,0,0
20289,privacy,0,0
20290,privacy,1,0
20291,privacy,0,0
20292,privacy,0,0
20293,privacy,0,0
20294,privacy,1,0
20295,privacy,0,0
20296,privacy,1,0
20297,privacy,0,0
20298,privacy,1,0
20299,privacy,1,0
20300,privacy,0,0
20301,privacy,0,0
20302,privacy,0,0
20303,privacy,0,0
20304,privacy,0,0
20305,privacy,0,0
20306,privacy,0,0
20307,privacy,0,0
20308,privacy,0,0
20309,privacy,0,0
20310,privacy,0,0
20311,privacy,0,0
20312,privacy,0,0
20313,privacy,0,0
20314,privacy,0,0
20315,privacy,0,0
20316,privacy,0,0
20317,privacy,0,0
20318,privacy,0,0
20319,privacy,0,0
20320,privacy,0,0
20321,privacy,0,0
20322,privacy,0,0
20323,privacy,0,0
20324,privacy,0,0
20325,privacy,0,0
20326,privacy,0,0
20327,privacy,0,0
20328,privacy,0,0
20329,privacy,0,0
20330,privacy,0,0
20331,privacy,0,0
20332,privacy,0,0
20333,privacy,0,0
20334,privacy,0,0
20335,privacy,0,0
20336,privacy,0,0
20337,privacy,0,0
20338,privacy,0,0
20339,privacy,0,0
20340,privacy,0,0
20341,privacy,0,0
20342,privacy,0,0
20343,privacy,0,0
20344,privacy,0,0
20345,privacy,0,0
20346,privacy,1,1
20347,privacy,0,0
20348,privacy,0,0
20349,privacy,0,0
20350,privacy,0,0
20351,privacy,0,0
20352,privacy,0,0
20353,privacy,0,0
20354,privacy,0,0
20355,privacy,0,0
20356,privacy,0,0
20357,privacy,0,0
20358,privacy,0,0
20359,privacy,0,0
20360,privacy,0,0
20361,privacy,0,0
20362,privacy,0,0
20363,privacy,0,0
20364,privacy,0,0
20365,privacy,0,0
20366,privacy,1,1
20367,privacy,1,1
20368,privacy,0,0
20369,privacy,0,0
20370,privacy,1,1
20371,privacy,0,0
20372,privacy,0,0
20373,privacy,0,0
20374,privacy,0,0
20375,privacy,0,0
20376,privacy,0,0
20377,privacy,0,0
20378,privacy,1,0
20379,privacy,0,0
20380,privacy,0,0
20381,privacy,0,0
20382,privacy,0,0
20383,privacy,0,0
20384,privacy,0,0
20385,privacy,1,0
20386,privacy,0,0
20387,privacy,0,0
20388,privacy,0,0
20389,privacy,0,0
20390,privacy,0,0
20391,privacy,0,0
20392,privacy,0,0
20393,privacy,0,0
20394,privacy,1,1
20395,privacy,0,0
20396,privacy,0,0
20397,privacy,0,0
20398,privacy,0,0
20399,privacy,0,0
20400,privacy,0,0
20401,privacy,0,0
20402,privacy,1,1
20403,privacy,0,0
20404,privacy,0,0
20405,privacy,1,1
20406,privacy,0,0
20407,privacy,1,1
20408,privacy,0,0
20409,privacy,0,0
20410,privacy,0,0
20411,privacy,1,1
20412,privacy,0,0
20413,privacy,0,0
20414,privacy,1,1
20415,privacy,0,0
20416,privacy,1,1
20417,privacy,0,0
20418,privacy,0,0
20419,privacy,1,1
20420,privacy,0,0
20421,privacy,0,0
20422,privacy,0,0
20423,privacy,0,0
20424,privacy,0,0
20425,privacy,0,0
20426,privacy,0,0
20427,privacy,0,0
20428,privacy,0,0
20429,privacy,0,0
20430,privacy,1,1
20431,privacy,1,1
20432,privacy,0,0
20433,privacy,0,0
20434,privacy,0,0
20435,privacy,0,0
20436,privacy,0,0
20437,privacy,0,0
20438,privacy,0,0
20439,privacy,0,0
20440,privacy,1,0
20441,privacy,0,0
20442,privacy,0,0
20443,privacy,0,0
20444,privacy,0,0
20445,privacy,0,0
20446,privacy,0,0
20447,privacy,1,1
20448,privacy,0,0
20449,privacy,0,0
20450,privacy,0,0
20451,privacy,1,1
20452,privacy,0,0
20453,privacy,0,0
20454,privacy,0,0
20455,privacy,0,0
20456,privacy,0,0
20457,privacy,0,0
20458,privacy,0,0
20459,privacy,0,0
20460,privacy,1,0
20461,privacy,1,1
20462,privacy,1,1
20463,privacy,0,0
20464,privacy,1,1
20465,privacy,0,0
20466,privacy,0,0
20467,privacy,0,0
20468,privacy,1,1
20469,privacy,1,0
20470,privacy,1,1
20471,privacy,1,1
20472,privacy,1,1
20473,privacy,1,0
20474,privacy,1,1
20475,privacy,0,0
20476,privacy,0,0
20477,privacy,0,0
20478,privacy,0,0
20479,privacy,1,1
20480,privacy,0,0
20481,privacy,0,0
20482,privacy,1,1
20483,privacy,1,1
20484,privacy,0,0
20485,privacy,1,0
20486,privacy,0,0
20487,privacy,0,0
20488,privacy,0,0
20489,privacy,0,0
20490,privacy,1,1
20491,privacy,0,0
20492,privacy,0,0
20493,privacy,1,1
20494,privacy,1,1
20495,privacy,0,0
20496,privacy,0,0
20497,privacy,1,0
20498,privacy,0,0
20499,privacy,1,1
20500,privacy,0,0
20501,privacy,0,0
20502,privacy,0,0
20503,privacy,0,0
20504,privacy,1,0
20505,privacy,1,0
20506,privacy,1,1
20507,privacy,1,0
20508,privacy,1,0
20509,privacy,0,0
20510,privacy,0,0
20511,privacy,0,0
20512,privacy,0,0
20513,privacy,0,0
20514,privacy,0,0
20515,privacy,0,0
20516,privacy,0,0
20517,privacy,1,1
20518,privacy,0,0
20519,privacy,0,0
20520,privacy,0,0
20521,privacy,0,0
20522,privacy,0,0
20523,privacy,0,0
20524,privacy,0,0
20525,privacy,0,0
20526,privacy,0,0
20527,privacy,0,0
20528,privacy,0,0
20529,privacy,0,0
20530,privacy,0,0
20531,privacy,1,1
20532,privacy,0,0
20533,privacy,0,0
20534,privacy,0,0
20535,privacy,0,0
20536,privacy,1,1
20537,privacy,1,1
20538,privacy,0,0
20539,privacy,0,0
20540,privacy,1,1
20541,privacy,0,0
20542,privacy,0,0
20543,privacy,0,0
20544,privacy,0,0
20545,privacy,0,0
20546,privacy,0,0
20547,privacy,0,0
20548,privacy,1,0
20549,privacy,1,0
20550,privacy,0,0
20551,privacy,1,0
20552,privacy,0,0
20553,privacy,0,0
20554,privacy,0,0
20555,privacy,0,0
20556,privacy,0,0
20557,privacy,0,0
20558,privacy,0,0
20559,privacy,0,0
20560,privacy,0,0
20561,privacy,0,0
20562,privacy,0,0
20563,privacy,0,0
20564,privacy,0,0
20565,privacy,0,0
20566,privacy,0,0
20567,privacy,0,0
20568,privacy,0,0
20569,privacy,0,0
20570,privacy,0,0
20571,privacy,0,0
20572,privacy,0,0
20573,privacy,0,0
20574,privacy,0,0
20575,privacy,0,0
20576,privacy,0,0
20577,privacy,0,0
20578,privacy,1,1
20579,privacy,0,0
20580,privacy,0,0
20581,privacy,0,0
20582,privacy,0,0
20583,privacy,0,0
20584,privacy,0,0
20585,privacy,1,1
20586,privacy,0,0
20587,privacy,0,0
20588,privacy,0,0
20589,privacy,0,0
20590,privacy,0,0
20591,privacy,0,0
20592,privacy,1,0
20593,privacy,0,0
20594,privacy,0,0
20595,privacy,0,0
20596,privacy,0,0
20597,privacy,1,0
20598,privacy,0,0
20599,privacy,0,0
20600,privacy,0,0
20601,privacy,0,0
20602,privacy,0,0
20603,privacy,0,0
20604,privacy,0,0
20605,privacy,0,0
20606,privacy,0,0
20607,privacy,0,0
20608,privacy,0,0
20609,privacy,0,0
20610,privacy,0,0
20611,privacy,0,0
20612,privacy,0,0
20613,privacy,0,0
20614,privacy,0,0
20615,privacy,0,0
20616,privacy,1,1
20617,privacy,0,0
20618,privacy,0,0
20619,privacy,0,0
20620,privacy,0,0
20621,privacy,0,0
20622,privacy,0,0
20623,privacy,0,0
20624,privacy,0,0
20625,privacy,0,0
20626,privacy,0,0
20627,privacy,1,0
20628,privacy,0,0
20629,privacy,1,0
20630,privacy,0,0
20631,privacy,0,0
20632,privacy,0,0
20633,privacy,0,0
20634,privacy,0,0
20635,privacy,0,0
20636,privacy,0,0
20637,privacy,0,0
20638,privacy,0,0
20639,privacy,1,0
20640,privacy,0,0
20641,privacy,0,0
20642,privacy,0,0
20643,privacy,1,0
20644,privacy,0,0
20645,privacy,0,0
20646,privacy,0,0
20647,privacy,1,0
20648,privacy,0,0
20649,privacy,0,0
20650,privacy,0,0
20651,privacy,0,0
20652,privacy,0,0
20653,privacy,1,1
20654,privacy,1,1
20655,privacy,0,0
20656,privacy,0,0
20657,privacy,0,0
20658,privacy,1,1
20659,privacy,1,0
20660,privacy,0,0
20661,privacy,0,0
20662,privacy,1,1
20663,privacy,1,1
20664,privacy,0,0
20665,privacy,0,0
20666,privacy,1,0
20667,privacy,1,1
20668,privacy,0,0
20669,privacy,0,0
20670,privacy,0,0
20671,privacy,0,0
20672,privacy,0,0
20673,privacy,1,0
20674,privacy,1,0
20675,privacy,0,0
20676,privacy,1,0
20677,privacy,1,0
20678,privacy,0,0
20679,privacy,0,0
20680,privacy,0,0
20681,privacy,0,0
20682,privacy,1,0
20683,privacy,0,0
20684,privacy,0,0
20685,privacy,0,0
20686,privacy,0,0
20687,privacy,0,0
20688,privacy,0,0
20689,privacy,0,0
20690,privacy,0,0
20691,privacy,0,0
20692,privacy,1,0
20693,privacy,1,0
20694,privacy,0,0
20695,privacy,0,0
20696,privacy,1,1
20697,privacy,1,0
20698,privacy,1,0
20699,privacy,1,0
20700,privacy,1,1
20701,privacy,0,0
20702,privacy,0,0
20703,privacy,0,0
20704,privacy,1,1
20705,privacy,1,0
20706,privacy,0,0
20707,privacy,0,0
20708,privacy,0,0
20709,privacy,0,0
20710,privacy,1,0
20711,privacy,1,0
20712,privacy,0,0
20713,privacy,0,0
20714,privacy,0,0
20715,privacy,1,0
20716,privacy,0,0
20717,privacy,0,0
20718,privacy,0,0
20719,privacy,0,0
20720,privacy,0,0
20721,privacy,0,0
20722,privacy,1,1
20723,privacy,0,0
20724,privacy,0,0
20725,privacy,0,0
20726,privacy,0,0
20727,privacy,1,0
20728,privacy,0,0
20729,privacy,0,0
20730,privacy,1,0
20731,privacy,1,0
20732,privacy,0,0
20733,privacy,0,0
20734,privacy,0,0
20735,privacy,0,0
20736,privacy,0,0
20737,privacy,1,1
20738,privacy,0,0
20739,privacy,0,0
20740,privacy,0,0
20741,privacy,1,0
20742,privacy,0,0
20743,privacy,0,0
20744,privacy,0,0
20745,privacy,0,0
20746,privacy,0,0
20747,privacy,0,0
20748,privacy,1,0
20749,privacy,1,1
20750,privacy,1,0
20751,privacy,0,0
20752,privacy,0,0
20753,privacy,1,1
20754,privacy,0,0
20755,privacy,0,0
20756,privacy,0,0
20757,privacy,1,0
20758,privacy,0,0
20759,privacy,0,0
20760,privacy,0,0
20761,privacy,0,0
20762,privacy,0,0
20763,privacy,1,1
20764,privacy,0,0
20765,privacy,0,0
20766,privacy,0,0
20767,privacy,0,0
20768,privacy,0,0
20769,privacy,0,0
20770,privacy,0,0
20771,privacy,0,0
20772,privacy,0,0
20773,privacy,0,0
20774,privacy,1,1
20775,privacy,0,0
20776,privacy,1,1
20777,privacy,1,0
20778,privacy,0,0
20779,privacy,0,0
20780,privacy,1,0
20781,privacy,0,0
20782,privacy,0,0
20783,privacy,0,0
20784,privacy,1,0
20785,privacy,1,0
20786,privacy,1,0
20787,privacy,0,0
20788,privacy,0,0
20789,privacy,1,1
20790,privacy,1,0
20791,privacy,1,1
20792,privacy,0,0
20793,privacy,1,1
20794,privacy,0,0
20795,privacy,1,0
20796,privacy,1,0
20797,privacy,0,0
20798,privacy,1,0
20799,privacy,1,0
20800,privacy,0,0
20801,privacy,0,0
20802,privacy,0,0
20803,privacy,1,0
20804,privacy,0,0
20805,privacy,0,0
20806,privacy,1,0
20807,privacy,1,0
20808,privacy,1,1
20809,privacy,0,0
20810,privacy,1,1
20811,privacy,1,1
20812,privacy,1,1
20813,privacy,0,0
20814,privacy,0,0
20815,privacy,0,0
20816,privacy,0,0
20817,privacy,1,1
20818,privacy,0,0
20819,privacy,1,1
20820,privacy,0,0
20821,privacy,0,0
20822,privacy,1,0
20823,privacy,0,0
20824,privacy,0,0
20825,privacy,0,0
20826,privacy,0,0
20827,privacy,1,0
20828,privacy,0,0
20829,privacy,0,0
20830,privacy,0,0
20831,privacy,0,0
20832,privacy,1,1
20833,privacy,1,1
20834,privacy,0,0
20835,privacy,0,0
20836,privacy,1,1
20837,privacy,1,1
20838,privacy,1,1
20839,privacy,0,0
20840,privacy,0,0
20841,privacy,0,0
20842,privacy,1,0
20843,privacy,0,0
20844,privacy,1,0
20845,privacy,0,0
20846,privacy,0,0
20847,privacy,1,0
20848,privacy,1,1
20849,privacy,1,0
20850,privacy,0,0
20851,privacy,0,0
20852,privacy,0,0
20853,privacy,0,0
20854,privacy,0,0
20855,privacy,1,0
20856,privacy,0,0
20857,privacy,1,1
20858,privacy,1,1
20859,privacy,1,1
20860,privacy,0,0
20861,privacy,0,0
20862,privacy,0,0
20863,privacy,1,1
20864,privacy,0,0
20865,privacy,1,1
20866,privacy,1,1
20867,privacy,0,0
20868,privacy,1,1
20869,privacy,1,1
20870,privacy,0,0
20871,privacy,0,0
20872,privacy,1,1
20873,privacy,0,0
20874,privacy,1,1
20875,privacy,0,0
20876,privacy,0,0
20877,privacy,0,0
20878,privacy,0,0
20879,privacy,0,0
20880,privacy,0,0
20881,privacy,0,0
20882,privacy,0,0
20883,privacy,1,1
20884,privacy,0,0
20885,privacy,0,0
20886,privacy,0,0
20887,privacy,0,0
20888,privacy,0,0
20889,privacy,0,0
20890,privacy,1,1
20891,privacy,0,0
20892,privacy,0,0
20893,privacy,0,0
20894,privacy,0,0
20895,privacy,1,1
20896,privacy,1,1
20897,privacy,0,0
20898,privacy,0,0
20899,privacy,0,0
20900,privacy,1,0
20901,privacy,0,0
20902,privacy,1,0
20903,privacy,1,1
20904,privacy,1,0
20905,privacy,1,0
20906,privacy,0,0
20907,privacy,0,0
20908,privacy,0,0
20909,privacy,1,1
20910,privacy,0,0
20911,privacy,0,0
20912,privacy,0,0
20913,privacy,0,0
20914,privacy,1,0
20915,privacy,0,0
20916,privacy,0,0
20917,privacy,1,0
20918,privacy,1,0
20919,privacy,1,0
20920,privacy,1,0
20921,privacy,1,0
20922,privacy,0,0
20923,privacy,0,0
20924,privacy,0,0
20925,privacy,0,0
20926,privacy,1,1
20927,privacy,0,0
20928,privacy,0,0
20929,privacy,0,0
20930,privacy,1,1
20931,privacy,0,0
20932,privacy,0,0
20933,privacy,0,0
20934,privacy,1,1
20935,privacy,1,1
20936,privacy,1,1
20937,privacy,1,1
20938,privacy,0,0
20939,privacy,0,0
20940,privacy,0,0
20941,privacy,0,0
20942,privacy,1,1
20943,privacy,0,0
20944,privacy,0,0
20945,privacy,1,1
20946,privacy,0,0
20947,privacy,0,0
20948,privacy,0,0
20949,privacy,0,0
20950,privacy,0,0
20951,privacy,0,0
20952,privacy,0,0
20953,privacy,0,0
20954,privacy,0,0
20955,privacy,0,0
20956,privacy,0,0
20957,privacy,1,1
20958,privacy,1,1
20959,privacy,0,0
20960,privacy,0,0
20961,privacy,0,0
20962,privacy,1,1
20963,privacy,0,0
20964,privacy,0,0
20965,privacy,1,1
20966,privacy,1,1
20967,privacy,0,0
20968,privacy,1,1
20969,privacy,0,0
20970,privacy,0,0
20971,privacy,1,1
20972,privacy,1,1
20973,privacy,1,1
20974,privacy,1,1
20975,privacy,0,0
20976,privacy,1,1
20977,privacy,0,0
20978,privacy,0,0
20979,privacy,1,1
20980,privacy,1,1
20981,privacy,0,0
20982,privacy,1,1
20983,privacy,1,1
20984,privacy,0,0
20985,privacy,0,0
20986,privacy,0,0
20987,privacy,1,1
20988,privacy,0,0
20989,privacy,0,0
20990,privacy,0,0
20991,privacy,0,0
20992,privacy,1,1
20993,privacy,1,1
20994,privacy,1,1
20995,privacy,0,0
20996,privacy,0,0
20997,privacy,1,1
20998,privacy,0,0
20999,privacy,0,0
21000,privacy,0,0
21001,privacy,0,0
21002,privacy,0,0
21003,privacy,0,0
21004,privacy,0,0
21005,privacy,0,0
21006,privacy,0,0
21007,privacy,0,0
21008,privacy,0,0
21009,privacy,0,0
21010,privacy,0,0
21011,privacy,0,0
21012,privacy,1,1
21013,privacy,0,0
21014,privacy,0,0
21015,privacy,0,0
21016,privacy,0,0
21017,privacy,0,0
21018,privacy,0,0
21019,privacy,0,0
21020,privacy,0,0
21021,privacy,0,0
21022,privacy,1,1
21023,privacy,0,0
21024,privacy,0,0
21025,privacy,0,0
21026,privacy,0,0
21027,privacy,0,0
21028,privacy,0,0
21029,privacy,1,1
21030,privacy,1,1
21031,privacy,1,1
21032,privacy,1,1
21033,privacy,1,0
21034,privacy,1,0
21035,privacy,0,0
21036,privacy,0,0
21037,privacy,0,0
21038,privacy,1,0
21039,privacy,1,1
21040,privacy,0,0
21041,privacy,1,1
21042,privacy,0,0
21043,privacy,1,1
21044,privacy,1,1
21045,privacy,1,1
21046,privacy,1,1
21047,privacy,1,1
21048,privacy,1,1
21049,privacy,0,0
21050,privacy,1,0
21051,privacy,1,0
21052,privacy,1,1
21053,privacy,0,0
21054,privacy,1,0
21055,privacy,0,0
21056,privacy,0,0
21057,privacy,1,1
21058,privacy,1,1
21059,privacy,1,1
21060,privacy,1,0
21061,privacy,0,0
21062,privacy,0,0
21063,privacy,1,0
21064,privacy,0,0
21065,privacy,0,0
21066,privacy,0,0
21067,privacy,1,1
21068,privacy,1,1
21069,privacy,1,1
21070,privacy,1,0
21071,privacy,1,1
21072,privacy,1,0
21073,privacy,1,0
21074,privacy,1,0
21075,privacy,0,0
21076,privacy,0,0
21077,privacy,1,0
21078,privacy,1,1
21079,privacy,1,1
21080,privacy,1,1
21081,privacy,1,1
21082,privacy,1,1
21083,privacy,1,1
21084,privacy,0,0
21085,privacy,1,1
21086,privacy,0,0
21087,privacy,1,0
21088,privacy,1,0
21089,privacy,1,0
21090,privacy,0,0
21091,privacy,1,1
21092,privacy,1,1
21093,privacy,0,0
21094,privacy,1,1
21095,privacy,1,0
21096,privacy,1,0
21097,privacy,1,0
21098,privacy,1,1
21099,privacy,1,1
21100,privacy,1,0
21101,privacy,1,0
21102,privacy,0,0
21103,privacy,0,0
21104,privacy,1,0
21105,privacy,1,0
21106,privacy,0,0
21107,privacy,0,0
21108,privacy,0,0
21109,privacy,1,0
21110,privacy,1,1
21111,privacy,1,0
21112,privacy,1,0
21113,privacy,1,0
21114,privacy,0,0
21115,privacy,0,0
21116,privacy,0,0
21117,privacy,1,0
21118,privacy,1,0
21119,privacy,0,0
21120,privacy,0,0
21121,privacy,1,0
21122,privacy,0,0
21123,privacy,0,0
21124,privacy,1,0
21125,privacy,0,0
21126,privacy,0,0
21127,privacy,0,0
21128,privacy,1,0
21129,privacy,1,1
21130,privacy,0,0
21131,privacy,0,0
21132,privacy,1,1
21133,privacy,0,0
21134,privacy,1,0
21135,privacy,1,0
21136,privacy,0,0
21137,privacy,0,0
21138,privacy,0,0
21139,privacy,0,0
21140,privacy,0,0
21141,privacy,0,0
21142,privacy,1,0
21143,privacy,1,0
21144,privacy,0,0
21145,privacy,1,0
21146,privacy,1,0
21147,privacy,1,0
21148,privacy,0,0
21149,privacy,0,0
21150,privacy,1,0
21151,privacy,1,0
21152,privacy,0,0
21153,privacy,0,0
21154,privacy,1,0
21155,privacy,1,1
21156,privacy,1,0
21157,privacy,0,0
21158,privacy,0,0
21159,privacy,0,0
21160,privacy,0,0
21161,privacy,0,0
21162,privacy,0,0
21163,privacy,0,0
21164,privacy,1,0
21165,privacy,1,0
21166,privacy,1,1
21167,privacy,0,0
21168,privacy,0,0
21169,privacy,0,0
21170,privacy,1,1
21171,privacy,0,0
21172,privacy,0,0
21173,privacy,0,0
21174,privacy,1,0
21175,privacy,0,0
21176,privacy,0,0
21177,privacy,0,0
21178,privacy,0,0
21179,privacy,0,0
21180,privacy,1,1
21181,privacy,0,0
21182,privacy,0,0
21183,privacy,0,0
21184,privacy,0,0
21185,privacy,1,0
21186,privacy,0,0
21187,privacy,0,0
21188,privacy,1,0
21189,privacy,0,0
21190,privacy,1,0
21191,privacy,1,1
21192,privacy,1,1
21193,privacy,0,0
21194,privacy,0,0
21195,privacy,0,0
21196,privacy,0,0
21197,privacy,0,0
21198,privacy,1,0
21199,privacy,1,0
21200,privacy,0,0
21201,privacy,0,0
21202,privacy,0,0
21203,privacy,0,0
21204,privacy,0,0
21205,privacy,0,0
21206,privacy,0,0
21207,privacy,0,0
21208,privacy,0,0
21209,privacy,0,0
21210,privacy,1,1
21211,privacy,0,0
21212,privacy,1,0
21213,privacy,0,0
21214,privacy,0,0
21215,privacy,0,0
21216,privacy,0,0
21217,privacy,0,0
21218,privacy,1,0
21219,privacy,1,1
21220,privacy,0,0
21221,privacy,1,1
21222,privacy,0,0
21223,privacy,0,0
21224,privacy,0,0
21225,privacy,0,0
21226,privacy,0,0
21227,privacy,0,0
21228,privacy,0,0
21229,privacy,0,0
21230,privacy,0,0
21231,privacy,0,0
21232,privacy,0,0
21233,privacy,0,0
21234,privacy,1,0
21235,privacy,1,0
21236,privacy,0,0
21237,privacy,0,0
21238,privacy,1,0
21239,privacy,0,0
21240,privacy,0,0
21241,privacy,0,0
21242,privacy,1,0
21243,privacy,1,0
21244,privacy,1,0
21245,privacy,0,0
21246,privacy,0,0
21247,privacy,0,0
21248,privacy,0,0
21249,privacy,1,0
21250,privacy,0,0
21251,privacy,0,0
21252,privacy,0,0
21253,privacy,0,0
21254,privacy,0,0
21255,privacy,0,0
21256,privacy,0,0
21257,privacy,0,0
21258,privacy,0,0
21259,privacy,0,0
21260,privacy,0,0
21261,privacy,0,0
21262,privacy,0,0
21263,privacy,0,0
21264,privacy,0,0
21265,privacy,0,0
21266,privacy,0,0
21267,privacy,1,0
21268,privacy,0,0
21269,privacy,0,0
21270,privacy,0,0
21271,privacy,0,0
21272,privacy,0,0
21273,privacy,0,0
21274,privacy,0,0
21275,privacy,0,0
21276,privacy,0,0
21277,privacy,0,0
21278,privacy,1,0
21279,privacy,1,0
21280,privacy,0,0
21281,privacy,0,0
21282,privacy,0,0
21283,privacy,0,0
21284,privacy,1,1
21285,privacy,0,0
21286,privacy,1,0
21287,privacy,0,0
21288,privacy,0,0
21289,privacy,0,0
21290,privacy,0,0
21291,privacy,0,0
21292,privacy,0,0
21293,privacy,0,0
21294,privacy,1,0
21295,privacy,0,0
21296,privacy,0,0
21297,privacy,0,0
21298,privacy,1,1
21299,privacy,1,1
21300,privacy,0,0
21301,privacy,0,0
21302,privacy,1,1
21303,privacy,0,0
21304,privacy,1,0
21305,privacy,1,0
21306,privacy,1,0
21307,privacy,0,0
21308,privacy,0,0
21309,privacy,0,0
21310,privacy,0,0
21311,privacy,0,0
21312,privacy,0,0
21313,privacy,0,0
21314,privacy,0,0
21315,privacy,0,0
21316,privacy,0,0
21317,privacy,0,0
21318,privacy,0,0
21319,privacy,1,1
21320,privacy,1,0
21321,privacy,1,1
21322,privacy,0,0
21323,privacy,1,0
21324,privacy,1,0
21325,privacy,0,0
21326,privacy,0,0
21327,privacy,1,0
21328,privacy,0,0
21329,privacy,0,0
21330,privacy,0,0
21331,privacy,0,0
21332,privacy,0,0
21333,privacy,0,0
21334,privacy,0,0
21335,privacy,0,0
21336,privacy,0,0
21337,privacy,0,0
21338,privacy,0,0
21339,privacy,0,0
21340,privacy,0,0
21341,privacy,0,0
21342,privacy,1,0
21343,privacy,1,0
21344,privacy,0,0
21345,privacy,0,0
21346,privacy,1,0
21347,privacy,1,0
21348,privacy,0,0
21349,privacy,0,0
21350,privacy,1,1
21351,privacy,0,0
21352,privacy,0,0
21353,privacy,0,0
21354,privacy,0,0
21355,privacy,1,1
21356,privacy,0,0
21357,privacy,1,1
21358,privacy,1,1
21359,privacy,0,0
21360,privacy,0,0
21361,privacy,1,1
21362,privacy,0,0
21363,privacy,1,1
21364,privacy,1,0
21365,privacy,0,0
21366,privacy,1,1
21367,privacy,1,1
21368,privacy,0,0
21369,privacy,1,1
21370,privacy,0,0
21371,privacy,1,1
21372,privacy,1,0
21373,privacy,0,0
21374,privacy,1,1
21375,privacy,0,0
21376,privacy,0,0
21377,privacy,0,0
21378,privacy,1,0
21379,privacy,1,0
21380,privacy,0,0
21381,privacy,0,0
21382,privacy,0,0
21383,privacy,0,0
21384,privacy,1,0
21385,privacy,0,0
21386,privacy,0,0
21387,privacy,0,0
21388,privacy,0,0
21389,privacy,0,0
21390,privacy,1,1
21391,privacy,0,0
21392,privacy,1,0
21393,privacy,0,0
21394,privacy,0,0
21395,privacy,1,1
21396,privacy,0,0
21397,privacy,0,0
21398,privacy,0,0
21399,privacy,0,0
21400,privacy,1,1
21401,privacy,1,1
21402,privacy,0,0
21403,privacy,1,1
21404,privacy,1,0
21405,privacy,0,0
21406,privacy,0,0
21407,privacy,0,0
21408,privacy,1,0
21409,privacy,1,0
21410,privacy,1,0
21411,privacy,0,0
21412,privacy,1,0
21413,privacy,1,0
21414,privacy,0,0
21415,privacy,0,0
21416,privacy,1,1
21417,privacy,1,1
21418,privacy,0,0
21419,privacy,0,0
21420,privacy,1,1
21421,privacy,0,0
21422,privacy,1,1
21423,privacy,0,0
21424,privacy,1,0
21425,privacy,0,0
21426,privacy,0,0
21427,privacy,1,1
21428,privacy,1,0
21429,privacy,0,0
21430,privacy,0,0
21431,privacy,0,0
21432,privacy,0,0
21433,privacy,0,0
21434,privacy,0,0
21435,privacy,0,0
21436,privacy,1,0
21437,privacy,0,0
21438,privacy,1,0
21439,privacy,1,0
21440,privacy,1,1
21441,privacy,0,0
21442,privacy,1,0
21443,privacy,0,0
21444,privacy,1,0
21445,privacy,1,0
21446,privacy,0,0
21447,privacy,0,0
21448,privacy,0,0
21449,privacy,0,0
21450,privacy,0,0
21451,privacy,0,0
21452,privacy,0,0
21453,privacy,0,0
21454,privacy,1,1
21455,privacy,0,0
21456,privacy,1,0
21457,privacy,1,1
21458,privacy,0,0
21459,privacy,0,0
21460,privacy,0,0
21461,privacy,0,0
21462,privacy,0,0
21463,privacy,1,0
21464,privacy,0,0
21465,privacy,0,0
21466,privacy,1,0
21467,privacy,0,0
21468,privacy,0,0
21469,privacy,1,0
21470,privacy,0,0
21471,privacy,0,0
21472,privacy,0,0
21473,privacy,1,0
21474,privacy,1,0
21475,privacy,0,0
21476,privacy,0,0
21477,privacy,0,0
21478,privacy,0,0
21479,privacy,0,0
21480,privacy,0,0
21481,privacy,0,0
21482,privacy,0,0
21483,privacy,1,0
21484,privacy,0,0
21485,privacy,0,0
21486,privacy,1,0
21487,privacy,0,0
21488,privacy,1,0
21489,privacy,1,0
21490,privacy,0,0
21491,privacy,0,0
21492,privacy,0,0
21493,privacy,0,0
21494,privacy,1,0
21495,privacy,0,0
21496,privacy,0,0
21497,privacy,0,0
21498,privacy,1,0
21499,privacy,0,0
21500,privacy,0,0
21501,privacy,1,1
21502,privacy,0,0
21503,privacy,0,0
21504,privacy,0,0
21505,privacy,0,0
21506,privacy,0,0
21507,privacy,0,0
21508,privacy,0,0
21509,privacy,0,0
21510,privacy,0,0
21511,privacy,0,0
21512,privacy,0,0
21513,privacy,0,0
21514,privacy,0,0
21515,privacy,0,0
21516,privacy,0,0
21517,privacy,0,0
21518,privacy,0,0
21519,privacy,0,0
21520,privacy,0,0
21521,privacy,0,0
21522,privacy,1,0
21523,privacy,0,0
21524,privacy,1,1
21525,privacy,0,0
21526,privacy,0,0
21527,privacy,0,0
21528,privacy,0,0
21529,privacy,0,0
21530,privacy,1,1
21531,privacy,1,1
21532,privacy,0,0
21533,privacy,1,1
21534,privacy,0,0
21535,privacy,0,0
21536,privacy,0,0
21537,privacy,0,0
21538,privacy,0,0
21539,privacy,0,0
21540,privacy,1,0
21541,privacy,0,0
21542,privacy,0,0
21543,privacy,0,0
21544,privacy,0,0
21545,privacy,0,0
21546,privacy,0,0
21547,privacy,1,1
21548,privacy,1,1
21549,privacy,1,0
21550,privacy,0,0
21551,privacy,0,0
21552,privacy,0,0
21553,privacy,0,0
21554,privacy,1,0
21555,privacy,1,1
21556,privacy,0,0
21557,privacy,0,0
21558,privacy,1,0
21559,privacy,0,0
21560,privacy,0,0
21561,privacy,0,0
21562,privacy,0,0
21563,privacy,0,0
21564,privacy,0,0
21565,privacy,0,0
21566,privacy,1,1
21567,privacy,0,0
21568,privacy,0,0
21569,privacy,0,0
21570,privacy,0,0
21571,privacy,0,0
21572,privacy,0,0
21573,privacy,0,0
21574,privacy,0,0
21575,privacy,0,0
21576,privacy,0,0
21577,privacy,0,0
21578,privacy,0,0
21579,privacy,0,0
21580,privacy,0,0
21581,privacy,0,0
21582,privacy,0,0
21583,privacy,1,0
21584,privacy,0,0
21585,privacy,0,0
21586,privacy,0,0
21587,privacy,1,1
21588,privacy,0,0
21589,privacy,0,0
21590,privacy,0,0
21591,privacy,1,0
21592,privacy,0,0
21593,privacy,0,0
21594,privacy,0,0
21595,privacy,1,1
21596,privacy,0,0
21597,privacy,1,1
21598,privacy,1,1
21599,privacy,0,0
21600,privacy,0,0
21601,privacy,0,0
21602,privacy,0,0
21603,privacy,0,0
21604,privacy,0,0
21605,privacy,0,0
21606,privacy,0,0
21607,privacy,0,0
21608,privacy,0,0
21609,privacy,0,0
21610,privacy,0,0
21611,privacy,1,1
21612,privacy,0,0
21613,privacy,1,1
21614,privacy,1,1
21615,privacy,1,1
21616,privacy,1,1
21617,privacy,1,1
21618,privacy,1,1
21619,privacy,0,0
21620,privacy,0,0
21621,privacy,0,0
21622,privacy,0,0
21623,privacy,1,1
21624,privacy,0,0
21625,privacy,0,0
21626,privacy,0,0
21627,privacy,0,0
21628,privacy,0,0
21629,privacy,0,0
21630,privacy,0,0
21631,privacy,0,0
21632,privacy,0,0
21633,privacy,0,0
21634,privacy,0,0
21635,privacy,0,0
21636,privacy,0,0
21637,privacy,0,0
21638,privacy,1,0
21639,privacy,0,0
21640,privacy,0,0
21641,privacy,0,0
21642,privacy,0,0
21643,privacy,0,0
21644,privacy,0,0
21645,privacy,0,0
21646,privacy,0,0
21647,privacy,0,0
21648,privacy,0,0
21649,privacy,0,0
21650,privacy,0,0
21651,privacy,0,0
21652,privacy,0,0
21653,privacy,0,0
21654,privacy,0,0
21655,privacy,0,0
21656,privacy,1,1
21657,privacy,0,0
21658,privacy,0,0
21659,privacy,0,0
21660,privacy,0,0
21661,privacy,0,0
21662,privacy,0,0
21663,privacy,1,0
21664,privacy,0,0
21665,privacy,0,0
21666,privacy,0,0
21667,privacy,0,0
21668,privacy,0,0
21669,privacy,1,0
21670,privacy,0,0
21671,privacy,0,0
21672,privacy,0,0
21673,privacy,0,0
21674,privacy,0,0
21675,privacy,0,0
21676,privacy,0,0
21677,privacy,0,0
21678,privacy,0,0
21679,privacy,0,0
21680,privacy,0,0
21681,privacy,0,0
21682,privacy,0,0
21683,privacy,0,0
21684,privacy,0,0
21685,privacy,0,0
21686,privacy,0,0
21687,privacy,0,0
21688,privacy,0,0
21689,privacy,0,0
21690,privacy,0,0
21691,privacy,0,0
21692,privacy,0,0
21693,privacy,0,0
21694,privacy,1,1
21695,privacy,1,1
21696,privacy,0,0
21697,privacy,0,0
21698,privacy,0,0
21699,privacy,0,0
21700,privacy,0,0
21701,privacy,0,0
21702,privacy,0,0
21703,privacy,1,1
21704,privacy,0,0
21705,privacy,1,1
21706,privacy,0,0
21707,privacy,1,1
21708,privacy,1,1
21709,privacy,1,0
21710,privacy,0,0
21711,privacy,1,0
21712,privacy,0,0
21713,privacy,0,0
21714,privacy,0,0
21715,privacy,1,1
21716,privacy,0,0
21717,privacy,0,0
21718,privacy,1,0
21719,privacy,1,0
21720,privacy,1,0
21721,privacy,0,0
21722,privacy,0,0
21723,privacy,0,0
21724,privacy,1,0
21725,privacy,1,1
21726,privacy,1,0
21727,privacy,0,0
21728,privacy,0,0
21729,privacy,0,0
21730,privacy,0,0
21731,privacy,0,0
21732,privacy,0,0
21733,privacy,0,0
21734,privacy,0,0
21735,privacy,0,0
21736,privacy,0,0
21737,privacy,0,0
21738,privacy,0,0
21739,privacy,0,0
21740,privacy,0,0
21741,privacy,0,0
21742,privacy,0,0
21743,privacy,0,0
21744,privacy,1,1
21745,privacy,1,1
21746,privacy,0,0
21747,privacy,0,0
21748,privacy,1,1
21749,privacy,0,0
21750,privacy,0,0
21751,privacy,0,0
21752,privacy,1,0
21753,privacy,0,0
21754,privacy,0,0
21755,privacy,1,1
21756,privacy,0,0
21757,privacy,1,0
21758,privacy,0,0
21759,privacy,0,0
21760,privacy,1,1
21761,privacy,0,0
21762,privacy,1,0
21763,privacy,0,0
21764,privacy,0,0
21765,privacy,0,0
21766,privacy,0,0
21767,privacy,0,0
21768,privacy,1,1
21769,privacy,1,1
21770,privacy,0,0
21771,privacy,0,0
21772,privacy,0,0
21773,privacy,0,0
21774,privacy,0,0
21775,privacy,0,0
21776,privacy,0,0
21777,privacy,0,0
21778,privacy,0,0
21779,privacy,0,0
21780,privacy,1,0
21781,privacy,0,0
21782,privacy,0,0
21783,privacy,0,0
21784,privacy,0,0
21785,privacy,1,0
21786,privacy,1,1
21787,privacy,0,0
21788,privacy,0,0
21789,privacy,0,0
21790,privacy,1,1
21791,privacy,0,0
21792,privacy,0,0
21793,privacy,0,0
21794,privacy,0,0
21795,privacy,0,0
21796,privacy,1,0
21797,privacy,0,0
21798,privacy,0,0
21799,privacy,0,0
21800,privacy,0,0
21801,privacy,0,0
21802,privacy,0,0
21803,privacy,0,0
21804,privacy,0,0
21805,privacy,0,0
21806,privacy,0,0
21807,privacy,0,0
21808,privacy,1,0
21809,privacy,1,1
21810,privacy,0,0
21811,privacy,0,0
21812,privacy,1,1
21813,privacy,0,0
21814,privacy,0,0
21815,privacy,1,1
21816,privacy,0,0
21817,privacy,0,0
21818,privacy,0,0
21819,privacy,0,0
21820,privacy,0,0
21821,privacy,1,1
21822,privacy,0,0
21823,privacy,0,0
21824,privacy,0,0
21825,privacy,0,0
21826,privacy,0,0
21827,privacy,0,0
21828,privacy,0,0
21829,privacy,1,0
21830,privacy,0,0
21831,privacy,0,0
21832,privacy,1,0
21833,privacy,0,0
21834,privacy,0,0
21835,privacy,0,0
21836,privacy,1,1
21837,privacy,1,1
21838,privacy,0,0
21839,privacy,1,1
21840,privacy,0,0
21841,privacy,1,1
21842,privacy,0,0
21843,privacy,0,0
21844,privacy,0,0
21845,privacy,0,0
21846,privacy,0,0
21847,privacy,0,0
21848,privacy,0,0
21849,privacy,0,0
21850,privacy,1,0
21851,privacy,0,0
21852,privacy,0,0
21853,privacy,1,0
21854,privacy,1,1
21855,privacy,1,0
21856,privacy,0,0
21857,privacy,0,0
21858,privacy,0,0
21859,privacy,0,0
21860,privacy,0,0
21861,privacy,0,0
21862,privacy,0,0
21863,privacy,1,0
21864,privacy,1,1
21865,privacy,0,0
21866,privacy,1,1
21867,privacy,1,0
21868,privacy,1,0
21869,privacy,1,1
21870,privacy,1,0
21871,privacy,1,1
21872,privacy,1,1
21873,privacy,1,1
21874,privacy,1,0
21875,privacy,0,0
21876,privacy,0,0
21877,privacy,1,0
21878,privacy,0,0
21879,privacy,0,0
21880,privacy,0,0
21881,privacy,1,1
21882,privacy,1,0
21883,privacy,1,0
21884,privacy,0,0
21885,privacy,0,0
21886,privacy,1,0
21887,privacy,1,1
21888,privacy,1,1
21889,privacy,0,0
21890,privacy,1,0
21891,privacy,1,0
21892,privacy,1,0
21893,privacy,1,0
21894,privacy,1,0
21895,privacy,1,0
21896,privacy,1,0
21897,privacy,0,0
21898,privacy,1,0
21899,privacy,1,0
21900,privacy,0,0
21901,privacy,0,0
21902,privacy,1,0
21903,privacy,0,0
21904,privacy,0,0
21905,privacy,0,0
21906,privacy,0,0
21907,privacy,0,0
21908,privacy,0,0
21909,privacy,0,0
21910,privacy,1,0
21911,privacy,0,0
21912,privacy,1,1
21913,privacy,1,0
21914,privacy,1,1
21915,privacy,1,1
21916,privacy,0,0
21917,privacy,0,0
21918,privacy,1,0
21919,privacy,1,1
21920,privacy,0,0
21921,privacy,1,1
21922,privacy,0,0
21923,privacy,1,1
21924,privacy,0,0
21925,privacy,0,0
21926,privacy,0,0
21927,privacy,0,0
21928,privacy,0,0
21929,privacy,0,0
21930,privacy,1,1
21931,privacy,0,0
21932,privacy,0,0
21933,privacy,0,0
21934,privacy,1,0
21935,privacy,1,0
21936,privacy,1,0
21937,privacy,1,1
21938,privacy,1,0
21939,privacy,0,0
21940,privacy,0,0
21941,privacy,0,0
21942,privacy,1,1
21943,privacy,1,1
21944,privacy,0,0
21945,privacy,0,0
21946,privacy,0,0
21947,privacy,0,0
21948,privacy,0,0
21949,privacy,0,0
21950,privacy,0,0
21951,privacy,0,0
21952,privacy,0,0
21953,privacy,0,0
21954,privacy,1,1
21955,privacy,0,0
21956,privacy,0,0
21957,privacy,0,0
21958,privacy,0,0
21959,privacy,1,0
21960,privacy,1,0
21961,privacy,0,0
21962,privacy,0,0
21963,privacy,0,0
21964,privacy,1,1
21965,privacy,1,1
21966,privacy,1,1
21967,privacy,1,1
21968,privacy,1,1
21969,privacy,0,0
21970,privacy,0,0
21971,privacy,0,0
21972,privacy,1,1
21973,privacy,1,1
21974,privacy,1,1
21975,privacy,0,0
21976,privacy,0,0
21977,privacy,1,1
21978,privacy,1,0
21979,privacy,0,0
21980,privacy,1,1
21981,privacy,1,0
21982,privacy,0,0
21983,privacy,0,0
21984,privacy,0,0
21985,privacy,1,0
21986,privacy,0,0
21987,privacy,0,0
21988,privacy,0,0
21989,privacy,1,0
21990,privacy,1,0
21991,privacy,1,0
21992,privacy,1,0
21993,privacy,0,0
21994,privacy,0,0
21995,privacy,0,0
21996,privacy,1,1
21997,privacy,1,1
21998,privacy,0,0
21999,privacy,1,0
22000,privacy,0,0
22001,privacy,0,0
22002,privacy,0,0
22003,privacy,0,0
22004,privacy,0,0
22005,privacy,1,1
22006,privacy,0,0
22007,privacy,0,0
22008,privacy,1,0
22009,privacy,1,0
22010,privacy,1,0
22011,privacy,1,0
22012,privacy,0,0
22013,privacy,1,0
22014,privacy,0,0
22015,privacy,1,1
22016,privacy,1,0
22017,privacy,1,1
22018,privacy,1,0
22019,privacy,0,0
22020,privacy,0,0
22021,privacy,0,0
22022,privacy,0,0
22023,privacy,1,1
22024,privacy,0,0
22025,privacy,0,0
22026,privacy,0,0
22027,privacy,1,0
22028,privacy,0,0
22029,privacy,1,0
22030,privacy,0,0
22031,privacy,0,0
22032,privacy,1,0
22033,privacy,1,0
22034,privacy,0,0
22035,privacy,0,0
22036,privacy,1,0
22037,privacy,0,0
22038,privacy,1,1
22039,privacy,1,0
22040,privacy,0,0
22041,privacy,0,0
22042,privacy,0,0
22043,privacy,1,1
22044,privacy,1,0
22045,privacy,0,0
22046,privacy,0,0
22047,privacy,0,0
22048,privacy,0,0
22049,privacy,0,0
22050,privacy,0,0
22051,privacy,0,0
22052,privacy,0,0
22053,privacy,0,0
22054,privacy,0,0
22055,privacy,0,0
22056,privacy,0,0
22057,privacy,0,0
22058,privacy,1,1
22059,privacy,0,0
22060,privacy,1,1
22061,privacy,1,0
22062,privacy,1,1
22063,privacy,1,1
22064,privacy,0,0
22065,privacy,1,0
22066,privacy,1,0
22067,privacy,1,1
22068,privacy,1,1
22069,privacy,1,1
22070,privacy,1,1
22071,privacy,1,1
22072,privacy,1,1
22073,privacy,1,1
22074,privacy,1,1
22075,privacy,0,0
22076,privacy,0,0
22077,privacy,1,1
22078,privacy,0,0
22079,privacy,1,1
22080,privacy,1,1
22081,privacy,1,1
22082,privacy,1,1
22083,privacy,0,0
22084,privacy,0,0
22085,privacy,1,0
22086,privacy,0,0
22087,privacy,0,0
22088,privacy,0,0
22089,privacy,0,0
22090,privacy,1,1
22091,privacy,0,0
22092,privacy,0,0
22093,privacy,0,0
22094,privacy,1,1
22095,privacy,0,0
22096,privacy,0,0
22097,privacy,0,0
22098,privacy,0,0
22099,privacy,0,0
22100,privacy,0,0
22101,privacy,1,1
22102,privacy,0,0
22103,privacy,0,0
22104,privacy,0,0
22105,privacy,0,0
22106,privacy,0,0
22107,privacy,0,0
22108,privacy,0,0
22109,privacy,0,0
22110,privacy,0,0
22111,privacy,0,0
22112,privacy,0,0
22113,privacy,1,0
22114,privacy,0,0
22115,privacy,0,0
22116,privacy,0,0
22117,privacy,0,0
22118,privacy,0,0
22119,privacy,0,0
22120,privacy,1,0
22121,privacy,0,0
22122,privacy,1,0
22123,privacy,1,0
22124,privacy,1,0
22125,privacy,0,0
22126,privacy,0,0
22127,privacy,0,0
22128,privacy,0,0
22129,privacy,0,0
22130,privacy,0,0
22131,privacy,1,1
22132,privacy,0,0
22133,privacy,0,0
22134,privacy,1,1
22135,privacy,1,1
22136,privacy,0,0
22137,privacy,0,0
22138,privacy,1,1
22139,privacy,0,0
22140,privacy,0,0
22141,privacy,0,0
22142,privacy,0,0
22143,privacy,0,0
22144,privacy,0,0
22145,privacy,0,0
22146,privacy,0,0
22147,privacy,0,0
22148,privacy,0,0
22149,privacy,0,0
22150,privacy,0,0
22151,privacy,0,0
22152,privacy,0,0
22153,privacy,0,0
22154,privacy,0,0
22155,privacy,0,0
22156,privacy,0,0
22157,privacy,0,0
22158,privacy,1,0
22159,privacy,0,0
22160,privacy,1,0
22161,privacy,0,0
22162,privacy,0,0
22163,privacy,1,0
22164,privacy,1,0
22165,privacy,0,0
22166,privacy,0,0
22167,privacy,0,0
22168,privacy,0,0
22169,privacy,1,0
22170,privacy,1,0
22171,privacy,0,0
22172,privacy,1,0
22173,privacy,1,0
22174,privacy,0,0
22175,privacy,0,0
22176,privacy,1,0
22177,privacy,1,1
22178,privacy,0,0
22179,privacy,0,0
22180,privacy,1,1
22181,privacy,1,1
22182,privacy,1,0
22183,privacy,0,0
22184,privacy,0,0
22185,privacy,0,0
22186,privacy,1,0
22187,privacy,1,0
22188,privacy,0,0
22189,privacy,0,0
22190,privacy,0,0
22191,privacy,0,0
22192,privacy,0,0
22193,privacy,0,0
22194,privacy,0,0
22195,privacy,0,0
22196,privacy,0,0
22197,privacy,0,0
22198,privacy,0,0
22199,privacy,0,0
22200,privacy,0,0
22201,privacy,1,1
22202,privacy,0,0
22203,privacy,0,0
22204,privacy,0,0
22205,privacy,0,0
22206,privacy,1,1
22207,privacy,0,0
22208,privacy,1,1
22209,privacy,0,0
22210,privacy,0,0
22211,privacy,0,0
22212,privacy,1,0
22213,privacy,0,0
22214,privacy,0,0
22215,privacy,1,0
22216,privacy,0,0
22217,privacy,0,0
22218,privacy,0,0
22219,privacy,0,0
22220,privacy,0,0
22221,privacy,0,0
22222,privacy,0,0
22223,privacy,0,0
22224,privacy,0,0
22225,privacy,0,0
22226,privacy,0,0
22227,privacy,0,0
22228,privacy,0,0
22229,privacy,0,0
22230,privacy,0,0
22231,privacy,0,0
22232,privacy,0,0
22233,privacy,0,0
22234,privacy,0,0
22235,privacy,0,0
22236,privacy,0,0
22237,privacy,0,0
22238,privacy,0,0
22239,privacy,0,0
22240,privacy,0,0
22241,privacy,0,0
22242,privacy,0,0
22243,privacy,0,0
22244,privacy,0,0
22245,privacy,0,0
22246,privacy,0,0
22247,privacy,0,0
22248,privacy,0,0
22249,privacy,0,0
22250,privacy,0,0
22251,privacy,0,0
22252,privacy,0,0
22253,privacy,1,1
22254,privacy,0,0
22255,privacy,0,0
22256,privacy,1,1
22257,privacy,1,1
22258,privacy,0,0
22259,privacy,1,0
22260,privacy,0,0
22261,privacy,0,0
22262,privacy,0,0
22263,privacy,1,0
22264,privacy,1,1
22265,privacy,0,0
22266,privacy,0,0
22267,privacy,1,0
22268,privacy,0,0
22269,privacy,0,0
22270,privacy,0,0
22271,privacy,0,0
22272,privacy,0,0
22273,privacy,0,0
22274,privacy,1,0
22275,privacy,0,0
22276,privacy,0,0
22277,privacy,0,0
22278,privacy,1,1
22279,privacy,1,1
22280,privacy,1,1
22281,privacy,0,0
22282,privacy,0,0
22283,privacy,0,0
22284,privacy,0,0
22285,privacy,0,0
22286,privacy,1,0
22287,privacy,0,0
22288,privacy,1,0
22289,privacy,0,0
22290,privacy,0,0
22291,privacy,1,1
22292,privacy,0,0
22293,privacy,0,0
22294,privacy,0,0
22295,privacy,1,0
22296,privacy,0,0
22297,privacy,1,1
22298,privacy,0,0
22299,privacy,0,0
22300,privacy,0,0
22301,privacy,0,0
22302,privacy,0,0
22303,privacy,0,0
22304,privacy,0,0
22305,privacy,0,0
22306,privacy,0,0
22307,privacy,0,0
22308,privacy,0,0
22309,privacy,0,0
22310,privacy,0,0
22311,privacy,0,0
22312,privacy,0,0
22313,privacy,0,0
22314,privacy,0,0
22315,privacy,0,0
22316,privacy,0,0
22317,privacy,0,0
22318,privacy,0,0
22319,privacy,0,0
22320,privacy,0,0
22321,privacy,0,0
22322,privacy,0,0
22323,privacy,0,0
22324,privacy,0,0
22325,privacy,0,0
22326,privacy,0,0
22327,privacy,0,0
22328,privacy,0,0
22329,privacy,1,1
22330,privacy,0,0
22331,privacy,0,0
22332,privacy,0,0
22333,privacy,1,1
22334,privacy,0,0
22335,privacy,0,0
22336,privacy,1,1
22337,privacy,0,0
22338,privacy,1,1
22339,privacy,0,0
22340,privacy,0,0
22341,privacy,0,0
22342,privacy,1,1
22343,privacy,1,1
22344,privacy,0,0
22345,privacy,0,0
22346,privacy,0,0
22347,privacy,0,0
22348,privacy,0,0
22349,privacy,0,0
22350,privacy,0,0
22351,privacy,0,0
22352,privacy,0,0
22353,privacy,0,0
22354,privacy,0,0
22355,privacy,1,0
22356,privacy,0,0
22357,privacy,0,0
22358,privacy,1,0
22359,privacy,0,0
22360,privacy,0,0
22361,privacy,1,1
22362,privacy,1,0
22363,privacy,1,0
22364,privacy,0,0
22365,privacy,1,1
22366,privacy,1,0
22367,privacy,1,1
22368,privacy,1,1
22369,privacy,0,0
22370,privacy,0,0
22371,privacy,0,0
22372,privacy,0,0
22373,privacy,1,1
22374,privacy,0,0
22375,privacy,0,0
22376,privacy,0,0
22377,privacy,1,0
22378,privacy,0,0
22379,privacy,0,0
22380,privacy,1,1
22381,privacy,1,1
22382,privacy,0,0
22383,privacy,1,0
22384,privacy,0,0
22385,privacy,1,1
22386,privacy,1,1
22387,privacy,0,0
22388,privacy,1,1
22389,privacy,0,0
22390,privacy,0,0
22391,privacy,0,0
22392,privacy,0,0
22393,privacy,0,0
22394,privacy,0,0
22395,privacy,1,0
22396,privacy,0,0
22397,privacy,0,0
22398,privacy,0,0
22399,privacy,0,0
22400,privacy,0,0
22401,privacy,0,0
22402,privacy,0,0
22403,privacy,0,0
22404,privacy,0,0
22405,privacy,0,0
22406,privacy,0,0
22407,privacy,0,0
22408,privacy,0,0
22409,privacy,0,0
22410,privacy,0,0
22411,privacy,0,0
22412,privacy,0,0
22413,privacy,0,0
22414,privacy,1,0
22415,privacy,0,0
22416,privacy,0,0
22417,privacy,0,0
22418,privacy,0,0
22419,privacy,0,0
22420,privacy,0,0
22421,privacy,0,0
22422,privacy,0,0
22423,privacy,0,0
22424,privacy,0,0
22425,privacy,0,0
22426,privacy,0,0
22427,privacy,0,0
22428,privacy,0,0
22429,privacy,0,0
22430,privacy,1,1
22431,privacy,0,0
22432,privacy,0,0
22433,privacy,0,0
22434,privacy,0,0
22435,privacy,0,0
22436,privacy,0,0
22437,privacy,1,1
22438,privacy,0,0
22439,privacy,0,0
22440,privacy,0,0
22441,privacy,0,0
22442,privacy,0,0
22443,privacy,1,0
22444,privacy,0,0
22445,privacy,0,0
22446,privacy,0,0
22447,privacy,1,1
22448,privacy,0,0
22449,privacy,0,0
22450,privacy,0,0
22451,privacy,0,0
22452,privacy,0,0
22453,privacy,1,0
22454,privacy,0,0
22455,privacy,1,1
22456,privacy,0,0
22457,privacy,0,0
22458,privacy,0,0
22459,privacy,0,0
22460,privacy,0,0
22461,privacy,1,1
22462,privacy,0,0
22463,privacy,0,0
22464,privacy,1,1
22465,privacy,1,1
22466,privacy,0,0
22467,privacy,0,0
22468,privacy,1,0
22469,privacy,0,0
22470,privacy,0,0
22471,privacy,0,0
22472,privacy,0,0
22473,privacy,1,1
22474,privacy,0,0
22475,privacy,0,0
22476,privacy,0,0
22477,privacy,0,0
22478,privacy,0,0
22479,privacy,0,0
22480,privacy,0,0
22481,privacy,0,0
22482,privacy,0,0
22483,privacy,0,0
22484,privacy,0,0
22485,privacy,0,0
22486,privacy,0,0
22487,privacy,0,0
22488,privacy,0,0
22489,privacy,0,0
22490,privacy,0,0
22491,privacy,0,0
22492,privacy,1,1
22493,privacy,0,0
22494,privacy,0,0
22495,privacy,0,0
22496,privacy,0,0
22497,privacy,0,0
22498,privacy,0,0
22499,privacy,0,0
22500,privacy,0,0
22501,privacy,0,0
22502,privacy,0,0
22503,privacy,0,0
22504,privacy,0,0
22505,privacy,0,0
22506,privacy,0,0
22507,privacy,0,0
22508,privacy,1,1
22509,privacy,0,0
22510,privacy,0,0
22511,privacy,0,0
22512,privacy,0,0
22513,privacy,0,0
22514,privacy,0,0
22515,privacy,1,1
22516,privacy,1,0
22517,privacy,0,0
22518,privacy,0,0
22519,privacy,0,0
22520,privacy,0,0
22521,privacy,0,0
22522,privacy,0,0
22523,privacy,0,0
22524,privacy,0,0
22525,privacy,0,0
22526,privacy,0,0
22527,privacy,0,0
22528,privacy,0,0
22529,privacy,0,0
22530,privacy,0,0
22531,privacy,0,0
22532,privacy,0,0
22533,privacy,0,0
22534,privacy,0,0
22535,privacy,0,0
22536,privacy,1,0
22537,privacy,0,0
22538,privacy,0,0
22539,privacy,0,0
22540,privacy,1,1
22541,privacy,0,0
22542,privacy,0,0
22543,privacy,0,0
22544,privacy,0,0
22545,privacy,0,0
22546,privacy,0,0
22547,privacy,0,0
22548,privacy,0,0
22549,privacy,1,0
22550,privacy,1,0
22551,privacy,1,0
22552,privacy,0,0
22553,privacy,0,0
22554,privacy,0,0
22555,privacy,0,0
22556,privacy,0,0
22557,privacy,0,0
22558,privacy,1,0
22559,privacy,0,0
22560,privacy,1,0
22561,privacy,1,0
22562,privacy,1,0
22563,privacy,0,0
22564,privacy,0,0
22565,privacy,0,0
22566,privacy,1,0
22567,privacy,0,0
22568,privacy,0,0
22569,privacy,0,0
22570,privacy,0,0
22571,privacy,0,0
22572,privacy,1,0
22573,privacy,0,0
22574,privacy,0,0
22575,privacy,0,0
22576,privacy,0,0
22577,privacy,0,0
22578,privacy,0,0
22579,privacy,0,0
22580,privacy,1,0
22581,privacy,1,0
22582,privacy,0,0
22583,privacy,0,0
22584,privacy,0,0
22585,privacy,1,0
22586,privacy,1,0
22587,privacy,0,0
22588,privacy,1,0
22589,privacy,1,0
22590,privacy,1,0
22591,privacy,1,0
22592,privacy,0,0
22593,privacy,1,1
22594,privacy,1,1
22595,privacy,0,0
22596,privacy,0,0
22597,privacy,1,0
22598,privacy,1,0
22599,privacy,1,0
22600,privacy,0,0
22601,privacy,0,0
22602,privacy,0,0
22603,privacy,0,0
22604,privacy,0,0
22605,privacy,0,0
22606,privacy,0,0
22607,privacy,0,0
22608,privacy,0,0
22609,privacy,0,0
22610,privacy,0,0
22611,privacy,0,0
22612,privacy,0,0
22613,privacy,0,0
22614,privacy,0,0
22615,privacy,0,0
22616,privacy,0,0
22617,privacy,1,1
22618,privacy,1,1
22619,privacy,0,0
22620,privacy,0,0
22621,privacy,1,1
22622,privacy,1,1
22623,privacy,0,0
22624,privacy,1,0
22625,privacy,0,0
22626,privacy,0,0
22627,privacy,0,0
22628,privacy,0,0
22629,privacy,0,0
22630,privacy,0,0
22631,privacy,1,0
22632,privacy,0,0
22633,privacy,0,0
22634,privacy,0,0
22635,privacy,1,0
22636,privacy,0,0
22637,privacy,0,0
22638,privacy,1,1
22639,privacy,1,1
22640,privacy,0,0
22641,privacy,1,1
22642,privacy,1,0
22643,privacy,0,0
22644,privacy,0,0
22645,privacy,1,0
22646,privacy,1,1
22647,privacy,0,0
22648,privacy,1,0
22649,privacy,0,0
22650,privacy,1,0
22651,privacy,0,0
22652,privacy,0,0
22653,privacy,0,0
22654,privacy,0,0
22655,privacy,0,0
22656,privacy,0,0
22657,privacy,0,0
22658,privacy,0,0
22659,privacy,1,0
22660,privacy,0,0
22661,privacy,0,0
22662,privacy,1,0
22663,privacy,0,0
22664,privacy,0,0
22665,privacy,0,0
22666,privacy,0,0
22667,privacy,0,0
22668,privacy,0,0
22669,privacy,0,0
22670,privacy,0,0
22671,privacy,0,0
22672,privacy,0,0
22673,privacy,0,0
22674,privacy,0,0
22675,privacy,0,0
22676,privacy,0,0
22677,privacy,0,0
22678,privacy,0,0
22679,privacy,0,0
22680,privacy,0,0
22681,privacy,0,0
22682,privacy,0,0
22683,privacy,0,0
22684,privacy,0,0
22685,privacy,0,0
22686,privacy,0,0
22687,privacy,0,0
22688,privacy,0,0
22689,privacy,0,0
22690,privacy,0,0
22691,privacy,0,0
22692,privacy,0,0
22693,privacy,1,0
22694,privacy,0,0
22695,privacy,0,0
22696,privacy,0,0
22697,privacy,0,0
22698,privacy,0,0
22699,privacy,0,0
22700,privacy,0,0
22701,privacy,0,0
22702,privacy,0,0
22703,privacy,0,0
22704,privacy,0,0
22705,privacy,0,0
22706,privacy,0,0
22707,privacy,0,0
22708,privacy,0,0
22709,privacy,0,0
22710,privacy,0,0
22711,privacy,0,0
22712,privacy,0,0
22713,privacy,0,0
22714,privacy,0,0
22715,privacy,1,1
22716,privacy,0,0
22717,privacy,0,0
22718,privacy,0,0
22719,privacy,0,0
22720,privacy,0,0
22721,privacy,0,0
22722,privacy,1,0
22723,privacy,0,0
22724,privacy,1,0
22725,privacy,0,0
22726,privacy,0,0
22727,privacy,0,0
22728,privacy,1,0
22729,privacy,1,1
22730,privacy,0,0
22731,privacy,0,0
22732,privacy,1,1
22733,privacy,0,0
22734,privacy,0,0
22735,privacy,1,1
22736,privacy,0,0
22737,privacy,0,0
22738,privacy,1,1
22739,privacy,0,0
22740,privacy,0,0
22741,privacy,0,0
22742,privacy,0,0
22743,privacy,1,0
22744,privacy,0,0
22745,privacy,0,0
22746,privacy,0,0
22747,privacy,0,0
22748,privacy,0,0
22749,privacy,0,0
22750,privacy,0,0
22751,privacy,0,0
22752,privacy,0,0
22753,privacy,0,0
22754,privacy,0,0
22755,privacy,0,0
22756,privacy,0,0
22757,privacy,0,0
22758,privacy,0,0
22759,privacy,0,0
22760,privacy,0,0
22761,privacy,0,0
22762,privacy,1,1
22763,privacy,0,0
22764,privacy,0,0
22765,privacy,1,0
22766,privacy,1,0
22767,privacy,1,0
22768,privacy,0,0
22769,privacy,0,0
22770,privacy,0,0
22771,privacy,0,0
22772,privacy,0,0
22773,privacy,0,0
22774,privacy,0,0
22775,privacy,0,0
22776,privacy,0,0
22777,privacy,0,0
22778,privacy,0,0
22779,privacy,0,0
22780,privacy,0,0
22781,privacy,0,0
22782,privacy,0,0
22783,privacy,0,0
22784,privacy,0,0
22785,privacy,1,0
22786,privacy,0,0
22787,privacy,0,0
22788,privacy,0,0
22789,privacy,0,0
22790,privacy,0,0
22791,privacy,0,0
22792,privacy,0,0
22793,privacy,0,0
22794,privacy,0,0
22795,privacy,0,0
22796,privacy,0,0
22797,privacy,0,0
22798,privacy,0,0
22799,privacy,0,0
22800,privacy,0,0
22801,privacy,0,0
22802,privacy,0,0
22803,privacy,0,0
22804,privacy,0,0
22805,privacy,0,0
22806,privacy,0,0
22807,privacy,0,0
22808,privacy,0,0
22809,privacy,1,1
22810,privacy,0,0
22811,privacy,0,0
22812,privacy,0,0
22813,privacy,0,0
22814,privacy,0,0
22815,privacy,0,0
22816,privacy,0,0
22817,privacy,0,0
22818,privacy,0,0
22819,privacy,0,0
22820,privacy,0,0
22821,privacy,0,0
22822,privacy,0,0
22823,privacy,0,0
22824,privacy,0,0
22825,privacy,0,0
22826,privacy,0,0
22827,privacy,0,0
22828,privacy,0,0
22829,privacy,0,0
22830,privacy,0,0
22831,privacy,0,0
22832,privacy,0,0
22833,privacy,0,0
22834,privacy,0,0
22835,privacy,0,0
22836,privacy,0,0
22837,privacy,0,0
22838,privacy,0,0
22839,privacy,0,0
22840,privacy,0,0
22841,privacy,1,1
22842,privacy,0,0
22843,privacy,0,0
22844,privacy,0,0
22845,privacy,1,1
22846,privacy,0,0
22847,privacy,0,0
22848,privacy,0,0
22849,privacy,0,0
22850,privacy,0,0
22851,privacy,0,0
22852,privacy,0,0
22853,privacy,0,0
22854,privacy,1,0
22855,privacy,1,1
22856,privacy,1,1
22857,privacy,1,0
22858,privacy,1,0
22859,privacy,0,0
22860,privacy,0,0
22861,privacy,0,0
22862,privacy,1,1
22863,privacy,1,0
22864,privacy,1,0
22865,privacy,1,1
22866,privacy,0,0
22867,privacy,1,0
22868,privacy,1,0
22869,privacy,0,0
22870,privacy,0,0
22871,privacy,1,1
22872,privacy,0,0
22873,privacy,1,0
22874,privacy,1,0
22875,privacy,0,0
22876,privacy,0,0
22877,privacy,1,0
22878,privacy,0,0
22879,privacy,0,0
22880,privacy,0,0
22881,privacy,1,1
22882,privacy,0,0
22883,privacy,0,0
22884,privacy,0,0
22885,privacy,0,0
22886,privacy,1,0
22887,privacy,0,0
22888,privacy,0,0
22889,privacy,0,0
22890,privacy,0,0
22891,privacy,0,0
22892,privacy,0,0
22893,privacy,0,0
22894,privacy,0,0
22895,privacy,0,0
22896,privacy,0,0
22897,privacy,0,0
22898,privacy,0,0
22899,privacy,0,0
22900,privacy,0,0
22901,privacy,0,0
22902,privacy,0,0
22903,privacy,0,0
22904,privacy,0,0
22905,privacy,0,0
22906,privacy,0,0
22907,privacy,1,1
22908,privacy,1,1
22909,privacy,0,0
22910,privacy,0,0
22911,privacy,0,0
22912,privacy,0,0
22913,privacy,0,0
22914,privacy,0,0
22915,privacy,0,0
22916,privacy,0,0
22917,privacy,0,0
22918,privacy,0,0
22919,privacy,0,0
22920,privacy,0,0
22921,privacy,0,0
22922,privacy,0,0
22923,privacy,0,0
22924,privacy,0,0
22925,privacy,0,0
22926,privacy,0,0
22927,privacy,0,0
22928,privacy,0,0
22929,privacy,0,0
22930,privacy,0,0
22931,privacy,0,0
22932,privacy,1,0
22933,privacy,0,0
22934,privacy,0,0
22935,privacy,0,0
22936,privacy,0,0
22937,privacy,0,0
22938,privacy,0,0
22939,privacy,1,0
22940,privacy,1,0
22941,privacy,0,0
22942,privacy,0,0
22943,privacy,0,0
22944,privacy,0,0
22945,privacy,0,0
22946,privacy,0,0
22947,privacy,0,0
22948,privacy,1,0
22949,privacy,0,0
22950,privacy,0,0
22951,privacy,1,1
22952,privacy,0,0
22953,privacy,0,0
22954,privacy,1,1
22955,privacy,1,0
22956,privacy,0,0
22957,privacy,1,1
22958,privacy,1,1
22959,privacy,1,1
22960,privacy,1,1
22961,privacy,0,0
22962,privacy,0,0
22963,privacy,0,0
22964,privacy,0,0
22965,privacy,0,0
22966,privacy,0,0
22967,privacy,0,0
22968,privacy,0,0
22969,privacy,1,0
22970,privacy,0,0
22971,privacy,0,0
22972,privacy,0,0
22973,privacy,0,0
22974,privacy,0,0
22975,privacy,0,0
22976,privacy,0,0
22977,privacy,0,0
22978,privacy,1,1
22979,privacy,1,1
22980,privacy,1,1
22981,privacy,1,1
22982,privacy,0,0
22983,privacy,1,1
22984,privacy,1,1
22985,privacy,1,1
22986,privacy,0,0
22987,privacy,1,1
22988,privacy,0,0
22989,privacy,0,0
22990,privacy,1,1
22991,privacy,0,0
22992,privacy,1,1
22993,privacy,0,0
22994,privacy,1,1
22995,privacy,1,1
22996,privacy,1,1
22997,privacy,0,0
22998,privacy,1,1
22999,privacy,1,0
23000,privacy,1,0
23001,privacy,0,0
23002,privacy,0,0
23003,privacy,0,0
23004,privacy,1,1
23005,privacy,0,0
23006,privacy,0,0
23007,privacy,0,0
23008,privacy,1,1
23009,privacy,0,0
23010,privacy,1,1
23011,privacy,0,0
23012,privacy,0,0
23013,privacy,0,0
23014,privacy,0,0
23015,privacy,0,0
23016,privacy,0,0
23017,privacy,0,0
23018,privacy,0,0
23019,privacy,0,0
23020,privacy,0,0
23021,privacy,0,0
23022,privacy,0,0
23023,privacy,0,0
23024,privacy,0,0
23025,privacy,0,0
23026,privacy,1,1
23027,privacy,1,1
23028,privacy,0,0
23029,privacy,1,1
23030,privacy,0,0
23031,privacy,1,1
23032,privacy,1,1
23033,privacy,0,0
23034,privacy,1,1
23035,privacy,1,1
23036,privacy,1,1
23037,privacy,0,0
23038,privacy,0,0
23039,privacy,0,0
23040,privacy,1,1
23041,privacy,0,0
23042,privacy,0,0
23043,privacy,1,1
23044,privacy,0,0
23045,privacy,0,0
23046,privacy,0,0
23047,privacy,1,0
23048,privacy,1,0
23049,privacy,0,0
23050,privacy,0,0
23051,privacy,0,0
23052,privacy,0,0
23053,privacy,0,0
23054,privacy,0,0
23055,privacy,0,0
23056,privacy,1,1
23057,privacy,0,0
23058,privacy,0,0
23059,privacy,0,0
23060,privacy,0,0
23061,privacy,0,0
23062,privacy,0,0
23063,privacy,1,0
23064,privacy,0,0
23065,privacy,0,0
23066,privacy,0,0
23067,privacy,0,0
23068,privacy,0,0
23069,privacy,1,0
23070,privacy,0,0
23071,privacy,0,0
23072,privacy,1,0
23073,privacy,1,0
23074,privacy,1,0
23075,privacy,0,0
23076,privacy,0,0
23077,privacy,0,0
23078,privacy,0,0
23079,privacy,1,1
23080,privacy,0,0
23081,privacy,0,0
23082,privacy,0,0
23083,privacy,0,0
23084,privacy,0,0
23085,privacy,0,0
23086,privacy,0,0
23087,privacy,0,0
23088,privacy,0,0
23089,privacy,0,0
23090,privacy,0,0
23091,privacy,0,0
23092,privacy,0,0
23093,privacy,0,0
23094,privacy,0,0
23095,privacy,0,0
23096,privacy,0,0
23097,privacy,0,0
23098,privacy,0,0
23099,privacy,0,0
23100,privacy,1,0
23101,privacy,0,0
23102,privacy,0,0
23103,privacy,0,0
23104,privacy,0,0
23105,privacy,1,1
23106,privacy,0,0
23107,privacy,0,0
23108,privacy,0,0
23109,privacy,0,0
23110,privacy,0,0
23111,privacy,1,0
23112,privacy,1,0
23113,privacy,1,0
23114,privacy,0,0
23115,privacy,1,0
23116,privacy,1,0
23117,privacy,1,0
23118,privacy,0,0
23119,privacy,1,1
23120,privacy,1,0
23121,privacy,1,1
23122,privacy,0,0
23123,privacy,1,0
23124,privacy,1,1
23125,privacy,0,0
23126,privacy,0,0
23127,privacy,1,1
23128,privacy,0,0
23129,privacy,1,0
23130,privacy,0,0
23131,privacy,0,0
23132,privacy,0,0
23133,privacy,0,0
23134,privacy,0,0
23135,privacy,1,1
23136,privacy,0,0
23137,privacy,0,0
23138,privacy,0,0
23139,privacy,0,0
23140,privacy,1,0
23141,privacy,1,0
23142,privacy,1,0
23143,privacy,0,0
23144,privacy,1,0
23145,privacy,0,0
23146,privacy,0,0
23147,privacy,0,0
23148,privacy,0,0
23149,privacy,1,0
23150,privacy,0,0
23151,privacy,0,0
23152,privacy,1,1
23153,privacy,1,1
23154,privacy,0,0
23155,privacy,0,0
23156,privacy,0,0
23157,privacy,1,0
23158,privacy,0,0
23159,privacy,0,0
23160,privacy,0,0
23161,privacy,0,0
23162,privacy,0,0
23163,privacy,0,0
23164,privacy,0,0
23165,privacy,0,0
23166,privacy,0,0
23167,privacy,0,0
23168,privacy,0,0
23169,privacy,0,0
23170,privacy,0,0
23171,privacy,0,0
23172,privacy,0,0
23173,privacy,0,0
23174,privacy,0,0
23175,privacy,0,0
23176,privacy,0,0
23177,privacy,0,0
23178,privacy,0,0
23179,privacy,0,0
23180,privacy,0,0
23181,privacy,0,0
23182,privacy,0,0
23183,privacy,0,0
23184,privacy,0,0
23185,privacy,0,0
23186,privacy,0,0
23187,privacy,0,0
23188,privacy,1,1
23189,privacy,0,0
23190,privacy,0,0
23191,privacy,1,0
23192,privacy,0,0
23193,privacy,0,0
23194,privacy,0,0
23195,privacy,0,0
23196,privacy,0,0
23197,privacy,0,0
23198,privacy,0,0
23199,privacy,0,0
23200,privacy,0,0
23201,privacy,0,0
23202,privacy,0,0
23203,privacy,0,0
23204,privacy,0,0
23205,privacy,1,1
23206,privacy,0,0
23207,privacy,0,0
23208,privacy,1,1
23209,privacy,1,1
23210,privacy,0,0
23211,privacy,0,0
23212,privacy,1,1
23213,privacy,0,0
23214,privacy,0,0
23215,privacy,1,1
23216,privacy,1,0
23217,privacy,1,1
23218,privacy,1,1
23219,privacy,0,0
23220,privacy,0,0
23221,privacy,0,0
23222,privacy,0,0
23223,privacy,0,0
23224,privacy,0,0
23225,privacy,0,0
23226,privacy,1,0
23227,privacy,1,0
23228,privacy,1,0
23229,privacy,0,0
23230,privacy,0,0
23231,privacy,0,0
23232,privacy,0,0
23233,privacy,1,0
23234,privacy,1,0
23235,privacy,0,0
23236,privacy,1,0
23237,privacy,1,0
23238,privacy,1,0
23239,privacy,1,0
23240,privacy,1,1
23241,privacy,0,0
23242,privacy,0,0
23243,privacy,1,0
23244,privacy,1,0
23245,privacy,1,0
23246,privacy,0,0
23247,privacy,1,0
23248,privacy,1,0
23249,privacy,1,0
23250,privacy,0,0
23251,privacy,0,0
23252,privacy,0,0
23253,privacy,0,0
23254,privacy,0,0
23255,privacy,0,0
23256,privacy,0,0
23257,privacy,0,0
23258,privacy,0,0
23259,privacy,1,1
23260,privacy,1,0
23261,privacy,1,0
23262,privacy,1,0
23263,privacy,0,0
23264,privacy,1,0
23265,privacy,0,0
23266,privacy,1,0
23267,privacy,1,1
23268,privacy,0,0
23269,privacy,1,0
23270,privacy,0,0
23271,privacy,0,0
23272,privacy,0,0
23273,privacy,0,0
23274,privacy,0,0
23275,privacy,0,0
23276,privacy,0,0
23277,privacy,0,0
23278,privacy,0,0
23279,privacy,0,0
23280,privacy,0,0
23281,privacy,0,0
23282,privacy,0,0
23283,privacy,0,0
23284,privacy,0,0
23285,privacy,0,0
23286,privacy,0,0
23287,privacy,0,0
23288,privacy,0,0
23289,privacy,1,0
23290,privacy,0,0
23291,privacy,0,0
23292,privacy,0,0
23293,privacy,0,0
23294,privacy,1,1
23295,privacy,1,0
23296,privacy,1,0
23297,privacy,0,0
23298,privacy,0,0
23299,privacy,1,1
23300,privacy,0,0
23301,privacy,0,0
23302,privacy,0,0
23303,privacy,0,0
23304,privacy,0,0
23305,privacy,0,0
23306,privacy,0,0
23307,privacy,0,0
23308,privacy,0,0
23309,privacy,0,0
23310,privacy,0,0
23311,privacy,0,0
23312,privacy,0,0
23313,privacy,0,0
23314,privacy,0,0
23315,privacy,1,0
23316,privacy,0,0
23317,privacy,1,1
23318,privacy,0,0
23319,privacy,0,0
23320,privacy,1,0
23321,privacy,0,0
23322,privacy,0,0
23323,privacy,0,0
23324,privacy,0,0
23325,privacy,0,0
23326,privacy,0,0
23327,privacy,1,1
23328,privacy,0,0
23329,privacy,0,0
23330,privacy,0,0
23331,privacy,0,0
23332,privacy,0,0
23333,privacy,0,0
23334,privacy,0,0
23335,privacy,0,0
23336,privacy,1,0
23337,privacy,0,0
23338,privacy,0,0
23339,privacy,0,0
23340,privacy,0,0
23341,privacy,1,0
23342,privacy,0,0
23343,privacy,0,0
23344,privacy,1,0
23345,privacy,1,0
23346,privacy,0,0
23347,privacy,0,0
23348,privacy,0,0
23349,privacy,1,0
23350,privacy,0,0
23351,privacy,0,0
23352,privacy,0,0
23353,privacy,0,0
23354,privacy,0,0
23355,privacy,0,0
23356,privacy,0,0
23357,privacy,0,0
23358,privacy,0,0
23359,privacy,0,0
23360,privacy,0,0
23361,privacy,0,0
23362,privacy,0,0
23363,privacy,0,0
23364,privacy,0,0
23365,privacy,0,0
23366,privacy,0,0
23367,privacy,0,0
23368,privacy,0,0
23369,privacy,0,0
23370,privacy,0,0
23371,privacy,0,0
23372,privacy,0,0
23373,privacy,0,0
23374,privacy,1,0
23375,privacy,0,0
23376,privacy,0,0
23377,privacy,0,0
23378,privacy,0,0
23379,privacy,0,0
23380,privacy,0,0
23381,privacy,1,1
23382,privacy,0,0
23383,privacy,0,0
23384,privacy,0,0
23385,privacy,0,0
23386,privacy,0,0
23387,privacy,0,0
23388,privacy,0,0
23389,privacy,0,0
23390,privacy,0,0
23391,privacy,0,0
23392,privacy,0,0
23393,privacy,0,0
23394,privacy,0,0
23395,privacy,0,0
23396,privacy,0,0
23397,privacy,0,0
23398,privacy,0,0
23399,privacy,0,0
23400,privacy,0,0
23401,privacy,0,0
23402,privacy,0,0
23403,privacy,0,0
23404,privacy,0,0
23405,privacy,0,0
23406,privacy,0,0
23407,privacy,1,0
23408,privacy,1,0
23409,privacy,0,0
23410,privacy,0,0
23411,privacy,0,0
23412,privacy,0,0
23413,privacy,0,0
23414,privacy,0,0
23415,privacy,0,0
23416,privacy,0,0
23417,privacy,0,0
23418,privacy,1,0
23419,privacy,0,0
23420,privacy,0,0
23421,privacy,0,0
23422,privacy,0,0
23423,privacy,1,0
23424,privacy,0,0
23425,privacy,0,0
23426,privacy,0,0
23427,privacy,0,0
23428,privacy,0,0
23429,privacy,0,0
23430,privacy,0,0
23431,privacy,0,0
23432,privacy,0,0
23433,privacy,0,0
23434,privacy,0,0
23435,privacy,0,0
23436,privacy,1,0
23437,privacy,0,0
23438,privacy,0,0
23439,privacy,0,0
23440,privacy,0,0
23441,privacy,0,0
23442,privacy,0,0
23443,privacy,0,0
23444,privacy,0,0
23445,privacy,0,0
23446,privacy,0,0
23447,privacy,0,0
23448,privacy,0,0
23449,privacy,0,0
23450,privacy,0,0
23451,privacy,0,0
23452,privacy,0,0
23453,privacy,0,0
23454,privacy,0,0
23455,privacy,1,0
23456,privacy,0,0
23457,privacy,0,0
23458,privacy,0,0
23459,privacy,0,0
23460,privacy,0,0
23461,privacy,0,0
23462,privacy,0,0
23463,privacy,0,0
23464,privacy,0,0
23465,privacy,0,0
23466,privacy,1,1
23467,privacy,1,1
23468,privacy,0,0
23469,privacy,0,0
23470,privacy,0,0
23471,privacy,0,0
23472,privacy,1,0
23473,privacy,0,0
23474,privacy,0,0
23475,privacy,0,0
23476,privacy,0,0
23477,privacy,0,0
23478,privacy,1,1
23479,privacy,0,0
23480,privacy,0,0
23481,privacy,0,0
23482,privacy,0,0
23483,privacy,0,0
23484,privacy,0,0
23485,privacy,0,0
23486,privacy,0,0
23487,privacy,0,0
23488,privacy,0,0
23489,privacy,0,0
23490,privacy,0,0
23491,privacy,1,0
23492,privacy,1,0
23493,privacy,0,0
23494,privacy,0,0
23495,privacy,0,0
23496,privacy,0,0
23497,privacy,0,0
23498,privacy,0,0
23499,privacy,0,0
23500,privacy,0,0
23501,privacy,0,0
23502,privacy,0,0
23503,privacy,1,0
23504,privacy,0,0
23505,privacy,0,0
23506,privacy,0,0
23507,privacy,0,0
23508,privacy,1,1
23509,privacy,0,0
23510,privacy,1,0
23511,privacy,0,0
23512,privacy,0,0
23513,privacy,1,0
23514,privacy,1,0
23515,privacy,0,0
23516,privacy,0,0
23517,privacy,1,0
23518,privacy,0,0
23519,privacy,0,0
23520,privacy,0,0
23521,privacy,1,0
23522,privacy,1,0
23523,privacy,0,0
23524,privacy,1,0
23525,privacy,0,0
23526,privacy,0,0
23527,privacy,0,0
23528,privacy,0,0
23529,privacy,0,0
23530,privacy,0,0
23531,privacy,0,0
23532,privacy,0,0
23533,privacy,0,0
23534,privacy,0,0
23535,privacy,0,0
23536,privacy,0,0
23537,privacy,0,0
23538,privacy,0,0
23539,privacy,0,0
23540,privacy,1,0
23541,privacy,0,0
23542,privacy,1,1
23543,privacy,0,0
23544,privacy,0,0
23545,privacy,0,0
23546,privacy,1,1
23547,privacy,1,0
23548,privacy,1,0
23549,privacy,0,0
23550,privacy,0,0
23551,privacy,0,0
23552,privacy,0,0
23553,privacy,0,0
23554,privacy,0,0
23555,privacy,0,0
23556,privacy,1,0
23557,privacy,1,1
23558,privacy,1,1
23559,privacy,1,0
23560,privacy,0,0
23561,privacy,0,0
23562,privacy,0,0
23563,privacy,0,0
23564,privacy,0,0
23565,privacy,1,1
23566,privacy,0,0
23567,privacy,0,0
23568,privacy,0,0
23569,privacy,0,0
23570,privacy,0,0
23571,privacy,0,0
23572,privacy,1,0
23573,privacy,1,0
23574,privacy,1,0
23575,privacy,0,0
23576,privacy,0,0
23577,privacy,0,0
23578,privacy,0,0
23579,privacy,0,0
23580,privacy,0,0
23581,privacy,1,0
23582,privacy,0,0
23583,privacy,0,0
23584,privacy,0,0
23585,privacy,0,0
23586,privacy,0,0
23587,privacy,0,0
23588,privacy,0,0
23589,privacy,0,0
23590,privacy,0,0
23591,privacy,0,0
23592,privacy,1,1
23593,privacy,1,1
23594,privacy,0,0
23595,privacy,1,0
23596,privacy,1,0
23597,privacy,1,0
23598,privacy,0,0
23599,privacy,0,0
23600,privacy,0,0
23601,privacy,0,0
23602,privacy,1,0
23603,privacy,0,0
23604,privacy,1,0
23605,privacy,0,0
23606,privacy,0,0
23607,privacy,0,0
23608,privacy,0,0
23609,privacy,0,0
23610,privacy,1,0
23611,privacy,0,0
23612,privacy,1,0
23613,privacy,0,0
23614,privacy,0,0
23615,privacy,0,0
23616,privacy,0,0
23617,privacy,0,0
23618,privacy,0,0
23619,privacy,0,0
23620,privacy,0,0
23621,privacy,0,0
23622,privacy,1,0
23623,privacy,0,0
23624,privacy,0,0
23625,privacy,0,0
23626,privacy,0,0
23627,privacy,0,0
23628,privacy,0,0
23629,privacy,0,0
23630,privacy,1,0
23631,privacy,0,0
23632,privacy,0,0
23633,privacy,0,0
23634,privacy,0,0
23635,privacy,0,0
23636,privacy,0,0
23637,privacy,0,0
23638,privacy,0,0
23639,privacy,1,0
23640,privacy,0,0
23641,privacy,1,0
23642,privacy,1,0
23643,privacy,1,0
23644,privacy,0,0
23645,privacy,1,0
23646,privacy,0,0
23647,privacy,0,0
23648,privacy,0,0
23649,privacy,0,0
23650,privacy,1,0
23651,privacy,0,0
23652,privacy,0,0
23653,privacy,0,0
23654,privacy,0,0
23655,privacy,1,1
23656,privacy,0,0
23657,privacy,0,0
23658,privacy,0,0
23659,privacy,1,0
23660,privacy,1,0
23661,privacy,0,0
23662,privacy,1,1
23663,privacy,1,1
23664,privacy,0,0
23665,privacy,0,0
23666,privacy,0,0
23667,privacy,0,0
23668,privacy,1,0
23669,privacy,0,0
23670,privacy,0,0
23671,privacy,0,0
23672,privacy,1,0
23673,privacy,1,0
23674,privacy,0,0
23675,privacy,1,0
23676,privacy,0,0
23677,privacy,0,0
23678,privacy,0,0
23679,privacy,0,0
23680,privacy,0,0
23681,privacy,0,0
23682,privacy,0,0
23683,privacy,0,0
23684,privacy,0,0
23685,privacy,0,0
23686,privacy,1,0
23687,privacy,1,0
23688,privacy,0,0
23689,privacy,0,0
23690,privacy,0,0
23691,privacy,1,1
23692,privacy,0,0
23693,privacy,0,0
23694,privacy,0,0
23695,privacy,1,1
23696,privacy,0,0
23697,privacy,1,1
23698,privacy,0,0
23699,privacy,0,0
23700,privacy,0,0
23701,privacy,0,0
23702,privacy,0,0
23703,privacy,0,0
23704,privacy,0,0
23705,privacy,0,0
23706,privacy,0,0
23707,privacy,0,0
23708,privacy,0,0
23709,privacy,0,0
23710,privacy,0,0
23711,privacy,1,1
23712,privacy,0,0
23713,privacy,0,0
23714,privacy,0,0
23715,privacy,0,0
23716,privacy,0,0
23717,privacy,0,0
23718,privacy,0,0
23719,privacy,0,0
23720,privacy,0,0
23721,privacy,0,0
23722,privacy,0,0
23723,privacy,0,0
23724,privacy,0,0
23725,privacy,0,0
23726,privacy,0,0
23727,privacy,0,0
23728,privacy,0,0
23729,privacy,0,0
23730,privacy,1,0
23731,privacy,0,0
23732,privacy,0,0
23733,privacy,1,1
23734,privacy,0,0
23735,privacy,0,0
23736,privacy,1,1
23737,privacy,1,0
23738,privacy,0,0
23739,privacy,1,0
23740,privacy,1,0
23741,privacy,0,0
23742,privacy,1,1
23743,privacy,1,0
23744,privacy,1,0
23745,privacy,1,1
23746,privacy,1,0
23747,privacy,0,0
23748,privacy,0,0
23749,privacy,1,0
23750,privacy,0,0
23751,privacy,0,0
23752,privacy,0,0
23753,privacy,0,0
23754,privacy,0,0
23755,privacy,0,0
23756,privacy,0,0
23757,privacy,0,0
23758,privacy,0,0
23759,privacy,0,0
23760,privacy,0,0
23761,privacy,0,0
23762,privacy,0,0
23763,privacy,0,0
23764,privacy,1,1
23765,privacy,0,0
23766,privacy,0,0
23767,privacy,1,0
23768,privacy,0,0
23769,privacy,0,0
23770,privacy,1,1
23771,privacy,0,0
23772,privacy,0,0
23773,privacy,0,0
23774,privacy,0,0
23775,privacy,0,0
23776,privacy,0,0
23777,privacy,0,0
23778,privacy,1,1
23779,privacy,0,0
23780,privacy,0,0
23781,privacy,0,0
23782,privacy,0,0
23783,privacy,0,0
23784,privacy,0,0
23785,privacy,0,0
23786,privacy,0,0
23787,privacy,0,0
23788,privacy,0,0
23789,privacy,1,0
23790,privacy,0,0
23791,privacy,0,0
23792,privacy,0,0
23793,privacy,0,0
23794,privacy,0,0
23795,privacy,0,0
23796,privacy,0,0
23797,privacy,1,1
23798,privacy,0,0
23799,privacy,0,0
23800,privacy,0,0
23801,privacy,0,0
23802,privacy,0,0
23803,privacy,0,0
23804,privacy,0,0
23805,privacy,0,0
23806,privacy,1,1
23807,privacy,0,0
23808,privacy,0,0
23809,privacy,1,1
23810,privacy,0,0
23811,privacy,0,0
23812,privacy,0,0
23813,privacy,0,0
23814,privacy,0,0
23815,privacy,0,0
23816,privacy,0,0
23817,privacy,0,0
23818,privacy,1,0
23819,privacy,0,0
23820,privacy,0,0
23821,privacy,0,0
23822,privacy,0,0
23823,privacy,0,0
23824,privacy,0,0
23825,privacy,0,0
23826,privacy,0,0
23827,privacy,0,0
23828,privacy,1,1
23829,privacy,1,1
23830,privacy,0,0
23831,privacy,0,0
23832,privacy,1,1
23833,privacy,0,0
23834,privacy,1,1
23835,privacy,0,0
23836,privacy,1,1
23837,privacy,0,0
23838,privacy,0,0
23839,privacy,1,0
23840,privacy,1,0
23841,privacy,0,0
23842,privacy,0,0
23843,privacy,0,0
23844,privacy,0,0
23845,privacy,0,0
23846,privacy,0,0
23847,privacy,0,0
23848,privacy,0,0
23849,privacy,0,0
23850,privacy,0,0
23851,privacy,0,0
23852,privacy,0,0
23853,privacy,0,0
23854,privacy,0,0
23855,privacy,0,0
23856,privacy,0,0
23857,privacy,0,0
23858,privacy,1,1
23859,privacy,0,0
23860,privacy,0,0
23861,privacy,0,0
23862,privacy,1,1
23863,privacy,0,0
23864,privacy,0,0
23865,privacy,0,0
23866,privacy,0,0
23867,privacy,0,0
23868,privacy,0,0
23869,privacy,0,0
23870,privacy,0,0
23871,privacy,0,0
23872,privacy,0,0
23873,privacy,0,0
23874,privacy,0,0
23875,privacy,0,0
23876,privacy,0,0
23877,privacy,0,0
23878,privacy,1,0
23879,privacy,0,0
23880,privacy,0,0
23881,privacy,0,0
23882,privacy,1,1
23883,privacy,0,0
23884,privacy,1,1
23885,privacy,1,1
23886,privacy,1,1
23887,privacy,0,0
23888,privacy,1,1
23889,privacy,1,1
23890,privacy,1,0
23891,privacy,1,0
23892,privacy,1,1
23893,privacy,0,0
23894,privacy,1,1
23895,privacy,1,1
23896,privacy,1,0
23897,privacy,0,0
23898,privacy,1,0
23899,privacy,1,1
23900,privacy,0,0
23901,privacy,0,0
23902,privacy,1,1
23903,privacy,1,1
23904,privacy,1,1
23905,privacy,0,0
23906,privacy,0,0
23907,privacy,0,0
23908,privacy,1,1
23909,privacy,1,1
23910,privacy,1,1
23911,privacy,1,1
23912,privacy,1,1
23913,privacy,1,0
23914,privacy,0,0
23915,privacy,0,0
23916,privacy,0,0
23917,privacy,1,1
23918,privacy,1,0
23919,privacy,1,1
23920,privacy,0,0
23921,privacy,0,0
23922,privacy,0,0
23923,privacy,0,0
23924,privacy,0,0
23925,privacy,1,0
23926,privacy,0,0
23927,privacy,0,0
23928,privacy,0,0
23929,privacy,0,0
23930,privacy,1,1
23931,privacy,0,0
23932,privacy,0,0
23933,privacy,0,0
23934,privacy,0,0
23935,privacy,0,0
23936,privacy,1,0
23937,privacy,0,0
23938,privacy,1,0
23939,privacy,0,0
23940,privacy,0,0
23941,privacy,0,0
23942,privacy,0,0
23943,privacy,0,0
23944,privacy,0,0
23945,privacy,0,0
23946,privacy,0,0
23947,privacy,1,1
23948,privacy,1,1
23949,privacy,0,0
23950,privacy,0,0
23951,privacy,0,0
23952,privacy,0,0
23953,privacy,0,0
23954,privacy,0,0
23955,privacy,0,0
23956,privacy,0,0
23957,privacy,0,0
23958,privacy,0,0
23959,privacy,0,0
23960,privacy,0,0
23961,privacy,1,1
23962,privacy,0,0
23963,privacy,1,0
23964,privacy,0,0
23965,privacy,0,0
23966,privacy,1,0
23967,privacy,0,0
23968,privacy,0,0
23969,privacy,0,0
23970,privacy,1,1
23971,privacy,1,1
23972,privacy,1,0
23973,privacy,0,0
23974,privacy,1,1
23975,privacy,0,0
23976,privacy,0,0
23977,privacy,0,0
23978,privacy,0,0
23979,privacy,1,1
23980,privacy,0,0
23981,privacy,0,0
23982,privacy,1,1
23983,privacy,0,0
23984,privacy,1,1
23985,privacy,0,0
23986,privacy,0,0
23987,privacy,1,1
23988,privacy,0,0
23989,privacy,0,0
23990,privacy,1,0
23991,privacy,0,0
23992,privacy,0,0
23993,privacy,1,0
23994,privacy,1,0
23995,privacy,0,0
23996,privacy,0,0
23997,privacy,1,1
23998,privacy,0,0
23999,privacy,1,1
24000,privacy,1,1
24001,privacy,0,0
24002,privacy,1,1
24003,privacy,1,1
24004,privacy,1,0
24005,privacy,0,0
24006,privacy,1,0
24007,privacy,0,0
24008,privacy,0,0
24009,privacy,1,0
24010,privacy,1,0
24011,privacy,0,0
24012,privacy,0,0
24013,privacy,1,0
24014,privacy,1,0
24015,privacy,0,0
24016,privacy,1,0
24017,privacy,0,0
24018,privacy,0,0
24019,privacy,1,0
24020,privacy,1,0
24021,privacy,1,0
24022,privacy,1,1
24023,privacy,0,0
24024,privacy,1,0
24025,privacy,0,0
24026,privacy,1,1
24027,privacy,1,0
24028,privacy,0,0
24029,privacy,1,1
24030,privacy,0,0
24031,privacy,0,0
24032,privacy,0,0
24033,privacy,0,0
24034,privacy,1,0
24035,privacy,0,0
24036,privacy,0,0
24037,privacy,1,1
24038,privacy,0,0
24039,privacy,1,0
24040,privacy,1,0
24041,privacy,1,0
24042,privacy,1,0
24043,privacy,1,0
24044,privacy,1,0
24045,privacy,0,0
24046,privacy,0,0
24047,privacy,1,1
24048,privacy,1,1
24049,privacy,0,0
24050,privacy,1,0
24051,privacy,0,0
24052,privacy,1,0
24053,privacy,0,0
24054,privacy,0,0
24055,privacy,1,1
24056,privacy,1,1
24057,privacy,1,1
24058,privacy,1,1
24059,privacy,0,0
24060,privacy,1,1
24061,privacy,0,0
24062,privacy,1,1
24063,privacy,0,0
24064,privacy,0,0
24065,privacy,1,0
24066,privacy,0,0
24067,privacy,0,0
24068,privacy,0,0
24069,privacy,1,0
24070,privacy,0,0
24071,privacy,0,0
24072,privacy,1,1
24073,privacy,1,0
24074,privacy,1,0
24075,privacy,0,0
24076,privacy,0,0
24077,privacy,0,0
24078,privacy,1,1
24079,privacy,1,1
24080,privacy,0,0
24081,privacy,0,0
24082,privacy,0,0
24083,privacy,0,0
24084,privacy,0,0
24085,privacy,0,0
24086,privacy,0,0
24087,privacy,1,0
24088,privacy,1,1
24089,privacy,1,0
24090,privacy,1,1
24091,privacy,1,0
24092,privacy,0,0
24093,privacy,0,0
24094,privacy,0,0
24095,privacy,0,0
24096,privacy,1,0
24097,privacy,1,0
24098,privacy,0,0
24099,privacy,0,0
24100,privacy,1,0
24101,privacy,1,1
24102,privacy,1,1
24103,privacy,0,0
24104,privacy,1,1
24105,privacy,0,0
24106,privacy,0,0
24107,privacy,0,0
24108,privacy,1,1
24109,privacy,0,0
24110,privacy,1,0
24111,privacy,0,0
24112,privacy,1,0
24113,privacy,0,0
24114,privacy,0,0
24115,privacy,0,0
24116,privacy,1,0
24117,privacy,0,0
24118,privacy,1,0
24119,privacy,0,0
24120,privacy,0,0
24121,privacy,1,0
24122,privacy,1,1
24123,privacy,0,0
24124,privacy,0,0
24125,privacy,0,0
24126,privacy,0,0
24127,privacy,0,0
24128,privacy,1,1
24129,privacy,1,1
24130,privacy,0,0
24131,privacy,0,0
24132,privacy,1,1
24133,privacy,1,1
24134,privacy,0,0
24135,privacy,0,0
24136,privacy,0,0
24137,privacy,0,0
24138,privacy,0,0
24139,privacy,0,0
24140,privacy,0,0
24141,privacy,0,0
24142,privacy,0,0
24143,privacy,0,0
24144,privacy,1,1
24145,privacy,1,1
24146,privacy,0,0
24147,privacy,0,0
24148,privacy,0,0
24149,privacy,0,0
24150,privacy,0,0
24151,privacy,1,0
24152,privacy,0,0
24153,privacy,0,0
24154,privacy,0,0
24155,privacy,0,0
24156,privacy,0,0
24157,privacy,0,0
24158,privacy,1,0
24159,privacy,0,0
24160,privacy,0,0
24161,privacy,0,0
24162,privacy,1,0
24163,privacy,1,0
24164,privacy,0,0
24165,privacy,0,0
24166,privacy,0,0
24167,privacy,0,0
24168,privacy,1,0
24169,privacy,1,1
24170,privacy,0,0
24171,privacy,0,0
24172,privacy,1,1
24173,privacy,1,1
24174,privacy,0,0
24175,privacy,0,0
24176,privacy,0,0
24177,privacy,0,0
24178,privacy,0,0
24179,privacy,0,0
24180,privacy,0,0
24181,privacy,1,1
24182,privacy,1,0
24183,privacy,0,0
24184,privacy,1,0
24185,privacy,0,0
24186,privacy,0,0
24187,privacy,1,0
24188,privacy,1,0
24189,privacy,0,0
24190,privacy,0,0
24191,privacy,1,1
24192,privacy,0,0
24193,privacy,0,0
24194,privacy,0,0
24195,privacy,0,0
24196,privacy,0,0
24197,privacy,0,0
24198,privacy,1,0
24199,privacy,1,1
24200,privacy,0,0
24201,privacy,0,0
24202,privacy,0,0
24203,privacy,0,0
24204,privacy,0,0
24205,privacy,0,0
24206,privacy,0,0
24207,privacy,0,0
24208,privacy,0,0
24209,privacy,0,0
24210,privacy,1,1
24211,privacy,1,1
24212,privacy,1,1
24213,privacy,0,0
24214,privacy,0,0
24215,privacy,1,1
24216,privacy,1,1
24217,privacy,0,0
24218,privacy,1,1
24219,privacy,0,0
24220,privacy,0,0
24221,privacy,0,0
24222,privacy,1,1
24223,privacy,1,1
24224,privacy,0,0
24225,privacy,0,0
24226,privacy,0,0
24227,privacy,1,1
24228,privacy,1,1
24229,privacy,1,1
24230,privacy,0,0
24231,privacy,1,0
24232,privacy,1,0
24233,privacy,0,0
24234,privacy,0,0
24235,privacy,1,0
24236,privacy,1,0
24237,privacy,0,0
24238,privacy,1,0
24239,privacy,1,0
24240,privacy,1,0
24241,privacy,0,0
24242,privacy,0,0
24243,privacy,1,1
24244,privacy,1,0
24245,privacy,1,0
24246,privacy,0,0
24247,privacy,1,1
24248,privacy,1,1
24249,privacy,0,0
24250,privacy,0,0
24251,privacy,0,0
24252,privacy,0,0
24253,privacy,0,0
24254,privacy,0,0
24255,privacy,1,0
24256,privacy,0,0
24257,privacy,0,0
24258,privacy,0,0
24259,privacy,0,0
24260,privacy,1,0
24261,privacy,0,0
24262,privacy,0,0
24263,privacy,1,0
24264,privacy,1,0
24265,privacy,0,0
24266,privacy,1,0
24267,privacy,0,0
24268,privacy,1,0
24269,privacy,1,0
24270,privacy,0,0
24271,privacy,0,0
24272,privacy,0,0
24273,privacy,1,0
24274,privacy,1,1
24275,privacy,0,0
24276,privacy,0,0
24277,privacy,0,0
24278,privacy,0,0
24279,privacy,0,0
24280,privacy,0,0
24281,privacy,0,0
24282,privacy,0,0
24283,privacy,0,0
24284,privacy,0,0
24285,privacy,0,0
24286,privacy,0,0
24287,privacy,0,0
24288,privacy,0,0
24289,privacy,0,0
24290,privacy,1,1
24291,privacy,0,0
24292,privacy,1,1
24293,privacy,0,0
24294,privacy,0,0
24295,privacy,0,0
24296,privacy,0,0
24297,privacy,0,0
24298,privacy,0,0
24299,privacy,0,0
24300,privacy,0,0
24301,privacy,0,0
24302,privacy,0,0
24303,privacy,0,0
24304,privacy,0,0
24305,privacy,0,0
24306,privacy,0,0
24307,privacy,1,1
24308,privacy,1,0
24309,privacy,0,0
24310,privacy,0,0
24311,privacy,1,1
24312,privacy,1,1
24313,privacy,0,0
24314,privacy,1,1
24315,privacy,0,0
24316,privacy,0,0
24317,privacy,1,1
24318,privacy,1,1
24319,privacy,0,0
24320,privacy,1,1
24321,privacy,0,0
24322,privacy,0,0
24323,privacy,0,0
24324,privacy,1,1
24325,privacy,0,0
24326,privacy,0,0
24327,privacy,0,0
24328,privacy,0,0
24329,privacy,0,0
24330,privacy,0,0
24331,privacy,0,0
24332,privacy,0,0
24333,privacy,0,0
24334,privacy,0,0
24335,privacy,0,0
24336,privacy,0,0
24337,privacy,0,0
24338,privacy,0,0
24339,privacy,0,0
24340,privacy,0,0
24341,privacy,0,0
24342,privacy,0,0
24343,privacy,0,0
24344,privacy,1,1
24345,privacy,0,0
24346,privacy,0,0
24347,privacy,0,0
24348,privacy,0,0
24349,privacy,0,0
24350,privacy,0,0
24351,privacy,0,0
24352,privacy,1,1
24353,privacy,0,0
24354,privacy,0,0
24355,privacy,0,0
24356,privacy,0,0
24357,privacy,0,0
24358,privacy,0,0
24359,privacy,1,1
24360,privacy,0,0
24361,privacy,0,0
24362,privacy,1,1
24363,privacy,0,0
24364,privacy,0,0
24365,privacy,0,0
24366,privacy,0,0
24367,privacy,0,0
24368,privacy,0,0
24369,privacy,0,0
24370,privacy,0,0
24371,privacy,0,0
24372,privacy,0,0
24373,privacy,0,0
24374,privacy,1,0
24375,privacy,0,0
24376,privacy,1,1
24377,privacy,0,0
24378,privacy,0,0
24379,privacy,0,0
24380,privacy,0,0
24381,privacy,0,0
24382,privacy,0,0
24383,privacy,1,1
24384,privacy,1,1
24385,privacy,1,0
24386,privacy,1,0
24387,privacy,1,0
24388,privacy,0,0
24389,privacy,0,0
24390,privacy,1,0
24391,privacy,1,0
24392,privacy,0,0
24393,privacy,0,0
24394,privacy,0,0
24395,privacy,0,0
24396,privacy,0,0
24397,privacy,1,0
24398,privacy,0,0
24399,privacy,1,0
24400,privacy,0,0
24401,privacy,0,0
24402,privacy,0,0
24403,privacy,0,0
24404,privacy,1,0
24405,privacy,0,0
24406,privacy,0,0
24407,privacy,0,0
24408,privacy,0,0
24409,privacy,0,0
24410,privacy,0,0
24411,privacy,0,0
24412,privacy,0,0
24413,privacy,1,0
24414,privacy,0,0
24415,privacy,0,0
24416,privacy,0,0
24417,privacy,0,0
24418,privacy,0,0
24419,privacy,0,0
24420,privacy,0,0
24421,privacy,0,0
24422,privacy,1,0
24423,privacy,0,0
24424,privacy,0,0
24425,privacy,0,0
24426,privacy,0,0
24427,privacy,0,0
24428,privacy,0,0
24429,privacy,0,0
24430,privacy,0,0
24431,privacy,1,0
24432,privacy,0,0
24433,privacy,1,0
24434,privacy,1,1
24435,privacy,0,0
24436,privacy,0,0
24437,privacy,0,0
24438,privacy,0,0
24439,privacy,0,0
24440,privacy,0,0
24441,privacy,0,0
24442,privacy,1,0
24443,privacy,0,0
24444,privacy,0,0
24445,privacy,0,0
24446,privacy,1,0
24447,privacy,1,0
24448,privacy,0,0
24449,privacy,1,0
24450,privacy,0,0
24451,privacy,1,0
24452,privacy,0,0
24453,privacy,0,0
24454,privacy,0,0
24455,privacy,0,0
24456,privacy,1,0
24457,privacy,1,0
24458,privacy,0,0
24459,privacy,1,0
24460,privacy,1,0
24461,privacy,0,0
24462,privacy,1,0
24463,privacy,0,0
24464,privacy,1,0
24465,privacy,0,0
24466,privacy,0,0
24467,privacy,1,0
24468,privacy,1,0
24469,privacy,0,0
24470,privacy,0,0
24471,privacy,0,0
24472,privacy,1,0
24473,privacy,0,0
24474,privacy,1,1
24475,privacy,1,1
24476,privacy,0,0
24477,privacy,1,0
24478,privacy,0,0
24479,privacy,0,0
24480,privacy,0,0
24481,privacy,0,0
24482,privacy,0,0
24483,privacy,0,0
24484,privacy,1,0
24485,privacy,0,0
24486,privacy,0,0
24487,privacy,0,0
24488,privacy,0,0
24489,privacy,0,0
24490,privacy,0,0
24491,privacy,1,0
24492,privacy,1,1
24493,privacy,1,1
24494,privacy,0,0
24495,privacy,0,0
24496,privacy,0,0
24497,privacy,0,0
24498,privacy,0,0
24499,privacy,1,0
24500,privacy,0,0
24501,privacy,1,0
24502,privacy,0,0
24503,privacy,1,0
24504,privacy,1,0
24505,privacy,0,0
24506,privacy,0,0
24507,privacy,0,0
24508,privacy,0,0
24509,privacy,1,0
24510,privacy,1,0
24511,privacy,1,0
24512,privacy,1,1
24513,privacy,0,0
24514,privacy,0,0
24515,privacy,0,0
24516,privacy,0,0
24517,privacy,0,0
24518,privacy,0,0
24519,privacy,1,0
24520,privacy,0,0
24521,privacy,0,0
24522,privacy,0,0
24523,privacy,0,0
24524,privacy,1,1
24525,privacy,0,0
24526,privacy,0,0
24527,privacy,0,0
24528,privacy,0,0
24529,privacy,0,0
24530,privacy,1,1
24531,privacy,1,0
24532,privacy,0,0
24533,privacy,0,0
24534,privacy,1,0
24535,privacy,1,0
24536,privacy,1,1
24537,privacy,1,1
24538,privacy,0,0
24539,privacy,0,0
24540,privacy,1,1
24541,privacy,1,0
24542,privacy,1,1
24543,privacy,0,0
24544,privacy,0,0
24545,privacy,1,0
24546,privacy,1,0
24547,privacy,1,0
24548,privacy,1,0
24549,privacy,1,0
24550,privacy,0,0
24551,privacy,0,0
24552,privacy,0,0
24553,privacy,0,0
24554,privacy,0,0
24555,privacy,0,0
24556,privacy,0,0
24557,privacy,0,0
24558,privacy,0,0
24559,privacy,0,0
24560,privacy,0,0
24561,privacy,0,0
24562,privacy,1,1
24563,privacy,0,0
24564,privacy,0,0
24565,privacy,0,0
24566,privacy,0,0
24567,privacy,0,0
24568,privacy,0,0
24569,privacy,0,0
24570,privacy,0,0
24571,privacy,0,0
24572,privacy,0,0
24573,privacy,0,0
24574,privacy,1,1
24575,privacy,0,0
24576,privacy,0,0
24577,privacy,1,0
24578,privacy,1,0
24579,privacy,1,0
24580,privacy,0,0
24581,privacy,1,0
24582,privacy,0,0
24583,privacy,0,0
24584,privacy,0,0
24585,privacy,0,0
24586,privacy,0,0
24587,privacy,0,0
24588,privacy,0,0
24589,privacy,0,0
24590,privacy,0,0
24591,privacy,0,0
24592,privacy,0,0
24593,privacy,0,0
24594,privacy,0,0
24595,privacy,1,1
24596,privacy,1,1
24597,privacy,0,0
24598,privacy,0,0
24599,privacy,1,1
24600,privacy,0,0
24601,privacy,1,1
24602,privacy,0,0
24603,privacy,1,1
24604,privacy,1,1
24605,privacy,0,0
24606,privacy,1,1
24607,privacy,1,1
24608,privacy,0,0
24609,privacy,1,1
24610,privacy,0,0
24611,privacy,0,0
24612,privacy,1,1
24613,privacy,0,0
24614,privacy,1,0
24615,privacy,1,1
24616,privacy,0,0
24617,privacy,1,0
24618,privacy,0,0
24619,privacy,0,0
24620,privacy,1,1
24621,privacy,0,0
24622,privacy,0,0
24623,privacy,0,0
24624,privacy,0,0
24625,privacy,0,0
24626,privacy,0,0
24627,privacy,0,0
24628,privacy,0,0
24629,privacy,0,0
24630,privacy,0,0
24631,privacy,0,0
24632,privacy,0,0
24633,privacy,0,0
24634,privacy,1,1
24635,privacy,0,0
24636,privacy,0,0
24637,privacy,1,1
24638,privacy,0,0
24639,privacy,0,0
24640,privacy,0,0
24641,privacy,1,0
24642,privacy,1,1
24643,privacy,0,0
24644,privacy,1,0
24645,privacy,0,0
24646,privacy,1,0
24647,privacy,0,0
24648,privacy,1,1
24649,privacy,0,0
24650,privacy,0,0
24651,privacy,0,0
24652,privacy,1,0
24653,privacy,0,0
24654,privacy,0,0
24655,privacy,0,0
24656,privacy,0,0
24657,privacy,0,0
24658,privacy,0,0
24659,privacy,0,0
24660,privacy,1,1
24661,privacy,0,0
24662,privacy,1,0
24663,privacy,1,0
24664,privacy,0,0
24665,privacy,0,0
24666,privacy,1,0
24667,privacy,0,0
24668,privacy,0,0
24669,privacy,0,0
24670,privacy,0,0
24671,privacy,0,0
24672,privacy,1,0
24673,privacy,0,0
24674,privacy,0,0
24675,privacy,0,0
24676,privacy,0,0
24677,privacy,0,0
24678,privacy,0,0
24679,privacy,0,0
24680,privacy,0,0
24681,privacy,0,0
24682,privacy,1,1
24683,privacy,0,0
24684,privacy,0,0
24685,privacy,1,1
24686,privacy,0,0
24687,privacy,1,1
24688,privacy,0,0
24689,privacy,1,1
24690,privacy,0,0
24691,privacy,1,0
24692,privacy,0,0
24693,privacy,0,0
24694,privacy,0,0
24695,privacy,0,0
24696,privacy,0,0
24697,privacy,1,0
24698,privacy,1,0
24699,privacy,1,1
24700,privacy,0,0
24701,privacy,0,0
24702,privacy,0,0
24703,privacy,0,0
24704,privacy,0,0
24705,privacy,0,0
24706,privacy,0,0
24707,privacy,0,0
24708,privacy,1,0
24709,privacy,0,0
24710,privacy,0,0
24711,privacy,0,0
24712,privacy,0,0
24713,privacy,0,0
24714,privacy,0,0
24715,privacy,1,0
24716,privacy,0,0
24717,privacy,0,0
24718,privacy,1,0
24719,privacy,0,0
24720,privacy,0,0
24721,privacy,0,0
24722,privacy,1,0
24723,privacy,0,0
24724,privacy,0,0
24725,privacy,0,0
24726,privacy,0,0
24727,privacy,0,0
24728,privacy,0,0
24729,privacy,0,0
24730,privacy,0,0
24731,privacy,0,0
24732,privacy,0,0
24733,privacy,0,0
24734,privacy,0,0
24735,privacy,0,0
24736,privacy,0,0
24737,privacy,0,0
24738,privacy,0,0
24739,privacy,0,0
24740,privacy,0,0
24741,privacy,0,0
24742,privacy,0,0
24743,privacy,1,1
24744,privacy,0,0
24745,privacy,0,0
24746,privacy,0,0
24747,privacy,0,0
24748,privacy,0,0
24749,privacy,0,0
24750,privacy,0,0
24751,privacy,0,0
24752,privacy,0,0
24753,privacy,0,0
24754,privacy,0,0
24755,privacy,0,0
24756,privacy,0,0
24757,privacy,0,0
24758,privacy,0,0
24759,privacy,0,0
24760,privacy,0,0
24761,privacy,1,0
24762,privacy,0,0
24763,privacy,1,0
24764,privacy,0,0
24765,privacy,0,0
24766,privacy,1,0
24767,privacy,1,0
24768,privacy,0,0
24769,privacy,0,0
24770,privacy,1,0
24771,privacy,1,0
24772,privacy,0,0
24773,privacy,1,0
24774,privacy,0,0
24775,privacy,0,0
24776,privacy,0,0
24777,privacy,0,0
24778,privacy,0,0
24779,privacy,0,0
24780,privacy,1,1
24781,privacy,1,0
24782,privacy,1,0
24783,privacy,1,0
24784,privacy,1,0
24785,privacy,0,0
24786,privacy,1,0
24787,privacy,1,0
24788,privacy,1,0
24789,privacy,1,0
24790,privacy,0,0
24791,privacy,1,0
24792,privacy,0,0
24793,privacy,1,0
24794,privacy,0,0
24795,privacy,1,0
24796,privacy,1,0
24797,privacy,1,0
24798,privacy,1,0
24799,privacy,0,0
24800,privacy,0,0
24801,privacy,0,0
24802,privacy,0,0
24803,privacy,1,1
24804,privacy,0,0
24805,privacy,1,1
24806,privacy,1,1
24807,privacy,1,1
24808,privacy,1,1
24809,privacy,1,1
24810,privacy,0,0
24811,privacy,1,1
24812,privacy,0,0
24813,privacy,0,0
24814,privacy,0,0
24815,privacy,0,0
24816,privacy,1,1
24817,privacy,1,1
24818,privacy,0,0
24819,privacy,1,1
24820,privacy,0,0
24821,privacy,0,0
24822,privacy,0,0
24823,privacy,1,1
24824,privacy,0,0
24825,privacy,0,0
24826,privacy,0,0
24827,privacy,0,0
24828,privacy,0,0
24829,privacy,1,1
24830,privacy,1,1
24831,privacy,0,0
24832,privacy,0,0
24833,privacy,0,0
24834,privacy,1,0
24835,privacy,0,0
24836,privacy,1,1
24837,privacy,1,1
24838,privacy,0,0
24839,privacy,0,0
24840,privacy,0,0
24841,privacy,1,1
24842,privacy,1,1
24843,privacy,0,0
24844,privacy,0,0
24845,privacy,1,0
24846,privacy,0,0
24847,privacy,0,0
24848,privacy,0,0
24849,privacy,1,1
24850,privacy,0,0
24851,privacy,0,0
24852,privacy,0,0
24853,privacy,0,0
24854,privacy,1,1
24855,privacy,1,1
24856,privacy,0,0
24857,privacy,0,0
24858,privacy,0,0
24859,privacy,0,0
24860,privacy,1,0
24861,privacy,1,1
24862,privacy,1,1
24863,privacy,1,1
24864,privacy,0,0
24865,privacy,0,0
24866,privacy,1,1
24867,privacy,1,1
24868,privacy,0,0
24869,privacy,0,0
24870,privacy,0,0
24871,privacy,1,1
24872,privacy,0,0
24873,privacy,1,0
24874,privacy,0,0
24875,privacy,0,0
24876,privacy,0,0
24877,privacy,0,0
24878,privacy,0,0
24879,privacy,1,1
24880,privacy,0,0
24881,privacy,1,1
24882,privacy,0,0
24883,privacy,0,0
24884,privacy,0,0
24885,privacy,0,0
24886,privacy,1,1
24887,privacy,1,1
24888,privacy,0,0
24889,privacy,1,0
24890,privacy,1,0
24891,privacy,0,0
24892,privacy,1,0
24893,privacy,0,0
24894,privacy,0,0
24895,privacy,0,0
24896,privacy,0,0
24897,privacy,0,0
24898,privacy,0,0
24899,privacy,0,0
24900,privacy,0,0
24901,privacy,0,0
24902,privacy,0,0
24903,privacy,0,0
24904,privacy,0,0
24905,privacy,0,0
24906,privacy,1,0
24907,privacy,0,0
24908,privacy,0,0
24909,privacy,0,0
24910,privacy,1,1
24911,privacy,1,1
24912,privacy,1,0
24913,privacy,0,0
24914,privacy,1,1
24915,privacy,1,1
24916,privacy,0,0
24917,privacy,1,1
24918,privacy,0,0
24919,privacy,0,0
24920,privacy,1,1
24921,privacy,0,0
24922,privacy,1,1
24923,privacy,1,1
24924,privacy,0,0
24925,privacy,1,1
24926,privacy,0,0
24927,privacy,0,0
24928,privacy,1,0
24929,privacy,0,0
24930,privacy,1,0
24931,privacy,0,0
24932,privacy,0,0
24933,privacy,1,0
24934,privacy,0,0
24935,privacy,0,0
24936,privacy,0,0
24937,privacy,0,0
24938,privacy,0,0
24939,privacy,1,0
24940,privacy,1,0
24941,privacy,1,0
24942,privacy,1,0
24943,privacy,1,0
24944,privacy,1,0
24945,privacy,1,0
24946,privacy,1,0
24947,privacy,0,0
24948,privacy,1,0
24949,privacy,0,0
24950,privacy,1,0
24951,privacy,0,0
24952,privacy,0,0
24953,privacy,0,0
24954,privacy,0,0
24955,privacy,0,0
24956,privacy,0,0
24957,privacy,0,0
24958,privacy,0,0
24959,privacy,0,0
24960,privacy,0,0
24961,privacy,0,0
24962,privacy,0,0
24963,privacy,0,0
24964,privacy,0,0
24965,privacy,1,0
24966,privacy,1,0
24967,privacy,0,0
24968,privacy,0,0
24969,privacy,0,0
24970,privacy,1,0
24971,privacy,0,0
24972,privacy,0,0
24973,privacy,0,0
24974,privacy,0,0
24975,privacy,0,0
24976,privacy,1,1
24977,privacy,0,0
24978,privacy,0,0
24979,privacy,1,0
24980,privacy,0,0
24981,privacy,0,0
24982,privacy,0,0
24983,privacy,0,0
24984,privacy,1,0
24985,privacy,0,0
24986,privacy,0,0
24987,privacy,0,0
24988,privacy,1,0
24989,privacy,0,0
24990,privacy,1,0
24991,privacy,1,0
24992,privacy,0,0
24993,privacy,0,0
24994,privacy,0,0
24995,privacy,0,0
24996,privacy,0,0
24997,privacy,0,0
24998,privacy,1,0
24999,privacy,1,0
25000,privacy,1,1
25001,privacy,1,0
25002,privacy,0,0
25003,privacy,1,1
25004,privacy,0,0
25005,privacy,0,0
25006,privacy,0,0
25007,privacy,0,0
25008,privacy,1,0
25009,privacy,1,0
25010,privacy,0,0
25011,privacy,1,0
25012,privacy,0,0
25013,privacy,0,0
25014,privacy,1,0
25015,privacy,0,0
25016,privacy,0,0
25017,privacy,0,0
25018,privacy,0,0
25019,privacy,1,1
25020,privacy,0,0
25021,privacy,0,0
25022,privacy,0,0
25023,privacy,1,0
25024,privacy,1,0
25025,privacy,0,0
25026,privacy,0,0
25027,privacy,0,0
25028,privacy,0,0
25029,privacy,1,1
25030,privacy,0,0
25031,privacy,0,0
25032,privacy,0,0
25033,privacy,0,0
25034,privacy,1,1
25035,privacy,1,1
25036,privacy,0,0
25037,privacy,1,1
25038,privacy,0,0
25039,privacy,0,0
25040,privacy,0,0
25041,privacy,0,0
25042,privacy,0,0
25043,privacy,1,0
25044,privacy,0,0
25045,privacy,0,0
25046,privacy,0,0
25047,privacy,0,0
25048,privacy,0,0
25049,privacy,1,1
25050,privacy,0,0
25051,privacy,0,0
25052,privacy,0,0
25053,privacy,0,0
25054,privacy,0,0
25055,privacy,0,0
25056,privacy,0,0
25057,privacy,0,0
25058,privacy,1,1
25059,privacy,0,0
25060,privacy,0,0
25061,privacy,0,0
25062,privacy,0,0
25063,privacy,0,0
25064,privacy,0,0
25065,privacy,0,0
25066,privacy,0,0
25067,privacy,1,1
25068,privacy,0,0
25069,privacy,0,0
25070,privacy,0,0
25071,privacy,1,0
25072,privacy,0,0
25073,privacy,0,0
25074,privacy,1,1
25075,privacy,0,0
25076,privacy,0,0
25077,privacy,0,0
25078,privacy,0,0
25079,privacy,0,0
25080,privacy,0,0
25081,privacy,1,1
25082,privacy,0,0
25083,privacy,0,0
25084,privacy,0,0
25085,privacy,0,0
25086,privacy,1,1
25087,privacy,0,0
25088,privacy,0,0
25089,privacy,1,0
25090,privacy,1,1
25091,privacy,1,1
25092,privacy,0,0
25093,privacy,0,0
25094,privacy,1,1
25095,privacy,0,0
25096,privacy,1,0
25097,privacy,0,0
25098,privacy,0,0
25099,privacy,0,0
25100,privacy,0,0
25101,privacy,0,0
25102,privacy,0,0
25103,privacy,0,0
25104,privacy,0,0
25105,privacy,0,0
25106,privacy,0,0
25107,privacy,0,0
25108,privacy,0,0
25109,privacy,1,0
25110,privacy,1,0
25111,privacy,0,0
25112,privacy,0,0
25113,privacy,1,0
25114,privacy,0,0
25115,privacy,0,0
25116,privacy,1,1
25117,privacy,1,0
25118,privacy,0,0
25119,privacy,0,0
25120,privacy,0,0
25121,privacy,0,0
25122,privacy,0,0
25123,privacy,1,0
25124,privacy,1,0
25125,privacy,0,0
25126,privacy,1,1
25127,privacy,1,1
25128,privacy,1,1
25129,privacy,1,1
25130,privacy,0,0
25131,privacy,0,0
25132,privacy,0,0
25133,privacy,0,0
25134,privacy,1,1
25135,privacy,1,1
25136,privacy,1,1
25137,privacy,0,0
25138,privacy,1,0
25139,privacy,1,0
25140,privacy,1,0
25141,privacy,1,0
25142,privacy,0,0
25143,privacy,0,0
25144,privacy,0,0
25145,privacy,0,0
25146,privacy,0,0
25147,privacy,1,1
25148,privacy,0,0
25149,privacy,0,0
25150,privacy,0,0
25151,privacy,0,0
25152,privacy,0,0
25153,privacy,1,0
25154,privacy,0,0
25155,privacy,0,0
25156,privacy,0,0
25157,privacy,0,0
25158,privacy,0,0
25159,privacy,0,0
25160,privacy,1,0
25161,privacy,1,0
25162,privacy,1,0
25163,privacy,0,0
25164,privacy,1,0
25165,privacy,0,0
25166,privacy,1,0
25167,privacy,0,0
25168,privacy,0,0
25169,privacy,1,1
25170,privacy,0,0
25171,privacy,1,1
25172,privacy,0,0
25173,privacy,0,0
25174,privacy,0,0
25175,privacy,0,0
25176,privacy,0,0
25177,privacy,0,0
25178,privacy,0,0
25179,privacy,0,0
25180,privacy,0,0
25181,privacy,1,1
25182,privacy,0,0
25183,privacy,1,0
25184,privacy,0,0
25185,privacy,0,0
25186,privacy,0,0
25187,privacy,1,1
25188,privacy,0,0
25189,privacy,0,0
25190,privacy,1,1
25191,privacy,0,0
25192,privacy,0,0
25193,privacy,1,0
25194,privacy,1,1
25195,privacy,1,1
25196,privacy,0,0
25197,privacy,0,0
25198,privacy,0,0
25199,privacy,0,0
25200,privacy,0,0
25201,privacy,0,0
25202,privacy,0,0
25203,privacy,0,0
25204,privacy,0,0
25205,privacy,0,0
25206,privacy,0,0
25207,privacy,0,0
25208,privacy,0,0
25209,privacy,0,0
25210,privacy,0,0
25211,privacy,0,0
25212,privacy,0,0
25213,privacy,0,0
25214,privacy,0,0
25215,privacy,0,0
25216,privacy,0,0
25217,privacy,0,0
25218,privacy,0,0
25219,privacy,0,0
25220,privacy,0,0
25221,privacy,0,0
25222,privacy,0,0
25223,privacy,0,0
25224,privacy,0,0
25225,privacy,0,0
25226,privacy,0,0
25227,privacy,0,0
25228,privacy,0,0
25229,privacy,0,0
25230,privacy,0,0
25231,privacy,0,0
25232,privacy,0,0
25233,privacy,0,0
25234,privacy,1,0
25235,privacy,1,1
25236,privacy,0,0
25237,privacy,0,0
25238,privacy,0,0
25239,privacy,0,0
25240,privacy,0,0
25241,privacy,1,0
25242,privacy,0,0
25243,privacy,0,0
25244,privacy,0,0
25245,privacy,0,0
25246,privacy,0,0
25247,privacy,1,0
25248,privacy,0,0
25249,privacy,0,0
25250,privacy,0,0
25251,privacy,0,0
25252,privacy,0,0
25253,privacy,0,0
25254,privacy,0,0
25255,privacy,0,0
25256,privacy,1,1
25257,privacy,0,0
25258,privacy,0,0
25259,privacy,0,0
25260,privacy,1,1
25261,privacy,0,0
25262,privacy,0,0
25263,privacy,0,0
25264,privacy,0,0
25265,privacy,1,0
25266,privacy,1,1
25267,privacy,1,0
25268,privacy,0,0
25269,privacy,0,0
25270,privacy,0,0
25271,privacy,0,0
25272,privacy,1,1
25273,privacy,1,0
25274,privacy,0,0
25275,privacy,0,0
25276,privacy,0,0
25277,privacy,1,0
25278,privacy,1,0
25279,privacy,0,0
25280,privacy,0,0
25281,privacy,0,0
25282,privacy,0,0
25283,privacy,0,0
25284,privacy,0,0
25285,privacy,0,0
25286,privacy,0,0
25287,privacy,0,0
25288,privacy,0,0
25289,privacy,0,0
25290,privacy,0,0
25291,privacy,0,0
25292,privacy,1,0
25293,privacy,0,0
25294,privacy,0,0
25295,privacy,0,0
25296,privacy,0,0
25297,privacy,1,1
25298,privacy,0,0
25299,privacy,0,0
25300,privacy,0,0
25301,privacy,0,0
25302,privacy,0,0
25303,privacy,0,0
25304,privacy,0,0
25305,privacy,0,0
25306,privacy,0,0
25307,privacy,0,0
25308,privacy,0,0
25309,privacy,0,0
25310,privacy,0,0
25311,privacy,0,0
25312,privacy,0,0
25313,privacy,0,0
25314,privacy,1,1
25315,privacy,0,0
25316,privacy,0,0
25317,privacy,0,0
25318,privacy,0,0
25319,privacy,0,0
25320,privacy,0,0
25321,privacy,0,0
25322,privacy,0,0
25323,privacy,0,0
25324,privacy,1,0
25325,privacy,0,0
25326,privacy,0,0
25327,privacy,1,0
25328,privacy,1,0
25329,privacy,0,0
25330,privacy,0,0
25331,privacy,0,0
25332,privacy,0,0
25333,privacy,0,0
25334,privacy,0,0
25335,privacy,0,0
25336,privacy,1,1
25337,privacy,0,0
25338,privacy,0,0
25339,privacy,0,0
25340,privacy,0,0
25341,privacy,0,0
25342,privacy,0,0
25343,privacy,1,1
25344,privacy,0,0
25345,privacy,0,0
25346,privacy,0,0
25347,privacy,0,0
25348,privacy,0,0
25349,privacy,0,0
25350,privacy,0,0
25351,privacy,0,0
25352,privacy,0,0
25353,privacy,0,0
25354,privacy,0,0
25355,privacy,1,1
25356,privacy,0,0
25357,privacy,0,0
25358,privacy,0,0
25359,privacy,0,0
25360,privacy,0,0
25361,privacy,0,0
25362,privacy,0,0
25363,privacy,1,0
25364,privacy,0,0
25365,privacy,1,1
25366,privacy,0,0
25367,privacy,1,0
25368,privacy,0,0
25369,privacy,0,0
25370,privacy,0,0
25371,privacy,1,1
25372,privacy,1,1
25373,privacy,1,1
25374,privacy,0,0
25375,privacy,0,0
25376,privacy,0,0
25377,privacy,0,0
25378,privacy,1,1
25379,privacy,0,0
25380,privacy,0,0
25381,privacy,0,0
25382,privacy,1,1
25383,privacy,0,0
25384,privacy,1,1
25385,privacy,1,1
25386,privacy,0,0
25387,privacy,0,0
25388,privacy,1,1
25389,privacy,0,0
25390,privacy,0,0
25391,privacy,0,0
25392,privacy,0,0
25393,privacy,1,1
25394,privacy,0,0
25395,privacy,0,0
25396,privacy,0,0
25397,privacy,0,0
25398,privacy,1,1
25399,privacy,0,0
25400,privacy,0,0
25401,privacy,0,0
25402,privacy,1,1
25403,privacy,1,1
25404,privacy,0,0
25405,privacy,0,0
25406,privacy,0,0
25407,privacy,0,0
25408,privacy,1,0
25409,privacy,0,0
25410,privacy,0,0
25411,privacy,0,0
25412,privacy,0,0
25413,privacy,0,0
25414,privacy,0,0
25415,privacy,0,0
25416,privacy,0,0
25417,privacy,1,0
25418,privacy,1,0
25419,privacy,0,0
25420,privacy,0,0
25421,privacy,0,0
25422,privacy,0,0
25423,privacy,0,0
25424,privacy,0,0
25425,privacy,0,0
25426,privacy,0,0
25427,privacy,0,0
25428,privacy,0,0
25429,privacy,0,0
25430,privacy,1,1
25431,privacy,0,0
25432,privacy,0,0
25433,privacy,0,0
25434,privacy,1,0
25435,privacy,0,0
25436,privacy,1,0
25437,privacy,0,0
25438,privacy,1,0
25439,privacy,0,0
25440,privacy,1,0
25441,privacy,0,0
25442,privacy,0,0
25443,privacy,1,0
25444,privacy,1,0
25445,privacy,1,0
25446,privacy,1,0
25447,privacy,1,0
25448,privacy,0,0
25449,privacy,0,0
25450,privacy,0,0
25451,privacy,0,0
25452,privacy,0,0
25453,privacy,0,0
25454,privacy,0,0
25455,privacy,0,0
25456,privacy,0,0
25457,privacy,1,0
25458,privacy,1,0
25459,privacy,0,0
25460,privacy,0,0
25461,privacy,0,0
25462,privacy,0,0
25463,privacy,1,0
25464,privacy,0,0
25465,privacy,0,0
25466,privacy,1,1
25467,privacy,0,0
25468,privacy,1,1
25469,privacy,1,0
25470,privacy,0,0
25471,privacy,0,0
25472,privacy,0,0
25473,privacy,1,1
25474,privacy,0,0
25475,privacy,0,0
25476,privacy,0,0
25477,privacy,0,0
25478,privacy,1,1
25479,privacy,0,0
25480,privacy,0,0
25481,privacy,1,0
25482,privacy,0,0
25483,privacy,0,0
25484,privacy,0,0
25485,privacy,0,0
25486,privacy,0,0
25487,privacy,1,0
25488,privacy,1,0
25489,privacy,0,0
25490,privacy,0,0
25491,privacy,0,0
25492,privacy,0,0
25493,privacy,1,0
25494,privacy,1,0
25495,privacy,1,0
25496,privacy,1,0
25497,privacy,1,0
25498,privacy,1,0
25499,privacy,1,0
25500,privacy,0,0
25501,privacy,0,0
25502,privacy,0,0
25503,privacy,0,0
25504,privacy,0,0
25505,privacy,0,0
25506,privacy,0,0
25507,privacy,0,0
25508,privacy,0,0
25509,privacy,0,0
25510,privacy,0,0
25511,privacy,1,1
25512,privacy,0,0
25513,privacy,0,0
25514,privacy,0,0
25515,privacy,0,0
25516,privacy,0,0
25517,privacy,1,1
25518,privacy,0,0
25519,privacy,0,0
25520,privacy,0,0
25521,privacy,0,0
25522,privacy,1,1
25523,privacy,1,1
25524,privacy,0,0
25525,privacy,0,0
25526,privacy,0,0
25527,privacy,1,1
25528,privacy,0,0
25529,privacy,0,0
25530,privacy,0,0
25531,privacy,0,0
25532,privacy,0,0
25533,privacy,0,0
25534,privacy,0,0
25535,privacy,0,0
25536,privacy,1,0
25537,privacy,0,0
25538,privacy,0,0
25539,privacy,0,0
25540,privacy,0,0
25541,privacy,0,0
25542,privacy,0,0
25543,privacy,1,0
25544,privacy,1,0
25545,privacy,0,0
25546,privacy,0,0
25547,privacy,0,0
25548,privacy,0,0
25549,privacy,0,0
25550,privacy,1,1
25551,privacy,1,1
25552,privacy,0,0
25553,privacy,0,0
25554,privacy,0,0
25555,privacy,0,0
25556,privacy,0,0
25557,privacy,0,0
25558,privacy,0,0
25559,privacy,0,0
25560,privacy,1,0
25561,privacy,1,1
25562,privacy,1,0
25563,privacy,0,0
25564,privacy,1,0
25565,privacy,1,0
25566,privacy,1,0
25567,privacy,0,0
25568,privacy,1,1
25569,privacy,0,0
25570,privacy,0,0
25571,privacy,0,0
25572,privacy,0,0
25573,privacy,0,0
25574,privacy,0,0
25575,privacy,0,0
25576,privacy,0,0
25577,privacy,0,0
25578,privacy,0,0
25579,privacy,0,0
25580,privacy,0,0
25581,privacy,0,0
25582,privacy,0,0
25583,privacy,0,0
25584,privacy,0,0
25585,privacy,0,0
25586,privacy,0,0
25587,privacy,0,0
25588,privacy,0,0
25589,privacy,0,0
25590,privacy,1,1
25591,privacy,0,0
25592,privacy,1,1
25593,privacy,1,0
25594,privacy,0,0
25595,privacy,0,0
25596,privacy,0,0
25597,privacy,0,0
25598,privacy,0,0
25599,privacy,0,0
25600,privacy,0,0
25601,privacy,1,1
25602,privacy,0,0
25603,privacy,0,0
25604,privacy,0,0
25605,privacy,0,0
25606,privacy,0,0
25607,privacy,0,0
25608,privacy,0,0
25609,privacy,0,0
25610,privacy,0,0
25611,privacy,0,0
25612,privacy,0,0
25613,privacy,0,0
25614,privacy,0,0
25615,privacy,0,0
25616,privacy,0,0
25617,privacy,0,0
25618,privacy,0,0
25619,privacy,0,0
25620,privacy,0,0
25621,privacy,0,0
25622,privacy,0,0
25623,privacy,0,0
25624,privacy,0,0
25625,privacy,0,0
25626,privacy,0,0
25627,privacy,0,0
25628,privacy,1,0
25629,privacy,1,0
25630,privacy,1,0
25631,privacy,0,0
25632,privacy,0,0
25633,privacy,1,0
25634,privacy,0,0
25635,privacy,1,0
25636,privacy,1,0
25637,privacy,1,1
25638,privacy,1,0
25639,privacy,0,0
25640,privacy,1,0
25641,privacy,0,0
25642,privacy,1,0
25643,privacy,0,0
25644,privacy,1,0
25645,privacy,1,0
25646,privacy,1,0
25647,privacy,0,0
25648,privacy,0,0
25649,privacy,1,0
25650,privacy,0,0
25651,privacy,0,0
25652,privacy,0,0
25653,privacy,0,0
25654,privacy,0,0
25655,privacy,0,0
25656,privacy,0,0
25657,privacy,0,0
25658,privacy,0,0
25659,privacy,0,0
25660,privacy,1,0
25661,privacy,0,0
25662,privacy,0,0
25663,privacy,0,0
25664,privacy,0,0
25665,privacy,1,0
25666,privacy,1,1
25667,privacy,1,1
25668,privacy,1,1
25669,privacy,0,0
25670,privacy,0,0
25671,privacy,0,0
25672,privacy,0,0
25673,privacy,0,0
25674,privacy,0,0
25675,privacy,0,0
25676,privacy,0,0
25677,privacy,1,1
25678,privacy,0,0
25679,privacy,0,0
25680,privacy,0,0
25681,privacy,1,1
25682,privacy,1,0
25683,privacy,1,0
25684,privacy,0,0
25685,privacy,1,1
25686,privacy,0,0
25687,privacy,0,0
25688,privacy,1,0
25689,privacy,1,1
25690,privacy,1,0
25691,privacy,1,1
25692,privacy,0,0
25693,privacy,0,0
25694,privacy,1,1
25695,privacy,0,0
25696,privacy,1,0
25697,privacy,0,0
25698,privacy,0,0
25699,privacy,0,0
25700,privacy,1,1
25701,privacy,1,0
25702,privacy,1,1
25703,privacy,0,0
25704,privacy,0,0
25705,privacy,0,0
25706,privacy,1,0
25707,privacy,1,0
25708,privacy,1,1
25709,privacy,0,0
25710,privacy,1,0
25711,privacy,0,0
25712,privacy,0,0
25713,privacy,1,1
25714,privacy,1,1
25715,privacy,1,0
25716,privacy,0,0
25717,privacy,0,0
25718,privacy,0,0
25719,privacy,0,0
25720,privacy,0,0
25721,privacy,0,0
25722,privacy,0,0
25723,privacy,1,1
25724,privacy,1,0
25725,privacy,0,0
25726,privacy,0,0
25727,privacy,0,0
25728,privacy,1,0
25729,privacy,0,0
25730,privacy,1,1
25731,privacy,0,0
25732,privacy,0,0
25733,privacy,0,0
25734,privacy,1,1
25735,privacy,0,0
25736,privacy,0,0
25737,privacy,1,0
25738,privacy,0,0
25739,privacy,1,1
25740,privacy,1,0
25741,privacy,0,0
25742,privacy,0,0
25743,privacy,0,0
25744,privacy,1,0
25745,privacy,1,1
25746,privacy,0,0
25747,privacy,0,0
25748,privacy,1,0
25749,privacy,0,0
25750,privacy,0,0
25751,privacy,0,0
25752,privacy,1,1
25753,privacy,1,1
25754,privacy,0,0
25755,privacy,0,0
25756,privacy,0,0
25757,privacy,0,0
25758,privacy,1,1
25759,privacy,1,1
25760,privacy,0,0
25761,privacy,0,0
25762,privacy,1,0
25763,privacy,1,1
25764,privacy,0,0
25765,privacy,0,0
25766,privacy,0,0
25767,privacy,0,0
25768,privacy,0,0
25769,privacy,1,1
25770,privacy,0,0
25771,privacy,0,0
25772,privacy,1,1
25773,privacy,0,0
25774,privacy,0,0
25775,privacy,0,0
25776,privacy,0,0
25777,privacy,0,0
25778,privacy,1,1
25779,privacy,1,1
25780,privacy,0,0
25781,privacy,0,0
25782,privacy,0,0
25783,privacy,0,0
25784,privacy,1,1
25785,privacy,1,1
25786,privacy,0,0
25787,privacy,0,0
25788,privacy,1,1
25789,privacy,1,1
25790,privacy,1,1
25791,privacy,1,1
25792,privacy,1,1
25793,privacy,1,1
25794,privacy,1,1
25795,privacy,1,1
25796,privacy,1,1
25797,privacy,1,1
25798,privacy,1,1
25799,privacy,0,0
25800,privacy,0,0
25801,privacy,0,0
25802,privacy,0,0
25803,privacy,0,0
25804,privacy,1,1
25805,privacy,0,0
25806,privacy,1,0
25807,privacy,1,0
25808,privacy,0,0
25809,privacy,0,0
25810,privacy,0,0
25811,privacy,0,0
25812,privacy,1,0
25813,privacy,0,0
25814,privacy,1,1
25815,privacy,1,0
25816,privacy,1,0
25817,privacy,0,0
25818,privacy,0,0
25819,privacy,0,0
25820,privacy,0,0
25821,privacy,0,0
25822,privacy,1,1
25823,privacy,1,0
25824,privacy,0,0
25825,privacy,0,0
25826,privacy,0,0
25827,privacy,0,0
25828,privacy,0,0
25829,privacy,0,0
25830,privacy,0,0
25831,privacy,0,0
25832,privacy,0,0
25833,privacy,0,0
25834,privacy,1,1
25835,privacy,1,1
25836,privacy,0,0
25837,privacy,0,0
25838,privacy,0,0
25839,privacy,0,0
25840,privacy,0,0
25841,privacy,0,0
25842,privacy,0,0
25843,privacy,0,0
25844,privacy,1,1
25845,privacy,0,0
25846,privacy,0,0
25847,privacy,1,1
25848,privacy,1,0
25849,privacy,1,0
25850,privacy,0,0
25851,privacy,0,0
25852,privacy,0,0
25853,privacy,0,0
25854,privacy,0,0
25855,privacy,0,0
25856,privacy,0,0
25857,privacy,0,0
25858,privacy,0,0
25859,privacy,0,0
25860,privacy,0,0
25861,privacy,0,0
25862,privacy,1,1
25863,privacy,0,0
25864,privacy,0,0
25865,privacy,0,0
25866,privacy,0,0
25867,privacy,1,1
25868,privacy,0,0
25869,privacy,0,0
25870,privacy,0,0
25871,privacy,0,0
25872,privacy,0,0
25873,privacy,0,0
25874,privacy,0,0
25875,privacy,0,0
25876,privacy,0,0
25877,privacy,0,0
25878,privacy,0,0
25879,privacy,0,0
25880,privacy,1,1
25881,privacy,0,0
25882,privacy,0,0
25883,privacy,1,0
25884,privacy,0,0
25885,privacy,0,0
25886,privacy,1,0
25887,privacy,0,0
25888,privacy,0,0
25889,privacy,0,0
25890,privacy,0,0
25891,privacy,1,0
25892,privacy,1,0
25893,privacy,1,0
25894,privacy,1,1
25895,privacy,0,0
25896,privacy,0,0
25897,privacy,1,0
25898,privacy,1,0
25899,privacy,1,0
25900,privacy,0,0
25901,privacy,1,1
25902,privacy,0,0
25903,privacy,0,0
25904,privacy,0,0
25905,privacy,1,1
25906,privacy,0,0
25907,privacy,0,0
25908,privacy,0,0
25909,privacy,1,0
25910,privacy,0,0
25911,privacy,1,0
25912,privacy,1,0
25913,privacy,1,0
25914,privacy,1,0
25915,privacy,0,0
25916,privacy,0,0
25917,privacy,0,0
25918,privacy,0,0
25919,privacy,0,0
25920,privacy,0,0
25921,privacy,0,0
25922,privacy,1,1
25923,privacy,1,1
25924,privacy,0,0
25925,privacy,0,0
25926,privacy,0,0
25927,privacy,0,0
25928,privacy,0,0
25929,privacy,0,0
25930,privacy,0,0
25931,privacy,0,0
25932,privacy,0,0
25933,privacy,0,0
25934,privacy,0,0
25935,privacy,0,0
25936,privacy,0,0
25937,privacy,1,1
25938,privacy,1,1
25939,privacy,0,0
25940,privacy,0,0
25941,privacy,1,0
25942,privacy,1,0
25943,privacy,1,0
25944,privacy,1,0
25945,privacy,0,0
25946,privacy,1,1
25947,privacy,1,1
25948,privacy,0,0
25949,privacy,1,1
25950,privacy,1,1
25951,privacy,1,1
25952,privacy,1,1
25953,privacy,1,1
25954,privacy,1,1
25955,privacy,1,1
25956,privacy,1,1
25957,privacy,1,1
25958,privacy,1,1
25959,privacy,1,1
25960,privacy,1,1
25961,privacy,1,1
25962,privacy,1,1
25963,privacy,1,1
25964,privacy,1,1
25965,privacy,0,0
25966,privacy,0,0
25967,privacy,1,1
25968,privacy,0,0
25969,privacy,1,1
25970,privacy,1,1
25971,privacy,0,0
25972,privacy,1,1
25973,privacy,1,1
25974,privacy,1,1
25975,privacy,0,0
25976,privacy,1,1
25977,privacy,1,1
25978,privacy,1,1
25979,privacy,0,0
25980,privacy,1,1
25981,privacy,0,0
25982,privacy,0,0
25983,privacy,0,0
25984,privacy,0,0
25985,privacy,1,1
25986,privacy,1,1
25987,privacy,1,1
25988,privacy,1,1
25989,privacy,1,1
25990,privacy,1,1
25991,privacy,1,1
25992,privacy,1,1
25993,privacy,1,1
25994,privacy,1,1
25995,privacy,0,0
25996,privacy,1,1
25997,privacy,1,1
25998,privacy,1,1
25999,privacy,0,0
26000,privacy,1,1
26001,privacy,1,1
26002,privacy,1,0
26003,privacy,1,1
26004,privacy,1,1
26005,privacy,0,0
26006,privacy,0,0
26007,privacy,0,0
26008,privacy,1,0
26009,privacy,0,0
26010,privacy,0,0
26011,privacy,0,0
26012,privacy,0,0
26013,privacy,1,1
26014,privacy,0,0
26015,privacy,1,0
26016,privacy,0,0
26017,privacy,1,1
26018,privacy,1,1
26019,privacy,1,0
26020,privacy,1,0
26021,privacy,0,0
26022,privacy,0,0
26023,privacy,1,1
26024,privacy,1,0
26025,privacy,1,1
26026,privacy,1,0
26027,privacy,1,0
26028,privacy,0,0
26029,privacy,0,0
26030,privacy,0,0
26031,privacy,1,0
26032,privacy,1,0
26033,privacy,0,0
26034,privacy,1,0
26035,privacy,1,0
26036,privacy,0,0
26037,privacy,1,1
26038,privacy,0,0
26039,privacy,1,0
26040,privacy,0,0
26041,privacy,1,0
26042,privacy,0,0
26043,privacy,0,0
26044,privacy,0,0
26045,privacy,1,0
26046,privacy,1,1
26047,privacy,0,0
26048,privacy,1,0
26049,privacy,0,0
26050,privacy,0,0
26051,privacy,0,0
26052,privacy,0,0
26053,privacy,0,0
26054,privacy,1,1
26055,privacy,0,0
26056,privacy,0,0
26057,privacy,0,0
26058,privacy,1,1
26059,privacy,0,0
26060,privacy,0,0
26061,privacy,1,0
26062,privacy,0,0
26063,privacy,0,0
26064,privacy,0,0
26065,privacy,1,0
26066,privacy,0,0
26067,privacy,0,0
26068,privacy,1,0
26069,privacy,0,0
26070,privacy,0,0
26071,privacy,0,0
26072,privacy,0,0
26073,privacy,0,0
26074,privacy,0,0
26075,privacy,1,1
26076,privacy,1,1
26077,privacy,1,1
26078,privacy,0,0
26079,privacy,0,0
26080,privacy,0,0
26081,privacy,0,0
26082,privacy,0,0
26083,privacy,0,0
26084,privacy,0,0
26085,privacy,0,0
26086,privacy,0,0
26087,privacy,0,0
26088,privacy,0,0
26089,privacy,1,0
26090,privacy,0,0
26091,privacy,0,0
26092,privacy,1,0
26093,privacy,1,0
26094,privacy,0,0
26095,privacy,1,0
26096,privacy,1,0
26097,privacy,0,0
26098,privacy,0,0
26099,privacy,1,0
26100,privacy,0,0
26101,privacy,0,0
26102,privacy,1,1
26103,privacy,0,0
26104,privacy,1,0
26105,privacy,1,1
26106,privacy,0,0
26107,privacy,1,0
26108,privacy,0,0
26109,privacy,0,0
26110,privacy,1,0
26111,privacy,0,0
26112,privacy,0,0
26113,privacy,0,0
26114,privacy,0,0
26115,privacy,0,0
26116,privacy,0,0
26117,privacy,1,0
26118,privacy,0,0
26119,privacy,1,1
26120,privacy,0,0
26121,privacy,0,0
26122,privacy,0,0
26123,privacy,1,0
26124,privacy,0,0
26125,privacy,0,0
26126,privacy,0,0
26127,privacy,0,0
26128,privacy,0,0
26129,privacy,0,0
26130,privacy,0,0
26131,privacy,0,0
26132,privacy,0,0
26133,privacy,1,1
26134,privacy,0,0
26135,privacy,0,0
26136,privacy,1,1
26137,privacy,1,1
26138,privacy,1,1
26139,privacy,0,0
26140,privacy,1,1
26141,privacy,0,0
26142,privacy,0,0
26143,privacy,1,1
26144,privacy,0,0
26145,privacy,0,0
26146,privacy,0,0
26147,privacy,0,0
26148,privacy,0,0
26149,privacy,0,0
26150,privacy,0,0
26151,privacy,0,0
26152,privacy,0,0
26153,privacy,0,0
26154,privacy,0,0
26155,privacy,0,0
26156,privacy,0,0
26157,privacy,0,0
26158,privacy,0,0
26159,privacy,1,0
26160,privacy,0,0
26161,privacy,0,0
26162,privacy,0,0
26163,privacy,1,1
26164,privacy,1,0
26165,privacy,1,1
26166,privacy,1,1
26167,privacy,0,0
26168,privacy,0,0
26169,privacy,1,0
26170,privacy,0,0
26171,privacy,0,0
26172,privacy,0,0
26173,privacy,0,0
26174,privacy,0,0
26175,privacy,0,0
26176,privacy,0,0
26177,privacy,0,0
26178,privacy,0,0
26179,privacy,0,0
26180,privacy,0,0
26181,privacy,0,0
26182,privacy,0,0
26183,privacy,0,0
26184,privacy,0,0
26185,privacy,0,0
26186,privacy,0,0
26187,privacy,0,0
26188,privacy,0,0
26189,privacy,0,0
26190,privacy,1,0
26191,privacy,0,0
26192,privacy,0,0
26193,privacy,0,0
26194,privacy,0,0
26195,privacy,1,0
26196,privacy,1,1
26197,privacy,0,0
26198,privacy,1,0
26199,privacy,0,0
26200,privacy,0,0
26201,privacy,0,0
26202,privacy,0,0
26203,privacy,0,0
26204,privacy,0,0
26205,privacy,0,0
26206,privacy,1,1
26207,privacy,0,0
26208,privacy,0,0
26209,privacy,0,0
26210,privacy,0,0
26211,privacy,0,0
26212,privacy,0,0
26213,privacy,0,0
26214,privacy,0,0
26215,privacy,0,0
26216,privacy,0,0
26217,privacy,0,0
26218,privacy,0,0
26219,privacy,0,0
26220,privacy,0,0
26221,privacy,0,0
26222,privacy,0,0
26223,privacy,0,0
26224,privacy,1,0
26225,privacy,0,0
26226,privacy,1,0
26227,privacy,0,0
26228,privacy,0,0
26229,privacy,0,0
26230,privacy,0,0
26231,privacy,0,0
26232,privacy,0,0
26233,privacy,0,0
26234,privacy,0,0
26235,privacy,0,0
26236,privacy,0,0
26237,privacy,1,0
26238,privacy,1,1
26239,privacy,1,1
26240,privacy,1,1
26241,privacy,0,0
26242,privacy,1,1
26243,privacy,0,0
26244,privacy,0,0
26245,privacy,0,0
26246,privacy,0,0
26247,privacy,1,1
26248,privacy,0,0
26249,privacy,1,1
26250,privacy,0,0
26251,privacy,0,0
26252,privacy,0,0
26253,privacy,0,0
26254,privacy,0,0
26255,privacy,0,0
26256,privacy,0,0
26257,privacy,0,0
26258,privacy,0,0
26259,privacy,0,0
26260,privacy,0,0
26261,privacy,0,0
26262,privacy,0,0
26263,privacy,0,0
26264,privacy,0,0
26265,privacy,0,0
26266,privacy,0,0
26267,privacy,0,0
26268,privacy,0,0
26269,privacy,0,0
26270,privacy,1,1
26271,privacy,0,0
26272,privacy,0,0
26273,privacy,0,0
26274,privacy,0,0
26275,privacy,0,0
26276,privacy,0,0
26277,privacy,0,0
26278,privacy,0,0
26279,privacy,0,0
26280,privacy,0,0
26281,privacy,0,0
26282,privacy,0,0
26283,privacy,0,0
26284,privacy,0,0
26285,privacy,1,1
26286,privacy,0,0
26287,privacy,0,0
26288,privacy,0,0
26289,privacy,0,0
26290,privacy,0,0
26291,privacy,0,0
26292,privacy,0,0
26293,privacy,0,0
26294,privacy,1,0
26295,privacy,0,0
26296,privacy,0,0
26297,privacy,0,0
26298,privacy,1,1
26299,privacy,1,1
26300,privacy,0,0
26301,privacy,0,0
26302,privacy,0,0
26303,privacy,0,0
26304,privacy,0,0
26305,privacy,1,1
26306,privacy,1,1
26307,privacy,0,0
26308,privacy,1,1
26309,privacy,0,0
26310,privacy,1,1
26311,privacy,1,1
26312,privacy,1,1
26313,privacy,0,0
26314,privacy,1,1
26315,privacy,0,0
26316,privacy,0,0
26317,privacy,0,0
26318,privacy,0,0
26319,privacy,0,0
26320,privacy,0,0
26321,privacy,0,0
26322,privacy,0,0
26323,privacy,0,0
26324,privacy,0,0
26325,privacy,0,0
26326,privacy,0,0
26327,privacy,0,0
26328,privacy,0,0
26329,privacy,1,1
26330,privacy,0,0
26331,privacy,0,0
26332,privacy,0,0
26333,privacy,0,0
26334,privacy,0,0
26335,privacy,0,0
26336,privacy,0,0
26337,privacy,1,1
26338,privacy,0,0
26339,privacy,0,0
26340,privacy,0,0
26341,privacy,1,0
26342,privacy,1,0
26343,privacy,0,0
26344,privacy,0,0
26345,privacy,1,1
26346,privacy,1,1
26347,privacy,0,0
26348,privacy,1,1
26349,privacy,1,1
26350,privacy,0,0
26351,privacy,0,0
26352,privacy,0,0
26353,privacy,0,0
26354,privacy,0,0
26355,privacy,0,0
26356,privacy,0,0
26357,privacy,0,0
26358,privacy,0,0
26359,privacy,0,0
26360,privacy,0,0
26361,privacy,0,0
26362,privacy,0,0
26363,privacy,0,0
26364,privacy,0,0
26365,privacy,0,0
26366,privacy,0,0
26367,privacy,0,0
26368,privacy,0,0
26369,privacy,0,0
26370,privacy,0,0
26371,privacy,0,0
26372,privacy,0,0
26373,privacy,0,0
26374,privacy,0,0
26375,privacy,1,1
26376,privacy,1,1
26377,privacy,0,0
26378,privacy,0,0
26379,privacy,0,0
26380,privacy,0,0
26381,privacy,0,0
26382,privacy,0,0
26383,privacy,0,0
26384,privacy,0,0
26385,privacy,0,0
26386,privacy,0,0
26387,privacy,0,0
26388,privacy,0,0
26389,privacy,1,0
26390,privacy,0,0
26391,privacy,0,0
26392,privacy,0,0
26393,privacy,0,0
26394,privacy,0,0
26395,privacy,0,0
26396,privacy,0,0
26397,privacy,1,0
26398,privacy,0,0
26399,privacy,0,0
26400,privacy,0,0
26401,privacy,0,0
26402,privacy,0,0
26403,privacy,0,0
26404,privacy,0,0
26405,privacy,0,0
26406,privacy,1,1
26407,privacy,0,0
26408,privacy,0,0
26409,privacy,0,0
26410,privacy,1,0
26411,privacy,1,0
26412,privacy,0,0
26413,privacy,0,0
26414,privacy,1,0
26415,privacy,0,0
26416,privacy,1,1
26417,privacy,1,0
26418,privacy,0,0
26419,privacy,1,0
26420,privacy,0,0
26421,privacy,0,0
26422,privacy,1,0
26423,privacy,1,1
26424,privacy,0,0
26425,privacy,1,1
26426,privacy,0,0
26427,privacy,1,1
26428,privacy,1,1
26429,privacy,0,0
26430,privacy,1,1
26431,privacy,1,0
26432,privacy,1,0
26433,privacy,1,1
26434,privacy,1,0
26435,privacy,1,0
26436,privacy,0,0
26437,privacy,0,0
26438,privacy,1,1
26439,privacy,1,0
26440,privacy,1,1
26441,privacy,1,0
26442,privacy,1,0
26443,privacy,0,0
26444,privacy,1,0
26445,privacy,1,0
26446,privacy,0,0
26447,privacy,1,0
26448,privacy,1,0
26449,privacy,0,0
26450,privacy,1,1
26451,privacy,1,0
26452,privacy,1,1
26453,privacy,0,0
26454,privacy,1,1
26455,privacy,1,0
26456,privacy,1,0
26457,privacy,1,0
26458,privacy,0,0
26459,privacy,0,0
26460,privacy,0,0
26461,privacy,0,0
26462,privacy,0,0
26463,privacy,0,0
26464,privacy,0,0
26465,privacy,1,0
26466,privacy,1,1
26467,privacy,0,0
26468,privacy,0,0
26469,privacy,0,0
26470,privacy,1,0
26471,privacy,0,0
26472,privacy,0,0
26473,privacy,0,0
26474,privacy,1,0
26475,privacy,0,0
26476,privacy,0,0
26477,privacy,0,0
26478,privacy,1,1
26479,privacy,0,0
26480,privacy,1,1
26481,privacy,1,0
26482,privacy,0,0
26483,privacy,1,1
26484,privacy,1,1
26485,privacy,0,0
26486,privacy,1,0
26487,privacy,0,0
26488,privacy,0,0
26489,privacy,0,0
26490,privacy,1,1
26491,privacy,0,0
26492,privacy,0,0
26493,privacy,0,0
26494,privacy,0,0
26495,privacy,0,0
26496,privacy,0,0
26497,privacy,1,1
26498,privacy,1,0
26499,privacy,0,0
26500,privacy,0,0
26501,privacy,0,0
26502,privacy,0,0
26503,privacy,0,0
26504,privacy,0,0
26505,privacy,0,0
26506,privacy,1,1
26507,privacy,1,1
26508,privacy,1,1
26509,privacy,1,0
26510,privacy,1,0
26511,privacy,0,0
26512,privacy,0,0
26513,privacy,0,0
26514,privacy,1,0
26515,privacy,1,0
26516,privacy,1,1
26517,privacy,0,0
26518,privacy,0,0
26519,privacy,1,0
26520,privacy,1,1
26521,privacy,0,0
26522,privacy,0,0
26523,privacy,1,0
26524,privacy,0,0
26525,privacy,0,0
26526,privacy,0,0
26527,privacy,0,0
26528,privacy,0,0
26529,privacy,0,0
26530,privacy,1,1
26531,privacy,0,0
26532,privacy,0,0
26533,privacy,0,0
26534,privacy,0,0
26535,privacy,0,0
26536,privacy,0,0
26537,privacy,0,0
26538,privacy,0,0
26539,privacy,0,0
26540,privacy,0,0
26541,privacy,0,0
26542,privacy,0,0
26543,privacy,0,0
26544,privacy,0,0
26545,privacy,1,1
26546,privacy,0,0
26547,privacy,0,0
26548,privacy,0,0
26549,privacy,0,0
26550,privacy,0,0
26551,privacy,0,0
26552,privacy,0,0
26553,privacy,0,0
26554,privacy,0,0
26555,privacy,0,0
26556,privacy,0,0
26557,privacy,0,0
26558,privacy,0,0
26559,privacy,1,1
26560,privacy,1,1
26561,privacy,0,0
26562,privacy,1,1
26563,privacy,1,1
26564,privacy,1,0
26565,privacy,1,1
26566,privacy,1,1
26567,privacy,0,0
26568,privacy,1,1
26569,privacy,1,1
26570,privacy,1,1
26571,privacy,0,0
26572,privacy,1,1
26573,privacy,0,0
26574,privacy,1,1
26575,privacy,0,0
26576,privacy,0,0
26577,privacy,0,0
26578,privacy,1,1
26579,privacy,1,0
26580,privacy,1,1
26581,privacy,1,1
26582,privacy,0,0
26583,privacy,0,0
26584,privacy,0,0
26585,privacy,0,0
26586,privacy,0,0
26587,privacy,0,0
26588,privacy,1,0
26589,privacy,0,0
26590,privacy,0,0
26591,privacy,1,1
26592,privacy,0,0
26593,privacy,0,0
26594,privacy,1,0
26595,privacy,1,0
26596,privacy,1,0
26597,privacy,1,1
26598,privacy,1,1
26599,privacy,0,0
26600,privacy,1,0
26601,privacy,0,0
26602,privacy,0,0
26603,privacy,0,0
26604,privacy,0,0
26605,privacy,0,0
26606,privacy,0,0
26607,privacy,0,0
26608,privacy,0,0
26609,privacy,1,0
26610,privacy,0,0
26611,privacy,0,0
26612,privacy,0,0
26613,privacy,0,0
26614,privacy,0,0
26615,privacy,0,0
26616,privacy,1,0
26617,privacy,0,0
26618,privacy,0,0
26619,privacy,0,0
26620,privacy,1,1
26621,privacy,1,1
26622,privacy,0,0
26623,privacy,1,0
26624,privacy,1,0
26625,privacy,1,0
26626,privacy,0,0
26627,privacy,0,0
26628,privacy,0,0
26629,privacy,0,0
26630,privacy,0,0
26631,privacy,0,0
26632,privacy,0,0
26633,privacy,1,1
26634,privacy,0,0
26635,privacy,0,0
26636,privacy,0,0
26637,privacy,0,0
26638,privacy,0,0
26639,privacy,0,0
26640,privacy,0,0
26641,privacy,0,0
26642,privacy,0,0
26643,privacy,0,0
26644,privacy,0,0
26645,privacy,0,0
26646,privacy,0,0
26647,privacy,0,0
26648,privacy,0,0
26649,privacy,0,0
26650,privacy,0,0
26651,privacy,0,0
26652,privacy,0,0
26653,privacy,0,0
26654,privacy,0,0
26655,privacy,0,0
26656,privacy,0,0
26657,privacy,0,0
26658,privacy,0,0
26659,privacy,0,0
26660,privacy,0,0
26661,privacy,0,0
26662,privacy,0,0
26663,privacy,0,0
26664,privacy,0,0
26665,privacy,0,0
26666,privacy,0,0
26667,privacy,0,0
26668,privacy,0,0
26669,privacy,0,0
26670,privacy,0,0
26671,privacy,0,0
26672,privacy,0,0
26673,privacy,0,0
26674,privacy,0,0
26675,privacy,0,0
26676,privacy,0,0
26677,privacy,0,0
26678,privacy,0,0
26679,privacy,0,0
26680,privacy,1,1
26681,privacy,0,0
26682,privacy,1,1
26683,privacy,0,0
26684,privacy,1,1
26685,privacy,0,0
26686,privacy,1,1
26687,privacy,1,0
26688,privacy,1,1
26689,privacy,0,0
26690,privacy,0,0
26691,privacy,1,0
26692,privacy,1,1
26693,privacy,1,0
26694,privacy,0,0
26695,privacy,0,0
26696,privacy,0,0
26697,privacy,0,0
26698,privacy,1,1
26699,privacy,1,1
26700,privacy,0,0
26701,privacy,0,0
26702,privacy,0,0
26703,privacy,0,0
26704,privacy,0,0
26705,privacy,0,0
26706,privacy,1,0
26707,privacy,1,1
26708,privacy,1,0
26709,privacy,0,0
26710,privacy,1,0
26711,privacy,1,0
26712,privacy,0,0
26713,privacy,0,0
26714,privacy,1,0
26715,privacy,1,1
26716,privacy,0,0
26717,privacy,0,0
26718,privacy,0,0
26719,privacy,0,0
26720,privacy,1,1
26721,privacy,0,0
26722,privacy,0,0
26723,privacy,0,0
26724,privacy,0,0
26725,privacy,0,0
26726,privacy,0,0
26727,privacy,0,0
26728,privacy,1,1
26729,privacy,0,0
26730,privacy,1,0
26731,privacy,1,0
26732,privacy,0,0
26733,privacy,0,0
26734,privacy,0,0
26735,privacy,1,0
26736,privacy,1,1
26737,privacy,1,0
26738,privacy,0,0
26739,privacy,0,0
26740,privacy,0,0
26741,privacy,0,0
26742,privacy,1,0
26743,privacy,1,0
26744,privacy,0,0
26745,privacy,1,0
26746,privacy,0,0
26747,privacy,1,0
26748,privacy,1,0
26749,privacy,0,0
26750,privacy,0,0
26751,privacy,0,0
26752,privacy,0,0
26753,privacy,0,0
26754,privacy,0,0
26755,privacy,0,0
26756,privacy,0,0
26757,privacy,0,0
26758,privacy,0,0
26759,privacy,0,0
26760,privacy,0,0
26761,privacy,0,0
26762,privacy,0,0
26763,privacy,0,0
26764,privacy,0,0
26765,privacy,0,0
26766,privacy,0,0
26767,privacy,0,0
26768,privacy,0,0
26769,privacy,0,0
26770,privacy,0,0
26771,privacy,0,0
26772,privacy,0,0
26773,privacy,0,0
26774,privacy,0,0
26775,privacy,1,1
26776,privacy,0,0
26777,privacy,1,0
26778,privacy,0,0
26779,privacy,0,0
26780,privacy,0,0
26781,privacy,0,0
26782,privacy,1,1
26783,privacy,1,0
26784,privacy,0,0
26785,privacy,0,0
26786,privacy,0,0
26787,privacy,0,0
26788,privacy,0,0
26789,privacy,0,0
26790,privacy,1,0
26791,privacy,0,0
26792,privacy,1,0
26793,privacy,1,0
26794,privacy,1,0
26795,privacy,1,1
26796,privacy,0,0
26797,privacy,0,0
26798,privacy,1,1
26799,privacy,0,0
26800,privacy,0,0
26801,privacy,0,0
26802,privacy,0,0
26803,privacy,0,0
26804,privacy,1,0
26805,privacy,0,0
26806,privacy,1,0
26807,privacy,0,0
26808,privacy,0,0
26809,privacy,1,1
26810,privacy,0,0
26811,privacy,0,0
26812,privacy,0,0
26813,privacy,0,0
26814,privacy,0,0
26815,privacy,0,0
26816,privacy,0,0
26817,privacy,0,0
26818,privacy,0,0
26819,privacy,1,0
26820,privacy,0,0
26821,privacy,0,0
26822,privacy,0,0
26823,privacy,0,0
26824,privacy,1,0
26825,privacy,0,0
26826,privacy,1,1
26827,privacy,0,0
26828,privacy,1,0
26829,privacy,1,1
26830,privacy,1,1
26831,privacy,0,0
26832,privacy,0,0
26833,privacy,0,0
26834,privacy,0,0
26835,privacy,1,0
26836,privacy,0,0
26837,privacy,0,0
26838,privacy,1,0
26839,privacy,0,0
26840,privacy,0,0
26841,privacy,0,0
26842,privacy,1,0
26843,privacy,1,0
26844,privacy,1,0
26845,privacy,0,0
26846,privacy,0,0
26847,privacy,1,1
26848,privacy,0,0
26849,privacy,1,0
26850,privacy,1,1
26851,privacy,1,1
26852,privacy,0,0
26853,privacy,0,0
26854,privacy,1,1
26855,privacy,1,1
26856,privacy,0,0
26857,privacy,0,0
26858,privacy,0,0
26859,privacy,0,0
26860,privacy,1,1
26861,privacy,0,0
26862,privacy,0,0
26863,privacy,0,0
26864,privacy,0,0
26865,privacy,0,0
26866,privacy,0,0
26867,privacy,0,0
26868,privacy,1,1
26869,privacy,0,0
26870,privacy,0,0
26871,privacy,0,0
26872,privacy,0,0
26873,privacy,0,0
26874,privacy,0,0
26875,privacy,0,0
26876,privacy,0,0
26877,privacy,0,0
26878,privacy,0,0
26879,privacy,0,0
26880,privacy,0,0
26881,privacy,0,0
26882,privacy,0,0
26883,privacy,1,1
26884,privacy,0,0
26885,privacy,0,0
26886,privacy,1,1
26887,privacy,0,0
26888,privacy,1,0
26889,privacy,0,0
26890,privacy,0,0
26891,privacy,0,0
26892,privacy,0,0
26893,privacy,0,0
26894,privacy,0,0
26895,privacy,0,0
26896,privacy,0,0
26897,privacy,0,0
26898,privacy,0,0
26899,privacy,0,0
26900,privacy,0,0
26901,privacy,0,0
26902,privacy,0,0
26903,privacy,0,0
26904,privacy,0,0
26905,privacy,0,0
26906,privacy,0,0
26907,privacy,1,0
26908,privacy,0,0
26909,privacy,0,0
26910,privacy,0,0
26911,privacy,0,0
26912,privacy,1,1
26913,privacy,0,0
26914,privacy,1,0
26915,privacy,0,0
26916,privacy,0,0
26917,privacy,1,1
26918,privacy,0,0
26919,privacy,0,0
26920,privacy,0,0
26921,privacy,0,0
26922,privacy,1,1
26923,privacy,1,1
26924,privacy,0,0
26925,privacy,1,1
26926,privacy,0,0
26927,privacy,0,0
26928,privacy,0,0
26929,privacy,0,0
26930,privacy,0,0
26931,privacy,0,0
26932,privacy,0,0
26933,privacy,1,1
26934,privacy,0,0
26935,privacy,0,0
26936,privacy,1,0
26937,privacy,1,0
26938,privacy,1,1
26939,privacy,0,0
26940,privacy,0,0
26941,privacy,0,0
26942,privacy,0,0
26943,privacy,1,0
26944,privacy,1,1
26945,privacy,1,1
26946,privacy,0,0
26947,privacy,1,1
26948,privacy,1,1
26949,privacy,1,1
26950,privacy,0,0
26951,privacy,0,0
26952,privacy,0,0
26953,privacy,0,0
26954,privacy,0,0
26955,privacy,0,0
26956,privacy,0,0
26957,privacy,0,0
26958,privacy,0,0
26959,privacy,0,0
26960,privacy,0,0
26961,privacy,0,0
26962,privacy,0,0
26963,privacy,0,0
26964,privacy,0,0
26965,privacy,0,0
26966,privacy,0,0
26967,privacy,0,0
26968,privacy,0,0
26969,privacy,0,0
26970,privacy,0,0
26971,privacy,0,0
26972,privacy,0,0
26973,privacy,0,0
26974,privacy,0,0
26975,privacy,0,0
26976,privacy,0,0
26977,privacy,1,1
26978,privacy,0,0
26979,privacy,0,0
26980,privacy,0,0
26981,privacy,0,0
26982,privacy,0,0
26983,privacy,0,0
26984,privacy,0,0
26985,privacy,0,0
26986,privacy,1,1
26987,privacy,0,0
26988,privacy,1,1
26989,privacy,0,0
26990,privacy,0,0
26991,privacy,0,0
26992,privacy,0,0
26993,privacy,0,0
26994,privacy,1,1
26995,privacy,1,0
26996,privacy,0,0
26997,privacy,0,0
26998,privacy,0,0
26999,privacy,0,0
27000,privacy,0,0
27001,privacy,0,0
27002,privacy,0,0
27003,privacy,0,0
27004,privacy,0,0
27005,privacy,0,0
27006,privacy,0,0
27007,privacy,0,0
27008,privacy,0,0
27009,privacy,1,1
27010,privacy,0,0
27011,privacy,0,0
27012,privacy,0,0
27013,privacy,1,1
27014,privacy,0,0
27015,privacy,0,0
27016,privacy,0,0
27017,privacy,0,0
27018,privacy,0,0
27019,privacy,0,0
27020,privacy,1,0
27021,privacy,0,0
27022,privacy,0,0
27023,privacy,0,0
27024,privacy,0,0
27025,privacy,1,0
27026,privacy,0,0
27027,privacy,0,0
27028,privacy,0,0
27029,privacy,0,0
27030,privacy,0,0
27031,privacy,1,0
27032,privacy,0,0
27033,privacy,1,1
27034,privacy,1,0
27035,privacy,1,0
27036,privacy,0,0
27037,privacy,0,0
27038,privacy,1,1
27039,privacy,1,0
27040,privacy,0,0
27041,privacy,0,0
27042,privacy,0,0
27043,privacy,0,0
27044,privacy,1,0
27045,privacy,0,0
27046,privacy,0,0
27047,privacy,0,0
27048,privacy,0,0
27049,privacy,0,0
27050,privacy,0,0
27051,privacy,0,0
27052,privacy,0,0
27053,privacy,0,0
27054,privacy,1,0
27055,privacy,0,0
27056,privacy,0,0
27057,privacy,0,0
27058,privacy,0,0
27059,privacy,0,0
27060,privacy,0,0
27061,privacy,0,0
27062,privacy,0,0
27063,privacy,1,0
27064,privacy,1,1
27065,privacy,1,1
27066,privacy,1,1
27067,privacy,1,1
27068,privacy,1,0
27069,privacy,0,0
27070,privacy,0,0
27071,privacy,0,0
27072,privacy,0,0
27073,privacy,0,0
27074,privacy,0,0
27075,privacy,0,0
27076,privacy,0,0
27077,privacy,0,0
27078,privacy,0,0
27079,privacy,0,0
27080,privacy,0,0
27081,privacy,1,1
27082,privacy,0,0
27083,privacy,0,0
27084,privacy,0,0
27085,privacy,0,0
27086,privacy,0,0
27087,privacy,1,0
27088,privacy,1,0
27089,privacy,1,0
27090,privacy,0,0
27091,privacy,0,0
27092,privacy,0,0
27093,privacy,0,0
27094,privacy,1,1
27095,privacy,0,0
27096,privacy,0,0
27097,privacy,0,0
27098,privacy,0,0
27099,privacy,0,0
27100,privacy,0,0
27101,privacy,0,0
27102,privacy,0,0
27103,privacy,0,0
27104,privacy,0,0
27105,privacy,0,0
27106,privacy,0,0
27107,privacy,0,0
27108,privacy,0,0
27109,privacy,0,0
27110,privacy,0,0
27111,privacy,0,0
27112,privacy,1,0
27113,privacy,0,0
27114,privacy,0,0
27115,privacy,0,0
27116,privacy,1,1
27117,privacy,1,0
27118,privacy,1,1
27119,privacy,1,0
27120,privacy,1,0
27121,privacy,0,0
27122,privacy,0,0
27123,privacy,0,0
27124,privacy,0,0
27125,privacy,0,0
27126,privacy,1,1
27127,privacy,0,0
27128,privacy,1,1
27129,privacy,0,0
27130,privacy,0,0
27131,privacy,0,0
27132,privacy,0,0
27133,privacy,1,0
27134,privacy,1,0
27135,privacy,0,0
27136,privacy,1,0
27137,privacy,1,0
27138,privacy,1,0
27139,privacy,1,0
27140,privacy,1,0
27141,privacy,1,0
27142,privacy,1,0
27143,privacy,1,0
27144,privacy,0,0
27145,privacy,1,0
27146,privacy,1,0
27147,privacy,0,0
27148,privacy,0,0
27149,privacy,1,1
27150,privacy,0,0
27151,privacy,0,0
27152,privacy,0,0
27153,privacy,0,0
27154,privacy,0,0
27155,privacy,0,0
27156,privacy,0,0
27157,privacy,0,0
27158,privacy,0,0
27159,privacy,0,0
27160,privacy,1,0
27161,privacy,0,0
27162,privacy,0,0
27163,privacy,0,0
27164,privacy,0,0
27165,privacy,0,0
27166,privacy,0,0
27167,privacy,0,0
27168,privacy,0,0
27169,privacy,0,0
27170,privacy,0,0
27171,privacy,0,0
27172,privacy,0,0
27173,privacy,1,1
27174,privacy,0,0
27175,privacy,0,0
27176,privacy,0,0
27177,privacy,0,0
27178,privacy,1,1
27179,privacy,0,0
27180,privacy,0,0
27181,privacy,1,1
27182,privacy,1,1
27183,privacy,1,1
27184,privacy,0,0
27185,privacy,1,1
27186,privacy,0,0
27187,privacy,1,1
27188,privacy,1,1
27189,privacy,0,0
27190,privacy,0,0
27191,privacy,0,0
27192,privacy,0,0
27193,privacy,0,0
27194,privacy,0,0
27195,privacy,1,0
27196,privacy,1,1
27197,privacy,1,0
27198,privacy,1,1
27199,privacy,0,0
27200,privacy,0,0
27201,privacy,0,0
27202,privacy,1,1
27203,privacy,0,0
27204,privacy,0,0
27205,privacy,0,0
27206,privacy,0,0
27207,privacy,0,0
27208,privacy,0,0
27209,privacy,0,0
27210,privacy,1,0
27211,privacy,0,0
27212,privacy,0,0
27213,privacy,0,0
27214,privacy,0,0
27215,privacy,0,0
27216,privacy,0,0
27217,privacy,1,0
27218,privacy,0,0
27219,privacy,1,0
27220,privacy,0,0
27221,privacy,0,0
27222,privacy,1,0
27223,privacy,1,0
27224,privacy,1,1
27225,privacy,1,1
27226,privacy,1,1
27227,privacy,1,1
27228,privacy,0,0
27229,privacy,0,0
27230,privacy,0,0
27231,privacy,0,0
27232,privacy,0,0
27233,privacy,1,0
27234,privacy,1,1
27235,privacy,0,0
27236,privacy,0,0
27237,privacy,1,0
27238,privacy,0,0
27239,privacy,0,0
27240,privacy,1,0
27241,privacy,1,0
27242,privacy,0,0
27243,privacy,0,0
27244,privacy,0,0
27245,privacy,0,0
27246,privacy,1,0
27247,privacy,0,0
27248,privacy,1,0
27249,privacy,1,0
27250,privacy,1,0
27251,privacy,1,0
27252,privacy,1,0
27253,privacy,0,0
27254,privacy,0,0
27255,privacy,0,0
27256,privacy,1,1
27257,privacy,1,0
27258,privacy,1,0
27259,privacy,1,0
27260,privacy,0,0
27261,privacy,1,0
27262,privacy,0,0
27263,privacy,0,0
27264,privacy,0,0
27265,privacy,1,1
27266,privacy,0,0
27267,privacy,0,0
27268,privacy,0,0
27269,privacy,0,0
27270,privacy,1,1
27271,privacy,0,0
27272,privacy,0,0
27273,privacy,0,0
27274,privacy,0,0
27275,privacy,0,0
27276,privacy,0,0
27277,privacy,0,0
27278,privacy,0,0
27279,privacy,0,0
27280,privacy,0,0
27281,privacy,0,0
27282,privacy,0,0
27283,privacy,0,0
27284,privacy,0,0
27285,privacy,0,0
27286,privacy,0,0
27287,privacy,0,0
27288,privacy,0,0
27289,privacy,0,0
27290,privacy,1,1
27291,privacy,1,1
27292,privacy,0,0
27293,privacy,0,0
27294,privacy,0,0
27295,privacy,0,0
27296,privacy,0,0
27297,privacy,1,0
27298,privacy,0,0
27299,privacy,1,0
27300,privacy,1,1
27301,privacy,0,0
27302,privacy,0,0
27303,privacy,0,0
27304,privacy,0,0
27305,privacy,0,0
27306,privacy,0,0
27307,privacy,0,0
27308,privacy,0,0
27309,privacy,1,0
27310,privacy,0,0
27311,privacy,0,0
27312,privacy,0,0
27313,privacy,0,0
27314,privacy,0,0
27315,privacy,0,0
27316,privacy,0,0
27317,privacy,0,0
27318,privacy,1,1
27319,privacy,0,0
27320,privacy,0,0
27321,privacy,0,0
27322,privacy,0,0
27323,privacy,0,0
27324,privacy,0,0
27325,privacy,0,0
27326,privacy,0,0
27327,privacy,1,1
27328,privacy,0,0
27329,privacy,1,0
27330,privacy,0,0
27331,privacy,0,0
27332,privacy,0,0
27333,privacy,0,0
27334,privacy,0,0
27335,privacy,0,0
27336,privacy,0,0
27337,privacy,0,0
27338,privacy,0,0
27339,privacy,0,0
27340,privacy,1,0
27341,privacy,1,0
27342,privacy,0,0
27343,privacy,1,1
27344,privacy,0,0
27345,privacy,0,0
27346,privacy,0,0
27347,privacy,0,0
27348,privacy,1,0
27349,privacy,0,0
27350,privacy,0,0
27351,privacy,0,0
27352,privacy,0,0
27353,privacy,0,0
27354,privacy,0,0
27355,privacy,0,0
27356,privacy,0,0
27357,privacy,0,0
27358,privacy,0,0
27359,privacy,0,0
27360,privacy,0,0
27361,privacy,0,0
27362,privacy,0,0
27363,privacy,0,0
27364,privacy,0,0
27365,privacy,0,0
27366,privacy,0,0
27367,privacy,0,0
27368,privacy,0,0
27369,privacy,0,0
27370,privacy,0,0
27371,privacy,0,0
27372,privacy,0,0
27373,privacy,0,0
27374,privacy,0,0
27375,privacy,0,0
27376,privacy,0,0
27377,privacy,0,0
27378,privacy,0,0
27379,privacy,0,0
27380,privacy,0,0
27381,privacy,0,0
27382,privacy,0,0
27383,privacy,0,0
27384,privacy,0,0
27385,privacy,0,0
27386,privacy,1,1
27387,privacy,0,0
27388,privacy,1,0
27389,privacy,0,0
27390,privacy,0,0
27391,privacy,0,0
27392,privacy,0,0
27393,privacy,1,0
27394,privacy,0,0
27395,privacy,1,0
27396,privacy,0,0
27397,privacy,0,0
27398,privacy,0,0
27399,privacy,1,1
27400,privacy,0,0
27401,privacy,1,0
27402,privacy,1,1
27403,privacy,1,0
27404,privacy,1,1
27405,privacy,1,0
27406,privacy,0,0
27407,privacy,0,0
27408,privacy,1,1
27409,privacy,1,0
27410,privacy,0,0
27411,privacy,1,0
27412,privacy,1,0
27413,privacy,1,0
27414,privacy,1,0
27415,privacy,1,0
27416,privacy,0,0
27417,privacy,0,0
27418,privacy,0,0
27419,privacy,1,0
27420,privacy,1,1
27421,privacy,0,0
27422,privacy,1,1
27423,privacy,1,1
27424,privacy,0,0
27425,privacy,0,0
27426,privacy,0,0
27427,privacy,1,0
27428,privacy,0,0
27429,privacy,0,0
27430,privacy,0,0
27431,privacy,0,0
27432,privacy,0,0
27433,privacy,0,0
27434,privacy,0,0
27435,privacy,0,0
27436,privacy,1,0
27437,privacy,0,0
27438,privacy,1,1
27439,privacy,0,0
27440,privacy,0,0
27441,privacy,1,0
27442,privacy,0,0
27443,privacy,1,0
27444,privacy,0,0
27445,privacy,1,0
27446,privacy,0,0
27447,privacy,0,0
27448,privacy,0,0
27449,privacy,0,0
27450,privacy,1,1
27451,privacy,0,0
27452,privacy,1,0
27453,privacy,0,0
27454,privacy,0,0
27455,privacy,0,0
27456,privacy,1,0
27457,privacy,1,0
27458,privacy,1,0
27459,privacy,1,0
27460,privacy,0,0
27461,privacy,0,0
27462,privacy,1,1
27463,privacy,0,0
27464,privacy,0,0
27465,privacy,1,0
27466,privacy,1,0
27467,privacy,1,0
27468,privacy,1,0
27469,privacy,1,0
27470,privacy,0,0
27471,privacy,0,0
27472,privacy,0,0
27473,privacy,0,0
27474,privacy,1,0
27475,privacy,0,0
27476,privacy,0,0
27477,privacy,0,0
27478,privacy,0,0
27479,privacy,1,1
27480,privacy,0,0
27481,privacy,0,0
27482,privacy,0,0
27483,privacy,0,0
27484,privacy,0,0
27485,privacy,1,1
27486,privacy,0,0
27487,privacy,0,0
27488,privacy,1,1
27489,privacy,0,0
27490,privacy,1,1
27491,privacy,1,1
27492,privacy,0,0
27493,privacy,0,0
27494,privacy,1,1
27495,privacy,0,0
27496,privacy,0,0
27497,privacy,1,0
27498,privacy,0,0
27499,privacy,0,0
27500,privacy,0,0
27501,privacy,0,0
27502,privacy,0,0
27503,privacy,0,0
27504,privacy,0,0
27505,privacy,0,0
27506,privacy,0,0
27507,privacy,0,0
27508,privacy,1,1
27509,privacy,0,0
27510,privacy,0,0
27511,privacy,0,0
27512,privacy,0,0
27513,privacy,0,0
27514,privacy,0,0
27515,privacy,1,0
27516,privacy,1,0
27517,privacy,1,0
27518,privacy,1,1
27519,privacy,1,0
27520,privacy,1,1
27521,privacy,1,1
27522,privacy,0,0
27523,privacy,1,1
27524,privacy,1,0
27525,privacy,0,0
27526,privacy,1,1
27527,privacy,1,1
27528,privacy,0,0
27529,privacy,0,0
27530,privacy,1,1
27531,privacy,1,1
27532,privacy,1,1
27533,privacy,0,0
27534,privacy,1,1
27535,privacy,0,0
27536,privacy,1,1
27537,privacy,1,1
27538,privacy,0,0
27539,privacy,0,0
27540,privacy,1,1
27541,privacy,0,0
27542,privacy,0,0
27543,privacy,0,0
27544,privacy,1,1
27545,privacy,0,0
27546,privacy,1,1
27547,privacy,1,1
27548,privacy,1,1
27549,privacy,1,1
27550,privacy,1,1
27551,privacy,1,1
27552,privacy,1,1
27553,privacy,1,1
27554,privacy,1,1
27555,privacy,1,1
27556,privacy,1,1
27557,privacy,0,0
27558,privacy,0,0
27559,privacy,0,0
27560,privacy,0,0
27561,privacy,0,0
27562,privacy,0,0
27563,privacy,0,0
27564,privacy,0,0
27565,privacy,0,0
27566,privacy,1,1
27567,privacy,0,0
27568,privacy,0,0
27569,privacy,0,0
27570,privacy,0,0
27571,privacy,0,0
27572,privacy,0,0
27573,privacy,0,0
27574,privacy,1,1
27575,privacy,0,0
27576,privacy,0,0
27577,privacy,0,0
27578,privacy,0,0
27579,privacy,0,0
27580,privacy,0,0
27581,privacy,1,1
27582,privacy,0,0
27583,privacy,1,1
27584,privacy,1,1
27585,privacy,1,1
27586,privacy,0,0
27587,privacy,0,0
27588,privacy,0,0
27589,privacy,0,0
27590,privacy,0,0
27591,privacy,0,0
27592,privacy,1,1
27593,privacy,0,0
27594,privacy,0,0
27595,privacy,0,0
27596,privacy,1,1
27597,privacy,0,0
27598,privacy,0,0
27599,privacy,1,1
27600,privacy,0,0
27601,privacy,1,1
27602,privacy,1,1
27603,privacy,0,0
27604,privacy,0,0
27605,privacy,1,1
27606,privacy,1,1
27607,privacy,0,0
27608,privacy,0,0
27609,privacy,1,1
27610,privacy,1,1
27611,privacy,1,0
27612,privacy,1,0
27613,privacy,0,0
27614,privacy,1,1
27615,privacy,1,0
27616,privacy,1,1
27617,privacy,1,1
27618,privacy,0,0
27619,privacy,1,0
27620,privacy,0,0
27621,privacy,0,0
27622,privacy,1,0
27623,privacy,1,0
27624,privacy,0,0
27625,privacy,0,0
27626,privacy,0,0
27627,privacy,1,0
27628,privacy,1,0
27629,privacy,0,0
27630,privacy,1,0
27631,privacy,0,0
27632,privacy,1,1
27633,privacy,0,0
27634,privacy,0,0
27635,privacy,0,0
27636,privacy,0,0
27637,privacy,0,0
27638,privacy,1,0
27639,privacy,0,0
27640,privacy,1,0
27641,privacy,0,0
27642,privacy,0,0
27643,privacy,0,0
27644,privacy,0,0
27645,privacy,0,0
27646,privacy,0,0
27647,privacy,0,0
27648,privacy,1,0
27649,privacy,1,0
27650,privacy,0,0
27651,privacy,1,0
27652,privacy,1,0
27653,privacy,0,0
27654,privacy,1,0
27655,privacy,1,1
27656,privacy,1,0
27657,privacy,0,0
27658,privacy,1,1
27659,privacy,0,0
27660,privacy,0,0
27661,privacy,0,0
27662,privacy,1,0
27663,privacy,1,0
27664,privacy,0,0
27665,privacy,1,0
27666,privacy,0,0
27667,privacy,0,0
27668,privacy,0,0
27669,privacy,0,0
27670,privacy,0,0
27671,privacy,0,0
27672,privacy,0,0
27673,privacy,1,1
27674,privacy,0,0
27675,privacy,0,0
27676,privacy,1,1
27677,privacy,1,0
27678,privacy,1,0
27679,privacy,0,0
27680,privacy,0,0
27681,privacy,1,1
27682,privacy,1,0
27683,privacy,0,0
27684,privacy,0,0
27685,privacy,0,0
27686,privacy,0,0
27687,privacy,0,0
27688,privacy,0,0
27689,privacy,0,0
27690,privacy,0,0
27691,privacy,0,0
27692,privacy,1,0
27693,privacy,0,0
27694,privacy,1,1
27695,privacy,0,0
27696,privacy,1,1
27697,privacy,1,1
27698,privacy,1,1
27699,privacy,1,0
27700,privacy,0,0
27701,privacy,0,0
27702,privacy,0,0
27703,privacy,0,0
27704,privacy,0,0
27705,privacy,0,0
27706,privacy,0,0
27707,privacy,0,0
27708,privacy,0,0
27709,privacy,0,0
27710,privacy,0,0
27711,privacy,0,0
27712,privacy,1,0
27713,privacy,0,0
27714,privacy,0,0
27715,privacy,1,1
27716,privacy,0,0
27717,privacy,0,0
27718,privacy,0,0
27719,privacy,0,0
27720,privacy,0,0
27721,privacy,0,0
27722,privacy,0,0
27723,privacy,0,0
27724,privacy,1,1
27725,privacy,1,1
27726,privacy,1,1
27727,privacy,0,0
27728,privacy,0,0
27729,privacy,0,0
27730,privacy,0,0
27731,privacy,1,0
27732,privacy,1,1
27733,privacy,0,0
27734,privacy,0,0
27735,privacy,0,0
27736,privacy,1,0
27737,privacy,1,0
27738,privacy,1,0
27739,privacy,0,0
27740,privacy,0,0
27741,privacy,1,1
27742,privacy,0,0
27743,privacy,0,0
27744,privacy,1,1
27745,privacy,1,0
27746,privacy,0,0
27747,privacy,0,0
27748,privacy,1,1
27749,privacy,0,0
27750,privacy,0,0
27751,privacy,0,0
27752,privacy,0,0
27753,privacy,1,1
27754,privacy,1,1
27755,privacy,0,0
27756,privacy,1,1
27757,privacy,1,1
27758,privacy,0,0
27759,privacy,1,0
27760,privacy,0,0
27761,privacy,0,0
27762,privacy,1,0
27763,privacy,0,0
27764,privacy,0,0
27765,privacy,0,0
27766,privacy,0,0
27767,privacy,1,0
27768,privacy,0,0
27769,privacy,0,0
27770,privacy,0,0
27771,privacy,0,0
27772,privacy,0,0
27773,privacy,1,1
27774,privacy,0,0
27775,privacy,0,0
27776,privacy,0,0
27777,privacy,1,1
27778,privacy,0,0
27779,privacy,1,0
27780,privacy,0,0
27781,privacy,0,0
27782,privacy,0,0
27783,privacy,0,0
27784,privacy,1,1
27785,privacy,0,0
27786,privacy,0,0
27787,privacy,0,0
27788,privacy,0,0
27789,privacy,0,0
27790,privacy,0,0
27791,privacy,0,0
27792,privacy,0,0
27793,privacy,0,0
27794,privacy,0,0
27795,privacy,0,0
27796,privacy,0,0
27797,privacy,0,0
27798,privacy,1,0
27799,privacy,0,0
27800,privacy,0,0
27801,privacy,1,1
27802,privacy,0,0
27803,privacy,1,1
27804,privacy,0,0
27805,privacy,0,0
27806,privacy,0,0
27807,privacy,1,0
27808,privacy,0,0
27809,privacy,1,0
27810,privacy,0,0
27811,privacy,0,0
27812,privacy,0,0
27813,privacy,0,0
27814,privacy,0,0
27815,privacy,0,0
27816,privacy,1,0
27817,privacy,0,0
27818,privacy,0,0
27819,privacy,0,0
27820,privacy,0,0
27821,privacy,1,0
27822,privacy,0,0
27823,privacy,0,0
27824,privacy,0,0
27825,privacy,0,0
27826,privacy,0,0
27827,privacy,0,0
27828,privacy,1,0
27829,privacy,0,0
27830,privacy,0,0
27831,privacy,0,0
27832,privacy,0,0
27833,privacy,0,0
27834,privacy,1,0
27835,privacy,0,0
27836,privacy,0,0
27837,privacy,0,0
27838,privacy,0,0
27839,privacy,0,0
27840,privacy,0,0
27841,privacy,0,0
27842,privacy,0,0
27843,privacy,0,0
27844,privacy,0,0
27845,privacy,0,0
27846,privacy,0,0
27847,privacy,0,0
27848,privacy,0,0
27849,privacy,1,0
27850,privacy,1,0
27851,privacy,0,0
27852,privacy,0,0
27853,privacy,0,0
27854,privacy,0,0
27855,privacy,1,0
27856,privacy,0,0
27857,privacy,0,0
27858,privacy,0,0
27859,privacy,0,0
27860,privacy,1,0
27861,privacy,0,0
27862,privacy,0,0
27863,privacy,1,0
27864,privacy,1,0
27865,privacy,1,0
27866,privacy,1,0
27867,privacy,1,0
27868,privacy,1,0
27869,privacy,1,0
27870,privacy,1,0
27871,privacy,1,0
27872,privacy,0,0
27873,privacy,0,0
27874,privacy,0,0
27875,privacy,0,0
27876,privacy,0,0
27877,privacy,1,0
27878,privacy,0,0
27879,privacy,0,0
27880,privacy,0,0
27881,privacy,0,0
27882,privacy,0,0
27883,privacy,1,0
27884,privacy,0,0
27885,privacy,0,0
27886,privacy,1,0
27887,privacy,1,0
27888,privacy,0,0
27889,privacy,0,0
27890,privacy,0,0
27891,privacy,1,0
27892,privacy,0,0
27893,privacy,0,0
27894,privacy,0,0
27895,privacy,0,0
27896,privacy,0,0
27897,privacy,1,0
27898,privacy,0,0
27899,privacy,0,0
27900,privacy,0,0
27901,privacy,0,0
27902,privacy,1,1
27903,privacy,0,0
27904,privacy,0,0
27905,privacy,0,0
27906,privacy,0,0
27907,privacy,0,0
27908,privacy,0,0
27909,privacy,0,0
27910,privacy,0,0
27911,privacy,0,0
27912,privacy,0,0
27913,privacy,0,0
27914,privacy,0,0
27915,privacy,0,0
27916,privacy,0,0
27917,privacy,0,0
27918,privacy,0,0
27919,privacy,0,0
27920,privacy,0,0
27921,privacy,0,0
27922,privacy,0,0
27923,privacy,0,0
27924,privacy,0,0
27925,privacy,0,0
27926,privacy,0,0
27927,privacy,0,0
27928,privacy,0,0
27929,privacy,0,0
27930,privacy,0,0
27931,privacy,0,0
27932,privacy,0,0
27933,privacy,0,0
27934,privacy,1,0
27935,privacy,0,0
27936,privacy,1,0
27937,privacy,0,0
27938,privacy,0,0
27939,privacy,0,0
27940,privacy,0,0
27941,privacy,0,0
27942,privacy,0,0
27943,privacy,0,0
27944,privacy,0,0
27945,privacy,0,0
27946,privacy,0,0
27947,privacy,1,0
27948,privacy,0,0
27949,privacy,0,0
27950,privacy,0,0
27951,privacy,0,0
27952,privacy,1,0
27953,privacy,0,0
27954,privacy,0,0
27955,privacy,1,1
27956,privacy,0,0
27957,privacy,1,0
27958,privacy,1,0
27959,privacy,0,0
27960,privacy,0,0
27961,privacy,0,0
27962,privacy,0,0
27963,privacy,1,1
27964,privacy,1,0
27965,privacy,0,0
27966,privacy,0,0
27967,privacy,0,0
27968,privacy,1,0
27969,privacy,0,0
27970,privacy,0,0
27971,privacy,0,0
27972,privacy,0,0
27973,privacy,0,0
27974,privacy,0,0
27975,privacy,0,0
27976,privacy,1,0
27977,privacy,0,0
27978,privacy,0,0
27979,privacy,1,0
27980,privacy,0,0
27981,privacy,1,0
27982,privacy,1,0
27983,privacy,0,0
27984,privacy,1,0
27985,privacy,0,0
27986,privacy,1,0
27987,privacy,0,0
27988,privacy,1,1
27989,privacy,0,0
27990,privacy,1,1
27991,privacy,1,0
27992,privacy,0,0
27993,privacy,1,1
27994,privacy,0,0
27995,privacy,0,0
27996,privacy,0,0
27997,privacy,0,0
27998,privacy,0,0
27999,privacy,0,0
28000,privacy,0,0
28001,privacy,1,1
28002,privacy,0,0
28003,privacy,0,0
28004,privacy,0,0
28005,privacy,0,0
28006,privacy,0,0
28007,privacy,0,0
28008,privacy,0,0
28009,privacy,0,0
28010,privacy,0,0
28011,privacy,1,0
28012,privacy,1,0
28013,privacy,1,1
28014,privacy,1,1
28015,privacy,0,0
28016,privacy,1,0
28017,privacy,0,0
28018,privacy,1,0
28019,privacy,1,0
28020,privacy,0,0
28021,privacy,1,0
28022,privacy,1,1
28023,privacy,1,0
28024,privacy,1,0
28025,privacy,0,0
28026,privacy,1,1
28027,privacy,1,1
28028,privacy,1,0
28029,privacy,0,0
28030,privacy,1,0
28031,privacy,1,1
28032,privacy,1,0
28033,privacy,0,0
28034,privacy,1,0
28035,privacy,1,0
28036,privacy,1,0
28037,privacy,0,0
28038,privacy,0,0
28039,privacy,0,0
28040,privacy,1,1
28041,privacy,1,0
28042,privacy,0,0
28043,privacy,0,0
28044,privacy,1,0
28045,privacy,0,0
28046,privacy,0,0
28047,privacy,0,0
28048,privacy,1,0
28049,privacy,0,0
28050,privacy,0,0
28051,privacy,0,0
28052,privacy,0,0
28053,privacy,1,1
28054,privacy,1,0
28055,privacy,0,0
28056,privacy,0,0
28057,privacy,0,0
28058,privacy,0,0
28059,privacy,0,0
28060,privacy,0,0
28061,privacy,0,0
28062,privacy,0,0
28063,privacy,0,0
28064,privacy,0,0
28065,privacy,0,0
28066,privacy,0,0
28067,privacy,0,0
28068,privacy,0,0
28069,privacy,0,0
28070,privacy,0,0
28071,privacy,0,0
28072,privacy,0,0
28073,privacy,0,0
28074,privacy,0,0
28075,privacy,0,0
28076,privacy,0,0
28077,privacy,1,1
28078,privacy,0,0
28079,privacy,1,1
28080,privacy,1,0
28081,privacy,0,0
28082,privacy,1,0
28083,privacy,0,0
28084,privacy,0,0
28085,privacy,0,0
28086,privacy,0,0
28087,privacy,0,0
28088,privacy,1,0
28089,privacy,0,0
28090,privacy,0,0
28091,privacy,1,1
28092,privacy,1,1
28093,privacy,0,0
28094,privacy,0,0
28095,privacy,0,0
28096,privacy,0,0
28097,privacy,0,0
28098,privacy,0,0
28099,privacy,0,0
28100,privacy,0,0
28101,privacy,0,0
28102,privacy,0,0
28103,privacy,0,0
28104,privacy,1,0
28105,privacy,0,0
28106,privacy,0,0
28107,privacy,0,0
28108,privacy,1,0
28109,privacy,0,0
28110,privacy,0,0
28111,privacy,0,0
28112,privacy,0,0
28113,privacy,0,0
28114,privacy,0,0
28115,privacy,1,0
28116,privacy,1,0
28117,privacy,0,0
28118,privacy,0,0
28119,privacy,0,0
28120,privacy,0,0
28121,privacy,1,0
28122,privacy,0,0
28123,privacy,0,0
28124,privacy,1,0
28125,privacy,0,0
28126,privacy,0,0
28127,privacy,1,0
28128,privacy,0,0
28129,privacy,0,0
28130,privacy,0,0
28131,privacy,1,0
28132,privacy,0,0
28133,privacy,0,0
28134,privacy,0,0
28135,privacy,0,0
28136,privacy,0,0
28137,privacy,0,0
28138,privacy,0,0
28139,privacy,0,0
28140,privacy,0,0
28141,privacy,0,0
28142,privacy,1,0
28143,privacy,0,0
28144,privacy,0,0
28145,privacy,0,0
28146,privacy,0,0
28147,privacy,0,0
28148,privacy,0,0
28149,privacy,0,0
28150,privacy,0,0
28151,privacy,0,0
28152,privacy,0,0
28153,privacy,0,0
28154,privacy,0,0
28155,privacy,0,0
28156,privacy,0,0
28157,privacy,0,0
28158,privacy,0,0
28159,privacy,0,0
28160,privacy,0,0
28161,privacy,0,0
28162,privacy,0,0
28163,privacy,0,0
28164,privacy,1,1
28165,privacy,0,0
28166,privacy,0,0
28167,privacy,1,0
28168,privacy,0,0
28169,privacy,1,1
28170,privacy,1,0
28171,privacy,1,0
28172,privacy,0,0
28173,privacy,0,0
28174,privacy,0,0
28175,privacy,0,0
28176,privacy,0,0
28177,privacy,1,1
28178,privacy,0,0
28179,privacy,0,0
28180,privacy,0,0
28181,privacy,0,0
28182,privacy,0,0
28183,privacy,0,0
28184,privacy,0,0
28185,privacy,1,0
28186,privacy,1,0
28187,privacy,1,0
28188,privacy,1,0
28189,privacy,1,0
28190,privacy,0,0
28191,privacy,0,0
28192,privacy,0,0
28193,privacy,1,0
28194,privacy,0,0
28195,privacy,0,0
28196,privacy,1,0
28197,privacy,1,0
28198,privacy,0,0
28199,privacy,0,0
28200,privacy,0,0
28201,privacy,0,0
28202,privacy,1,0
28203,privacy,0,0
28204,privacy,0,0
28205,privacy,1,0
28206,privacy,1,0
28207,privacy,0,0
28208,privacy,0,0
28209,privacy,1,1
28210,privacy,1,1
28211,privacy,1,1
28212,privacy,0,0
28213,privacy,0,0
28214,privacy,1,0
28215,privacy,1,1
28216,privacy,0,0
28217,privacy,1,0
28218,privacy,1,0
28219,privacy,1,0
28220,privacy,0,0
28221,privacy,0,0
28222,privacy,0,0
28223,privacy,1,1
28224,privacy,1,1
28225,privacy,0,0
28226,privacy,0,0
28227,privacy,0,0
28228,privacy,0,0
28229,privacy,0,0
28230,privacy,0,0
28231,privacy,0,0
28232,privacy,0,0
28233,privacy,0,0
28234,privacy,0,0
28235,privacy,0,0
28236,privacy,0,0
28237,privacy,1,1
28238,privacy,1,1
28239,privacy,1,1
28240,privacy,0,0
28241,privacy,0,0
28242,privacy,0,0
28243,privacy,0,0
28244,privacy,0,0
28245,privacy,0,0
28246,privacy,0,0
28247,privacy,0,0
28248,privacy,0,0
28249,privacy,1,1
28250,privacy,0,0
28251,privacy,1,0
28252,privacy,0,0
28253,privacy,1,1
28254,privacy,0,0
28255,privacy,1,0
28256,privacy,0,0
28257,privacy,0,0
28258,privacy,0,0
28259,privacy,0,0
28260,privacy,0,0
28261,privacy,0,0
28262,privacy,1,1
28263,privacy,0,0
28264,privacy,1,0
28265,privacy,0,0
28266,privacy,0,0
28267,privacy,0,0
28268,privacy,0,0
28269,privacy,1,0
28270,privacy,1,0
28271,privacy,0,0
28272,privacy,0,0
28273,privacy,1,0
28274,privacy,0,0
28275,privacy,0,0
28276,privacy,0,0
28277,privacy,0,0
28278,privacy,0,0
28279,privacy,0,0
28280,privacy,1,1
28281,privacy,0,0
28282,privacy,0,0
28283,privacy,0,0
28284,privacy,0,0
28285,privacy,0,0
28286,privacy,1,0
28287,privacy,0,0
28288,privacy,1,0
28289,privacy,0,0
28290,privacy,1,1
28291,privacy,1,0
28292,privacy,0,0
28293,privacy,0,0
28294,privacy,0,0
28295,privacy,0,0
28296,privacy,0,0
28297,privacy,0,0
28298,privacy,0,0
28299,privacy,0,0
28300,privacy,0,0
28301,privacy,0,0
28302,privacy,0,0
28303,privacy,0,0
28304,privacy,1,1
28305,privacy,1,0
28306,privacy,1,1
28307,privacy,1,1
28308,privacy,0,0
28309,privacy,0,0
28310,privacy,0,0
28311,privacy,0,0
28312,privacy,1,1
28313,privacy,0,0
28314,privacy,1,1
28315,privacy,0,0
28316,privacy,0,0
28317,privacy,0,0
28318,privacy,0,0
28319,privacy,0,0
28320,privacy,0,0
28321,privacy,0,0
28322,privacy,0,0
28323,privacy,0,0
28324,privacy,0,0
28325,privacy,0,0
28326,privacy,0,0
28327,privacy,0,0
28328,privacy,0,0
28329,privacy,0,0
28330,privacy,1,0
28331,privacy,1,0
28332,privacy,1,0
28333,privacy,0,0
28334,privacy,1,0
28335,privacy,1,0
28336,privacy,0,0
28337,privacy,1,0
28338,privacy,1,0
28339,privacy,1,0
28340,privacy,1,0
28341,privacy,1,0
28342,privacy,1,0
28343,privacy,1,0
28344,privacy,0,0
28345,privacy,1,0
28346,privacy,1,0
28347,privacy,1,0
28348,privacy,1,0
28349,privacy,1,0
28350,privacy,0,0
28351,privacy,0,0
28352,privacy,0,0
28353,privacy,1,0
28354,privacy,0,0
28355,privacy,0,0
28356,privacy,0,0
28357,privacy,0,0
28358,privacy,0,0
28359,privacy,1,0
28360,privacy,1,1
28361,privacy,0,0
28362,privacy,1,1
28363,privacy,1,1
28364,privacy,0,0
28365,privacy,1,0
28366,privacy,0,0
28367,privacy,0,0
28368,privacy,0,0
28369,privacy,0,0
28370,privacy,1,0
28371,privacy,0,0
28372,privacy,0,0
28373,privacy,0,0
28374,privacy,0,0
28375,privacy,0,0
28376,privacy,0,0
28377,privacy,0,0
28378,privacy,0,0
28379,privacy,1,0
28380,privacy,0,0
28381,privacy,1,1
28382,privacy,0,0
28383,privacy,0,0
28384,privacy,1,1
28385,privacy,1,0
28386,privacy,1,0
28387,privacy,0,0
28388,privacy,0,0
28389,privacy,0,0
28390,privacy,1,1
28391,privacy,1,1
28392,privacy,1,0
28393,privacy,0,0
28394,privacy,0,0
28395,privacy,0,0
28396,privacy,0,0
28397,privacy,0,0
28398,privacy,1,0
28399,privacy,1,0
28400,privacy,0,0
28401,privacy,1,1
28402,privacy,0,0
28403,privacy,0,0
28404,privacy,1,0
28405,privacy,0,0
28406,privacy,0,0
28407,privacy,0,0
28408,privacy,1,1
28409,privacy,0,0
28410,privacy,1,0
28411,privacy,0,0
28412,privacy,0,0
28413,privacy,1,0
28414,privacy,0,0
28415,privacy,1,1
28416,privacy,1,1
28417,privacy,0,0
28418,privacy,0,0
28419,privacy,0,0
28420,privacy,0,0
28421,privacy,1,0
28422,privacy,1,0
28423,privacy,0,0
28424,privacy,0,0
28425,privacy,1,1
28426,privacy,0,0
28427,privacy,0,0
28428,privacy,0,0
28429,privacy,1,0
28430,privacy,0,0
28431,privacy,0,0
28432,privacy,0,0
28433,privacy,0,0
28434,privacy,1,1
28435,privacy,1,1
28436,privacy,0,0
28437,privacy,0,0
28438,privacy,0,0
28439,privacy,0,0
28440,privacy,1,0
28441,privacy,0,0
28442,privacy,1,0
28443,privacy,1,1
28444,privacy,1,1
28445,privacy,0,0
28446,privacy,1,1
28447,privacy,1,1
28448,privacy,0,0
28449,privacy,1,1
28450,privacy,1,1
28451,privacy,0,0
28452,privacy,0,0
28453,privacy,0,0
28454,privacy,0,0
28455,privacy,0,0
28456,privacy,0,0
28457,privacy,1,0
28458,privacy,1,0
28459,privacy,1,1
28460,privacy,0,0
28461,privacy,0,0
28462,privacy,1,1
28463,privacy,0,0
28464,privacy,0,0
28465,privacy,0,0
28466,privacy,0,0
28467,privacy,0,0
28468,privacy,0,0
28469,privacy,0,0
28470,privacy,1,1
28471,privacy,0,0
28472,privacy,0,0
28473,privacy,1,1
28474,privacy,0,0
28475,privacy,0,0
28476,privacy,0,0
28477,privacy,0,0
28478,privacy,0,0
28479,privacy,0,0
28480,privacy,0,0
28481,privacy,0,0
28482,privacy,0,0
28483,privacy,0,0
28484,privacy,0,0
28485,privacy,0,0
28486,privacy,1,1
28487,privacy,0,0
28488,privacy,0,0
28489,privacy,0,0
28490,privacy,0,0
28491,privacy,0,0
28492,privacy,1,0
28493,privacy,1,0
28494,privacy,1,1
28495,privacy,0,0
28496,privacy,1,1
28497,privacy,1,0
28498,privacy,0,0
28499,privacy,0,0
28500,privacy,0,0
28501,privacy,0,0
28502,privacy,0,0
28503,privacy,1,1
28504,privacy,1,1
28505,privacy,0,0
28506,privacy,0,0
28507,privacy,0,0
28508,privacy,0,0
28509,privacy,0,0
28510,privacy,0,0
28511,privacy,0,0
28512,privacy,0,0
28513,privacy,0,0
28514,privacy,0,0
28515,privacy,0,0
28516,privacy,0,0
28517,privacy,0,0
28518,privacy,0,0
28519,privacy,1,0
28520,privacy,0,0
28521,privacy,0,0
28522,privacy,0,0
28523,privacy,0,0
28524,privacy,0,0
28525,privacy,1,1
28526,privacy,0,0
28527,privacy,0,0
28528,privacy,1,1
28529,privacy,0,0
28530,privacy,0,0
28531,privacy,0,0
28532,privacy,0,0
28533,privacy,0,0
28534,privacy,0,0
28535,privacy,1,1
28536,privacy,0,0
28537,privacy,1,1
28538,privacy,1,1
28539,privacy,0,0
28540,privacy,0,0
28541,privacy,1,1
28542,privacy,0,0
28543,privacy,0,0
28544,privacy,0,0
28545,privacy,0,0
28546,privacy,0,0
28547,privacy,0,0
28548,privacy,0,0
28549,privacy,0,0
28550,privacy,1,1
28551,privacy,0,0
28552,privacy,0,0
28553,privacy,0,0
28554,privacy,0,0
28555,privacy,0,0
28556,privacy,0,0
28557,privacy,0,0
28558,privacy,0,0
28559,privacy,0,0
28560,privacy,0,0
28561,privacy,0,0
28562,privacy,1,1
28563,privacy,0,0
28564,privacy,0,0
28565,privacy,0,0
28566,privacy,0,0
28567,privacy,0,0
28568,privacy,0,0
28569,privacy,0,0
28570,privacy,0,0
28571,privacy,0,0
28572,privacy,0,0
28573,privacy,1,1
28574,privacy,0,0
28575,privacy,0,0
28576,privacy,0,0
28577,privacy,0,0
28578,privacy,0,0
28579,privacy,0,0
28580,privacy,0,0
28581,privacy,0,0
28582,privacy,0,0
28583,privacy,0,0
28584,privacy,0,0
28585,privacy,0,0
28586,privacy,0,0
28587,privacy,0,0
28588,privacy,0,0
28589,privacy,0,0
28590,privacy,0,0
28591,privacy,0,0
28592,privacy,0,0
28593,privacy,1,1
28594,privacy,1,0
28595,privacy,1,0
28596,privacy,0,0
28597,privacy,0,0
28598,privacy,0,0
28599,privacy,0,0
28600,privacy,0,0
28601,privacy,0,0
28602,privacy,0,0
28603,privacy,0,0
28604,privacy,0,0
28605,privacy,0,0
28606,privacy,0,0
28607,privacy,0,0
28608,privacy,0,0
28609,privacy,0,0
28610,privacy,0,0
28611,privacy,0,0
28612,privacy,0,0
28613,privacy,0,0
28614,privacy,0,0
28615,privacy,0,0
28616,privacy,0,0
28617,privacy,0,0
28618,privacy,0,0
28619,privacy,0,0
28620,privacy,1,1
28621,privacy,1,0
28622,privacy,1,1
28623,privacy,0,0
28624,privacy,0,0
28625,privacy,0,0
28626,privacy,0,0
28627,privacy,1,0
28628,privacy,0,0
28629,privacy,1,0
28630,privacy,0,0
28631,privacy,0,0
28632,privacy,0,0
28633,privacy,0,0
28634,privacy,1,0
28635,privacy,0,0
28636,privacy,0,0
28637,privacy,1,0
28638,privacy,0,0
28639,privacy,1,0
28640,privacy,1,0
28641,privacy,0,0
28642,privacy,0,0
28643,privacy,0,0
28644,privacy,1,1
28645,privacy,1,0
28646,privacy,0,0
28647,privacy,0,0
28648,privacy,0,0
28649,privacy,1,1
28650,privacy,0,0
28651,privacy,0,0
28652,privacy,0,0
28653,privacy,0,0
28654,privacy,0,0
28655,privacy,0,0
28656,privacy,1,1
28657,privacy,0,0
28658,privacy,0,0
28659,privacy,0,0
28660,privacy,1,0
28661,privacy,0,0
28662,privacy,0,0
28663,privacy,0,0
28664,privacy,1,1
28665,privacy,0,0
28666,privacy,1,0
28667,privacy,1,0
28668,privacy,1,0
28669,privacy,0,0
28670,privacy,0,0
28671,privacy,1,1
28672,privacy,1,1
28673,privacy,0,0
28674,privacy,1,1
28675,privacy,1,1
28676,privacy,0,0
28677,privacy,0,0
28678,privacy,1,1
28679,privacy,0,0
28680,privacy,0,0
28681,privacy,0,0
28682,privacy,0,0
28683,privacy,0,0
28684,privacy,0,0
28685,privacy,0,0
28686,privacy,1,0
28687,privacy,0,0
28688,privacy,0,0
28689,privacy,0,0
28690,privacy,0,0
28691,privacy,1,1
28692,privacy,0,0
28693,privacy,0,0
28694,privacy,0,0
28695,privacy,0,0
28696,privacy,0,0
28697,privacy,0,0
28698,privacy,0,0
28699,privacy,0,0
28700,privacy,1,1
28701,privacy,0,0
28702,privacy,0,0
28703,privacy,0,0
28704,privacy,1,1
28705,privacy,0,0
28706,privacy,0,0
28707,privacy,0,0
28708,privacy,0,0
28709,privacy,0,0
28710,privacy,0,0
28711,privacy,1,1
28712,privacy,0,0
28713,privacy,1,0
28714,privacy,0,0
28715,privacy,1,1
28716,privacy,0,0
28717,privacy,0,0
28718,privacy,1,1
28719,privacy,0,0
28720,privacy,1,1
28721,privacy,0,0
28722,privacy,0,0
28723,privacy,0,0
28724,privacy,0,0
28725,privacy,0,0
28726,privacy,0,0
28727,privacy,0,0
28728,privacy,0,0
28729,privacy,0,0
28730,privacy,0,0
28731,privacy,1,1
28732,privacy,0,0
28733,privacy,1,0
28734,privacy,0,0
28735,privacy,1,0
28736,privacy,0,0
28737,privacy,0,0
28738,privacy,0,0
28739,privacy,0,0
28740,privacy,0,0
28741,privacy,1,1
28742,privacy,1,1
28743,privacy,0,0
28744,privacy,1,1
28745,privacy,0,0
28746,privacy,0,0
28747,privacy,0,0
28748,privacy,1,1
28749,privacy,0,0
28750,privacy,0,0
28751,privacy,0,0
28752,privacy,0,0
28753,privacy,0,0
28754,privacy,0,0
28755,privacy,0,0
28756,privacy,1,1
28757,privacy,1,1
28758,privacy,0,0
28759,privacy,0,0
28760,privacy,0,0
28761,privacy,1,1
28762,privacy,0,0
28763,privacy,1,1
28764,privacy,0,0
28765,privacy,0,0
28766,privacy,0,0
28767,privacy,1,1
28768,privacy,0,0
28769,privacy,0,0
28770,privacy,0,0
28771,privacy,0,0
28772,privacy,0,0
28773,privacy,1,1
28774,privacy,1,1
28775,privacy,0,0
28776,privacy,0,0
28777,privacy,1,1
28778,privacy,1,1
28779,privacy,0,0
28780,privacy,0,0
28781,privacy,0,0
28782,privacy,0,0
28783,privacy,1,0
28784,privacy,1,1
28785,privacy,1,0
28786,privacy,0,0
28787,privacy,0,0
28788,privacy,1,0
28789,privacy,0,0
28790,privacy,0,0
28791,privacy,0,0
28792,privacy,0,0
28793,privacy,0,0
28794,privacy,0,0
28795,privacy,0,0
28796,privacy,1,1
28797,privacy,1,1
28798,privacy,1,1
28799,privacy,1,0
28800,privacy,0,0
28801,privacy,0,0
28802,privacy,1,1
28803,privacy,0,0
28804,privacy,0,0
28805,privacy,0,0
28806,privacy,1,1
28807,privacy,0,0
28808,privacy,0,0
28809,privacy,1,1
28810,privacy,0,0
28811,privacy,1,0
28812,privacy,1,0
28813,privacy,0,0
28814,privacy,0,0
28815,privacy,1,0
28816,privacy,1,0
28817,privacy,1,1
28818,privacy,0,0
28819,privacy,0,0
28820,privacy,0,0
28821,privacy,1,0
28822,privacy,0,0
28823,privacy,0,0
28824,privacy,0,0
28825,privacy,0,0
28826,privacy,0,0
28827,privacy,0,0
28828,privacy,0,0
28829,privacy,1,0
28830,privacy,0,0
28831,privacy,1,1
28832,privacy,0,0
28833,privacy,1,1
28834,privacy,1,0
28835,privacy,0,0
28836,privacy,1,0
28837,privacy,0,0
28838,privacy,0,0
28839,privacy,1,1
28840,privacy,0,0
28841,privacy,0,0
28842,privacy,1,0
28843,privacy,1,1
28844,privacy,1,0
28845,privacy,0,0
28846,privacy,0,0
28847,privacy,0,0
28848,privacy,1,1
28849,privacy,0,0
28850,privacy,0,0
28851,privacy,0,0
28852,privacy,1,1
28853,privacy,0,0
28854,privacy,1,1
28855,privacy,0,0
28856,privacy,0,0
28857,privacy,1,1
28858,privacy,0,0
28859,privacy,0,0
28860,privacy,0,0
28861,privacy,1,0
28862,privacy,0,0
28863,privacy,0,0
28864,privacy,1,0
28865,privacy,1,0
28866,privacy,1,0
28867,privacy,0,0
28868,privacy,1,0
28869,privacy,0,0
28870,privacy,1,1
28871,privacy,1,0
28872,privacy,0,0
28873,privacy,1,0
28874,privacy,0,0
28875,privacy,0,0
28876,privacy,0,0
28877,privacy,1,0
28878,privacy,0,0
28879,privacy,1,1
28880,privacy,0,0
28881,privacy,1,0
28882,privacy,1,1
28883,privacy,1,1
28884,privacy,0,0
28885,privacy,0,0
28886,privacy,1,0
28887,privacy,0,0
28888,privacy,1,1
28889,privacy,0,0
28890,privacy,0,0
28891,privacy,0,0
28892,privacy,0,0
28893,privacy,0,0
28894,privacy,0,0
28895,privacy,1,0
28896,privacy,0,0
28897,privacy,0,0
28898,privacy,1,0
28899,privacy,1,1
28900,privacy,0,0
28901,privacy,0,0
28902,privacy,0,0
28903,privacy,0,0
28904,privacy,0,0
28905,privacy,0,0
28906,privacy,0,0
28907,privacy,0,0
28908,privacy,0,0
28909,privacy,1,0
28910,privacy,0,0
28911,privacy,0,0
28912,privacy,0,0
28913,privacy,1,0
28914,privacy,0,0
28915,privacy,0,0
28916,privacy,0,0
28917,privacy,0,0
28918,privacy,0,0
28919,privacy,0,0
28920,privacy,0,0
28921,privacy,0,0
28922,privacy,1,1
28923,privacy,1,0
28924,privacy,0,0
28925,privacy,0,0
28926,privacy,1,1
28927,privacy,0,0
28928,privacy,0,0
28929,privacy,1,1
28930,privacy,1,1
28931,privacy,0,0
28932,privacy,1,1
28933,privacy,0,0
28934,privacy,0,0
28935,privacy,1,0
28936,privacy,1,0
28937,privacy,1,0
28938,privacy,1,1
28939,privacy,1,1
28940,privacy,1,1
28941,privacy,1,1
28942,privacy,0,0
28943,privacy,0,0
28944,privacy,1,1
28945,privacy,1,1
28946,privacy,1,0
28947,privacy,1,0
28948,privacy,1,1
28949,privacy,1,0
28950,privacy,0,0
28951,privacy,0,0
28952,privacy,1,1
28953,privacy,0,0
28954,privacy,0,0
28955,privacy,0,0
28956,privacy,0,0
28957,privacy,0,0
28958,privacy,1,1
28959,privacy,0,0
28960,privacy,0,0
28961,privacy,0,0
28962,privacy,1,0
28963,privacy,0,0
28964,privacy,1,1
28965,privacy,0,0
28966,privacy,1,1
28967,privacy,0,0
28968,privacy,0,0
28969,privacy,1,1
28970,privacy,0,0
28971,privacy,1,0
28972,privacy,0,0
28973,privacy,1,1
28974,privacy,0,0
28975,privacy,0,0
28976,privacy,0,0
28977,privacy,1,1
28978,privacy,0,0
28979,privacy,1,1
28980,privacy,0,0
28981,privacy,1,1
28982,privacy,1,1
28983,privacy,1,1
28984,privacy,0,0
28985,privacy,0,0
28986,privacy,0,0
28987,privacy,0,0
28988,privacy,0,0
28989,privacy,0,0
28990,privacy,0,0
28991,privacy,1,1
28992,privacy,1,1
28993,privacy,1,1
28994,privacy,0,0
28995,privacy,0,0
28996,privacy,0,0
28997,privacy,0,0
28998,privacy,0,0
28999,privacy,0,0
29000,privacy,0,0
29001,privacy,0,0
29002,privacy,1,0
29003,privacy,0,0
29004,privacy,1,1
29005,privacy,0,0
29006,privacy,1,0
29007,privacy,0,0
29008,privacy,0,0
29009,privacy,0,0
29010,privacy,1,0
29011,privacy,1,1
29012,privacy,0,0
29013,privacy,1,1
29014,privacy,1,1
29015,privacy,0,0
29016,privacy,1,1
29017,privacy,0,0
29018,privacy,1,1
29019,privacy,0,0
29020,privacy,1,1
29021,privacy,0,0
29022,privacy,1,1
29023,privacy,0,0
29024,privacy,0,0
29025,privacy,0,0
29026,privacy,1,1
29027,privacy,0,0
29028,privacy,0,0
29029,privacy,0,0
29030,privacy,0,0
29031,privacy,0,0
29032,privacy,0,0
29033,privacy,0,0
29034,privacy,1,1
29035,privacy,0,0
29036,privacy,0,0
29037,privacy,0,0
29038,privacy,0,0
29039,privacy,0,0
29040,privacy,0,0
29041,privacy,0,0
29042,privacy,0,0
29043,privacy,0,0
29044,privacy,0,0
29045,privacy,0,0
29046,privacy,0,0
29047,privacy,0,0
29048,privacy,0,0
29049,privacy,0,0
29050,privacy,0,0
29051,privacy,1,0
29052,privacy,1,0
29053,privacy,0,0
29054,privacy,0,0
29055,privacy,0,0
29056,privacy,0,0
29057,privacy,0,0
29058,privacy,0,0
29059,privacy,0,0
29060,privacy,0,0
29061,privacy,0,0
29062,privacy,1,1
29063,privacy,1,1
29064,privacy,0,0
29065,privacy,0,0
29066,privacy,0,0
29067,privacy,0,0
29068,privacy,0,0
29069,privacy,1,1
29070,privacy,0,0
29071,privacy,0,0
29072,privacy,0,0
29073,privacy,1,0
29074,privacy,1,1
29075,privacy,0,0
29076,privacy,0,0
29077,privacy,0,0
29078,privacy,0,0
29079,privacy,0,0
29080,privacy,0,0
29081,privacy,0,0
29082,privacy,0,0
29083,privacy,0,0
29084,privacy,0,0
29085,privacy,0,0
29086,privacy,0,0
29087,privacy,1,1
29088,privacy,0,0
29089,privacy,0,0
29090,privacy,0,0
29091,privacy,1,0
29092,privacy,0,0
29093,privacy,0,0
29094,privacy,0,0
29095,privacy,0,0
29096,privacy,0,0
29097,privacy,1,1
29098,privacy,0,0
29099,privacy,1,1
29100,privacy,0,0
29101,privacy,0,0
29102,privacy,0,0
29103,privacy,0,0
29104,privacy,0,0
29105,privacy,0,0
29106,privacy,0,0
29107,privacy,0,0
29108,privacy,0,0
29109,privacy,0,0
29110,privacy,0,0
29111,privacy,0,0
29112,privacy,0,0
29113,privacy,1,0
29114,privacy,0,0
29115,privacy,1,1
29116,privacy,0,0
29117,privacy,0,0
29118,privacy,0,0
29119,privacy,0,0
29120,privacy,0,0
29121,privacy,0,0
29122,privacy,0,0
29123,privacy,0,0
29124,privacy,0,0
29125,privacy,0,0
29126,privacy,0,0
29127,privacy,1,1
29128,privacy,0,0
29129,privacy,0,0
29130,privacy,0,0
29131,privacy,0,0
29132,privacy,1,0
29133,privacy,0,0
29134,privacy,0,0
29135,privacy,0,0
29136,privacy,0,0
29137,privacy,0,0
29138,privacy,0,0
29139,privacy,1,0
29140,privacy,0,0
29141,privacy,0,0
29142,privacy,1,0
29143,privacy,1,1
29144,privacy,1,1
29145,privacy,1,1
29146,privacy,1,1
29147,privacy,1,1
29148,privacy,0,0
29149,privacy,0,0
29150,privacy,0,0
29151,privacy,1,1
29152,privacy,0,0
29153,privacy,0,0
29154,privacy,0,0
29155,privacy,1,0
29156,privacy,0,0
29157,privacy,0,0
29158,privacy,0,0
29159,privacy,1,0
29160,privacy,0,0
29161,privacy,0,0
29162,privacy,1,0
29163,privacy,1,0
29164,privacy,1,0
29165,privacy,0,0
29166,privacy,1,0
29167,privacy,0,0
29168,privacy,0,0
29169,privacy,1,1
29170,privacy,1,1
29171,privacy,0,0
29172,privacy,1,0
29173,privacy,1,0
29174,privacy,1,0
29175,privacy,0,0
29176,privacy,0,0
29177,privacy,0,0
29178,privacy,1,0
29179,privacy,0,0
29180,privacy,0,0
29181,privacy,1,0
29182,privacy,0,0
29183,privacy,0,0
29184,privacy,0,0
29185,privacy,0,0
29186,privacy,1,0
29187,privacy,1,0
29188,privacy,1,0
29189,privacy,1,0
29190,privacy,0,0
29191,privacy,0,0
29192,privacy,1,0
29193,privacy,1,1
29194,privacy,1,0
29195,privacy,0,0
29196,privacy,1,0
29197,privacy,1,1
29198,privacy,1,0
29199,privacy,0,0
29200,privacy,0,0
29201,privacy,0,0
29202,privacy,0,0
29203,privacy,0,0
29204,privacy,0,0
29205,privacy,1,0
29206,privacy,0,0
29207,privacy,0,0
29208,privacy,0,0
29209,privacy,0,0
29210,privacy,1,0
29211,privacy,1,0
29212,privacy,0,0
29213,privacy,1,0
29214,privacy,0,0
29215,privacy,0,0
29216,privacy,1,0
29217,privacy,1,0
29218,privacy,1,0
29219,privacy,0,0
29220,privacy,0,0
29221,privacy,0,0
29222,privacy,0,0
29223,privacy,1,1
29224,privacy,1,0
29225,privacy,0,0
29226,privacy,0,0
29227,privacy,1,0
29228,privacy,0,0
29229,privacy,1,0
29230,privacy,0,0
29231,privacy,0,0
29232,privacy,1,1
29233,privacy,0,0
29234,privacy,1,1
29235,privacy,0,0
29236,privacy,1,0
29237,privacy,1,0
29238,privacy,1,0
29239,privacy,1,0
29240,privacy,0,0
29241,privacy,0,0
29242,privacy,1,1
29243,privacy,0,0
29244,privacy,0,0
29245,privacy,0,0
29246,privacy,1,0
29247,privacy,1,0
29248,privacy,0,0
29249,privacy,1,0
29250,privacy,1,1
29251,privacy,0,0
29252,privacy,0,0
29253,privacy,1,0
29254,privacy,1,0
29255,privacy,1,1
29256,privacy,1,0
29257,privacy,0,0
29258,privacy,0,0
29259,privacy,1,0
29260,privacy,1,0
29261,privacy,0,0
29262,privacy,1,0
29263,privacy,1,0
29264,privacy,1,0
29265,privacy,0,0
29266,privacy,1,0
29267,privacy,1,0
29268,privacy,1,0
29269,privacy,1,0
29270,privacy,0,0
29271,privacy,1,0
29272,privacy,0,0
29273,privacy,0,0
29274,privacy,0,0
29275,privacy,0,0
29276,privacy,0,0
29277,privacy,1,0
29278,privacy,0,0
29279,privacy,0,0
29280,privacy,0,0
29281,privacy,0,0
29282,privacy,0,0
29283,privacy,0,0
29284,privacy,0,0
29285,privacy,1,0
29286,privacy,0,0
29287,privacy,0,0
29288,privacy,0,0
29289,privacy,0,0
29290,privacy,1,0
29291,privacy,0,0
29292,privacy,1,1
29293,privacy,1,1
29294,privacy,0,0
29295,privacy,0,0
29296,privacy,0,0
29297,privacy,0,0
29298,privacy,0,0
29299,privacy,0,0
29300,privacy,1,0
29301,privacy,0,0
29302,privacy,1,0
29303,privacy,0,0
29304,privacy,0,0
29305,privacy,1,0
29306,privacy,1,0
29307,privacy,1,0
29308,privacy,0,0
29309,privacy,0,0
29310,privacy,1,0
29311,privacy,1,0
29312,privacy,1,1
29313,privacy,1,1
29314,privacy,1,0
29315,privacy,0,0
29316,privacy,1,1
29317,privacy,0,0
29318,privacy,0,0
29319,privacy,0,0
29320,privacy,0,0
29321,privacy,0,0
29322,privacy,0,0
29323,privacy,0,0
29324,privacy,1,0
29325,privacy,0,0
29326,privacy,0,0
29327,privacy,0,0
29328,privacy,0,0
29329,privacy,0,0
29330,privacy,0,0
29331,privacy,0,0
29332,privacy,0,0
29333,privacy,0,0
29334,privacy,0,0
29335,privacy,0,0
29336,privacy,0,0
29337,privacy,0,0
29338,privacy,0,0
29339,privacy,1,1
29340,privacy,0,0
29341,privacy,0,0
29342,privacy,0,0
29343,privacy,0,0
29344,privacy,0,0
29345,privacy,0,0
29346,privacy,0,0
29347,privacy,0,0
29348,privacy,0,0
29349,privacy,0,0
29350,privacy,0,0
29351,privacy,0,0
29352,privacy,1,1
29353,privacy,0,0
29354,privacy,0,0
29355,privacy,0,0
29356,privacy,0,0
29357,privacy,0,0
29358,privacy,0,0
29359,privacy,0,0
29360,privacy,1,1
29361,privacy,0,0
29362,privacy,1,1
29363,privacy,1,1
29364,privacy,1,1
29365,privacy,0,0
29366,privacy,1,1
29367,privacy,1,0
29368,privacy,0,0
29369,privacy,0,0
29370,privacy,0,0
29371,privacy,0,0
29372,privacy,1,1
29373,privacy,0,0
29374,privacy,0,0
29375,privacy,1,1
29376,privacy,0,0
29377,privacy,0,0
29378,privacy,0,0
29379,privacy,0,0
29380,privacy,0,0
29381,privacy,0,0
29382,privacy,1,1
29383,privacy,0,0
29384,privacy,1,0
29385,privacy,1,0
29386,privacy,1,0
29387,privacy,1,0
29388,privacy,1,0
29389,privacy,1,0
29390,privacy,0,0
29391,privacy,1,0
29392,privacy,0,0
29393,privacy,1,1
29394,privacy,1,0
29395,privacy,1,1
29396,privacy,0,0
29397,privacy,0,0
29398,privacy,1,0
29399,privacy,1,1
29400,privacy,1,1
29401,privacy,1,1
29402,privacy,1,1
29403,privacy,0,0
29404,privacy,0,0
29405,privacy,1,0
29406,privacy,1,0
29407,privacy,0,0
29408,privacy,1,1
29409,privacy,1,1
29410,privacy,0,0
29411,privacy,1,1
29412,privacy,0,0
29413,privacy,0,0
29414,privacy,1,0
29415,privacy,1,0
29416,privacy,0,0
29417,privacy,0,0
29418,privacy,1,1
29419,privacy,0,0
29420,privacy,0,0
29421,privacy,0,0
29422,privacy,1,0
29423,privacy,0,0
29424,privacy,0,0
29425,privacy,0,0
29426,privacy,1,0
29427,privacy,1,1
29428,privacy,1,0
29429,privacy,1,1
29430,privacy,0,0
29431,privacy,0,0
29432,privacy,0,0
29433,privacy,0,0
29434,privacy,0,0
29435,privacy,0,0
29436,privacy,0,0
29437,privacy,0,0
29438,privacy,1,0
29439,privacy,1,0
29440,privacy,0,0
29441,privacy,1,0
29442,privacy,1,0
29443,privacy,0,0
29444,privacy,1,0
29445,privacy,1,0
29446,privacy,1,1
29447,privacy,0,0
29448,privacy,1,0
29449,privacy,0,0
29450,privacy,0,0
29451,privacy,0,0
29452,privacy,0,0
29453,privacy,1,0
29454,privacy,0,0
29455,privacy,0,0
29456,privacy,1,0
29457,privacy,1,0
29458,privacy,0,0
29459,privacy,1,0
29460,privacy,0,0
29461,privacy,0,0
29462,privacy,1,1
29463,privacy,1,1
29464,privacy,1,1
29465,privacy,1,1
29466,privacy,1,1
29467,privacy,1,1
29468,privacy,0,0
29469,privacy,0,0
29470,privacy,1,1
29471,privacy,0,0
29472,privacy,0,0
29473,privacy,0,0
29474,privacy,0,0
29475,privacy,1,1
29476,privacy,0,0
29477,privacy,0,0
29478,privacy,1,1
29479,privacy,1,1
29480,privacy,1,1
29481,privacy,0,0
29482,privacy,0,0
29483,privacy,0,0
29484,privacy,0,0
29485,privacy,1,1
29486,privacy,1,1
29487,privacy,0,0
29488,privacy,1,1
29489,privacy,0,0
29490,privacy,1,1
29491,privacy,0,0
29492,privacy,0,0
29493,privacy,0,0
29494,privacy,0,0
29495,privacy,0,0
29496,privacy,1,1
29497,privacy,0,0
29498,privacy,0,0
29499,privacy,1,1
29500,privacy,0,0
29501,privacy,0,0
29502,privacy,0,0
29503,privacy,0,0
29504,privacy,0,0
29505,privacy,0,0
29506,privacy,0,0
29507,privacy,0,0
29508,privacy,1,1
29509,privacy,1,0
29510,privacy,0,0
29511,privacy,0,0
29512,privacy,0,0
29513,privacy,0,0
29514,privacy,0,0
29515,privacy,0,0
29516,privacy,0,0
29517,privacy,0,0
29518,privacy,0,0
29519,privacy,0,0
29520,privacy,0,0
29521,privacy,0,0
29522,privacy,0,0
29523,privacy,0,0
29524,privacy,0,0
29525,privacy,1,1
29526,privacy,0,0
29527,privacy,0,0
29528,privacy,1,1
29529,privacy,0,0
29530,privacy,0,0
29531,privacy,1,1
29532,privacy,1,1
29533,privacy,0,0
29534,privacy,0,0
29535,privacy,1,1
29536,privacy,1,1
29537,privacy,1,0
29538,privacy,0,0
29539,privacy,1,0
29540,privacy,0,0
29541,privacy,1,1
29542,privacy,0,0
29543,privacy,0,0
29544,privacy,0,0
29545,privacy,1,1
29546,privacy,1,1
29547,privacy,1,1
29548,privacy,0,0
29549,privacy,0,0
29550,privacy,0,0
29551,privacy,0,0
29552,privacy,0,0
29553,privacy,0,0
29554,privacy,0,0
29555,privacy,0,0
29556,privacy,0,0
29557,privacy,0,0
29558,privacy,0,0
29559,privacy,0,0
29560,privacy,0,0
29561,privacy,0,0
29562,privacy,0,0
29563,privacy,0,0
29564,privacy,0,0
29565,privacy,0,0
29566,privacy,0,0
29567,privacy,0,0
29568,privacy,0,0
29569,privacy,0,0
29570,privacy,0,0
29571,privacy,0,0
29572,privacy,0,0
29573,privacy,0,0
29574,privacy,0,0
29575,privacy,0,0
29576,privacy,1,1
29577,privacy,0,0
29578,privacy,1,0
29579,privacy,0,0
29580,privacy,1,0
29581,privacy,1,0
29582,privacy,1,0
29583,privacy,0,0
29584,privacy,0,0
29585,privacy,1,1
29586,privacy,0,0
29587,privacy,0,0
29588,privacy,0,0
29589,privacy,0,0
29590,privacy,1,1
29591,privacy,0,0
29592,privacy,1,1
29593,privacy,0,0
29594,privacy,1,1
29595,privacy,1,0
29596,privacy,1,1
29597,privacy,1,1
29598,privacy,0,0
29599,privacy,0,0
29600,privacy,0,0
29601,privacy,0,0
29602,privacy,0,0
29603,privacy,0,0
29604,privacy,0,0
29605,privacy,0,0
29606,privacy,0,0
29607,privacy,0,0
29608,privacy,0,0
29609,privacy,0,0
29610,privacy,0,0
29611,privacy,0,0
29612,privacy,0,0
29613,privacy,0,0
29614,privacy,1,0
29615,privacy,0,0
29616,privacy,0,0
29617,privacy,0,0
29618,privacy,0,0
29619,privacy,0,0
29620,privacy,0,0
29621,privacy,0,0
29622,privacy,0,0
29623,privacy,0,0
29624,privacy,0,0
29625,privacy,0,0
29626,privacy,0,0
29627,privacy,0,0
29628,privacy,0,0
29629,privacy,0,0
29630,privacy,0,0
29631,privacy,0,0
29632,privacy,0,0
29633,privacy,0,0
29634,privacy,0,0
29635,privacy,0,0
29636,privacy,0,0
29637,privacy,0,0
29638,privacy,1,0
29639,privacy,0,0
29640,privacy,1,1
29641,privacy,1,1
29642,privacy,0,0
29643,privacy,0,0
29644,privacy,0,0
29645,privacy,0,0
29646,privacy,0,0
29647,privacy,1,1
29648,privacy,0,0
29649,privacy,1,1
29650,privacy,0,0
29651,privacy,0,0
29652,privacy,0,0
29653,privacy,1,1
29654,privacy,0,0
29655,privacy,1,1
29656,privacy,0,0
29657,privacy,0,0
29658,privacy,1,1
29659,privacy,0,0
29660,privacy,1,1
29661,privacy,1,1
29662,privacy,1,1
29663,privacy,1,1
29664,privacy,0,0
29665,privacy,0,0
29666,privacy,1,1
29667,privacy,0,0
29668,privacy,0,0
29669,privacy,0,0
29670,privacy,0,0
29671,privacy,1,0
29672,privacy,0,0
29673,privacy,0,0
29674,privacy,0,0
29675,privacy,0,0
29676,privacy,0,0
29677,privacy,0,0
29678,privacy,0,0
29679,privacy,0,0
29680,privacy,0,0
29681,privacy,0,0
29682,privacy,0,0
29683,privacy,0,0
29684,privacy,0,0
29685,privacy,0,0
29686,privacy,1,1
29687,privacy,0,0
29688,privacy,1,1
29689,privacy,0,0
29690,privacy,0,0
29691,privacy,0,0
29692,privacy,0,0
29693,privacy,0,0
29694,privacy,0,0
29695,privacy,0,0
29696,privacy,1,1
29697,privacy,0,0
29698,privacy,0,0
29699,privacy,0,0
29700,privacy,0,0
29701,privacy,0,0
29702,privacy,1,0
29703,privacy,0,0
29704,privacy,1,0
29705,privacy,0,0
29706,privacy,0,0
29707,privacy,0,0
29708,privacy,0,0
29709,privacy,0,0
29710,privacy,0,0
29711,privacy,0,0
29712,privacy,0,0
29713,privacy,1,0
29714,privacy,0,0
29715,privacy,0,0
29716,privacy,0,0
29717,privacy,0,0
29718,privacy,1,0
29719,privacy,0,0
29720,privacy,1,0
29721,privacy,0,0
29722,privacy,1,0
29723,privacy,1,0
29724,privacy,1,0
29725,privacy,1,1
29726,privacy,0,0
29727,privacy,0,0
29728,privacy,0,0
29729,privacy,0,0
29730,privacy,0,0
29731,privacy,1,1
29732,privacy,0,0
29733,privacy,0,0
29734,privacy,0,0
29735,privacy,0,0
29736,privacy,0,0
29737,privacy,0,0
29738,privacy,0,0
29739,privacy,0,0
29740,privacy,0,0
29741,privacy,1,1
29742,privacy,1,1
29743,privacy,0,0
29744,privacy,0,0
29745,privacy,1,1
29746,privacy,0,0
29747,privacy,0,0
29748,privacy,0,0
29749,privacy,0,0
29750,privacy,0,0
29751,privacy,0,0
29752,privacy,0,0
29753,privacy,0,0
29754,privacy,0,0
29755,privacy,1,0
29756,privacy,0,0
29757,privacy,0,0
29758,privacy,1,1
29759,privacy,1,1
29760,privacy,0,0
29761,privacy,0,0
29762,privacy,0,0
29763,privacy,1,0
29764,privacy,1,1
29765,privacy,1,1
29766,privacy,1,1
29767,privacy,0,0
29768,privacy,0,0
29769,privacy,0,0
29770,privacy,0,0
29771,privacy,0,0
29772,privacy,1,1
29773,privacy,0,0
29774,privacy,0,0
29775,privacy,0,0
29776,privacy,0,0
29777,privacy,1,0
29778,privacy,0,0
29779,privacy,1,0
29780,privacy,1,0
29781,privacy,1,0
29782,privacy,1,0
29783,privacy,0,0
29784,privacy,1,0
29785,privacy,1,0
29786,privacy,1,0
29787,privacy,0,0
29788,privacy,1,0
29789,privacy,1,1
29790,privacy,1,0
29791,privacy,0,0
29792,privacy,0,0
29793,privacy,1,0
29794,privacy,1,0
29795,privacy,1,0
29796,privacy,0,0
29797,privacy,0,0
29798,privacy,1,0
29799,privacy,1,1
29800,privacy,0,0
29801,privacy,0,0
29802,privacy,1,1
29803,privacy,0,0
29804,privacy,1,0
29805,privacy,1,1
29806,privacy,0,0
29807,privacy,0,0
29808,privacy,0,0
29809,privacy,0,0
29810,privacy,1,1
29811,privacy,0,0
29812,privacy,1,0
29813,privacy,0,0
29814,privacy,1,0
29815,privacy,0,0
29816,privacy,0,0
29817,privacy,0,0
29818,privacy,0,0
29819,privacy,1,1
29820,privacy,0,0
29821,privacy,0,0
29822,privacy,0,0
29823,privacy,0,0
29824,privacy,0,0
29825,privacy,0,0
29826,privacy,0,0
29827,privacy,1,0
29828,privacy,0,0
29829,privacy,0,0
29830,privacy,0,0
29831,privacy,1,0
29832,privacy,0,0
29833,privacy,0,0
29834,privacy,0,0
29835,privacy,0,0
29836,privacy,0,0
29837,privacy,1,0
29838,privacy,1,0
29839,privacy,1,0
29840,privacy,0,0
29841,privacy,1,0
29842,privacy,0,0
29843,privacy,0,0
29844,privacy,0,0
29845,privacy,0,0
29846,privacy,0,0
29847,privacy,0,0
29848,privacy,0,0
29849,privacy,1,0
29850,privacy,0,0
29851,privacy,0,0
29852,privacy,0,0
29853,privacy,0,0
29854,privacy,0,0
29855,privacy,0,0
29856,privacy,0,0
29857,privacy,0,0
29858,privacy,0,0
29859,privacy,0,0
29860,privacy,1,1
29861,privacy,1,1
29862,privacy,1,1
29863,privacy,0,0
29864,privacy,0,0
29865,privacy,1,1
29866,privacy,1,0
29867,privacy,1,0
29868,privacy,1,1
29869,privacy,0,0
29870,privacy,0,0
29871,privacy,0,0
29872,privacy,1,1
29873,privacy,0,0
29874,privacy,0,0
29875,privacy,1,1
29876,privacy,0,0
29877,privacy,1,0
29878,privacy,0,0
29879,privacy,1,0
29880,privacy,1,0
29881,privacy,1,0
29882,privacy,1,1
29883,privacy,0,0
29884,privacy,0,0
29885,privacy,1,0
29886,privacy,0,0
29887,privacy,1,0
29888,privacy,1,0
29889,privacy,1,0
29890,privacy,0,0
29891,privacy,0,0
29892,privacy,0,0
29893,privacy,0,0
29894,privacy,0,0
29895,privacy,1,0
29896,privacy,1,0
29897,privacy,0,0
29898,privacy,0,0
29899,privacy,0,0
29900,privacy,1,0
29901,privacy,1,0
29902,privacy,1,0
29903,privacy,0,0
29904,privacy,1,1
29905,privacy,1,0
29906,privacy,1,1
29907,privacy,0,0
29908,privacy,1,0
29909,privacy,1,0
29910,privacy,1,0
29911,privacy,1,0
29912,privacy,0,0
29913,privacy,1,1
29914,privacy,1,1
29915,privacy,1,1
29916,privacy,1,1
29917,privacy,1,1
29918,privacy,0,0
29919,privacy,1,1
29920,privacy,0,0
29921,privacy,0,0
29922,privacy,0,0
29923,privacy,1,1
29924,privacy,1,0
29925,privacy,1,1
29926,privacy,0,0
29927,privacy,0,0
29928,privacy,0,0
29929,privacy,0,0
29930,privacy,0,0
29931,privacy,1,1
29932,privacy,1,0
29933,privacy,1,1
29934,privacy,1,1
29935,privacy,1,1
29936,privacy,0,0
29937,privacy,0,0
29938,privacy,1,1
29939,privacy,1,1
29940,privacy,0,0
29941,privacy,1,1
29942,privacy,0,0
29943,privacy,1,1
29944,privacy,1,1
29945,privacy,0,0
29946,privacy,1,0
29947,privacy,1,1
29948,privacy,0,0
29949,privacy,1,0
29950,privacy,1,1
29951,privacy,0,0
29952,privacy,1,1
29953,privacy,0,0
29954,privacy,0,0
29955,privacy,1,1
29956,privacy,0,0
29957,privacy,1,0
29958,privacy,1,0
29959,privacy,0,0
29960,privacy,0,0
29961,privacy,0,0
29962,privacy,1,1
29963,privacy,0,0
29964,privacy,0,0
29965,privacy,0,0
29966,privacy,1,1
29967,privacy,0,0
29968,privacy,0,0
29969,privacy,0,0
29970,privacy,1,1
29971,privacy,1,1
29972,privacy,0,0
29973,privacy,1,0
29974,privacy,1,0
29975,privacy,1,1
29976,privacy,0,0
29977,privacy,0,0
29978,privacy,1,0
29979,privacy,1,1
29980,privacy,0,0
29981,privacy,0,0
29982,privacy,0,0
29983,privacy,0,0
29984,privacy,1,1
29985,privacy,1,1
29986,privacy,1,1
29987,privacy,1,1
29988,privacy,1,0
29989,privacy,1,1
29990,privacy,1,1
29991,privacy,0,0
29992,privacy,1,1
29993,privacy,0,0
29994,privacy,1,1
29995,privacy,1,1
29996,privacy,1,1
29997,privacy,0,0
29998,privacy,0,0
29999,privacy,1,1
30000,privacy,0,0
30001,privacy,1,1
30002,privacy,1,1
30003,privacy,1,1
30004,privacy,0,0
30005,privacy,0,0
30006,privacy,0,0
30007,privacy,0,0
30008,privacy,0,0
30009,privacy,1,1
30010,privacy,0,0
30011,privacy,0,0
30012,privacy,0,0
30013,privacy,0,0
30014,privacy,1,1
30015,privacy,0,0
30016,privacy,0,0
30017,privacy,0,0
30018,privacy,1,1
30019,privacy,0,0
30020,privacy,0,0
30021,privacy,1,1
30022,privacy,0,0
30023,privacy,1,1
30024,privacy,1,1
30025,privacy,1,1
30026,privacy,0,0
30027,privacy,0,0
30028,privacy,0,0
30029,privacy,0,0
30030,privacy,0,0
30031,privacy,0,0
30032,privacy,0,0
30033,privacy,1,1
30034,privacy,0,0
30035,privacy,1,1
30036,privacy,0,0
30037,privacy,0,0
30038,privacy,1,0
30039,privacy,0,0
30040,privacy,1,1
30041,privacy,0,0
30042,privacy,1,1
30043,privacy,0,0
30044,privacy,1,0
30045,privacy,0,0
30046,privacy,0,0
30047,privacy,0,0
30048,privacy,0,0
30049,privacy,0,0
30050,privacy,0,0
30051,privacy,1,1
30052,privacy,0,0
30053,privacy,1,1
30054,privacy,0,0
30055,privacy,1,1
30056,privacy,0,0
30057,privacy,0,0
30058,privacy,0,0
30059,privacy,1,1
30060,privacy,0,0
30061,privacy,1,0
30062,privacy,1,0
30063,privacy,1,0
30064,privacy,0,0
30065,privacy,0,0
30066,privacy,0,0
30067,privacy,0,0
30068,privacy,0,0
30069,privacy,0,0
30070,privacy,1,0
30071,privacy,0,0
30072,privacy,0,0
30073,privacy,0,0
30074,privacy,0,0
30075,privacy,0,0
30076,privacy,0,0
30077,privacy,0,0
30078,privacy,0,0
30079,privacy,0,0
30080,privacy,0,0
30081,privacy,0,0
30082,privacy,0,0
30083,privacy,0,0
30084,privacy,1,1
30085,privacy,0,0
30086,privacy,0,0
30087,privacy,1,1
30088,privacy,0,0
30089,privacy,1,1
30090,privacy,1,1
30091,privacy,0,0
30092,privacy,0,0
30093,privacy,0,0
30094,privacy,0,0
30095,privacy,0,0
30096,privacy,0,0
30097,privacy,0,0
30098,privacy,0,0
30099,privacy,0,0
30100,privacy,1,1
30101,privacy,1,1
30102,privacy,0,0
30103,privacy,1,1
30104,privacy,1,1
30105,privacy,0,0
30106,privacy,0,0
30107,privacy,1,1
30108,privacy,0,0
30109,privacy,1,0
30110,privacy,0,0
30111,privacy,0,0
30112,privacy,0,0
30113,privacy,0,0
30114,privacy,1,1
30115,privacy,1,1
30116,privacy,1,1
30117,privacy,1,0
30118,privacy,1,1
30119,privacy,0,0
30120,privacy,1,0
30121,privacy,1,0
30122,privacy,0,0
30123,privacy,1,0
30124,privacy,0,0
30125,privacy,0,0
30126,privacy,1,1
30127,privacy,0,0
30128,privacy,0,0
30129,privacy,0,0
30130,privacy,0,0
30131,privacy,0,0
30132,privacy,0,0
30133,privacy,0,0
30134,privacy,0,0
30135,privacy,0,0
30136,privacy,0,0
30137,privacy,0,0
30138,privacy,1,0
30139,privacy,1,0
30140,privacy,0,0
30141,privacy,1,0
30142,privacy,1,0
30143,privacy,0,0
30144,privacy,0,0
30145,privacy,1,1
30146,privacy,1,0
30147,privacy,0,0
30148,privacy,1,1
30149,privacy,1,0
30150,privacy,0,0
30151,privacy,1,1
30152,privacy,0,0
30153,privacy,0,0
30154,privacy,1,1
30155,privacy,0,0
30156,privacy,0,0
30157,privacy,0,0
30158,privacy,0,0
30159,privacy,1,1
30160,privacy,0,0
30161,privacy,0,0
30162,privacy,0,0
30163,privacy,0,0
30164,privacy,0,0
30165,privacy,0,0
30166,privacy,0,0
30167,privacy,0,0
30168,privacy,0,0
30169,privacy,0,0
30170,privacy,1,0
30171,privacy,0,0
30172,privacy,0,0
30173,privacy,0,0
30174,privacy,1,1
30175,privacy,1,1
30176,privacy,0,0
30177,privacy,1,1
30178,privacy,0,0
30179,privacy,0,0
30180,privacy,0,0
30181,privacy,0,0
30182,privacy,0,0
30183,privacy,0,0
30184,privacy,0,0
30185,privacy,0,0
30186,privacy,0,0
30187,privacy,0,0
30188,privacy,0,0
30189,privacy,0,0
30190,privacy,0,0
30191,privacy,0,0
30192,privacy,0,0
30193,privacy,1,0
30194,privacy,0,0
30195,privacy,1,0
30196,privacy,0,0
30197,privacy,0,0
30198,privacy,0,0
30199,privacy,0,0
30200,privacy,0,0
30201,privacy,0,0
30202,privacy,1,1
30203,privacy,0,0
30204,privacy,1,1
30205,privacy,1,1
30206,privacy,0,0
30207,privacy,0,0
30208,privacy,0,0
30209,privacy,0,0
30210,privacy,0,0
30211,privacy,0,0
30212,privacy,0,0
30213,privacy,0,0
30214,privacy,1,0
30215,privacy,0,0
30216,privacy,0,0
30217,privacy,0,0
30218,privacy,0,0
30219,privacy,0,0
30220,privacy,1,0
30221,privacy,0,0
30222,privacy,1,1
30223,privacy,0,0
30224,privacy,0,0
30225,privacy,0,0
30226,privacy,0,0
30227,privacy,0,0
30228,privacy,1,0
30229,privacy,0,0
30230,privacy,0,0
30231,privacy,0,0
30232,privacy,0,0
30233,privacy,0,0
30234,privacy,0,0
30235,privacy,0,0
30236,privacy,0,0
30237,privacy,0,0
30238,privacy,0,0
30239,privacy,1,0
30240,privacy,0,0
30241,privacy,0,0
30242,privacy,1,1
30243,privacy,0,0
30244,privacy,1,1
30245,privacy,1,1
30246,privacy,0,0
30247,privacy,0,0
30248,privacy,0,0
30249,privacy,0,0
30250,privacy,0,0
30251,privacy,0,0
30252,privacy,1,1
30253,privacy,0,0
30254,privacy,0,0
30255,privacy,0,0
30256,privacy,1,1
30257,privacy,0,0
30258,privacy,1,0
30259,privacy,1,1
30260,privacy,0,0
30261,privacy,1,1
30262,privacy,0,0
30263,privacy,0,0
30264,privacy,0,0
30265,privacy,0,0
30266,privacy,0,0
30267,privacy,0,0
30268,privacy,1,1
30269,privacy,1,0
30270,privacy,1,1
30271,privacy,0,0
30272,privacy,1,0
30273,privacy,1,1
30274,privacy,0,0
30275,privacy,0,0
30276,privacy,1,1
30277,privacy,0,0
30278,privacy,1,1
30279,privacy,1,1
30280,privacy,1,1
30281,privacy,0,0
30282,privacy,1,0
30283,privacy,1,0
30284,privacy,0,0
30285,privacy,1,1
30286,privacy,0,0
30287,privacy,0,0
30288,privacy,1,1
30289,privacy,0,0
30290,privacy,0,0
30291,privacy,0,0
30292,privacy,0,0
30293,privacy,0,0
30294,privacy,0,0
30295,privacy,0,0
30296,privacy,0,0
30297,privacy,0,0
30298,privacy,0,0
30299,privacy,0,0
30300,privacy,1,1
30301,privacy,0,0
30302,privacy,0,0
30303,privacy,1,1
30304,privacy,1,1
30305,privacy,0,0
30306,privacy,0,0
30307,privacy,0,0
30308,privacy,0,0
30309,privacy,0,0
30310,privacy,1,1
30311,privacy,0,0
30312,privacy,0,0
30313,privacy,0,0
30314,privacy,0,0
30315,privacy,0,0
30316,privacy,0,0
30317,privacy,0,0
30318,privacy,0,0
30319,privacy,0,0
30320,privacy,0,0
30321,privacy,0,0
30322,privacy,0,0
30323,privacy,1,0
30324,privacy,1,1
30325,privacy,0,0
30326,privacy,1,0
30327,privacy,0,0
30328,privacy,1,1
30329,privacy,1,1
30330,privacy,1,1
30331,privacy,0,0
30332,privacy,1,0
30333,privacy,0,0
30334,privacy,1,1
30335,privacy,1,0
30336,privacy,1,1
30337,privacy,0,0
30338,privacy,0,0
30339,privacy,1,0
30340,privacy,0,0
30341,privacy,0,0
30342,privacy,1,0
30343,privacy,0,0
30344,privacy,0,0
30345,privacy,0,0
30346,privacy,0,0
30347,privacy,0,0
30348,privacy,1,0
30349,privacy,0,0
30350,privacy,0,0
30351,privacy,0,0
30352,privacy,1,0
30353,privacy,0,0
30354,privacy,0,0
30355,privacy,0,0
30356,privacy,1,0
30357,privacy,0,0
30358,privacy,0,0
30359,privacy,1,0
30360,privacy,1,0
30361,privacy,1,0
30362,privacy,1,0
30363,privacy,1,0
30364,privacy,1,0
30365,privacy,1,0
30366,privacy,1,0
30367,privacy,1,0
30368,privacy,1,0
30369,privacy,1,0
30370,privacy,1,0
30371,privacy,1,0
30372,privacy,1,0
30373,privacy,0,0
30374,privacy,1,1
30375,privacy,0,0
30376,privacy,0,0
30377,privacy,0,0
30378,privacy,0,0
30379,privacy,0,0
30380,privacy,0,0
30381,privacy,0,0
30382,privacy,1,1
30383,privacy,1,1
30384,privacy,0,0
30385,privacy,0,0
30386,privacy,1,1
30387,privacy,0,0
30388,privacy,0,0
30389,privacy,1,1
30390,privacy,0,0
30391,privacy,0,0
30392,privacy,0,0
30393,privacy,0,0
30394,privacy,1,1
30395,privacy,1,1
30396,privacy,1,1
30397,privacy,1,1
30398,privacy,0,0
30399,privacy,0,0
30400,privacy,1,1
30401,privacy,0,0
30402,privacy,0,0
30403,privacy,1,1
30404,privacy,0,0
30405,privacy,0,0
30406,privacy,0,0
30407,privacy,0,0
30408,privacy,0,0
30409,privacy,0,0
30410,privacy,1,0
30411,privacy,0,0
30412,privacy,0,0
30413,privacy,0,0
30414,privacy,1,1
30415,privacy,1,1
30416,privacy,0,0
30417,privacy,0,0
30418,privacy,0,0
30419,privacy,0,0
30420,privacy,0,0
30421,privacy,1,1
30422,privacy,0,0
30423,privacy,0,0
30424,privacy,0,0
30425,privacy,0,0
30426,privacy,0,0
30427,privacy,0,0
30428,privacy,0,0
30429,privacy,0,0
30430,privacy,0,0
30431,privacy,0,0
30432,privacy,1,1
30433,privacy,0,0
30434,privacy,0,0
30435,privacy,0,0
30436,privacy,0,0
30437,privacy,1,1
30438,privacy,0,0
30439,privacy,0,0
30440,privacy,0,0
30441,privacy,0,0
30442,privacy,0,0
30443,privacy,0,0
30444,privacy,0,0
30445,privacy,0,0
30446,privacy,0,0
30447,privacy,1,1
30448,privacy,1,0
30449,privacy,1,1
30450,privacy,1,1
30451,privacy,0,0
30452,privacy,1,1
30453,privacy,1,0
30454,privacy,1,1
30455,privacy,1,0
30456,privacy,1,0
30457,privacy,1,0
30458,privacy,1,1
30459,privacy,1,1
30460,privacy,1,0
30461,privacy,1,0
30462,privacy,0,0
30463,privacy,1,0
30464,privacy,1,1
30465,privacy,1,0
30466,privacy,1,0
30467,privacy,1,0
30468,privacy,0,0
30469,privacy,1,0
30470,privacy,1,1
30471,privacy,1,0
30472,privacy,1,1
30473,privacy,1,1
30474,privacy,1,1
30475,privacy,0,0
30476,privacy,0,0
30477,privacy,0,0
30478,privacy,0,0
30479,privacy,0,0
30480,privacy,0,0
30481,privacy,0,0
30482,privacy,0,0
30483,privacy,0,0
30484,privacy,0,0
30485,privacy,0,0
30486,privacy,0,0
30487,privacy,0,0
30488,privacy,0,0
30489,privacy,0,0
30490,privacy,0,0
30491,privacy,0,0
30492,privacy,0,0
30493,privacy,0,0
30494,privacy,0,0
30495,privacy,0,0
30496,privacy,0,0
30497,privacy,0,0
30498,privacy,0,0
30499,privacy,0,0
30500,privacy,0,0
30501,privacy,0,0
30502,privacy,0,0
30503,privacy,1,1
30504,privacy,0,0
30505,privacy,1,0
30506,privacy,1,0
30507,privacy,0,0
30508,privacy,1,1
30509,privacy,0,0
30510,privacy,0,0
30511,privacy,0,0
30512,privacy,1,0
30513,privacy,1,0
30514,privacy,0,0
30515,privacy,0,0
30516,privacy,1,1
30517,privacy,0,0
30518,privacy,0,0
30519,privacy,0,0
30520,privacy,0,0
30521,privacy,1,0
30522,privacy,0,0
30523,privacy,0,0
30524,privacy,0,0
30525,privacy,0,0
30526,privacy,0,0
30527,privacy,0,0
30528,privacy,0,0
30529,privacy,1,0
30530,privacy,0,0
30531,privacy,0,0
30532,privacy,0,0
30533,privacy,0,0
30534,privacy,1,0
30535,privacy,1,1
30536,privacy,0,0
30537,privacy,0,0
30538,privacy,0,0
30539,privacy,1,0
30540,privacy,0,0
30541,privacy,0,0
30542,privacy,0,0
30543,privacy,0,0
30544,privacy,0,0
30545,privacy,0,0
30546,privacy,1,0
30547,privacy,0,0
30548,privacy,0,0
30549,privacy,0,0
30550,privacy,0,0
30551,privacy,0,0
30552,privacy,0,0
30553,privacy,0,0
30554,privacy,0,0
30555,privacy,0,0
30556,privacy,0,0
30557,privacy,0,0
30558,privacy,0,0
30559,privacy,0,0
30560,privacy,0,0
30561,privacy,0,0
30562,privacy,0,0
30563,privacy,0,0
30564,privacy,0,0
30565,privacy,0,0
30566,privacy,1,0
30567,privacy,0,0
30568,privacy,0,0
30569,privacy,0,0
30570,privacy,0,0
30571,privacy,0,0
30572,privacy,1,1
30573,privacy,0,0
30574,privacy,0,0
30575,privacy,0,0
30576,privacy,0,0
30577,privacy,0,0
30578,privacy,0,0
30579,privacy,0,0
30580,privacy,0,0
30581,privacy,0,0
30582,privacy,0,0
30583,privacy,0,0
30584,privacy,1,1
30585,privacy,0,0
30586,privacy,0,0
30587,privacy,0,0
30588,privacy,0,0
30589,privacy,0,0
30590,privacy,0,0
30591,privacy,0,0
30592,privacy,0,0
30593,privacy,0,0
30594,privacy,0,0
30595,privacy,0,0
30596,privacy,0,0
30597,privacy,0,0
30598,privacy,0,0
30599,privacy,1,0
30600,privacy,0,0
30601,privacy,0,0
30602,privacy,1,0
30603,privacy,1,0
30604,privacy,0,0
30605,privacy,0,0
30606,privacy,0,0
30607,privacy,0,0
30608,privacy,1,0
30609,privacy,0,0
30610,privacy,0,0
30611,privacy,1,0
30612,privacy,0,0
30613,privacy,0,0
30614,privacy,0,0
30615,privacy,1,0
30616,privacy,1,0
30617,privacy,1,0
30618,privacy,0,0
30619,privacy,1,1
30620,privacy,0,0
30621,privacy,0,0
30622,privacy,0,0
30623,privacy,1,0
30624,privacy,0,0
30625,privacy,0,0
30626,privacy,0,0
30627,privacy,0,0
30628,privacy,0,0
30629,privacy,0,0
30630,privacy,0,0
30631,privacy,0,0
30632,privacy,0,0
30633,privacy,0,0
30634,privacy,0,0
30635,privacy,0,0
30636,privacy,0,0
30637,privacy,1,0
30638,privacy,1,0
30639,privacy,0,0
30640,privacy,0,0
30641,privacy,0,0
30642,privacy,0,0
30643,privacy,0,0
30644,privacy,0,0
30645,privacy,0,0
30646,privacy,1,0
30647,privacy,0,0
30648,privacy,1,0
30649,privacy,1,0
30650,privacy,1,0
30651,privacy,0,0
30652,privacy,0,0
30653,privacy,0,0
30654,privacy,0,0
30655,privacy,0,0
30656,privacy,0,0
30657,privacy,0,0
30658,privacy,1,0
30659,privacy,0,0
30660,privacy,0,0
30661,privacy,0,0
30662,privacy,0,0
30663,privacy,1,1
30664,privacy,1,0
30665,privacy,0,0
30666,privacy,1,0
30667,privacy,1,0
30668,privacy,0,0
30669,privacy,1,1
30670,privacy,1,1
30671,privacy,0,0
30672,privacy,1,0
30673,privacy,1,1
30674,privacy,1,1
30675,privacy,1,1
30676,privacy,0,0
30677,privacy,0,0
30678,privacy,0,0
30679,privacy,1,1
30680,privacy,0,0
30681,privacy,0,0
30682,privacy,1,1
30683,privacy,1,0
30684,privacy,0,0
30685,privacy,1,1
30686,privacy,0,0
30687,privacy,1,1
30688,privacy,0,0
30689,privacy,1,1
30690,privacy,0,0
30691,privacy,0,0
30692,privacy,0,0
30693,privacy,0,0
30694,privacy,1,1
30695,privacy,0,0
30696,privacy,0,0
30697,privacy,1,1
30698,privacy,1,1
30699,privacy,0,0
30700,privacy,0,0
30701,privacy,0,0
30702,privacy,1,1
30703,privacy,0,0
30704,privacy,1,0
30705,privacy,1,0
30706,privacy,1,1
30707,privacy,0,0
30708,privacy,1,1
30709,privacy,1,0
30710,privacy,0,0
30711,privacy,1,1
30712,privacy,1,1
30713,privacy,1,0
30714,privacy,1,0
30715,privacy,0,0
30716,privacy,0,0
30717,privacy,1,0
30718,privacy,1,1
30719,privacy,1,1
30720,privacy,1,0
30721,privacy,0,0
30722,privacy,1,1
30723,privacy,0,0
30724,privacy,0,0
30725,privacy,0,0
30726,privacy,0,0
30727,privacy,0,0
30728,privacy,0,0
30729,privacy,1,1
30730,privacy,0,0
30731,privacy,0,0
30732,privacy,0,0
30733,privacy,0,0
30734,privacy,0,0
30735,privacy,0,0
30736,privacy,0,0
30737,privacy,0,0
30738,privacy,0,0
30739,privacy,1,0
30740,privacy,1,1
30741,privacy,0,0
30742,privacy,0,0
30743,privacy,0,0
30744,privacy,0,0
30745,privacy,0,0
30746,privacy,1,1
30747,privacy,1,1
30748,privacy,0,0
30749,privacy,0,0
30750,privacy,0,0
30751,privacy,0,0
30752,privacy,0,0
30753,privacy,1,1
30754,privacy,1,1
30755,privacy,1,0
30756,privacy,0,0
30757,privacy,0,0
30758,privacy,0,0
30759,privacy,0,0
30760,privacy,1,1
30761,privacy,1,1
30762,privacy,1,1
30763,privacy,0,0
30764,privacy,1,1
30765,privacy,0,0
30766,privacy,0,0
30767,privacy,0,0
30768,privacy,1,1
30769,privacy,0,0
30770,privacy,0,0
30771,privacy,0,0
30772,privacy,1,1
30773,privacy,1,1
30774,privacy,0,0
30775,privacy,0,0
30776,privacy,0,0
30777,privacy,0,0
30778,privacy,0,0
30779,privacy,1,1
30780,privacy,0,0
30781,privacy,0,0
30782,privacy,0,0
30783,privacy,0,0
30784,privacy,1,1
30785,privacy,0,0
30786,privacy,0,0
30787,privacy,1,1
30788,privacy,0,0
30789,privacy,0,0
30790,privacy,0,0
30791,privacy,0,0
30792,privacy,0,0
30793,privacy,1,1
30794,privacy,0,0
30795,privacy,0,0
30796,privacy,0,0
30797,privacy,0,0
30798,privacy,0,0
30799,privacy,1,1
30800,privacy,1,1
30801,privacy,1,1
30802,privacy,1,0
30803,privacy,1,0
30804,privacy,1,0
30805,privacy,1,0
30806,privacy,1,0
30807,privacy,1,0
30808,privacy,1,0
30809,privacy,1,0
30810,privacy,1,0
30811,privacy,1,0
30812,privacy,1,0
30813,privacy,1,0
30814,privacy,1,0
30815,privacy,1,0
30816,privacy,0,0
30817,privacy,0,0
30818,privacy,1,0
30819,privacy,0,0
30820,privacy,1,0
30821,privacy,1,0
30822,privacy,1,0
30823,privacy,1,0
30824,privacy,1,0
30825,privacy,0,0
30826,privacy,1,1
30827,privacy,0,0
30828,privacy,1,1
30829,privacy,1,1
30830,privacy,1,1
30831,privacy,0,0
30832,privacy,0,0
30833,privacy,0,0
30834,privacy,0,0
30835,privacy,1,1
30836,privacy,0,0
30837,privacy,1,1
30838,privacy,0,0
30839,privacy,0,0
30840,privacy,1,1
30841,privacy,1,1
30842,privacy,0,0
30843,privacy,1,1
30844,privacy,0,0
30845,privacy,0,0
30846,privacy,0,0
30847,privacy,0,0
30848,privacy,1,1
30849,privacy,1,0
30850,privacy,1,1
30851,privacy,1,1
30852,privacy,0,0
30853,privacy,0,0
30854,privacy,0,0
30855,privacy,0,0
30856,privacy,0,0
30857,privacy,1,1
30858,privacy,0,0
30859,privacy,1,1
30860,privacy,0,0
30861,privacy,1,1
30862,privacy,0,0
30863,privacy,0,0
30864,privacy,0,0
30865,privacy,0,0
30866,privacy,0,0
30867,privacy,0,0
30868,privacy,1,1
30869,privacy,1,1
30870,privacy,0,0
30871,privacy,1,1
30872,privacy,0,0
30873,privacy,1,1
30874,privacy,0,0
30875,privacy,0,0
30876,privacy,0,0
30877,privacy,0,0
30878,privacy,0,0
30879,privacy,0,0
30880,privacy,1,1
30881,privacy,1,1
30882,privacy,0,0
30883,privacy,1,1
30884,privacy,0,0
30885,privacy,0,0
30886,privacy,1,1
30887,privacy,1,1
30888,privacy,0,0
30889,privacy,1,1
30890,privacy,0,0
30891,privacy,0,0
30892,privacy,0,0
30893,privacy,1,1
30894,privacy,0,0
30895,privacy,0,0
30896,privacy,0,0
30897,privacy,1,1
30898,privacy,0,0
30899,privacy,0,0
30900,privacy,0,0
30901,privacy,0,0
30902,privacy,1,1
30903,privacy,0,0
30904,privacy,1,1
30905,privacy,0,0
30906,privacy,0,0
30907,privacy,0,0
30908,privacy,1,1
30909,privacy,1,1
30910,privacy,0,0
30911,privacy,1,1
30912,privacy,1,1
30913,privacy,0,0
30914,privacy,0,0
30915,privacy,0,0
30916,privacy,0,0
30917,privacy,0,0
30918,privacy,0,0
30919,privacy,0,0
30920,privacy,0,0
30921,privacy,0,0
30922,privacy,0,0
30923,privacy,0,0
30924,privacy,0,0
30925,privacy,1,1
30926,privacy,1,1
30927,privacy,1,1
30928,privacy,1,1
30929,privacy,0,0
30930,privacy,0,0
30931,privacy,0,0
30932,privacy,1,1
30933,privacy,1,1
30934,privacy,0,0
30935,privacy,1,1
30936,privacy,0,0
30937,privacy,0,0
30938,privacy,0,0
30939,privacy,0,0
30940,privacy,0,0
30941,privacy,1,0
30942,privacy,1,1
30943,privacy,0,0
30944,privacy,1,1
30945,privacy,1,1
30946,privacy,1,1
30947,privacy,0,0
30948,privacy,0,0
30949,privacy,0,0
30950,privacy,0,0
30951,privacy,1,0
30952,privacy,1,0
30953,privacy,1,1
30954,privacy,0,0
30955,privacy,1,1
30956,privacy,0,0
30957,privacy,1,1
30958,privacy,0,0
30959,privacy,0,0
30960,privacy,1,0
30961,privacy,1,1
30962,privacy,0,0
30963,privacy,1,1
30964,privacy,1,1
30965,privacy,0,0
30966,privacy,1,0
30967,privacy,1,1
30968,privacy,1,0
30969,privacy,1,0
30970,privacy,0,0
30971,privacy,1,1
30972,privacy,1,1
30973,privacy,0,0
30974,privacy,1,0
30975,privacy,0,0
30976,privacy,0,0
30977,privacy,0,0
30978,privacy,0,0
30979,privacy,0,0
30980,privacy,0,0
30981,privacy,0,0
30982,privacy,0,0
30983,privacy,0,0
30984,privacy,0,0
30985,privacy,1,1
30986,privacy,0,0
30987,privacy,1,1
30988,privacy,0,0
30989,privacy,0,0
30990,privacy,1,1
30991,privacy,0,0
30992,privacy,0,0
30993,privacy,1,1
30994,privacy,0,0
30995,privacy,0,0
30996,privacy,0,0
30997,privacy,1,1
30998,privacy,0,0
30999,privacy,0,0
31000,privacy,0,0
31001,privacy,0,0
31002,privacy,1,1
31003,privacy,1,1
31004,privacy,0,0
31005,privacy,1,0
31006,privacy,1,0
31007,privacy,0,0
31008,privacy,0,0
31009,privacy,0,0
31010,privacy,0,0
31011,privacy,0,0
31012,privacy,0,0
31013,privacy,1,0
31014,privacy,0,0
31015,privacy,0,0
31016,privacy,1,1
31017,privacy,0,0
31018,privacy,1,1
31019,privacy,0,0
31020,privacy,1,1
31021,privacy,0,0
31022,privacy,1,1
31023,privacy,1,0
31024,privacy,0,0
31025,privacy,1,1
31026,privacy,1,0
31027,privacy,0,0
31028,privacy,0,0
31029,privacy,0,0
31030,privacy,0,0
31031,privacy,0,0
31032,privacy,1,1
31033,privacy,0,0
31034,privacy,0,0
31035,privacy,1,0
31036,privacy,0,0
31037,privacy,1,1
31038,privacy,1,1
31039,privacy,1,0
31040,privacy,0,0
31041,privacy,0,0
31042,privacy,1,1
31043,privacy,1,1
31044,privacy,1,1
31045,privacy,1,1
31046,privacy,1,1
31047,privacy,0,0
31048,privacy,1,1
31049,privacy,1,1
31050,privacy,0,0
31051,privacy,0,0
31052,privacy,0,0
31053,privacy,0,0
31054,privacy,0,0
31055,privacy,1,0
31056,privacy,0,0
31057,privacy,1,1
31058,privacy,1,0
31059,privacy,1,1
31060,privacy,1,1
31061,privacy,1,1
31062,privacy,0,0
31063,privacy,1,0
31064,privacy,0,0
31065,privacy,0,0
31066,privacy,0,0
31067,privacy,0,0
31068,privacy,0,0
31069,privacy,0,0
31070,privacy,0,0
31071,privacy,0,0
31072,privacy,0,0
31073,privacy,0,0
31074,privacy,0,0
31075,privacy,0,0
31076,privacy,0,0
31077,privacy,0,0
31078,privacy,0,0
31079,privacy,0,0
31080,privacy,0,0
31081,privacy,0,0
31082,privacy,0,0
31083,privacy,0,0
31084,privacy,0,0
31085,privacy,0,0
31086,privacy,0,0
31087,privacy,0,0
31088,privacy,0,0
31089,privacy,0,0
31090,privacy,1,0
31091,privacy,0,0
31092,privacy,0,0
31093,privacy,0,0
31094,privacy,1,0
31095,privacy,1,0
31096,privacy,1,1
31097,privacy,0,0
31098,privacy,1,1
31099,privacy,0,0
31100,privacy,0,0
31101,privacy,0,0
31102,privacy,0,0
31103,privacy,0,0
31104,privacy,0,0
31105,privacy,1,1
31106,privacy,0,0
31107,privacy,0,0
31108,privacy,0,0
31109,privacy,0,0
31110,privacy,0,0
31111,privacy,0,0
31112,privacy,0,0
31113,privacy,1,1
31114,privacy,0,0
31115,privacy,0,0
31116,privacy,0,0
31117,privacy,0,0
31118,privacy,0,0
31119,privacy,0,0
31120,privacy,0,0
31121,privacy,1,0
31122,privacy,1,0
31123,privacy,1,1
31124,privacy,1,1
31125,privacy,1,1
31126,privacy,0,0
31127,privacy,0,0
31128,privacy,0,0
31129,privacy,0,0
31130,privacy,0,0
31131,privacy,0,0
31132,privacy,0,0
31133,privacy,1,1
31134,privacy,0,0
31135,privacy,1,0
31136,privacy,0,0
31137,privacy,0,0
31138,privacy,0,0
31139,privacy,1,0
31140,privacy,0,0
31141,privacy,0,0
31142,privacy,0,0
31143,privacy,0,0
31144,privacy,0,0
31145,privacy,0,0
31146,privacy,0,0
31147,privacy,0,0
31148,privacy,1,0
31149,privacy,0,0
31150,privacy,0,0
31151,privacy,0,0
31152,privacy,1,1
31153,privacy,0,0
31154,privacy,0,0
31155,privacy,0,0
31156,privacy,0,0
31157,privacy,0,0
31158,privacy,0,0
31159,privacy,1,0
31160,privacy,0,0
31161,privacy,0,0
31162,privacy,0,0
31163,privacy,0,0
31164,privacy,0,0
31165,privacy,0,0
31166,privacy,0,0
31167,privacy,1,1
31168,privacy,0,0
31169,privacy,0,0
31170,privacy,0,0
31171,privacy,1,0
31172,privacy,0,0
31173,privacy,0,0
31174,privacy,0,0
31175,privacy,0,0
31176,privacy,0,0
31177,privacy,0,0
31178,privacy,1,1
31179,privacy,0,0
31180,privacy,0,0
31181,privacy,0,0
31182,privacy,0,0
31183,privacy,0,0
31184,privacy,0,0
31185,privacy,1,1
31186,privacy,0,0
31187,privacy,1,0
31188,privacy,0,0
31189,privacy,1,0
31190,privacy,0,0
31191,privacy,0,0
31192,privacy,0,0
31193,privacy,0,0
31194,privacy,0,0
31195,privacy,1,1
31196,privacy,0,0
31197,privacy,0,0
31198,privacy,0,0
31199,privacy,0,0
31200,privacy,0,0
31201,privacy,0,0
31202,privacy,0,0
31203,privacy,0,0
31204,privacy,0,0
31205,privacy,0,0
31206,privacy,0,0
31207,privacy,0,0
31208,privacy,0,0
31209,privacy,0,0
31210,privacy,0,0
31211,privacy,0,0
31212,privacy,0,0
31213,privacy,0,0
31214,privacy,1,0
31215,privacy,0,0
31216,privacy,0,0
31217,privacy,0,0
31218,privacy,0,0
31219,privacy,1,1
31220,privacy,1,1
31221,privacy,1,1
31222,privacy,0,0
31223,privacy,0,0
31224,privacy,0,0
31225,privacy,0,0
31226,privacy,0,0
31227,privacy,0,0
31228,privacy,1,1
31229,privacy,1,1
31230,privacy,0,0
31231,privacy,0,0
31232,privacy,0,0
31233,privacy,0,0
31234,privacy,0,0
31235,privacy,0,0
31236,privacy,0,0
31237,privacy,0,0
31238,privacy,1,0
31239,privacy,0,0
31240,privacy,0,0
31241,privacy,0,0
31242,privacy,0,0
31243,privacy,0,0
31244,privacy,1,0
31245,privacy,0,0
31246,privacy,0,0
31247,privacy,0,0
31248,privacy,1,0
31249,privacy,0,0
31250,privacy,0,0
31251,privacy,0,0
31252,privacy,0,0
31253,privacy,0,0
31254,privacy,0,0
31255,privacy,0,0
31256,privacy,1,0
31257,privacy,1,0
31258,privacy,1,1
31259,privacy,1,1
31260,privacy,1,1
31261,privacy,1,1
31262,privacy,1,1
31263,privacy,0,0
31264,privacy,1,0
31265,privacy,0,0
31266,privacy,0,0
31267,privacy,0,0
31268,privacy,0,0
31269,privacy,0,0
31270,privacy,0,0
31271,privacy,0,0
31272,privacy,0,0
31273,privacy,0,0
31274,privacy,0,0
31275,privacy,0,0
31276,privacy,0,0
31277,privacy,0,0
31278,privacy,0,0
31279,privacy,0,0
31280,privacy,0,0
31281,privacy,0,0
31282,privacy,0,0
31283,privacy,0,0
31284,privacy,1,1
31285,privacy,0,0
31286,privacy,0,0
31287,privacy,1,1
31288,privacy,0,0
31289,privacy,0,0
31290,privacy,1,1
31291,privacy,1,0
31292,privacy,0,0
31293,privacy,1,1
31294,privacy,1,0
31295,privacy,0,0
31296,privacy,1,1
31297,privacy,1,1
31298,privacy,0,0
31299,privacy,1,1
31300,privacy,0,0
31301,privacy,1,0
31302,privacy,1,1
31303,privacy,1,1
31304,privacy,1,1
31305,privacy,0,0
31306,privacy,1,0
31307,privacy,0,0
31308,privacy,1,1
31309,privacy,1,1
31310,privacy,1,1
31311,privacy,0,0
31312,privacy,1,1
31313,privacy,1,0
31314,privacy,0,0
31315,privacy,0,0
31316,privacy,1,1
31317,privacy,0,0
31318,privacy,0,0
31319,privacy,0,0
31320,privacy,0,0
31321,privacy,0,0
31322,privacy,1,0
31323,privacy,1,1
31324,privacy,0,0
31325,privacy,0,0
31326,privacy,1,0
31327,privacy,0,0
31328,privacy,0,0
31329,privacy,0,0
31330,privacy,0,0
31331,privacy,0,0
31332,privacy,0,0
31333,privacy,0,0
31334,privacy,0,0
31335,privacy,0,0
31336,privacy,0,0
31337,privacy,1,0
31338,privacy,1,0
31339,privacy,1,0
31340,privacy,0,0
31341,privacy,0,0
31342,privacy,0,0
31343,privacy,0,0
31344,privacy,0,0
31345,privacy,0,0
31346,privacy,0,0
31347,privacy,0,0
31348,privacy,1,0
31349,privacy,0,0
31350,privacy,0,0
31351,privacy,0,0
31352,privacy,1,1
31353,privacy,0,0
31354,privacy,1,1
31355,privacy,0,0
31356,privacy,0,0
31357,privacy,1,1
31358,privacy,1,0
31359,privacy,1,1
31360,privacy,0,0
31361,privacy,0,0
31362,privacy,0,0
31363,privacy,1,0
31364,privacy,0,0
31365,privacy,1,0
31366,privacy,0,0
31367,privacy,0,0
31368,privacy,0,0
31369,privacy,0,0
31370,privacy,0,0
31371,privacy,0,0
31372,privacy,0,0
31373,privacy,0,0
31374,privacy,0,0
31375,privacy,0,0
31376,privacy,0,0
31377,privacy,0,0
31378,privacy,1,1
31379,privacy,1,1
31380,privacy,0,0
31381,privacy,0,0
31382,privacy,0,0
31383,privacy,0,0
31384,privacy,0,0
31385,privacy,0,0
31386,privacy,0,0
31387,privacy,0,0
31388,privacy,0,0
31389,privacy,0,0
31390,privacy,0,0
31391,privacy,0,0
31392,privacy,0,0
31393,privacy,0,0
31394,privacy,0,0
31395,privacy,0,0
31396,privacy,0,0
31397,privacy,0,0
31398,privacy,0,0
31399,privacy,0,0
31400,privacy,0,0
31401,privacy,0,0
31402,privacy,0,0
31403,privacy,0,0
31404,privacy,0,0
31405,privacy,0,0
31406,privacy,1,0
31407,privacy,1,1
31408,privacy,0,0
31409,privacy,1,0
31410,privacy,1,0
31411,privacy,1,1
31412,privacy,0,0
31413,privacy,0,0
31414,privacy,1,1
31415,privacy,0,0
31416,privacy,0,0
31417,privacy,1,1
31418,privacy,0,0
31419,privacy,0,0
31420,privacy,0,0
31421,privacy,0,0
31422,privacy,1,0
31423,privacy,0,0
31424,privacy,0,0
31425,privacy,0,0
31426,privacy,0,0
31427,privacy,0,0
31428,privacy,0,0
31429,privacy,0,0
31430,privacy,0,0
31431,privacy,0,0
31432,privacy,1,0
31433,privacy,0,0
31434,privacy,0,0
31435,privacy,0,0
31436,privacy,1,0
31437,privacy,0,0
31438,privacy,1,0
31439,privacy,1,0
31440,privacy,1,0
31441,privacy,0,0
31442,privacy,0,0
31443,privacy,0,0
31444,privacy,0,0
31445,privacy,1,1
31446,privacy,1,1
31447,privacy,1,1
31448,privacy,1,1
31449,privacy,1,1
31450,privacy,0,0
31451,privacy,1,1
31452,privacy,1,1
31453,privacy,1,1
31454,privacy,0,0
31455,privacy,0,0
31456,privacy,1,0
31457,privacy,1,1
31458,privacy,1,0
31459,privacy,1,0
31460,privacy,0,0
31461,privacy,1,0
31462,privacy,0,0
31463,privacy,1,0
31464,privacy,1,0
31465,privacy,0,0
31466,privacy,1,0
31467,privacy,1,0
31468,privacy,1,0
31469,privacy,1,0
31470,privacy,1,0
31471,privacy,1,0
31472,privacy,1,0
31473,privacy,1,0
31474,privacy,0,0
31475,privacy,0,0
31476,privacy,0,0
31477,privacy,1,0
31478,privacy,0,0
31479,privacy,1,0
31480,privacy,0,0
31481,privacy,0,0
31482,privacy,0,0
31483,privacy,1,0
31484,privacy,0,0
31485,privacy,1,0
31486,privacy,0,0
31487,privacy,0,0
31488,privacy,0,0
31489,privacy,0,0
31490,privacy,1,0
31491,privacy,1,0
31492,privacy,0,0
31493,privacy,0,0
31494,privacy,0,0
31495,privacy,0,0
31496,privacy,0,0
31497,privacy,1,1
31498,privacy,0,0
31499,privacy,1,0
31500,privacy,0,0
31501,privacy,0,0
31502,privacy,0,0
31503,privacy,0,0
31504,privacy,1,1
31505,privacy,0,0
31506,privacy,0,0
31507,privacy,0,0
31508,privacy,0,0
31509,privacy,0,0
31510,privacy,1,1
31511,privacy,0,0
31512,privacy,0,0
31513,privacy,0,0
31514,privacy,0,0
31515,privacy,0,0
31516,privacy,0,0
31517,privacy,0,0
31518,privacy,0,0
31519,privacy,0,0
31520,privacy,1,0
31521,privacy,1,1
31522,privacy,1,1
31523,privacy,0,0
31524,privacy,0,0
31525,privacy,1,1
31526,privacy,0,0
31527,privacy,0,0
31528,privacy,0,0
31529,privacy,1,1
31530,privacy,1,1
31531,privacy,1,1
31532,privacy,0,0
31533,privacy,0,0
31534,privacy,0,0
31535,privacy,0,0
31536,privacy,0,0
31537,privacy,1,1
31538,privacy,0,0
31539,privacy,1,1
31540,privacy,0,0
31541,privacy,0,0
31542,privacy,0,0
31543,privacy,0,0
31544,privacy,0,0
31545,privacy,0,0
31546,privacy,0,0
31547,privacy,1,1
31548,privacy,1,1
31549,privacy,1,1
31550,privacy,0,0
31551,privacy,1,1
31552,privacy,0,0
31553,privacy,0,0
31554,privacy,0,0
31555,privacy,1,1
31556,privacy,0,0
31557,privacy,0,0
31558,privacy,0,0
31559,privacy,0,0
31560,privacy,1,1
31561,privacy,0,0
31562,privacy,0,0
31563,privacy,1,1
31564,privacy,0,0
31565,privacy,0,0
31566,privacy,0,0
31567,privacy,0,0
31568,privacy,0,0
31569,privacy,0,0
31570,privacy,0,0
31571,privacy,1,1
31572,privacy,0,0
31573,privacy,1,1
31574,privacy,1,0
31575,privacy,0,0
31576,privacy,0,0
31577,privacy,0,0
31578,privacy,0,0
31579,privacy,0,0
31580,privacy,1,0
31581,privacy,0,0
31582,privacy,1,0
31583,privacy,0,0
31584,privacy,0,0
31585,privacy,1,1
31586,privacy,1,0
31587,privacy,1,0
31588,privacy,1,1
31589,privacy,0,0
31590,privacy,1,1
31591,privacy,1,0
31592,privacy,1,1
31593,privacy,0,0
31594,privacy,0,0
31595,privacy,0,0
31596,privacy,0,0
31597,privacy,0,0
31598,privacy,1,1
31599,privacy,1,1
31600,privacy,1,1
31601,privacy,1,1
31602,privacy,1,0
31603,privacy,0,0
31604,privacy,1,0
31605,privacy,1,1
31606,privacy,0,0
31607,privacy,0,0
31608,privacy,1,1
31609,privacy,1,1
31610,privacy,0,0
31611,privacy,0,0
31612,privacy,1,1
31613,privacy,0,0
31614,privacy,0,0
31615,privacy,0,0
31616,privacy,0,0
31617,privacy,1,1
31618,privacy,1,1
31619,privacy,0,0
31620,privacy,1,1
31621,privacy,1,1
31622,privacy,1,1
31623,privacy,1,1
31624,privacy,1,1
31625,privacy,1,0
31626,privacy,1,0
31627,privacy,0,0
31628,privacy,0,0
31629,privacy,1,1
31630,privacy,0,0
31631,privacy,0,0
31632,privacy,0,0
31633,privacy,0,0
31634,privacy,0,0
31635,privacy,0,0
31636,privacy,0,0
31637,privacy,0,0
31638,privacy,0,0
31639,privacy,0,0
31640,privacy,1,1
31641,privacy,1,0
31642,privacy,0,0
31643,privacy,0,0
31644,privacy,0,0
31645,privacy,0,0
31646,privacy,0,0
31647,privacy,1,0
31648,privacy,0,0
31649,privacy,0,0
31650,privacy,0,0
31651,privacy,1,1
31652,privacy,0,0
31653,privacy,0,0
31654,privacy,1,1
31655,privacy,0,0
31656,privacy,0,0
31657,privacy,0,0
31658,privacy,0,0
31659,privacy,0,0
31660,privacy,0,0
31661,privacy,0,0
31662,privacy,0,0
31663,privacy,1,1
31664,privacy,1,1
31665,privacy,1,1
31666,privacy,0,0
31667,privacy,0,0
31668,privacy,0,0
31669,privacy,0,0
31670,privacy,0,0
31671,privacy,1,0
31672,privacy,0,0
31673,privacy,0,0
31674,privacy,0,0
31675,privacy,1,1
31676,privacy,1,0
31677,privacy,1,1
31678,privacy,1,1
31679,privacy,0,0
31680,privacy,0,0
31681,privacy,0,0
31682,privacy,0,0
31683,privacy,0,0
31684,privacy,1,1
31685,privacy,0,0
31686,privacy,0,0
31687,privacy,1,1
31688,privacy,0,0
31689,privacy,0,0
31690,privacy,0,0
31691,privacy,0,0
31692,privacy,1,0
31693,privacy,0,0
31694,privacy,0,0
31695,privacy,0,0
31696,privacy,0,0
31697,privacy,0,0
31698,privacy,0,0
31699,privacy,0,0
31700,privacy,0,0
31701,privacy,0,0
31702,privacy,0,0
31703,privacy,0,0
31704,privacy,0,0
31705,privacy,0,0
31706,privacy,0,0
31707,privacy,1,0
31708,privacy,0,0
31709,privacy,0,0
31710,privacy,1,0
31711,privacy,0,0
31712,privacy,0,0
31713,privacy,1,0
31714,privacy,0,0
31715,privacy,1,1
31716,privacy,1,0
31717,privacy,1,0
31718,privacy,0,0
31719,privacy,0,0
31720,privacy,0,0
31721,privacy,1,1
31722,privacy,1,0
31723,privacy,1,1
31724,privacy,1,1
31725,privacy,0,0
31726,privacy,0,0
31727,privacy,0,0
31728,privacy,0,0
31729,privacy,0,0
31730,privacy,0,0
31731,privacy,0,0
31732,privacy,0,0
31733,privacy,1,0
31734,privacy,0,0
31735,privacy,0,0
31736,privacy,1,0
31737,privacy,0,0
31738,privacy,0,0
31739,privacy,0,0
31740,privacy,0,0
31741,privacy,0,0
31742,privacy,1,0
31743,privacy,1,0
31744,privacy,0,0
31745,privacy,0,0
31746,privacy,1,0
31747,privacy,1,0
31748,privacy,1,0
31749,privacy,1,0
31750,privacy,1,1
31751,privacy,1,0
31752,privacy,1,0
31753,privacy,0,0
31754,privacy,0,0
31755,privacy,0,0
31756,privacy,1,1
31757,privacy,1,1
31758,privacy,1,0
31759,privacy,1,0
31760,privacy,1,0
31761,privacy,0,0
31762,privacy,1,0
31763,privacy,1,1
31764,privacy,1,1
31765,privacy,1,0
31766,privacy,1,1
31767,privacy,0,0
31768,privacy,0,0
31769,privacy,0,0
31770,privacy,1,0
31771,privacy,0,0
31772,privacy,1,0
31773,privacy,1,0
31774,privacy,1,1
31775,privacy,0,0
31776,privacy,0,0
31777,privacy,1,0
31778,privacy,0,0
31779,privacy,0,0
31780,privacy,1,1
31781,privacy,1,1
31782,privacy,0,0
31783,privacy,0,0
31784,privacy,1,0
31785,privacy,0,0
31786,privacy,0,0
31787,privacy,1,0
31788,privacy,0,0
31789,privacy,0,0
31790,privacy,0,0
31791,privacy,1,0
31792,privacy,0,0
31793,privacy,1,0
31794,privacy,1,1
31795,privacy,0,0
31796,privacy,1,1
31797,privacy,0,0
31798,privacy,0,0
31799,privacy,0,0
31800,privacy,0,0
31801,privacy,0,0
31802,privacy,0,0
31803,privacy,0,0
31804,privacy,0,0
31805,privacy,0,0
31806,privacy,0,0
31807,privacy,0,0
31808,privacy,1,1
31809,privacy,0,0
31810,privacy,0,0
31811,privacy,0,0
31812,privacy,1,0
31813,privacy,0,0
31814,privacy,0,0
31815,privacy,1,1
31816,privacy,1,1
31817,privacy,1,1
31818,privacy,1,1
31819,privacy,0,0
31820,privacy,0,0
31821,privacy,0,0
31822,privacy,1,0
31823,privacy,1,0
31824,privacy,1,0
31825,privacy,1,1
31826,privacy,0,0
31827,privacy,0,0
31828,privacy,1,1
31829,privacy,0,0
31830,privacy,1,1
31831,privacy,1,1
31832,privacy,1,1
31833,privacy,0,0
31834,privacy,0,0
31835,privacy,0,0
31836,privacy,0,0
31837,privacy,0,0
31838,privacy,0,0
31839,privacy,0,0
31840,privacy,0,0
31841,privacy,0,0
31842,privacy,0,0
31843,privacy,0,0
31844,privacy,0,0
31845,privacy,0,0
31846,privacy,0,0
31847,privacy,0,0
31848,privacy,0,0
31849,privacy,0,0
31850,privacy,0,0
31851,privacy,0,0
31852,privacy,0,0
31853,privacy,0,0
31854,privacy,0,0
31855,privacy,1,0
31856,privacy,0,0
31857,privacy,0,0
31858,privacy,1,1
31859,privacy,0,0
31860,privacy,0,0
31861,privacy,0,0
31862,privacy,0,0
31863,privacy,0,0
31864,privacy,0,0
31865,privacy,0,0
31866,privacy,0,0
31867,privacy,0,0
31868,privacy,0,0
31869,privacy,0,0
31870,privacy,0,0
31871,privacy,0,0
31872,privacy,0,0
31873,privacy,0,0
31874,privacy,0,0
31875,privacy,0,0
31876,privacy,0,0
31877,privacy,0,0
31878,privacy,0,0
31879,privacy,0,0
31880,privacy,1,0
31881,privacy,0,0
31882,privacy,0,0
31883,privacy,1,0
31884,privacy,0,0
31885,privacy,1,1
31886,privacy,0,0
31887,privacy,0,0
31888,privacy,0,0
31889,privacy,1,0
31890,privacy,0,0
31891,privacy,0,0
31892,privacy,0,0
31893,privacy,0,0
31894,privacy,0,0
31895,privacy,0,0
31896,privacy,0,0
31897,privacy,0,0
31898,privacy,0,0
31899,privacy,0,0
31900,privacy,0,0
31901,privacy,0,0
31902,privacy,0,0
31903,privacy,0,0
31904,privacy,0,0
31905,privacy,0,0
31906,privacy,0,0
31907,privacy,0,0
31908,privacy,0,0
31909,privacy,1,0
31910,privacy,0,0
31911,privacy,0,0
31912,privacy,0,0
31913,privacy,1,0
31914,privacy,0,0
31915,privacy,0,0
31916,privacy,1,0
31917,privacy,1,0
31918,privacy,1,0
31919,privacy,0,0
31920,privacy,0,0
31921,privacy,1,1
31922,privacy,1,0
31923,privacy,0,0
31924,privacy,0,0
31925,privacy,1,1
31926,privacy,0,0
31927,privacy,1,1
31928,privacy,0,0
31929,privacy,1,1
31930,privacy,0,0
31931,privacy,1,1
31932,privacy,0,0
31933,privacy,0,0
31934,privacy,1,0
31935,privacy,1,0
31936,privacy,0,0
31937,privacy,1,0
31938,privacy,1,0
31939,privacy,1,1
31940,privacy,1,1
31941,privacy,0,0
31942,privacy,0,0
31943,privacy,1,1
31944,privacy,0,0
31945,privacy,1,0
31946,privacy,0,0
31947,privacy,0,0
31948,privacy,1,1
31949,privacy,1,0
31950,privacy,1,1
31951,privacy,0,0
31952,privacy,0,0
31953,privacy,0,0
31954,privacy,0,0
31955,privacy,0,0
31956,privacy,0,0
31957,privacy,0,0
31958,privacy,0,0
31959,privacy,0,0
31960,privacy,0,0
31961,privacy,0,0
31962,privacy,0,0
31963,privacy,0,0
31964,privacy,0,0
31965,privacy,0,0
31966,privacy,1,1
31967,privacy,0,0
31968,privacy,1,1
31969,privacy,0,0
31970,privacy,0,0
31971,privacy,0,0
31972,privacy,1,0
31973,privacy,1,1
31974,privacy,0,0
31975,privacy,1,1
31976,privacy,1,0
31977,privacy,0,0
31978,privacy,1,0
31979,privacy,1,1
31980,privacy,0,0
31981,privacy,1,0
31982,privacy,0,0
31983,privacy,1,0
31984,privacy,0,0
31985,privacy,1,0
31986,privacy,0,0
31987,privacy,0,0
31988,privacy,1,0
31989,privacy,1,1
31990,privacy,1,1
31991,privacy,0,0
31992,privacy,0,0
31993,privacy,0,0
31994,privacy,0,0
31995,privacy,1,1
31996,privacy,1,1
31997,privacy,0,0
31998,privacy,1,0
31999,privacy,1,0
32000,privacy,0,0
32001,privacy,0,0
32002,privacy,0,0
32003,privacy,0,0
32004,privacy,0,0
32005,privacy,1,0
32006,privacy,0,0
32007,privacy,0,0
32008,privacy,0,0
32009,privacy,0,0
32010,privacy,0,0
32011,privacy,0,0
32012,privacy,0,0
32013,privacy,1,0
32014,privacy,1,0
32015,privacy,1,1
32016,privacy,0,0
32017,privacy,1,1
32018,privacy,0,0
32019,privacy,0,0
32020,privacy,1,0
32021,privacy,1,1
32022,privacy,0,0
32023,privacy,0,0
32024,privacy,0,0
32025,privacy,0,0
32026,privacy,0,0
32027,privacy,1,0
32028,privacy,1,1
32029,privacy,1,1
32030,privacy,1,0
32031,privacy,1,0
32032,privacy,1,0
32033,privacy,0,0
32034,privacy,1,0
32035,privacy,1,0
32036,privacy,0,0
32037,privacy,0,0
32038,privacy,1,0
32039,privacy,1,0
32040,privacy,1,0
32041,privacy,1,0
32042,privacy,1,0
32043,privacy,1,0
32044,privacy,1,0
32045,privacy,1,0
32046,privacy,0,0
32047,privacy,1,0
32048,privacy,0,0
32049,privacy,0,0
32050,privacy,0,0
32051,privacy,0,0
32052,privacy,0,0
32053,privacy,1,0
32054,privacy,1,1
32055,privacy,0,0
32056,privacy,0,0
32057,privacy,1,0
32058,privacy,1,0
32059,privacy,0,0
32060,privacy,0,0
32061,privacy,0,0
32062,privacy,0,0
32063,privacy,1,0
32064,privacy,1,1
32065,privacy,0,0
32066,privacy,1,0
32067,privacy,0,0
32068,privacy,0,0
32069,privacy,0,0
32070,privacy,0,0
32071,privacy,0,0
32072,privacy,0,0
32073,privacy,1,1
32074,privacy,0,0
32075,privacy,0,0
32076,privacy,1,0
32077,privacy,1,1
32078,privacy,1,1
32079,privacy,1,1
32080,privacy,0,0
32081,privacy,0,0
32082,privacy,0,0
32083,privacy,0,0
32084,privacy,0,0
32085,privacy,0,0
32086,privacy,1,1
32087,privacy,1,0
32088,privacy,1,1
32089,privacy,0,0
32090,privacy,0,0
32091,privacy,0,0
32092,privacy,1,1
32093,privacy,0,0
32094,privacy,0,0
32095,privacy,1,1
32096,privacy,0,0
32097,privacy,1,1
32098,privacy,0,0
32099,privacy,1,0
32100,privacy,0,0
32101,privacy,0,0
32102,privacy,0,0
32103,privacy,0,0
32104,privacy,1,1
32105,privacy,0,0
32106,privacy,0,0
32107,privacy,0,0
32108,privacy,1,1
32109,privacy,0,0
32110,privacy,1,1
32111,privacy,1,0
32112,privacy,0,0
32113,privacy,0,0
32114,privacy,1,1
32115,privacy,1,1
32116,privacy,0,0
32117,privacy,0,0
32118,privacy,0,0
32119,privacy,0,0
32120,privacy,0,0
32121,privacy,1,0
32122,privacy,0,0
32123,privacy,0,0
32124,privacy,1,0
32125,privacy,1,0
32126,privacy,1,0
32127,privacy,0,0
32128,privacy,1,0
32129,privacy,1,0
32130,privacy,1,1
32131,privacy,1,0
32132,privacy,1,0
32133,privacy,1,0
32134,privacy,0,0
32135,privacy,0,0
32136,privacy,1,1
32137,privacy,1,1
32138,privacy,0,0
32139,privacy,1,0
32140,privacy,0,0
32141,privacy,1,1
32142,privacy,0,0
32143,privacy,1,0
32144,privacy,0,0
32145,privacy,0,0
32146,privacy,1,1
32147,privacy,0,0
32148,privacy,0,0
32149,privacy,1,0
32150,privacy,0,0
32151,privacy,0,0
32152,privacy,0,0
32153,privacy,1,1
32154,privacy,0,0
32155,privacy,1,0
32156,privacy,0,0
32157,privacy,0,0
32158,privacy,1,0
32159,privacy,0,0
32160,privacy,1,0
32161,privacy,1,0
32162,privacy,1,1
32163,privacy,1,1
32164,privacy,1,1
32165,privacy,1,1
32166,privacy,0,0
32167,privacy,1,1
32168,privacy,1,1
32169,privacy,0,0
32170,privacy,0,0
32171,privacy,0,0
32172,privacy,1,1
32173,privacy,0,0
32174,privacy,1,0
32175,privacy,0,0
32176,privacy,0,0
32177,privacy,0,0
32178,privacy,0,0
32179,privacy,0,0
32180,privacy,1,1
32181,privacy,0,0
32182,privacy,0,0
32183,privacy,0,0
32184,privacy,0,0
32185,privacy,0,0
32186,privacy,1,0
32187,privacy,1,1
32188,privacy,0,0
32189,privacy,0,0
32190,privacy,0,0
32191,privacy,0,0
32192,privacy,0,0
32193,privacy,0,0
32194,privacy,0,0
32195,privacy,0,0
32196,privacy,0,0
32197,privacy,0,0
32198,privacy,1,1
32199,privacy,1,1
32200,privacy,0,0
32201,privacy,0,0
32202,privacy,0,0
32203,privacy,0,0
32204,privacy,0,0
32205,privacy,0,0
32206,privacy,0,0
32207,privacy,0,0
32208,privacy,0,0
32209,privacy,1,1
32210,privacy,0,0
32211,privacy,0,0
32212,privacy,0,0
32213,privacy,0,0
32214,privacy,0,0
32215,privacy,1,1
32216,privacy,1,1
32217,privacy,0,0
32218,privacy,1,1
32219,privacy,1,1
32220,privacy,0,0
32221,privacy,0,0
32222,privacy,1,0
32223,privacy,0,0
32224,privacy,0,0
32225,privacy,1,1
32226,privacy,1,1
32227,privacy,0,0
32228,privacy,0,0
32229,privacy,0,0
32230,privacy,0,0
32231,privacy,0,0
32232,privacy,0,0
32233,privacy,0,0
32234,privacy,1,1
32235,privacy,1,1
32236,privacy,0,0
32237,privacy,1,1
32238,privacy,0,0
32239,privacy,0,0
32240,privacy,0,0
32241,privacy,0,0
32242,privacy,1,1
32243,privacy,1,1
32244,privacy,1,1
32245,privacy,0,0
32246,privacy,1,1
32247,privacy,1,1
32248,privacy,0,0
32249,privacy,0,0
32250,privacy,0,0
32251,privacy,0,0
32252,privacy,0,0
32253,privacy,1,1
32254,privacy,0,0
32255,privacy,0,0
32256,privacy,0,0
32257,privacy,0,0
32258,privacy,0,0
32259,privacy,0,0
32260,privacy,1,1
32261,privacy,1,1
32262,privacy,1,1
32263,privacy,0,0
32264,privacy,1,1
32265,privacy,1,1
32266,privacy,1,1
32267,privacy,1,1
32268,privacy,1,1
32269,privacy,1,1
32270,privacy,0,0
32271,privacy,1,0
32272,privacy,1,1
32273,privacy,1,1
32274,privacy,1,0
32275,privacy,0,0
32276,privacy,0,0
32277,privacy,1,0
32278,privacy,0,0
32279,privacy,0,0
32280,privacy,0,0
32281,privacy,1,1
32282,privacy,0,0
32283,privacy,0,0
32284,privacy,0,0
32285,privacy,1,1
32286,privacy,0,0
32287,privacy,0,0
32288,privacy,0,0
32289,privacy,0,0
32290,privacy,0,0
32291,privacy,1,0
32292,privacy,1,0
32293,privacy,0,0
32294,privacy,1,0
32295,privacy,0,0
32296,privacy,0,0
32297,privacy,0,0
32298,privacy,0,0
32299,privacy,0,0
32300,privacy,0,0
32301,privacy,0,0
32302,privacy,0,0
32303,privacy,0,0
32304,privacy,0,0
32305,privacy,0,0
32306,privacy,0,0
32307,privacy,0,0
32308,privacy,0,0
32309,privacy,0,0
32310,privacy,0,0
32311,privacy,0,0
32312,privacy,0,0
32313,privacy,1,1
32314,privacy,0,0
32315,privacy,0,0
32316,privacy,1,1
32317,privacy,0,0
32318,privacy,1,1
32319,privacy,0,0
32320,privacy,0,0
32321,privacy,0,0
32322,privacy,1,1
32323,privacy,0,0
32324,privacy,0,0
32325,privacy,1,1
32326,privacy,1,1
32327,privacy,1,1
32328,privacy,1,1
32329,privacy,0,0
32330,privacy,0,0
32331,privacy,0,0
32332,privacy,0,0
32333,privacy,0,0
32334,privacy,1,1
32335,privacy,1,0
32336,privacy,1,0
32337,privacy,1,0
32338,privacy,0,0
32339,privacy,0,0
32340,privacy,1,0
32341,privacy,1,1
32342,privacy,1,1
32343,privacy,1,1
32344,privacy,1,1
32345,privacy,1,0
32346,privacy,0,0
32347,privacy,0,0
32348,privacy,0,0
32349,privacy,1,0
32350,privacy,0,0
32351,privacy,0,0
32352,privacy,0,0
32353,privacy,0,0
32354,privacy,0,0
32355,privacy,0,0
32356,privacy,1,1
32357,privacy,1,1
32358,privacy,1,1
32359,privacy,1,1
32360,privacy,1,1
32361,privacy,1,1
32362,privacy,1,1
32363,privacy,0,0
32364,privacy,1,1
32365,privacy,1,1
32366,privacy,1,1
32367,privacy,1,1
32368,privacy,1,1
32369,privacy,1,1
32370,privacy,1,1
32371,privacy,1,1
32372,privacy,1,1
32373,privacy,1,1
32374,privacy,1,1
32375,privacy,0,0
32376,privacy,1,1
32377,privacy,0,0
32378,privacy,1,1
32379,privacy,1,1
32380,privacy,1,1
32381,privacy,1,1
32382,privacy,0,0
32383,privacy,0,0
32384,privacy,0,0
32385,privacy,0,0
32386,privacy,1,1
32387,privacy,1,1
32388,privacy,0,0
32389,privacy,0,0
32390,privacy,1,1
32391,privacy,0,0
32392,privacy,0,0
32393,privacy,0,0
32394,privacy,1,1
32395,privacy,0,0
32396,privacy,0,0
32397,privacy,0,0
32398,privacy,1,1
32399,privacy,0,0
32400,privacy,0,0
32401,privacy,1,1
32402,privacy,0,0
32403,privacy,0,0
32404,privacy,1,0
32405,privacy,0,0
32406,privacy,0,0
32407,privacy,0,0
32408,privacy,1,1
32409,privacy,1,0
32410,privacy,0,0
32411,privacy,1,0
32412,privacy,1,1
32413,privacy,0,0
32414,privacy,1,0
32415,privacy,1,0
32416,privacy,0,0
32417,privacy,0,0
32418,privacy,0,0
32419,privacy,0,0
32420,privacy,0,0
32421,privacy,0,0
32422,privacy,0,0
32423,privacy,0,0
32424,privacy,0,0
32425,privacy,0,0
32426,privacy,0,0
32427,privacy,0,0
32428,privacy,1,1
32429,privacy,0,0
32430,privacy,0,0
32431,privacy,1,1
32432,privacy,0,0
32433,privacy,0,0
32434,privacy,1,1
32435,privacy,0,0
32436,privacy,0,0
32437,privacy,0,0
32438,privacy,1,1
32439,privacy,1,1
32440,privacy,1,1
32441,privacy,0,0
32442,privacy,1,0
32443,privacy,0,0
32444,privacy,1,1
32445,privacy,0,0
32446,privacy,0,0
32447,privacy,0,0
32448,privacy,0,0
32449,privacy,0,0
32450,privacy,0,0
32451,privacy,0,0
32452,privacy,0,0
32453,privacy,1,1
32454,privacy,1,0
32455,privacy,1,0
32456,privacy,1,0
32457,privacy,1,1
32458,privacy,1,1
32459,privacy,1,1
32460,privacy,1,0
32461,privacy,0,0
32462,privacy,0,0
32463,privacy,1,0
32464,privacy,0,0
32465,privacy,1,0
32466,privacy,1,0
32467,privacy,0,0
32468,privacy,0,0
32469,privacy,1,1
32470,privacy,1,0
32471,privacy,1,1
32472,privacy,1,0
32473,privacy,0,0
32474,privacy,1,1
32475,privacy,0,0
32476,privacy,1,1
32477,privacy,0,0
32478,privacy,0,0
32479,privacy,1,1
32480,privacy,0,0
32481,privacy,0,0
32482,privacy,0,0
32483,privacy,0,0
32484,privacy,0,0
32485,privacy,0,0
32486,privacy,1,1
32487,privacy,0,0
32488,privacy,1,1
32489,privacy,0,0
32490,privacy,0,0
32491,privacy,1,1
32492,privacy,0,0
32493,privacy,1,1
32494,privacy,0,0
32495,privacy,0,0
32496,privacy,0,0
32497,privacy,0,0
32498,privacy,1,1
32499,privacy,1,1
32500,privacy,0,0
32501,privacy,0,0
32502,privacy,0,0
32503,privacy,0,0
32504,privacy,0,0
32505,privacy,0,0
32506,privacy,0,0
32507,privacy,0,0
32508,privacy,0,0
32509,privacy,0,0
32510,privacy,0,0
32511,privacy,0,0
32512,privacy,1,0
32513,privacy,0,0
32514,privacy,0,0
32515,privacy,0,0
32516,privacy,1,0
32517,privacy,0,0
32518,privacy,0,0
32519,privacy,0,0
32520,privacy,0,0
32521,privacy,0,0
32522,privacy,1,0
32523,privacy,1,0
32524,privacy,1,0
32525,privacy,0,0
32526,privacy,0,0
32527,privacy,0,0
32528,privacy,0,0
32529,privacy,0,0
32530,privacy,1,0
32531,privacy,1,1
32532,privacy,0,0
32533,privacy,1,0
32534,privacy,0,0
32535,privacy,0,0
32536,privacy,0,0
32537,privacy,0,0
32538,privacy,0,0
32539,privacy,0,0
32540,privacy,1,1
32541,privacy,0,0
32542,privacy,1,1
32543,privacy,1,1
32544,privacy,1,1
32545,privacy,0,0
32546,privacy,1,1
32547,privacy,0,0
32548,privacy,1,1
32549,privacy,1,1
32550,privacy,0,0
32551,privacy,1,1
32552,privacy,0,0
32553,privacy,1,1
32554,privacy,1,1
32555,privacy,1,1
32556,privacy,0,0
32557,privacy,0,0
32558,privacy,0,0
32559,privacy,1,1
32560,privacy,0,0
32561,privacy,0,0
32562,privacy,0,0
32563,privacy,1,1
32564,privacy,0,0
32565,privacy,1,0
32566,privacy,0,0
32567,privacy,1,1
32568,privacy,1,1
32569,privacy,0,0
32570,privacy,0,0
32571,privacy,1,0
32572,privacy,1,1
32573,privacy,1,0
32574,privacy,1,0
32575,privacy,0,0
32576,privacy,1,1
32577,privacy,1,1
32578,privacy,1,1
32579,privacy,1,1
32580,privacy,0,0
32581,privacy,1,1
32582,privacy,1,1
32583,privacy,1,1
32584,privacy,1,1
32585,privacy,1,1
32586,privacy,1,1
32587,privacy,1,1
32588,privacy,1,1
32589,privacy,1,1
32590,privacy,1,1
32591,privacy,1,1
32592,privacy,1,0
32593,privacy,1,1
32594,privacy,0,0
32595,privacy,1,0
32596,privacy,1,0
32597,privacy,0,0
32598,privacy,1,1
32599,privacy,1,1
32600,privacy,0,0
32601,privacy,1,1
32602,privacy,1,1
32603,privacy,1,1
32604,privacy,1,1
32605,privacy,1,1
32606,privacy,1,0
32607,privacy,0,0
32608,privacy,0,0
32609,privacy,1,1
32610,privacy,1,0
32611,privacy,0,0
32612,privacy,1,1
32613,privacy,1,0
32614,privacy,0,0
32615,privacy,0,0
32616,privacy,1,1
32617,privacy,1,1
32618,privacy,0,0
32619,privacy,0,0
32620,privacy,0,0
32621,privacy,1,1
32622,privacy,1,0
32623,privacy,0,0
32624,privacy,0,0
32625,privacy,0,0
32626,privacy,1,0
32627,privacy,1,1
32628,privacy,1,1
32629,privacy,1,1
32630,privacy,1,1
32631,privacy,1,0
32632,privacy,1,1
32633,privacy,1,1
32634,privacy,1,1
32635,privacy,1,1
32636,privacy,1,0
32637,privacy,1,1
32638,privacy,1,0
32639,privacy,1,0
32640,privacy,0,0
32641,privacy,1,0
32642,privacy,0,0
32643,privacy,0,0
32644,privacy,0,0
32645,privacy,1,0
32646,privacy,1,0
32647,privacy,1,1
32648,privacy,0,0
32649,privacy,1,0
32650,privacy,0,0
32651,privacy,1,0
32652,privacy,1,1
32653,privacy,1,1
32654,privacy,0,0
32655,privacy,1,1
32656,privacy,1,1
32657,privacy,0,0
32658,privacy,0,0
32659,privacy,0,0
32660,privacy,0,0
32661,privacy,0,0
32662,privacy,0,0
32663,privacy,0,0
32664,privacy,0,0
32665,privacy,1,1
32666,privacy,1,1
32667,privacy,0,0
32668,privacy,0,0
32669,privacy,0,0
32670,privacy,0,0
32671,privacy,0,0
32672,privacy,1,0
32673,privacy,0,0
32674,privacy,1,1
32675,privacy,0,0
32676,privacy,0,0
32677,privacy,0,0
32678,privacy,1,1
32679,privacy,1,1
32680,privacy,1,0
32681,privacy,1,1
32682,privacy,0,0
32683,privacy,0,0
32684,privacy,1,0
32685,privacy,0,0
32686,privacy,0,0
32687,privacy,0,0
32688,privacy,0,0
32689,privacy,0,0
32690,privacy,0,0
32691,privacy,0,0
32692,privacy,1,1
32693,privacy,1,1
32694,privacy,1,0
32695,privacy,1,0
32696,privacy,0,0
32697,privacy,0,0
32698,privacy,0,0
32699,privacy,0,0
32700,privacy,1,1
32701,privacy,0,0
32702,privacy,0,0
32703,privacy,0,0
32704,privacy,0,0
32705,privacy,1,1
32706,privacy,1,1
32707,privacy,0,0
32708,privacy,0,0
32709,privacy,0,0
32710,privacy,1,1
32711,privacy,1,1
32712,privacy,0,0
32713,privacy,1,1
32714,privacy,0,0
32715,privacy,0,0
32716,privacy,0,0
32717,privacy,0,0
32718,privacy,0,0
32719,privacy,1,0
32720,privacy,0,0
32721,privacy,0,0
32722,privacy,0,0
32723,privacy,1,1
32724,privacy,1,1
32725,privacy,1,0
32726,privacy,1,1
32727,privacy,0,0
32728,privacy,0,0
32729,privacy,0,0
32730,privacy,1,1
32731,privacy,1,0
32732,privacy,1,0
32733,privacy,0,0
32734,privacy,0,0
32735,privacy,1,0
32736,privacy,0,0
32737,privacy,1,0
32738,privacy,0,0
32739,privacy,0,0
32740,privacy,1,1
32741,privacy,1,1
32742,privacy,1,1
32743,privacy,0,0
32744,privacy,1,1
32745,privacy,1,1
32746,privacy,0,0
32747,privacy,1,0
32748,privacy,1,1
32749,privacy,0,0
32750,privacy,0,0
32751,privacy,0,0
32752,privacy,1,1
32753,privacy,1,1
32754,privacy,1,1
32755,privacy,1,1
32756,privacy,1,1
32757,privacy,1,1
32758,privacy,1,1
32759,privacy,0,0
32760,privacy,1,1
32761,privacy,1,1
32762,privacy,0,0
32763,privacy,0,0
32764,privacy,0,0
32765,privacy,0,0
32766,privacy,1,1
32767,privacy,0,0
32768,privacy,1,1
32769,privacy,1,1
32770,privacy,0,0
32771,privacy,0,0
32772,privacy,1,1
32773,privacy,1,1
32774,privacy,0,0
32775,privacy,0,0
32776,privacy,1,1
32777,privacy,0,0
32778,privacy,1,1
32779,privacy,0,0
32780,privacy,0,0
32781,privacy,1,1
32782,privacy,0,0
32783,privacy,1,1
32784,privacy,0,0
32785,privacy,1,1
32786,privacy,1,1
32787,privacy,1,1
32788,privacy,1,1
32789,privacy,0,0
32790,privacy,0,0
32791,privacy,0,0
32792,privacy,1,0
32793,privacy,0,0
32794,privacy,1,0
32795,privacy,0,0
32796,privacy,0,0
32797,privacy,1,1
32798,privacy,1,1
32799,privacy,1,0
32800,privacy,0,0
32801,privacy,1,0
32802,privacy,0,0
32803,privacy,1,0
32804,privacy,1,0
32805,privacy,1,0
32806,privacy,1,1
32807,privacy,1,0
32808,privacy,1,1
32809,privacy,0,0
32810,privacy,1,0
32811,privacy,1,0
32812,privacy,0,0
32813,privacy,0,0
32814,privacy,0,0
32815,privacy,0,0
32816,privacy,1,0
32817,privacy,1,0
32818,privacy,0,0
32819,privacy,1,1
32820,privacy,1,0
32821,privacy,0,0
32822,privacy,0,0
32823,privacy,1,1
32824,privacy,0,0
32825,privacy,1,1
32826,privacy,1,0
32827,privacy,0,0
32828,privacy,1,1
32829,privacy,1,1
32830,privacy,1,1
32831,privacy,1,0
32832,privacy,0,0
32833,privacy,0,0
32834,privacy,0,0
32835,privacy,1,1
32836,privacy,0,0
32837,privacy,1,1
32838,privacy,1,1
32839,privacy,0,0
32840,privacy,1,1
32841,privacy,0,0
32842,privacy,1,0
32843,privacy,0,0
32844,privacy,1,1
32845,privacy,1,0
32846,privacy,1,1
32847,privacy,1,0
32848,privacy,1,1
32849,privacy,1,1
32850,privacy,0,0
32851,privacy,0,0
32852,privacy,1,1
32853,privacy,1,1
32854,privacy,0,0
32855,privacy,0,0
32856,privacy,1,1
32857,privacy,0,0
32858,privacy,0,0
32859,privacy,1,1
32860,privacy,1,1
32861,privacy,1,1
32862,privacy,0,0
32863,privacy,0,0
32864,privacy,1,1
32865,privacy,1,1
32866,privacy,1,1
32867,privacy,1,1
32868,privacy,1,1
32869,privacy,0,0
32870,privacy,0,0
32871,privacy,1,1
32872,privacy,0,0
32873,privacy,1,1
32874,privacy,0,0
32875,privacy,0,0
32876,privacy,0,0
32877,privacy,0,0
32878,privacy,1,1
32879,privacy,1,1
32880,privacy,1,1
32881,privacy,0,0
32882,privacy,1,1
32883,privacy,1,1
32884,privacy,0,0
32885,privacy,0,0
32886,privacy,1,1
32887,privacy,1,1
32888,privacy,1,1
32889,privacy,1,1
32890,privacy,0,0
32891,privacy,1,1
32892,privacy,0,0
32893,privacy,0,0
32894,privacy,1,1
32895,privacy,0,0
32896,privacy,1,1
32897,privacy,1,1
32898,privacy,0,0
32899,privacy,0,0
32900,privacy,0,0
32901,privacy,1,1
32902,privacy,1,1
32903,privacy,0,0
32904,privacy,0,0
32905,privacy,0,0
32906,privacy,0,0
32907,privacy,0,0
32908,privacy,0,0
32909,privacy,1,1
32910,privacy,1,1
32911,privacy,0,0
32912,privacy,1,1
32913,privacy,1,0
32914,privacy,0,0
32915,privacy,1,1
32916,privacy,0,0
32917,privacy,1,0
32918,privacy,1,1
32919,privacy,1,1
32920,privacy,1,1
32921,privacy,1,1
32922,privacy,1,1
32923,privacy,0,0
32924,privacy,1,1
32925,privacy,0,0
32926,privacy,1,1
32927,privacy,1,1
32928,privacy,1,1
32929,privacy,1,1
32930,privacy,0,0
32931,privacy,1,1
32932,privacy,1,1
32933,privacy,1,0
32934,privacy,0,0
32935,privacy,0,0
32936,privacy,1,1
32937,privacy,1,0
32938,privacy,1,0
32939,privacy,1,1
32940,privacy,1,1
32941,privacy,1,0
32942,privacy,1,1
32943,privacy,1,1
32944,privacy,0,0
32945,privacy,1,1
32946,privacy,1,1
32947,privacy,0,0
32948,privacy,1,1
32949,privacy,0,0
32950,privacy,0,0
32951,privacy,1,0
32952,privacy,1,1
32953,privacy,1,1
32954,privacy,1,1
32955,privacy,1,1
32956,privacy,1,1
32957,privacy,0,0
32958,privacy,1,1
32959,privacy,1,1
32960,privacy,0,0
32961,privacy,1,1
32962,privacy,0,0
32963,privacy,1,1
32964,privacy,0,0
32965,privacy,0,0
32966,privacy,0,0
32967,privacy,1,0
32968,privacy,1,1
32969,privacy,0,0
32970,privacy,0,0
32971,privacy,0,0
32972,privacy,1,1
32973,privacy,1,1
32974,privacy,0,0
32975,privacy,0,0
32976,privacy,0,0
32977,privacy,0,0
32978,privacy,1,1
32979,privacy,1,1
32980,privacy,0,0
32981,privacy,1,1
32982,privacy,0,0
32983,privacy,0,0
32984,privacy,0,0
32985,privacy,0,0
32986,privacy,1,1
32987,privacy,0,0
32988,privacy,0,0
32989,privacy,1,1
32990,privacy,0,0
32991,privacy,1,1
32992,privacy,1,1
32993,privacy,0,0
32994,privacy,0,0
32995,privacy,1,1
32996,privacy,0,0
32997,privacy,0,0
32998,privacy,0,0
32999,privacy,1,1
33000,privacy,1,1
33001,privacy,1,1
33002,privacy,1,1
33003,privacy,1,1
33004,privacy,1,1
33005,privacy,0,0
33006,privacy,0,0
33007,privacy,1,1
33008,privacy,0,0
33009,privacy,1,1
33010,privacy,1,1
33011,privacy,1,1
33012,privacy,0,0
33013,privacy,1,0
33014,privacy,1,1
33015,privacy,1,1
33016,privacy,0,0
33017,privacy,0,0
33018,privacy,1,1
33019,privacy,0,0
33020,privacy,1,1
33021,privacy,0,0
33022,privacy,0,0
33023,privacy,1,1
33024,privacy,1,1
33025,privacy,0,0
33026,privacy,1,1
33027,privacy,0,0
33028,privacy,0,0
33029,privacy,0,0
33030,privacy,1,1
33031,privacy,0,0
33032,privacy,1,1
33033,privacy,1,1
33034,privacy,0,0
33035,privacy,0,0
33036,privacy,0,0
33037,privacy,0,0
33038,privacy,0,0
33039,privacy,0,0
33040,privacy,1,1
33041,privacy,1,1
33042,privacy,1,1
33043,privacy,1,1
33044,privacy,1,1
33045,privacy,0,0
33046,privacy,0,0
33047,privacy,0,0
33048,privacy,0,0
33049,privacy,1,1
33050,privacy,0,0
33051,privacy,1,1
33052,privacy,1,1
33053,privacy,0,0
33054,privacy,1,0
33055,privacy,0,0
33056,privacy,1,1
33057,privacy,1,0
33058,privacy,1,1
33059,privacy,0,0
33060,privacy,1,0
33061,privacy,1,1
33062,privacy,1,0
33063,privacy,1,0
33064,privacy,1,0
33065,privacy,0,0
33066,privacy,0,0
33067,privacy,1,1
33068,privacy,0,0
33069,privacy,0,0
33070,privacy,0,0
33071,privacy,0,0
33072,privacy,1,0
33073,privacy,1,1
33074,privacy,0,0
33075,privacy,0,0
33076,privacy,0,0
33077,privacy,0,0
33078,privacy,1,1
33079,privacy,1,1
33080,privacy,1,1
33081,privacy,0,0
33082,privacy,1,0
33083,privacy,1,0
33084,privacy,0,0
33085,privacy,1,1
33086,privacy,0,0
33087,privacy,0,0
33088,privacy,1,1
33089,privacy,1,1
33090,privacy,0,0
33091,privacy,1,1
33092,privacy,0,0
33093,privacy,1,1
33094,privacy,1,1
33095,privacy,0,0
33096,privacy,1,1
33097,privacy,1,0
33098,privacy,1,1
33099,privacy,1,1
33100,privacy,0,0
33101,privacy,0,0
33102,privacy,0,0
33103,privacy,0,0
33104,privacy,0,0
33105,privacy,0,0
33106,privacy,1,1
33107,privacy,1,1
33108,privacy,1,1
33109,privacy,0,0
33110,privacy,1,0
33111,privacy,1,0
33112,privacy,1,1
33113,privacy,1,0
33114,privacy,1,0
33115,privacy,0,0
33116,privacy,1,0
33117,privacy,1,1
33118,privacy,0,0
33119,privacy,0,0
33120,privacy,1,1
33121,privacy,1,1
33122,privacy,1,1
33123,privacy,1,1
33124,privacy,1,1
33125,privacy,1,1
33126,privacy,1,0
33127,privacy,1,0
33128,privacy,1,1
33129,privacy,1,0
33130,privacy,0,0
33131,privacy,1,0
33132,privacy,1,0
33133,privacy,0,0
33134,privacy,1,0
33135,privacy,1,0
33136,privacy,1,0
33137,privacy,1,0
33138,privacy,1,1
33139,privacy,1,1
33140,privacy,1,1
33141,privacy,1,1
33142,privacy,1,1
33143,privacy,1,1
33144,privacy,1,1
33145,privacy,0,0
33146,privacy,0,0
33147,privacy,1,1
33148,privacy,0,0
33149,privacy,1,1
33150,privacy,0,0
33151,privacy,0,0
33152,privacy,1,1
33153,privacy,0,0
33154,privacy,0,0
33155,privacy,0,0
33156,privacy,1,1
33157,privacy,1,1
33158,privacy,1,1
33159,privacy,0,0
33160,privacy,0,0
33161,privacy,1,1
33162,privacy,0,0
33163,privacy,1,1
33164,privacy,1,1
33165,privacy,1,1
33166,privacy,1,1
33167,privacy,0,0
33168,privacy,1,1
33169,privacy,1,1
33170,privacy,0,0
33171,privacy,0,0
33172,privacy,1,1
33173,privacy,1,1
33174,privacy,1,1
33175,privacy,1,1
33176,privacy,1,1
33177,privacy,0,0
33178,privacy,1,1
33179,privacy,1,1
33180,privacy,1,1
33181,privacy,0,0
33182,privacy,0,0
33183,privacy,1,1
33184,privacy,1,1
33185,privacy,1,1
33186,privacy,1,1
33187,privacy,1,1
33188,privacy,1,1
33189,privacy,0,0
33190,privacy,1,1
33191,privacy,1,1
33192,privacy,1,1
33193,privacy,0,0
33194,privacy,0,0
33195,privacy,1,1
33196,privacy,1,0
33197,privacy,0,0
33198,privacy,1,1
33199,privacy,1,1
33200,privacy,1,1
33201,privacy,0,0
33202,privacy,1,1
33203,privacy,1,1
33204,privacy,0,0
33205,privacy,0,0
33206,privacy,1,1
33207,privacy,1,1
33208,privacy,0,0
33209,privacy,0,0
33210,privacy,1,1
33211,privacy,1,1
33212,privacy,1,1
33213,privacy,0,0
33214,privacy,1,1
33215,privacy,1,1
33216,privacy,1,1
33217,privacy,0,0
33218,privacy,0,0
33219,privacy,1,1
33220,privacy,1,1
33221,privacy,1,1
33222,privacy,1,1
33223,privacy,0,0
33224,privacy,1,1
33225,privacy,0,0
33226,privacy,0,0
33227,privacy,1,1
33228,privacy,1,1
33229,privacy,1,1
33230,privacy,0,0
33231,privacy,1,0
33232,privacy,0,0
33233,privacy,1,0
33234,privacy,1,1
33235,privacy,0,0
33236,privacy,1,0
33237,privacy,0,0
33238,privacy,1,0
33239,privacy,0,0
33240,privacy,1,0
33241,privacy,1,0
33242,privacy,0,0
33243,privacy,0,0
33244,privacy,1,0
33245,privacy,1,0
33246,privacy,1,0
33247,privacy,0,0
33248,privacy,0,0
33249,privacy,1,0
33250,privacy,0,0
33251,privacy,0,0
33252,privacy,0,0
33253,privacy,0,0
33254,privacy,0,0
33255,privacy,1,1
33256,privacy,1,0
33257,privacy,1,1
33258,privacy,1,0
33259,privacy,1,0
33260,privacy,0,0
33261,privacy,0,0
33262,privacy,1,0
33263,privacy,1,0
33264,privacy,1,0
33265,privacy,1,1
33266,privacy,1,1
33267,privacy,0,0
33268,privacy,0,0
33269,privacy,1,1
33270,privacy,1,0
33271,privacy,1,1
33272,privacy,0,0
33273,privacy,1,1
33274,privacy,0,0
33275,privacy,1,1
33276,privacy,0,0
33277,privacy,0,0
33278,privacy,1,0
33279,privacy,0,0
33280,privacy,1,0
33281,privacy,0,0
33282,privacy,0,0
33283,privacy,1,1
33284,privacy,1,0
33285,privacy,0,0
33286,privacy,1,1
33287,privacy,1,1
33288,privacy,1,0
33289,privacy,0,0
33290,privacy,1,1
33291,privacy,0,0
33292,privacy,1,1
33293,privacy,1,1
33294,privacy,1,1
33295,privacy,0,0
33296,privacy,0,0
33297,privacy,1,1
33298,privacy,1,1
33299,privacy,1,1
33300,privacy,0,0
33301,privacy,0,0
33302,privacy,1,0
33303,privacy,0,0
33304,privacy,1,0
33305,privacy,1,1
33306,privacy,1,1
33307,privacy,0,0
33308,privacy,0,0
33309,privacy,0,0
33310,privacy,0,0
33311,privacy,1,1
33312,privacy,0,0
33313,privacy,1,1
33314,privacy,0,0
33315,privacy,0,0
33316,privacy,1,0
33317,privacy,1,0
33318,privacy,0,0
33319,privacy,0,0
33320,privacy,1,1
33321,privacy,1,1
33322,privacy,1,1
33323,privacy,0,0
33324,privacy,0,0
33325,privacy,1,1
33326,privacy,1,1
33327,privacy,1,0
33328,privacy,1,1
33329,privacy,1,1
33330,privacy,1,1
33331,privacy,1,1
33332,privacy,0,0
33333,privacy,1,1
33334,privacy,0,0
33335,privacy,1,1
33336,privacy,1,1
33337,privacy,0,0
33338,privacy,0,0
33339,privacy,1,1
33340,privacy,1,1
33341,privacy,1,1
33342,privacy,1,1
33343,privacy,0,0
33344,privacy,1,1
33345,privacy,0,0
33346,privacy,1,1
33347,privacy,1,1
33348,privacy,1,1
33349,privacy,0,0
33350,privacy,0,0
33351,privacy,0,0
33352,privacy,0,0
33353,privacy,1,1
33354,privacy,1,1
33355,privacy,1,1
33356,privacy,0,0
33357,privacy,1,1
33358,privacy,1,1
33359,privacy,1,1
33360,privacy,0,0
33361,privacy,1,1
33362,privacy,1,1
33363,privacy,1,1
33364,privacy,1,1
33365,privacy,1,1
33366,privacy,1,1
33367,privacy,1,1
33368,privacy,0,0
33369,privacy,1,1
33370,privacy,0,0
33371,privacy,0,0
33372,privacy,0,0
33373,privacy,0,0
33374,privacy,1,1
33375,privacy,0,0
33376,privacy,1,1
33377,privacy,1,1
33378,privacy,0,0
33379,privacy,1,1
33380,privacy,0,0
33381,privacy,0,0
33382,privacy,1,1
33383,privacy,1,1
33384,privacy,0,0
33385,privacy,0,0
33386,privacy,1,0
33387,privacy,0,0
33388,privacy,0,0
33389,privacy,1,1
33390,privacy,0,0
33391,privacy,1,1
33392,privacy,0,0
33393,privacy,0,0
33394,privacy,0,0
33395,privacy,0,0
33396,privacy,0,0
33397,privacy,0,0
33398,privacy,0,0
33399,privacy,0,0
33400,privacy,0,0
33401,privacy,0,0
33402,privacy,1,1
33403,privacy,1,0
33404,privacy,0,0
33405,privacy,1,0
33406,privacy,1,0
33407,privacy,0,0
33408,privacy,1,1
33409,privacy,1,1
33410,privacy,1,1
33411,privacy,0,0
33412,privacy,0,0
33413,privacy,1,1
33414,privacy,1,0
33415,privacy,0,0
33416,privacy,1,1
33417,privacy,1,1
33418,privacy,1,0
33419,privacy,0,0
33420,privacy,1,1
33421,privacy,1,1
33422,privacy,1,0
33423,privacy,1,0
33424,privacy,0,0
33425,privacy,1,0
33426,privacy,0,0
33427,privacy,1,1
33428,privacy,0,0
33429,privacy,0,0
33430,privacy,1,0
33431,privacy,0,0
33432,privacy,1,1
33433,privacy,1,1
33434,privacy,1,1
33435,privacy,1,1
33436,privacy,0,0
33437,privacy,1,1
33438,privacy,1,1
33439,privacy,1,1
33440,privacy,1,1
33441,privacy,0,0
33442,privacy,0,0
33443,privacy,1,1
33444,privacy,0,0
33445,privacy,0,0
33446,privacy,0,0
33447,privacy,1,1
33448,privacy,1,0
33449,privacy,1,1
33450,privacy,1,1
33451,privacy,1,1
33452,privacy,0,0
33453,privacy,1,1
33454,privacy,1,1
33455,privacy,0,0
33456,privacy,1,0
33457,privacy,1,0
33458,privacy,1,1
33459,privacy,0,0
33460,privacy,1,1
33461,privacy,0,0
33462,privacy,1,1
33463,privacy,0,0
33464,privacy,0,0
33465,privacy,1,0
33466,privacy,1,1
33467,privacy,1,1
33468,privacy,0,0
33469,privacy,0,0
33470,privacy,0,0
33471,privacy,1,1
33472,privacy,0,0
33473,privacy,0,0
33474,privacy,0,0
33475,privacy,0,0
33476,privacy,1,0
33477,privacy,1,1
33478,privacy,0,0
33479,privacy,0,0
33480,privacy,1,1
33481,privacy,0,0
33482,privacy,1,1
33483,privacy,0,0
33484,privacy,1,1
33485,privacy,0,0
33486,privacy,0,0
33487,privacy,0,0
33488,privacy,1,1
33489,privacy,0,0
33490,privacy,0,0
33491,privacy,1,1
33492,privacy,0,0
33493,privacy,1,1
33494,privacy,0,0
33495,privacy,0,0
33496,privacy,1,1
33497,privacy,0,0
33498,privacy,0,0
33499,privacy,0,0
33500,privacy,1,1
33501,privacy,0,0
33502,privacy,0,0
33503,privacy,1,1
33504,privacy,0,0
33505,privacy,1,1
33506,privacy,0,0
33507,privacy,1,1
33508,privacy,0,0
33509,privacy,1,1
33510,privacy,0,0
33511,privacy,1,1
33512,privacy,1,1
33513,privacy,1,1
33514,privacy,1,1
33515,privacy,1,1
33516,privacy,1,1
33517,privacy,1,1
33518,privacy,1,1
33519,privacy,1,1
33520,privacy,1,1
33521,privacy,1,1
33522,privacy,1,0
33523,privacy,0,0
33524,privacy,1,1
33525,privacy,1,1
33526,privacy,0,0
33527,privacy,0,0
33528,privacy,0,0
33529,privacy,1,0
33530,privacy,0,0
33531,privacy,1,0
33532,privacy,0,0
33533,privacy,0,0
33534,privacy,0,0
33535,privacy,1,0
33536,privacy,0,0
33537,privacy,0,0
33538,privacy,0,0
33539,privacy,0,0
33540,privacy,0,0
33541,privacy,0,0
33542,privacy,0,0
33543,privacy,0,0
33544,privacy,0,0
33545,privacy,0,0
33546,privacy,0,0
33547,privacy,0,0
33548,privacy,1,1
33549,privacy,1,1
33550,privacy,0,0
33551,privacy,0,0
33552,privacy,0,0
33553,privacy,1,1
33554,privacy,1,0
33555,privacy,1,1
33556,privacy,0,0
33557,privacy,0,0
33558,privacy,0,0
33559,privacy,0,0
33560,privacy,0,0
33561,privacy,0,0
33562,privacy,0,0
33563,privacy,1,1
33564,privacy,1,1
33565,privacy,1,1
33566,privacy,0,0
33567,privacy,1,0
33568,privacy,1,1
33569,privacy,0,0
33570,privacy,1,1
33571,privacy,1,1
33572,privacy,1,1
33573,privacy,0,0
33574,privacy,1,1
33575,privacy,0,0
33576,privacy,1,1
33577,privacy,0,0
33578,privacy,1,1
33579,privacy,1,1
33580,privacy,1,0
33581,privacy,1,1
33582,privacy,0,0
33583,privacy,0,0
33584,privacy,0,0
33585,privacy,1,0
33586,privacy,1,0
33587,privacy,0,0
33588,privacy,1,1
33589,privacy,0,0
33590,privacy,0,0
33591,privacy,1,1
33592,privacy,0,0
33593,privacy,1,0
33594,privacy,0,0
33595,privacy,1,1
33596,privacy,1,0
33597,privacy,1,1
33598,privacy,0,0
33599,privacy,1,1
33600,privacy,1,1
33601,privacy,1,1
33602,privacy,1,1
33603,privacy,1,1
33604,privacy,0,0
33605,privacy,1,1
33606,privacy,0,0
33607,privacy,1,0
33608,privacy,0,0
33609,privacy,1,1
33610,privacy,1,1
33611,privacy,0,0
33612,privacy,1,1
33613,privacy,1,1
33614,privacy,0,0
33615,privacy,1,1
33616,privacy,1,1
33617,privacy,1,1
33618,privacy,1,1
33619,privacy,1,1
33620,privacy,0,0
33621,privacy,0,0
33622,privacy,1,1
33623,privacy,1,1
33624,privacy,1,1
33625,privacy,1,1
33626,privacy,1,1
33627,privacy,1,0
33628,privacy,1,1
33629,privacy,0,0
33630,privacy,0,0
33631,privacy,1,0
33632,privacy,1,1
33633,privacy,1,0
33634,privacy,1,0
33635,privacy,1,1
33636,privacy,0,0
33637,privacy,1,1
33638,privacy,1,0
33639,privacy,0,0
33640,privacy,0,0
33641,privacy,1,0
33642,privacy,1,0
33643,privacy,0,0
33644,privacy,1,0
33645,privacy,0,0
33646,privacy,1,1
33647,privacy,1,0
33648,privacy,1,1
33649,privacy,1,1
33650,privacy,1,0
33651,privacy,1,1
33652,privacy,1,0
33653,privacy,0,0
33654,privacy,0,0
33655,privacy,0,0
33656,privacy,1,0
33657,privacy,1,0
33658,privacy,0,0
33659,privacy,0,0
33660,privacy,1,0
33661,privacy,1,0
33662,privacy,0,0
33663,privacy,1,1
33664,privacy,0,0
33665,privacy,1,1
33666,privacy,1,0
33667,privacy,0,0
33668,privacy,1,1
33669,privacy,0,0
33670,privacy,1,1
33671,privacy,0,0
33672,privacy,0,0
33673,privacy,1,1
33674,privacy,0,0
33675,privacy,1,1
33676,privacy,1,1
33677,privacy,1,1
33678,privacy,1,1
33679,privacy,1,1
33680,privacy,1,1
33681,privacy,1,1
33682,privacy,0,0
33683,privacy,0,0
33684,privacy,1,1
33685,privacy,1,1
33686,privacy,1,1
33687,privacy,1,1
33688,privacy,1,0
33689,privacy,1,1
33690,privacy,1,1
33691,privacy,1,1
33692,privacy,1,1
33693,privacy,1,0
33694,privacy,1,0
33695,privacy,1,1
33696,privacy,0,0
33697,privacy,1,0
33698,privacy,1,0
33699,privacy,1,0
33700,privacy,1,0
33701,privacy,0,0
33702,privacy,1,1
33703,privacy,1,1
33704,privacy,1,1
33705,privacy,1,1
33706,privacy,1,1
33707,privacy,1,1
33708,privacy,1,1
33709,privacy,1,1
33710,privacy,0,0
33711,privacy,1,0
33712,privacy,1,1
33713,privacy,0,0
33714,privacy,0,0
33715,privacy,1,1
33716,privacy,0,0
33717,privacy,1,1
33718,privacy,0,0
33719,privacy,1,1
33720,privacy,1,0
33721,privacy,1,1
33722,privacy,1,0
33723,privacy,1,0
33724,privacy,0,0
33725,privacy,1,0
33726,privacy,1,1
33727,privacy,1,0
33728,privacy,1,1
33729,privacy,1,1
33730,privacy,1,1
33731,privacy,0,0
33732,privacy,0,0
33733,privacy,1,1
33734,privacy,0,0
33735,privacy,0,0
33736,privacy,1,1
33737,privacy,1,1
33738,privacy,0,0
33739,privacy,1,0
33740,privacy,1,1
33741,privacy,1,1
33742,privacy,0,0
33743,privacy,0,0
33744,privacy,0,0
33745,privacy,1,1
33746,privacy,1,1
33747,privacy,0,0
33748,privacy,0,0
33749,privacy,0,0
33750,privacy,0,0
33751,privacy,0,0
33752,privacy,0,0
33753,privacy,1,1
33754,privacy,0,0
33755,privacy,0,0
33756,privacy,1,1
33757,privacy,0,0
33758,privacy,0,0
33759,privacy,1,1
33760,privacy,0,0
33761,privacy,1,1
33762,privacy,0,0
33763,privacy,0,0
33764,privacy,1,1
33765,privacy,0,0
33766,privacy,0,0
33767,privacy,1,1
33768,privacy,1,1
33769,privacy,1,1
33770,privacy,0,0
33771,privacy,0,0
33772,privacy,1,1
33773,privacy,0,0
33774,privacy,0,0
33775,privacy,1,1
33776,privacy,1,1
33777,privacy,0,0
33778,privacy,0,0
33779,privacy,1,1
33780,privacy,1,1
33781,privacy,1,1
33782,privacy,0,0
33783,privacy,0,0
33784,privacy,0,0
33785,privacy,1,1
33786,privacy,1,1
33787,privacy,1,1
33788,privacy,0,0
33789,privacy,0,0
33790,privacy,1,1
33791,privacy,0,0
33792,privacy,0,0
33793,privacy,0,0
33794,privacy,0,0
33795,privacy,1,1
33796,privacy,1,0
33797,privacy,0,0
33798,privacy,1,1
33799,privacy,0,0
33800,privacy,0,0
33801,privacy,0,0
33802,privacy,0,0
33803,privacy,1,1
33804,privacy,1,0
33805,privacy,0,0
33806,privacy,0,0
33807,privacy,0,0
33808,privacy,0,0
33809,privacy,0,0
33810,privacy,0,0
33811,privacy,1,1
33812,privacy,1,0
33813,privacy,1,0
33814,privacy,1,1
33815,privacy,0,0
33816,privacy,1,1
33817,privacy,1,1
33818,privacy,0,0
33819,privacy,1,1
33820,privacy,0,0
33821,privacy,1,1
33822,privacy,0,0
33823,privacy,0,0
33824,privacy,0,0
33825,privacy,1,1
33826,privacy,0,0
33827,privacy,0,0
33828,privacy,1,1
33829,privacy,1,1
33830,privacy,0,0
33831,privacy,1,0
33832,privacy,0,0
33833,privacy,1,1
33834,privacy,0,0
33835,privacy,1,1
33836,privacy,1,0
33837,privacy,1,1
33838,privacy,1,1
33839,privacy,1,1
33840,privacy,1,1
33841,privacy,0,0
33842,privacy,0,0
33843,privacy,1,1
33844,privacy,1,1
33845,privacy,0,0
33846,privacy,1,1
33847,privacy,1,1
33848,privacy,1,1
33849,privacy,1,1
33850,privacy,0,0
33851,privacy,1,1
33852,privacy,0,0
33853,privacy,1,0
33854,privacy,1,1
33855,privacy,1,1
33856,privacy,1,0
33857,privacy,1,0
33858,privacy,1,1
33859,privacy,1,1
33860,privacy,1,1
33861,privacy,0,0
33862,privacy,1,0
33863,privacy,1,1
33864,privacy,0,0
33865,privacy,1,0
33866,privacy,1,1
33867,privacy,0,0
33868,privacy,1,0
33869,privacy,0,0
33870,privacy,1,1
33871,privacy,0,0
33872,privacy,1,1
33873,privacy,1,1
33874,privacy,1,1
33875,privacy,0,0
33876,privacy,1,1
33877,privacy,0,0
33878,privacy,0,0
33879,privacy,1,1
33880,privacy,1,1
33881,privacy,1,1
33882,privacy,0,0
33883,privacy,1,0
33884,privacy,0,0
33885,privacy,0,0
33886,privacy,0,0
33887,privacy,0,0
33888,privacy,1,0
33889,privacy,1,1
33890,privacy,1,1
33891,privacy,1,1
33892,privacy,0,0
33893,privacy,1,1
33894,privacy,0,0
33895,privacy,0,0
33896,privacy,0,0
33897,privacy,1,1
33898,privacy,1,1
33899,privacy,0,0
33900,privacy,1,1
33901,privacy,1,1
33902,privacy,1,1
33903,privacy,0,0
33904,privacy,0,0
33905,privacy,0,0
33906,privacy,1,1
33907,privacy,1,0
33908,privacy,1,1
33909,privacy,1,0
33910,privacy,0,0
33911,privacy,1,1
33912,privacy,1,1
33913,privacy,1,1
33914,privacy,0,0
33915,privacy,1,1
33916,privacy,1,0
33917,privacy,1,1
33918,privacy,0,0
33919,privacy,0,0
33920,privacy,1,1
33921,privacy,0,0
33922,privacy,0,0
33923,privacy,1,1
33924,privacy,1,0
33925,privacy,0,0
33926,privacy,1,0
33927,privacy,0,0
33928,privacy,0,0
33929,privacy,0,0
33930,privacy,0,0
33931,privacy,1,0
33932,privacy,1,0
33933,privacy,1,0
33934,privacy,0,0
33935,privacy,1,0
33936,privacy,1,0
33937,privacy,1,0
33938,privacy,1,1
33939,privacy,1,1
33940,privacy,0,0
33941,privacy,1,1
33942,privacy,1,1
33943,privacy,0,0
33944,privacy,1,1
33945,privacy,0,0
33946,privacy,1,1
33947,privacy,0,0
33948,privacy,0,0
33949,privacy,0,0
33950,privacy,0,0
33951,privacy,1,1
33952,privacy,0,0
33953,privacy,0,0
33954,privacy,0,0
33955,privacy,1,1
33956,privacy,0,0
33957,privacy,0,0
33958,privacy,1,1
33959,privacy,0,0
33960,privacy,0,0
33961,privacy,1,1
33962,privacy,1,1
33963,privacy,0,0
33964,privacy,1,1
33965,privacy,0,0
33966,privacy,1,1
33967,privacy,0,0
33968,privacy,1,1
33969,privacy,1,1
33970,privacy,1,1
33971,privacy,1,1
33972,privacy,1,1
33973,privacy,1,1
33974,privacy,0,0
33975,privacy,1,1
33976,privacy,1,1
33977,privacy,1,1
33978,privacy,1,1
33979,privacy,1,1
33980,privacy,1,1
33981,privacy,1,1
33982,privacy,0,0
33983,privacy,0,0
33984,privacy,1,1
33985,privacy,0,0
33986,privacy,0,0
33987,privacy,1,1
33988,privacy,1,1
33989,privacy,1,1
33990,privacy,1,1
33991,privacy,0,0
33992,privacy,0,0
33993,privacy,0,0
33994,privacy,1,1
33995,privacy,1,1
33996,privacy,1,1
33997,privacy,0,0
33998,privacy,1,1
33999,privacy,1,1
34000,privacy,1,1
34001,privacy,1,1
34002,privacy,1,1
34003,privacy,1,1
34004,privacy,0,0
34005,privacy,1,1
34006,privacy,0,0
34007,privacy,1,1
34008,privacy,1,0
34009,privacy,0,0
34010,privacy,0,0
34011,privacy,1,1
34012,privacy,0,0
34013,privacy,1,1
34014,privacy,0,0
34015,privacy,0,0
34016,privacy,0,0
34017,privacy,0,0
34018,privacy,1,1
34019,privacy,0,0
34020,privacy,0,0
34021,privacy,1,0
34022,privacy,0,0
34023,privacy,0,0
34024,privacy,1,1
34025,privacy,1,1
34026,privacy,1,1
34027,privacy,0,0
34028,privacy,0,0
34029,privacy,0,0
34030,privacy,0,0
34031,privacy,1,1
34032,privacy,0,0
34033,privacy,0,0
34034,privacy,0,0
34035,privacy,1,1
34036,privacy,1,1
34037,privacy,1,1
34038,privacy,1,1
34039,privacy,1,1
34040,privacy,1,0
34041,privacy,1,1
34042,privacy,1,1
34043,privacy,0,0
34044,privacy,1,1
34045,privacy,1,1
34046,privacy,0,0
34047,privacy,0,0
34048,privacy,1,1
34049,privacy,1,1
34050,privacy,1,1
34051,privacy,1,1
34052,privacy,0,0
34053,privacy,1,0
34054,privacy,1,0
34055,privacy,1,1
34056,privacy,1,1
34057,privacy,0,0
34058,privacy,1,1
34059,privacy,1,1
34060,privacy,0,0
34061,privacy,1,1
34062,privacy,0,0
34063,privacy,1,1
34064,privacy,1,1
34065,privacy,1,1
34066,privacy,0,0
34067,privacy,1,1
34068,privacy,1,1
34069,privacy,1,1
34070,privacy,0,0
34071,privacy,0,0
34072,privacy,0,0
34073,privacy,1,0
34074,privacy,0,0
34075,privacy,1,1
34076,privacy,1,1
34077,privacy,1,1
34078,privacy,0,0
34079,privacy,1,1
34080,privacy,1,1
34081,privacy,0,0
34082,privacy,1,1
34083,privacy,1,1
34084,privacy,1,1
34085,privacy,1,1
34086,privacy,1,1
34087,privacy,1,1
34088,privacy,1,1
34089,privacy,0,0
34090,privacy,1,1
34091,privacy,1,1
34092,privacy,1,0
34093,privacy,0,0
34094,privacy,1,1
34095,privacy,0,0
34096,privacy,0,0
34097,privacy,1,1
34098,privacy,0,0
34099,privacy,1,1
34100,privacy,0,0
34101,privacy,0,0
34102,privacy,1,1
34103,privacy,0,0
34104,privacy,1,1
34105,privacy,0,0
34106,privacy,0,0
34107,privacy,0,0
34108,privacy,1,1
34109,privacy,0,0
34110,privacy,1,1
34111,privacy,0,0
34112,privacy,1,1
34113,privacy,1,1
34114,privacy,1,1
34115,privacy,1,1
34116,privacy,0,0
34117,privacy,1,1
34118,privacy,1,1
34119,privacy,0,0
34120,privacy,0,0
34121,privacy,1,1
34122,privacy,1,1
34123,privacy,1,1
34124,privacy,1,1
34125,privacy,1,0
34126,privacy,0,0
34127,privacy,0,0
34128,privacy,0,0
34129,privacy,0,0
34130,privacy,0,0
34131,privacy,1,1
34132,privacy,1,1
34133,privacy,1,1
34134,privacy,1,1
34135,privacy,0,0
34136,privacy,0,0
34137,privacy,0,0
34138,privacy,1,1
34139,privacy,0,0
34140,privacy,1,1
34141,privacy,1,1
34142,privacy,1,1
34143,privacy,1,1
34144,privacy,0,0
34145,privacy,0,0
34146,privacy,0,0
34147,privacy,1,0
34148,privacy,0,0
34149,privacy,1,0
34150,privacy,0,0
34151,privacy,0,0
34152,privacy,0,0
34153,privacy,1,0
34154,privacy,1,0
34155,privacy,0,0
34156,privacy,0,0
34157,privacy,0,0
34158,privacy,0,0
34159,privacy,1,1
34160,privacy,0,0
34161,privacy,1,0
34162,privacy,1,1
34163,privacy,1,1
34164,privacy,0,0
34165,privacy,0,0
34166,privacy,0,0
34167,privacy,1,1
34168,privacy,0,0
34169,privacy,1,1
34170,privacy,1,1
34171,privacy,0,0
34172,privacy,1,0
34173,privacy,0,0
34174,privacy,1,1
34175,privacy,1,1
34176,privacy,0,0
34177,privacy,0,0
34178,privacy,1,0
34179,privacy,0,0
34180,privacy,1,1
34181,privacy,1,0
34182,privacy,0,0
34183,privacy,1,0
34184,privacy,0,0
34185,privacy,0,0
34186,privacy,1,0
34187,privacy,1,1
34188,privacy,0,0
34189,privacy,1,1
34190,privacy,1,1
34191,privacy,1,1
34192,privacy,1,1
34193,privacy,1,1
34194,privacy,0,0
34195,privacy,0,0
34196,privacy,0,0
34197,privacy,0,0
34198,privacy,0,0
34199,privacy,1,1
34200,privacy,1,1
34201,privacy,1,1
34202,privacy,1,1
34203,privacy,0,0
34204,privacy,1,1
34205,privacy,1,1
34206,privacy,1,1
34207,privacy,1,1
34208,privacy,1,1
34209,privacy,0,0
34210,privacy,0,0
34211,privacy,1,1
34212,privacy,1,1
34213,privacy,1,1
34214,privacy,0,0
34215,privacy,1,1
34216,privacy,1,1
34217,privacy,1,1
34218,privacy,0,0
34219,privacy,1,1
34220,privacy,0,0
34221,privacy,1,1
34222,privacy,0,0
34223,privacy,0,0
34224,privacy,1,1
34225,privacy,1,1
34226,privacy,1,1
34227,privacy,1,1
34228,privacy,0,0
34229,privacy,0,0
34230,privacy,1,1
34231,privacy,1,1
34232,privacy,1,1
34233,privacy,1,1
34234,privacy,0,0
34235,privacy,1,1
34236,privacy,1,0
34237,privacy,1,1
34238,privacy,1,1
34239,privacy,0,0
34240,privacy,1,0
34241,privacy,1,1
34242,privacy,1,1
34243,privacy,1,1
34244,privacy,1,1
34245,privacy,1,1
34246,privacy,0,0
34247,privacy,0,0
34248,privacy,1,1
34249,privacy,1,1
34250,privacy,0,0
34251,privacy,1,1
34252,privacy,1,1
34253,privacy,0,0
34254,privacy,0,0
34255,privacy,1,1
34256,privacy,0,0
34257,privacy,1,1
34258,privacy,1,1
34259,privacy,1,0
34260,privacy,1,1
34261,privacy,1,1
34262,privacy,1,1
34263,privacy,0,0
34264,privacy,0,0
34265,privacy,0,0
34266,privacy,1,1
34267,privacy,0,0
34268,privacy,1,1
34269,privacy,1,1
34270,privacy,1,0
34271,privacy,1,0
34272,privacy,1,1
34273,privacy,0,0
34274,privacy,1,0
34275,privacy,1,1
34276,privacy,0,0
34277,privacy,1,1
34278,privacy,1,0
34279,privacy,0,0
34280,privacy,1,0
34281,privacy,0,0
34282,privacy,0,0
34283,privacy,0,0
34284,privacy,0,0
34285,privacy,0,0
34286,privacy,1,1
34287,privacy,0,0
34288,privacy,0,0
34289,privacy,0,0
34290,privacy,0,0
34291,privacy,0,0
34292,privacy,0,0
34293,privacy,0,0
34294,privacy,0,0
34295,privacy,0,0
34296,privacy,0,0
34297,privacy,0,0
34298,privacy,0,0
34299,privacy,0,0
34300,privacy,0,0
34301,privacy,0,0
34302,privacy,0,0
34303,privacy,0,0
34304,privacy,0,0
34305,privacy,0,0
34306,privacy,0,0
34307,privacy,0,0
34308,privacy,0,0
34309,privacy,0,0
34310,privacy,0,0
34311,privacy,0,0
34312,privacy,0,0
34313,privacy,1,0
34314,privacy,1,1
34315,privacy,0,0
34316,privacy,0,0
34317,privacy,0,0
34318,privacy,0,0
34319,privacy,0,0
34320,privacy,0,0
34321,privacy,0,0
34322,privacy,0,0
34323,privacy,1,1
34324,privacy,0,0
34325,privacy,1,1
34326,privacy,0,0
34327,privacy,1,1
34328,privacy,1,1
34329,privacy,0,0
34330,privacy,0,0
34331,privacy,0,0
34332,privacy,1,0
34333,privacy,1,1
34334,privacy,0,0
34335,privacy,0,0
34336,privacy,1,1
34337,privacy,0,0
34338,privacy,1,0
34339,privacy,0,0
34340,privacy,1,1
34341,privacy,1,0
34342,privacy,1,1
34343,privacy,1,0
34344,privacy,0,0
34345,privacy,1,1
34346,privacy,0,0
34347,privacy,0,0
34348,privacy,0,0
34349,privacy,1,1
34350,privacy,1,1
34351,privacy,1,1
34352,privacy,0,0
34353,privacy,1,1
34354,privacy,0,0
34355,privacy,1,0
34356,privacy,0,0
34357,privacy,0,0
34358,privacy,1,1
34359,privacy,1,1
34360,privacy,0,0
34361,privacy,1,0
34362,privacy,1,1
34363,privacy,1,1
34364,privacy,0,0
34365,privacy,0,0
34366,privacy,0,0
34367,privacy,0,0
34368,privacy,0,0
34369,privacy,0,0
34370,privacy,0,0
34371,privacy,0,0
34372,privacy,1,0
34373,privacy,1,1
34374,privacy,0,0
34375,privacy,1,1
34376,privacy,0,0
34377,privacy,1,1
34378,privacy,0,0
34379,privacy,0,0
34380,privacy,0,0
34381,privacy,0,0
34382,privacy,0,0
34383,privacy,1,1
34384,privacy,1,1
34385,privacy,1,1
34386,privacy,1,1
34387,privacy,0,0
34388,privacy,1,1
34389,privacy,0,0
34390,privacy,1,0
34391,privacy,1,1
34392,privacy,1,1
34393,privacy,0,0
34394,privacy,1,1
34395,privacy,0,0
34396,privacy,0,0
34397,privacy,0,0
34398,privacy,0,0
34399,privacy,1,0
34400,privacy,0,0
34401,privacy,0,0
34402,privacy,1,0
34403,privacy,0,0
34404,privacy,0,0
34405,privacy,0,0
34406,privacy,0,0
34407,privacy,0,0
34408,privacy,1,1
34409,privacy,0,0
34410,privacy,1,0
34411,privacy,1,1
34412,privacy,1,1
34413,privacy,0,0
34414,privacy,0,0
34415,privacy,1,1
34416,privacy,0,0
34417,privacy,1,1
34418,privacy,0,0
34419,privacy,0,0
34420,privacy,0,0
34421,privacy,1,1
34422,privacy,0,0
34423,privacy,0,0
34424,privacy,1,0
34425,privacy,0,0
34426,privacy,1,1
34427,privacy,0,0
34428,privacy,0,0
34429,privacy,0,0
34430,privacy,1,1
34431,privacy,1,1
34432,privacy,0,0
34433,privacy,0,0
34434,privacy,1,1
34435,privacy,1,1
34436,privacy,1,1
34437,privacy,1,1
34438,privacy,1,1
34439,privacy,0,0
34440,privacy,1,1
34441,privacy,1,1
34442,privacy,0,0
34443,privacy,1,1
34444,privacy,1,1
34445,privacy,0,0
34446,privacy,0,0
34447,privacy,0,0
34448,privacy,1,1
34449,privacy,1,1
34450,privacy,0,0
34451,privacy,1,1
34452,privacy,0,0
34453,privacy,1,1
34454,privacy,0,0
34455,privacy,1,1
34456,privacy,0,0
34457,privacy,0,0
34458,privacy,1,1
34459,privacy,0,0
34460,privacy,1,1
34461,privacy,0,0
34462,privacy,1,1
34463,privacy,0,0
34464,privacy,0,0
34465,privacy,1,1
34466,privacy,1,1
34467,privacy,0,0
34468,privacy,0,0
34469,privacy,0,0
34470,privacy,1,1
34471,privacy,0,0
34472,privacy,0,0
34473,privacy,0,0
34474,privacy,0,0
34475,privacy,1,1
34476,privacy,0,0
34477,privacy,1,1
34478,privacy,1,1
34479,privacy,0,0
34480,privacy,0,0
34481,privacy,1,1
34482,privacy,0,0
34483,privacy,0,0
34484,privacy,0,0
34485,privacy,0,0
34486,privacy,1,1
34487,privacy,1,1
34488,privacy,1,0
34489,privacy,1,0
34490,privacy,0,0
34491,privacy,0,0
34492,privacy,1,1
34493,privacy,1,0
34494,privacy,1,1
34495,privacy,1,1
34496,privacy,0,0
34497,privacy,0,0
34498,privacy,1,1
34499,privacy,1,0
34500,privacy,1,1
34501,privacy,1,0
34502,privacy,1,0
34503,privacy,1,1
34504,privacy,0,0
34505,privacy,1,1
34506,privacy,0,0
34507,privacy,1,1
34508,privacy,1,1
34509,privacy,1,0
34510,privacy,1,0
34511,privacy,1,1
34512,privacy,0,0
34513,privacy,0,0
34514,privacy,1,1
34515,privacy,1,0
34516,privacy,1,0
34517,privacy,0,0
34518,privacy,1,0
34519,privacy,1,1
34520,privacy,1,1
34521,privacy,0,0
34522,privacy,0,0
34523,privacy,0,0
34524,privacy,0,0
34525,privacy,1,1
34526,privacy,0,0
34527,privacy,1,1
34528,privacy,0,0
34529,privacy,0,0
34530,privacy,0,0
34531,privacy,0,0
34532,privacy,0,0
34533,privacy,1,0
34534,privacy,1,0
34535,privacy,1,0
34536,privacy,1,0
34537,privacy,0,0
34538,privacy,0,0
34539,privacy,1,0
34540,privacy,1,0
34541,privacy,0,0
34542,privacy,0,0
34543,privacy,1,1
34544,privacy,1,0
34545,privacy,0,0
34546,privacy,1,1
34547,privacy,1,0
34548,privacy,0,0
34549,privacy,1,1
34550,privacy,0,0
34551,privacy,1,1
34552,privacy,1,1
34553,privacy,1,0
34554,privacy,1,0
34555,privacy,0,0
34556,privacy,0,0
34557,privacy,0,0
34558,privacy,1,1
34559,privacy,1,0
34560,privacy,1,1
34561,privacy,0,0
34562,privacy,1,1
34563,privacy,1,1
34564,privacy,0,0
34565,privacy,0,0
34566,privacy,1,1
34567,privacy,1,1
34568,privacy,0,0
34569,privacy,1,1
34570,privacy,0,0
34571,privacy,0,0
34572,privacy,0,0
34573,privacy,1,0
34574,privacy,0,0
34575,privacy,0,0
34576,privacy,0,0
34577,privacy,1,1
34578,privacy,0,0
34579,privacy,1,1
34580,privacy,0,0
34581,privacy,0,0
34582,privacy,0,0
34583,privacy,1,1
34584,privacy,0,0
34585,privacy,0,0
34586,privacy,0,0
34587,privacy,0,0
34588,privacy,0,0
34589,privacy,0,0
34590,privacy,0,0
34591,privacy,1,1
34592,privacy,0,0
34593,privacy,0,0
34594,privacy,1,1
34595,privacy,0,0
34596,privacy,0,0
34597,privacy,1,0
34598,privacy,1,1
34599,privacy,1,0
34600,privacy,1,1
34601,privacy,0,0
34602,privacy,0,0
34603,privacy,1,1
34604,privacy,1,0
34605,privacy,0,0
34606,privacy,1,1
34607,privacy,0,0
34608,privacy,1,0
34609,privacy,1,0
34610,privacy,1,0
34611,privacy,1,0
34612,privacy,1,1
34613,privacy,0,0
34614,privacy,1,0
34615,privacy,1,0
34616,privacy,0,0
34617,privacy,1,0
34618,privacy,1,1
34619,privacy,0,0
34620,privacy,0,0
34621,privacy,0,0
34622,privacy,0,0
34623,privacy,0,0
34624,privacy,0,0
34625,privacy,1,0
34626,privacy,0,0
34627,privacy,0,0
34628,privacy,1,0
34629,privacy,0,0
34630,privacy,0,0
34631,privacy,1,0
34632,privacy,1,1
34633,privacy,1,0
34634,privacy,0,0
34635,privacy,1,0
34636,privacy,1,1
34637,privacy,0,0
34638,privacy,1,0
34639,privacy,1,1
34640,privacy,1,1
34641,privacy,0,0
34642,privacy,0,0
34643,privacy,0,0
34644,privacy,1,0
34645,privacy,1,1
34646,privacy,1,1
34647,privacy,1,1
34648,privacy,1,0
34649,privacy,1,1
34650,privacy,1,1
34651,privacy,0,0
34652,privacy,1,1
34653,privacy,1,1
34654,privacy,1,1
34655,privacy,1,1
34656,privacy,1,1
34657,privacy,1,1
34658,privacy,1,1
34659,privacy,1,1
34660,privacy,0,0
34661,privacy,1,1
34662,privacy,0,0
34663,privacy,0,0
34664,privacy,0,0
34665,privacy,0,0
34666,privacy,1,1
34667,privacy,1,1
34668,privacy,0,0
34669,privacy,0,0
34670,privacy,1,0
34671,privacy,1,0
34672,privacy,1,1
34673,privacy,0,0
34674,privacy,1,0
34675,privacy,0,0
34676,privacy,0,0
34677,privacy,1,0
34678,privacy,1,1
34679,privacy,1,1
34680,privacy,1,1
34681,privacy,1,1
34682,privacy,1,1
34683,privacy,1,1
34684,privacy,0,0
34685,privacy,0,0
34686,privacy,1,0
34687,privacy,1,1
34688,privacy,0,0
34689,privacy,0,0
34690,privacy,1,1
34691,privacy,0,0
34692,privacy,1,1
34693,privacy,1,0
34694,privacy,1,0
34695,privacy,0,0
34696,privacy,1,0
34697,privacy,1,0
34698,privacy,0,0
34699,privacy,1,0
34700,privacy,0,0
34701,privacy,0,0
34702,privacy,1,1
34703,privacy,1,1
34704,privacy,1,0
34705,privacy,0,0
34706,privacy,0,0
34707,privacy,1,0
34708,privacy,1,0
34709,privacy,1,1
34710,privacy,1,0
34711,privacy,1,1
34712,privacy,1,0
34713,privacy,0,0
34714,privacy,0,0
34715,privacy,1,1
34716,privacy,1,0
34717,privacy,1,1
34718,privacy,0,0
34719,privacy,1,0
34720,privacy,0,0
34721,privacy,1,1
34722,privacy,1,1
34723,privacy,0,0
34724,privacy,0,0
34725,privacy,0,0
34726,privacy,1,1
34727,privacy,1,1
34728,privacy,1,1
34729,privacy,0,0
34730,privacy,1,1
34731,privacy,1,1
34732,privacy,1,1
34733,privacy,0,0
34734,privacy,0,0
34735,privacy,0,0
34736,privacy,0,0
34737,privacy,0,0
34738,privacy,1,1
34739,privacy,1,1
34740,privacy,0,0
34741,privacy,1,1
34742,privacy,1,1
34743,privacy,1,1
34744,privacy,1,1
34745,privacy,1,1
34746,privacy,0,0
34747,privacy,0,0
34748,privacy,1,1
34749,privacy,1,1
34750,privacy,0,0
34751,privacy,1,1
34752,privacy,0,0
34753,privacy,0,0
34754,privacy,1,1
34755,privacy,1,1
34756,privacy,0,0
34757,privacy,0,0
34758,privacy,0,0
34759,privacy,0,0
34760,privacy,1,1
34761,privacy,1,0
34762,privacy,0,0
34763,privacy,1,1
34764,privacy,0,0
34765,privacy,0,0
34766,privacy,1,1
34767,privacy,1,1
34768,privacy,1,1
34769,privacy,1,1
34770,privacy,1,1
34771,privacy,1,1
34772,privacy,1,1
34773,privacy,1,1
34774,privacy,0,0
34775,privacy,1,1
34776,privacy,1,1
34777,privacy,1,1
34778,privacy,1,1
34779,privacy,1,1
34780,privacy,1,1
34781,privacy,1,1
34782,privacy,1,1
34783,privacy,1,1
34784,privacy,1,1
34785,privacy,1,1
34786,privacy,0,0
34787,privacy,0,0
34788,privacy,0,0
34789,privacy,0,0
34790,privacy,1,0
34791,privacy,0,0
34792,privacy,1,1
34793,privacy,1,1
34794,privacy,1,1
34795,privacy,0,0
34796,privacy,1,1
34797,privacy,0,0
34798,privacy,1,1
34799,privacy,0,0
34800,privacy,1,1
34801,privacy,0,0
34802,privacy,1,1
34803,privacy,0,0
34804,privacy,1,1
34805,privacy,0,0
34806,privacy,1,1
34807,privacy,1,1
34808,privacy,1,1
34809,privacy,0,0
34810,privacy,0,0
34811,privacy,1,1
34812,privacy,0,0
34813,privacy,0,0
34814,privacy,0,0
34815,privacy,1,1
34816,privacy,0,0
34817,privacy,0,0
34818,privacy,0,0
34819,privacy,1,0
34820,privacy,1,1
34821,privacy,0,0
34822,privacy,1,1
34823,privacy,0,0
34824,privacy,1,1
34825,privacy,1,1
34826,privacy,0,0
34827,privacy,1,1
34828,privacy,0,0
34829,privacy,0,0
34830,privacy,1,1
34831,privacy,1,1
34832,privacy,1,1
34833,privacy,0,0
34834,privacy,0,0
34835,privacy,0,0
34836,privacy,0,0
34837,privacy,0,0
34838,privacy,0,0
34839,privacy,0,0
34840,privacy,1,1
34841,privacy,0,0
34842,privacy,0,0
34843,privacy,0,0
34844,privacy,1,1
34845,privacy,1,1
34846,privacy,0,0
34847,privacy,1,1
34848,privacy,0,0
34849,privacy,0,0
34850,privacy,1,1
34851,privacy,0,0
34852,privacy,1,0
34853,privacy,1,1
34854,privacy,0,0
34855,privacy,0,0
34856,privacy,1,1
34857,privacy,1,1
34858,privacy,0,0
34859,privacy,1,1
34860,privacy,0,0
34861,privacy,0,0
34862,privacy,0,0
34863,privacy,1,1
34864,privacy,1,1
34865,privacy,1,1
34866,privacy,1,1
34867,privacy,0,0
34868,privacy,1,1
34869,privacy,1,1
34870,privacy,0,0
34871,privacy,0,0
34872,privacy,1,1
34873,privacy,1,0
34874,privacy,0,0
34875,privacy,0,0
34876,privacy,0,0
34877,privacy,1,1
34878,privacy,1,0
34879,privacy,0,0
34880,privacy,0,0
34881,privacy,1,0
34882,privacy,1,0
34883,privacy,0,0
34884,privacy,1,0
34885,privacy,0,0
34886,privacy,1,1
34887,privacy,0,0
34888,privacy,0,0
34889,privacy,0,0
34890,privacy,1,1
34891,privacy,0,0
34892,privacy,1,1
34893,privacy,1,1
34894,privacy,0,0
34895,privacy,1,1
34896,privacy,1,1
34897,privacy,1,1
34898,privacy,1,1
34899,privacy,1,1
34900,privacy,0,0
34901,privacy,1,1
34902,privacy,0,0
34903,privacy,1,1
34904,privacy,1,1
34905,privacy,1,1
34906,privacy,1,1
34907,privacy,1,1
34908,privacy,1,1
34909,privacy,1,1
34910,privacy,1,1
34911,privacy,0,0
34912,privacy,0,0
34913,privacy,0,0
34914,privacy,0,0
34915,privacy,0,0
34916,privacy,0,0
34917,privacy,1,0
34918,privacy,0,0
34919,privacy,1,1
34920,privacy,0,0
34921,privacy,0,0
34922,privacy,0,0
34923,privacy,0,0
34924,privacy,1,1
34925,privacy,1,1
34926,privacy,0,0
34927,privacy,0,0
34928,privacy,1,0
34929,privacy,1,1
34930,privacy,1,1
34931,privacy,1,1
34932,privacy,1,1
34933,privacy,1,1
34934,privacy,1,1
34935,privacy,0,0
34936,privacy,0,0
34937,privacy,1,1
34938,privacy,0,0
34939,privacy,0,0
34940,privacy,0,0
34941,privacy,1,1
34942,privacy,1,1
34943,privacy,0,0
34944,privacy,1,1
34945,privacy,1,1
34946,privacy,0,0
34947,privacy,1,0
34948,privacy,1,1
34949,privacy,0,0
34950,privacy,0,0
34951,privacy,1,1
34952,privacy,0,0
34953,privacy,1,1
34954,privacy,0,0
34955,privacy,0,0
34956,privacy,1,1
34957,privacy,0,0
34958,privacy,1,1
34959,privacy,0,0
34960,privacy,0,0
34961,privacy,0,0
34962,privacy,0,0
34963,privacy,1,1
34964,privacy,1,1
34965,privacy,0,0
34966,privacy,1,1
34967,privacy,1,1
34968,privacy,0,0
34969,privacy,1,1
34970,privacy,1,1
34971,privacy,1,1
34972,privacy,1,1
34973,privacy,1,1
34974,privacy,0,0
34975,privacy,1,1
34976,privacy,1,1
34977,privacy,0,0
34978,privacy,0,0
34979,privacy,1,1
34980,privacy,1,1
34981,privacy,1,1
34982,privacy,1,1
34983,privacy,1,1
34984,privacy,0,0
34985,privacy,0,0
34986,privacy,1,1
34987,privacy,0,0
34988,privacy,1,1
34989,privacy,0,0
34990,privacy,1,1
34991,privacy,1,1
34992,privacy,1,1
34993,privacy,1,0
34994,privacy,1,1
34995,privacy,1,1
34996,privacy,0,0
34997,privacy,0,0
34998,privacy,0,0
34999,privacy,0,0
35000,privacy,1,1
35001,privacy,0,0
35002,privacy,0,0
35003,privacy,0,0
35004,privacy,0,0
35005,privacy,1,1
35006,privacy,0,0
35007,privacy,1,1
35008,privacy,0,0
35009,privacy,0,0
35010,privacy,1,1
35011,privacy,0,0
35012,privacy,0,0
35013,privacy,1,1
35014,privacy,1,0
35015,privacy,0,0
35016,privacy,1,1
35017,privacy,0,0
35018,privacy,0,0
35019,privacy,0,0
35020,privacy,0,0
35021,privacy,0,0
35022,privacy,0,0
35023,privacy,0,0
35024,privacy,1,1
35025,privacy,0,0
35026,privacy,0,0
35027,privacy,1,1
35028,privacy,0,0
35029,privacy,1,1
35030,privacy,0,0
35031,privacy,0,0
35032,privacy,1,1
35033,privacy,0,0
35034,privacy,0,0
35035,privacy,0,0
35036,privacy,1,1
35037,privacy,1,1
35038,privacy,0,0
35039,privacy,1,1
35040,privacy,1,1
35041,privacy,1,1
35042,privacy,0,0
35043,privacy,0,0
35044,privacy,0,0
35045,privacy,0,0
35046,privacy,1,0
35047,privacy,0,0
35048,privacy,1,0
35049,privacy,1,0
35050,privacy,1,0
35051,privacy,0,0
35052,privacy,1,0
35053,privacy,1,0
35054,privacy,0,0
35055,privacy,1,0
35056,privacy,1,0
35057,privacy,1,0
35058,privacy,1,0
35059,privacy,1,1
35060,privacy,0,0
35061,privacy,1,0
35062,privacy,0,0
35063,privacy,0,0
35064,privacy,0,0
35065,privacy,0,0
35066,privacy,1,0
35067,privacy,1,0
35068,privacy,1,0
35069,privacy,0,0
35070,privacy,0,0
35071,privacy,0,0
35072,privacy,1,0
35073,privacy,0,0
35074,privacy,0,0
35075,privacy,0,0
35076,privacy,1,1
35077,privacy,1,1
35078,privacy,0,0
35079,privacy,1,1
35080,privacy,1,1
35081,privacy,0,0
35082,privacy,1,1
35083,privacy,1,1
35084,privacy,0,0
35085,privacy,1,1
35086,privacy,0,0
35087,privacy,1,1
35088,privacy,1,1
35089,privacy,1,1
35090,privacy,1,1
35091,privacy,0,0
35092,privacy,1,1
35093,privacy,1,1
35094,privacy,1,1
35095,privacy,1,1
35096,privacy,0,0
35097,privacy,0,0
35098,privacy,0,0
35099,privacy,1,1
35100,privacy,1,1
35101,privacy,0,0
35102,privacy,0,0
35103,privacy,0,0
35104,privacy,1,1
35105,privacy,0,0
35106,privacy,1,1
35107,privacy,0,0
35108,privacy,0,0
35109,privacy,0,0
35110,privacy,0,0
35111,privacy,1,1
35112,privacy,0,0
35113,privacy,0,0
35114,privacy,1,1
35115,privacy,0,0
35116,privacy,0,0
35117,privacy,0,0
35118,privacy,0,0
35119,privacy,0,0
35120,privacy,0,0
35121,privacy,0,0
35122,privacy,0,0
35123,privacy,0,0
35124,privacy,0,0
35125,privacy,1,0
35126,privacy,0,0
35127,privacy,1,1
35128,privacy,0,0
35129,privacy,0,0
35130,privacy,0,0
35131,privacy,0,0
35132,privacy,1,1
35133,privacy,0,0
35134,privacy,0,0
35135,privacy,0,0
35136,privacy,1,0
35137,privacy,1,0
35138,privacy,1,0
35139,privacy,0,0
35140,privacy,1,0
35141,privacy,1,0
35142,privacy,0,0
35143,privacy,0,0
35144,privacy,0,0
35145,privacy,1,0
35146,privacy,0,0
35147,privacy,0,0
35148,privacy,1,1
35149,privacy,0,0
35150,privacy,0,0
35151,privacy,0,0
35152,privacy,0,0
35153,privacy,1,1
35154,privacy,0,0
35155,privacy,0,0
35156,privacy,0,0
35157,privacy,0,0
35158,privacy,0,0
35159,privacy,1,1
35160,privacy,1,1
35161,privacy,1,1
35162,privacy,1,1
35163,privacy,1,0
35164,privacy,1,1
35165,privacy,1,1
35166,privacy,1,1
35167,privacy,0,0
35168,privacy,0,0
35169,privacy,1,1
35170,privacy,1,0
35171,privacy,1,1
35172,privacy,1,1
35173,privacy,1,1
35174,privacy,1,1
35175,privacy,1,1
35176,privacy,1,1
35177,privacy,1,1
35178,privacy,1,1
35179,privacy,1,1
35180,privacy,1,1
35181,privacy,1,1
35182,privacy,0,0
35183,privacy,0,0
35184,privacy,1,1
35185,privacy,0,0
35186,privacy,1,1
35187,privacy,1,1
35188,privacy,0,0
35189,privacy,1,1
35190,privacy,0,0
35191,privacy,1,1
35192,privacy,0,0
35193,privacy,1,1
35194,privacy,0,0
35195,privacy,0,0
35196,privacy,0,0
35197,privacy,0,0
35198,privacy,1,1
35199,privacy,0,0
35200,privacy,0,0
35201,privacy,0,0
35202,privacy,1,1
35203,privacy,0,0
35204,privacy,0,0
35205,privacy,0,0
35206,privacy,1,0
35207,privacy,1,1
35208,privacy,1,1
35209,privacy,0,0
35210,privacy,0,0
35211,privacy,1,0
35212,privacy,1,0
35213,privacy,1,0
35214,privacy,0,0
35215,privacy,0,0
35216,privacy,0,0
35217,privacy,1,1
35218,privacy,0,0
35219,privacy,0,0
35220,privacy,0,0
35221,privacy,0,0
35222,privacy,0,0
35223,privacy,0,0
35224,privacy,0,0
35225,privacy,0,0
35226,privacy,0,0
35227,privacy,0,0
35228,privacy,1,1
35229,privacy,0,0
35230,privacy,1,0
35231,privacy,0,0
35232,privacy,0,0
35233,privacy,1,1
35234,privacy,1,1
35235,privacy,0,0
35236,privacy,1,1
35237,privacy,0,0
35238,privacy,0,0
35239,privacy,1,0
35240,privacy,0,0
35241,privacy,1,0
35242,privacy,1,1
35243,privacy,1,1
35244,privacy,0,0
35245,privacy,0,0
35246,privacy,0,0
35247,privacy,0,0
35248,privacy,0,0
35249,privacy,1,0
35250,privacy,0,0
35251,privacy,0,0
35252,privacy,1,1
35253,privacy,1,1
35254,privacy,0,0
35255,privacy,0,0
35256,privacy,0,0
35257,privacy,0,0
35258,privacy,0,0
35259,privacy,0,0
35260,privacy,1,1
35261,privacy,0,0
35262,privacy,1,1
35263,privacy,1,1
35264,privacy,1,1
35265,privacy,1,1
35266,privacy,1,1
35267,privacy,1,1
35268,privacy,1,1
35269,privacy,1,1
35270,privacy,0,0
35271,privacy,0,0
35272,privacy,1,1
35273,privacy,1,1
35274,privacy,1,1
35275,privacy,1,1
35276,privacy,1,1
35277,privacy,1,1
35278,privacy,1,1
35279,privacy,1,1
35280,privacy,1,1
35281,privacy,1,1
35282,privacy,1,0
35283,privacy,1,0
35284,privacy,1,1
35285,privacy,1,1
35286,privacy,1,1
35287,privacy,1,1
35288,privacy,1,1
35289,privacy,1,1
35290,privacy,1,1
35291,privacy,1,1
35292,privacy,1,1
35293,privacy,1,1
35294,privacy,1,1
35295,privacy,1,1
35296,privacy,1,1
35297,privacy,1,1
35298,privacy,1,1
35299,privacy,0,0
35300,privacy,1,1
35301,privacy,1,0
35302,privacy,1,1
35303,privacy,1,1
35304,privacy,0,0
35305,privacy,0,0
35306,privacy,1,1
35307,privacy,0,0
35308,privacy,0,0
35309,privacy,0,0
35310,privacy,0,0
35311,privacy,1,0
35312,privacy,1,1
35313,privacy,1,1
35314,privacy,0,0
35315,privacy,0,0
35316,privacy,0,0
35317,privacy,1,1
35318,privacy,0,0
35319,privacy,1,1
35320,privacy,1,1
35321,privacy,0,0
35322,privacy,0,0
35323,privacy,1,1
35324,privacy,1,1
35325,privacy,1,1
35326,privacy,1,1
35327,privacy,1,0
35328,privacy,0,0
35329,privacy,0,0
35330,privacy,0,0
35331,privacy,0,0
35332,privacy,0,0
35333,privacy,0,0
35334,privacy,0,0
35335,privacy,1,1
35336,privacy,1,1
35337,privacy,1,1
35338,privacy,0,0
35339,privacy,1,1
35340,privacy,1,1
35341,privacy,1,1
35342,privacy,0,0
35343,privacy,0,0
35344,privacy,0,0
35345,privacy,1,1
35346,privacy,1,1
35347,privacy,0,0
35348,privacy,0,0
35349,privacy,1,1
35350,privacy,1,1
35351,privacy,0,0
35352,privacy,0,0
35353,privacy,0,0
35354,privacy,0,0
35355,privacy,0,0
35356,privacy,1,0
35357,privacy,0,0
35358,privacy,0,0
35359,privacy,0,0
35360,privacy,1,0
35361,privacy,0,0
35362,privacy,1,1
35363,privacy,1,1
35364,privacy,1,1
35365,privacy,0,0
35366,privacy,0,0
35367,privacy,0,0
35368,privacy,0,0
35369,privacy,1,1
35370,privacy,0,0
35371,privacy,0,0
35372,privacy,1,1
35373,privacy,1,1
35374,privacy,1,1
35375,privacy,1,1
35376,privacy,1,0
35377,privacy,0,0
35378,privacy,0,0
35379,privacy,0,0
35380,privacy,1,1
35381,privacy,0,0
35382,privacy,0,0
35383,privacy,0,0
35384,privacy,1,1
35385,privacy,1,1
35386,privacy,0,0
35387,privacy,0,0
35388,privacy,0,0
35389,privacy,0,0
35390,privacy,1,1
35391,privacy,1,1
35392,privacy,0,0
35393,privacy,1,1
35394,privacy,0,0
35395,privacy,0,0
35396,privacy,1,1
35397,privacy,1,1
35398,privacy,0,0
35399,privacy,0,0
35400,privacy,0,0
35401,privacy,0,0
35402,privacy,0,0
35403,privacy,1,1
35404,privacy,0,0
35405,privacy,0,0
35406,privacy,1,1
35407,privacy,0,0
35408,privacy,1,1
35409,privacy,0,0
35410,privacy,1,1
35411,privacy,1,1
35412,privacy,1,1
35413,privacy,0,0
35414,privacy,1,1
35415,privacy,1,1
35416,privacy,0,0
35417,privacy,0,0
35418,privacy,0,0
35419,privacy,1,1
35420,privacy,0,0
35421,privacy,0,0
35422,privacy,1,1
35423,privacy,0,0
35424,privacy,1,1
35425,privacy,0,0
35426,privacy,1,1
35427,privacy,1,1
35428,privacy,0,0
35429,privacy,0,0
35430,privacy,0,0
35431,privacy,0,0
35432,privacy,0,0
35433,privacy,1,1
35434,privacy,0,0
35435,privacy,0,0
35436,privacy,1,1
35437,privacy,0,0
35438,privacy,0,0
35439,privacy,0,0
35440,privacy,0,0
35441,privacy,0,0
35442,privacy,0,0
35443,privacy,0,0
35444,privacy,0,0
35445,privacy,0,0
35446,privacy,1,0
35447,privacy,1,1
35448,privacy,0,0
35449,privacy,0,0
35450,privacy,1,1
35451,privacy,0,0
35452,privacy,1,1
35453,privacy,0,0
35454,privacy,0,0
35455,privacy,0,0
35456,privacy,0,0
35457,privacy,0,0
35458,privacy,0,0
35459,privacy,1,1
35460,privacy,1,1
35461,privacy,1,1
35462,privacy,1,1
35463,privacy,1,1
35464,privacy,1,0
35465,privacy,1,1
35466,privacy,0,0
35467,privacy,1,1
35468,privacy,1,1
35469,privacy,1,1
35470,privacy,1,0
35471,privacy,1,1
35472,privacy,0,0
35473,privacy,1,1
35474,privacy,1,1
35475,privacy,1,1
35476,privacy,1,1
35477,privacy,0,0
35478,privacy,1,1
35479,privacy,0,0
35480,privacy,1,1
35481,privacy,1,1
35482,privacy,0,0
35483,privacy,1,1
35484,privacy,0,0
35485,privacy,1,0
35486,privacy,1,1
35487,privacy,0,0
35488,privacy,0,0
35489,privacy,0,0
35490,privacy,1,1
35491,privacy,1,1
35492,privacy,1,0
35493,privacy,1,0
35494,privacy,0,0
35495,privacy,1,1
35496,privacy,1,1
35497,privacy,0,0
35498,privacy,0,0
35499,privacy,1,1
35500,privacy,1,0
35501,privacy,1,0
35502,privacy,0,0
35503,privacy,0,0
35504,privacy,1,1
35505,privacy,1,1
35506,privacy,0,0
35507,privacy,0,0
35508,privacy,0,0
35509,privacy,0,0
35510,privacy,0,0
35511,privacy,1,1
35512,privacy,1,0
35513,privacy,0,0
35514,privacy,1,1
35515,privacy,1,0
35516,privacy,0,0
35517,privacy,1,1
35518,privacy,1,0
35519,privacy,1,0
35520,privacy,1,1
35521,privacy,1,1
35522,privacy,0,0
35523,privacy,0,0
35524,privacy,0,0
35525,privacy,0,0
35526,privacy,0,0
35527,privacy,0,0
35528,privacy,0,0
35529,privacy,1,0
35530,privacy,1,1
35531,privacy,0,0
35532,privacy,1,1
35533,privacy,0,0
35534,privacy,1,0
35535,privacy,1,1
35536,privacy,1,0
35537,privacy,0,0
35538,privacy,0,0
35539,privacy,0,0
35540,privacy,0,0
35541,privacy,0,0
35542,privacy,0,0
35543,privacy,0,0
35544,privacy,0,0
35545,privacy,0,0
35546,privacy,1,0
35547,privacy,0,0
35548,privacy,0,0
35549,privacy,1,0
35550,privacy,0,0
35551,privacy,0,0
35552,privacy,0,0
35553,privacy,1,1
35554,privacy,0,0
35555,privacy,0,0
35556,privacy,0,0
35557,privacy,0,0
35558,privacy,0,0
35559,privacy,0,0
35560,privacy,0,0
35561,privacy,0,0
35562,privacy,0,0
35563,privacy,0,0
35564,privacy,1,1
35565,privacy,0,0
35566,privacy,0,0
35567,privacy,0,0
35568,privacy,1,1
35569,privacy,0,0
35570,privacy,0,0
35571,privacy,0,0
35572,privacy,0,0
35573,privacy,1,0
35574,privacy,0,0
35575,privacy,0,0
35576,privacy,0,0
35577,privacy,1,1
35578,privacy,1,1
35579,privacy,1,1
35580,privacy,1,1
35581,privacy,0,0
35582,privacy,0,0
35583,privacy,0,0
35584,privacy,0,0
35585,privacy,1,1
35586,privacy,1,1
35587,privacy,1,1
35588,privacy,1,0
35589,privacy,1,1
35590,privacy,1,1
35591,privacy,0,0
35592,privacy,1,1
35593,privacy,1,1
35594,privacy,1,1
35595,privacy,1,1
35596,privacy,0,0
35597,privacy,1,1
35598,privacy,1,0
35599,privacy,1,0
35600,privacy,1,1
35601,privacy,1,1
35602,privacy,0,0
35603,privacy,1,1
35604,privacy,0,0
35605,privacy,0,0
35606,privacy,1,1
35607,privacy,1,1
35608,privacy,0,0
35609,privacy,1,0
35610,privacy,0,0
35611,privacy,0,0
35612,privacy,1,1
35613,privacy,1,0
35614,privacy,1,1
35615,privacy,1,0
35616,privacy,1,0
35617,privacy,0,0
35618,privacy,0,0
35619,privacy,0,0
35620,privacy,1,1
35621,privacy,0,0
35622,privacy,0,0
35623,privacy,1,0
35624,privacy,1,1
35625,privacy,0,0
35626,privacy,1,1
35627,privacy,1,1
35628,privacy,1,1
35629,privacy,1,1
35630,privacy,1,1
35631,privacy,0,0
35632,privacy,1,0
35633,privacy,0,0
35634,privacy,0,0
35635,privacy,1,0
35636,privacy,0,0
35637,privacy,1,1
35638,privacy,0,0
35639,privacy,1,1
35640,privacy,1,1
35641,privacy,1,1
35642,privacy,0,0
35643,privacy,1,0
35644,privacy,0,0
35645,privacy,1,1
35646,privacy,0,0
35647,privacy,1,1
35648,privacy,0,0
35649,privacy,1,1
35650,privacy,0,0
35651,privacy,0,0
35652,privacy,0,0
35653,privacy,0,0
35654,privacy,0,0
35655,privacy,0,0
35656,privacy,0,0
35657,privacy,0,0
35658,privacy,0,0
35659,privacy,0,0
35660,privacy,0,0
35661,privacy,0,0
35662,privacy,0,0
35663,privacy,0,0
35664,privacy,1,1
35665,privacy,0,0
35666,privacy,1,1
35667,privacy,0,0
35668,privacy,0,0
35669,privacy,0,0
35670,privacy,0,0
35671,privacy,0,0
35672,privacy,0,0
35673,privacy,0,0
35674,privacy,1,1
35675,privacy,0,0
35676,privacy,1,0
35677,privacy,0,0
35678,privacy,1,1
35679,privacy,0,0
35680,privacy,0,0
35681,privacy,0,0
35682,privacy,0,0
35683,privacy,0,0
35684,privacy,1,1
35685,privacy,1,1
35686,privacy,1,1
35687,privacy,0,0
35688,privacy,1,1
35689,privacy,1,1
35690,privacy,1,0
35691,privacy,1,0
35692,privacy,0,0
35693,privacy,0,0
35694,privacy,0,0
35695,privacy,0,0
35696,privacy,1,1
35697,privacy,0,0
35698,privacy,0,0
35699,privacy,0,0
35700,privacy,1,1
35701,privacy,0,0
35702,privacy,1,1
35703,privacy,0,0
35704,privacy,0,0
35705,privacy,0,0
35706,privacy,1,1
35707,privacy,0,0
35708,privacy,1,1
35709,privacy,0,0
35710,privacy,1,1
35711,privacy,1,1
35712,privacy,0,0
35713,privacy,1,1
35714,privacy,0,0
35715,privacy,0,0
35716,privacy,0,0
35717,privacy,0,0
35718,privacy,0,0
35719,privacy,1,1
35720,privacy,0,0
35721,privacy,0,0
35722,privacy,1,1
35723,privacy,1,1
35724,privacy,1,1
35725,privacy,0,0
35726,privacy,0,0
35727,privacy,1,1
35728,privacy,0,0
35729,privacy,1,1
35730,privacy,1,0
35731,privacy,0,0
35732,privacy,0,0
35733,privacy,0,0
35734,privacy,1,1
35735,privacy,1,1
35736,privacy,0,0
35737,privacy,1,1
35738,privacy,0,0
35739,privacy,1,1
35740,privacy,0,0
35741,privacy,0,0
35742,privacy,1,1
35743,privacy,0,0
35744,privacy,0,0
35745,privacy,0,0
35746,privacy,1,1
35747,privacy,0,0
35748,privacy,1,1
35749,privacy,1,1
35750,privacy,1,1
35751,privacy,0,0
35752,privacy,1,1
35753,privacy,0,0
35754,privacy,0,0
35755,privacy,1,1
35756,privacy,0,0
35757,privacy,1,1
35758,privacy,1,1
35759,privacy,1,1
35760,privacy,1,1
35761,privacy,1,0
35762,privacy,0,0
35763,privacy,0,0
35764,privacy,1,1
35765,privacy,1,1
35766,privacy,1,1
35767,privacy,0,0
35768,privacy,0,0
35769,privacy,0,0
35770,privacy,0,0
35771,privacy,0,0
35772,privacy,0,0
35773,privacy,1,0
35774,privacy,0,0
35775,privacy,0,0
35776,privacy,0,0
35777,privacy,0,0
35778,privacy,0,0
35779,privacy,0,0
35780,privacy,0,0
35781,privacy,0,0
35782,privacy,0,0
35783,privacy,0,0
35784,privacy,0,0
35785,privacy,0,0
35786,privacy,0,0
35787,privacy,1,1
35788,privacy,0,0
35789,privacy,1,0
35790,privacy,0,0
35791,privacy,0,0
35792,privacy,0,0
35793,privacy,1,0
35794,privacy,0,0
35795,privacy,0,0
35796,privacy,1,1
35797,privacy,1,1
35798,privacy,0,0
35799,privacy,1,1
35800,privacy,0,0
35801,privacy,0,0
35802,privacy,1,1
35803,privacy,1,1
35804,privacy,0,0
35805,privacy,0,0
35806,privacy,0,0
35807,privacy,0,0
35808,privacy,1,1
35809,privacy,0,0
35810,privacy,1,1
35811,privacy,1,1
35812,privacy,1,1
35813,privacy,0,0
35814,privacy,0,0
35815,privacy,1,1
35816,privacy,1,1
35817,privacy,0,0
35818,privacy,1,1
35819,privacy,0,0
35820,privacy,1,0
35821,privacy,1,1
35822,privacy,0,0
35823,privacy,0,0
35824,privacy,1,1
35825,privacy,1,1
35826,privacy,0,0
35827,privacy,1,1
35828,privacy,1,1
35829,privacy,0,0
35830,privacy,1,1
35831,privacy,1,0
35832,privacy,0,0
35833,privacy,1,1
35834,privacy,1,1
35835,privacy,1,1
35836,privacy,1,1
35837,privacy,1,1
35838,privacy,1,1
35839,privacy,0,0
35840,privacy,1,1
35841,privacy,1,1
35842,privacy,1,1
35843,privacy,0,0
35844,privacy,1,1
35845,privacy,0,0
35846,privacy,1,1
35847,privacy,1,1
35848,privacy,0,0
35849,privacy,1,0
35850,privacy,0,0
35851,privacy,1,1
35852,privacy,1,0
35853,privacy,1,1
35854,privacy,0,0
35855,privacy,0,0
35856,privacy,0,0
35857,privacy,1,1
35858,privacy,1,1
35859,privacy,1,1
35860,privacy,1,1
35861,privacy,0,0
35862,privacy,1,1
35863,privacy,0,0
35864,privacy,0,0
35865,privacy,1,1
35866,privacy,0,0
35867,privacy,1,1
35868,privacy,0,0
35869,privacy,1,1
35870,privacy,1,1
35871,privacy,0,0
35872,privacy,1,1
35873,privacy,1,1
35874,privacy,0,0
35875,privacy,0,0
35876,privacy,1,1
35877,privacy,0,0
35878,privacy,1,1
35879,privacy,0,0
35880,privacy,1,1
35881,privacy,1,1
35882,privacy,0,0
35883,privacy,0,0
35884,privacy,0,0
35885,privacy,1,1
35886,privacy,1,1
35887,privacy,0,0
35888,privacy,0,0
35889,privacy,0,0
35890,privacy,1,1
35891,privacy,1,0
35892,privacy,1,0
35893,privacy,0,0
35894,privacy,0,0
35895,privacy,1,1
35896,privacy,1,0
35897,privacy,1,0
35898,privacy,1,1
35899,privacy,1,0
35900,privacy,0,0
35901,privacy,1,0
35902,privacy,0,0
35903,privacy,0,0
35904,privacy,1,0
35905,privacy,0,0
35906,privacy,0,0
35907,privacy,0,0
35908,privacy,0,0
35909,privacy,0,0
35910,privacy,1,0
35911,privacy,1,1
35912,privacy,1,1
35913,privacy,1,1
35914,privacy,1,1
35915,privacy,0,0
35916,privacy,0,0
35917,privacy,1,0
35918,privacy,1,1
35919,privacy,0,0
35920,privacy,0,0
35921,privacy,0,0
35922,privacy,0,0
35923,privacy,0,0
35924,privacy,1,0
35925,privacy,0,0
35926,privacy,1,0
35927,privacy,1,0
35928,privacy,0,0
35929,privacy,0,0
35930,privacy,0,0
35931,privacy,1,1
35932,privacy,1,0
35933,privacy,1,0
35934,privacy,1,1
35935,privacy,0,0
35936,privacy,1,1
35937,privacy,1,1
35938,privacy,1,0
35939,privacy,1,1
35940,privacy,0,0
35941,privacy,0,0
35942,privacy,1,0
35943,privacy,0,0
35944,privacy,0,0
35945,privacy,1,1
35946,privacy,0,0
35947,privacy,1,1
35948,privacy,1,1
35949,privacy,0,0
35950,privacy,1,1
35951,privacy,0,0
35952,privacy,0,0
35953,privacy,1,0
35954,privacy,1,1
35955,privacy,0,0
35956,privacy,1,1
35957,privacy,1,1
35958,privacy,1,1
35959,privacy,1,1
35960,privacy,0,0
35961,privacy,1,1
35962,privacy,0,0
35963,privacy,0,0
35964,privacy,0,0
35965,privacy,1,1
35966,privacy,0,0
35967,privacy,1,1
35968,privacy,1,0
35969,privacy,0,0
35970,privacy,0,0
35971,privacy,1,0
35972,privacy,0,0
35973,privacy,0,0
35974,privacy,1,0
35975,privacy,1,1
35976,privacy,1,1
35977,privacy,1,1
35978,privacy,0,0
35979,privacy,1,1
35980,privacy,0,0
35981,privacy,0,0
35982,privacy,0,0
35983,privacy,0,0
35984,privacy,0,0
35985,privacy,1,1
35986,privacy,0,0
35987,privacy,1,1
35988,privacy,1,1
35989,privacy,0,0
35990,privacy,0,0
35991,privacy,1,1
35992,privacy,0,0
35993,privacy,0,0
35994,privacy,0,0
35995,privacy,1,1
35996,privacy,1,1
35997,privacy,1,1
35998,privacy,1,1
35999,privacy,1,1
36000,privacy,1,1
36001,privacy,1,1
36002,privacy,1,1
36003,privacy,1,1
36004,privacy,1,1
36005,privacy,1,1
36006,privacy,1,1
36007,privacy,1,1
36008,privacy,1,1
36009,privacy,0,0
36010,privacy,1,1
36011,privacy,1,1
36012,privacy,1,1
36013,privacy,1,0
36014,privacy,1,1
36015,privacy,0,0
36016,privacy,1,1
36017,privacy,0,0
36018,privacy,1,1
36019,privacy,1,1
36020,privacy,1,1
36021,privacy,1,1
36022,privacy,1,1
36023,privacy,1,1
36024,privacy,1,1
36025,privacy,0,0
36026,privacy,0,0
36027,privacy,0,0
36028,privacy,0,0
36029,privacy,0,0
36030,privacy,0,0
36031,privacy,0,0
36032,privacy,0,0
36033,privacy,1,1
36034,privacy,0,0
36035,privacy,1,1
36036,privacy,0,0
36037,privacy,0,0
36038,privacy,0,0
36039,privacy,1,1
36040,privacy,1,1
36041,privacy,1,0
36042,privacy,1,1
36043,privacy,1,1
36044,privacy,1,1
36045,privacy,1,1
36046,privacy,0,0
36047,privacy,0,0
36048,privacy,0,0
36049,privacy,0,0
36050,privacy,0,0
36051,privacy,0,0
36052,privacy,0,0
36053,privacy,0,0
36054,privacy,0,0
36055,privacy,1,1
36056,privacy,0,0
36057,privacy,0,0
36058,privacy,0,0
36059,privacy,1,1
36060,privacy,1,1
36061,privacy,0,0
36062,privacy,0,0
36063,privacy,0,0
36064,privacy,0,0
36065,privacy,0,0
36066,privacy,0,0
36067,privacy,0,0
36068,privacy,1,1
36069,privacy,1,1
36070,privacy,0,0
36071,privacy,0,0
36072,privacy,1,1
36073,privacy,1,1
36074,privacy,0,0
36075,privacy,1,1
36076,privacy,1,1
36077,privacy,0,0
36078,privacy,1,1
36079,privacy,1,0
36080,privacy,1,1
36081,privacy,0,0
36082,privacy,1,1
36083,privacy,1,1
36084,privacy,1,1
36085,privacy,1,1
36086,privacy,1,1
36087,privacy,1,1
36088,privacy,0,0
36089,privacy,0,0
36090,privacy,0,0
36091,privacy,1,1
36092,privacy,1,1
36093,privacy,1,1
36094,privacy,0,0
36095,privacy,1,0
36096,privacy,0,0
36097,privacy,0,0
36098,privacy,0,0
36099,privacy,0,0
36100,privacy,0,0
36101,privacy,0,0
36102,privacy,0,0
36103,privacy,0,0
36104,privacy,0,0
36105,privacy,0,0
36106,privacy,1,1
36107,privacy,1,1
36108,privacy,1,1
36109,privacy,1,1
36110,privacy,1,1
36111,privacy,1,1
36112,privacy,1,1
36113,privacy,1,1
36114,privacy,0,0
36115,privacy,1,1
36116,privacy,1,1
36117,privacy,1,1
36118,privacy,1,1
36119,privacy,1,1
36120,privacy,1,1
36121,privacy,0,0
36122,privacy,1,1
36123,privacy,1,1
36124,privacy,1,1
36125,privacy,1,1
36126,privacy,0,0
36127,privacy,1,1
36128,privacy,1,1
36129,privacy,0,0
36130,privacy,0,0
36131,privacy,0,0
36132,privacy,0,0
36133,privacy,0,0
36134,privacy,1,1
36135,privacy,1,1
36136,privacy,1,1
36137,privacy,1,1
36138,privacy,1,1
36139,privacy,1,1
36140,privacy,0,0
36141,privacy,0,0
36142,privacy,0,0
36143,privacy,0,0
36144,privacy,0,0
36145,privacy,1,1
36146,privacy,0,0
36147,privacy,1,1
36148,privacy,0,0
36149,privacy,0,0
36150,privacy,0,0
36151,privacy,0,0
36152,privacy,0,0
36153,privacy,0,0
36154,privacy,0,0
36155,privacy,0,0
36156,privacy,0,0
36157,privacy,0,0
36158,privacy,0,0
36159,privacy,0,0
36160,privacy,0,0
36161,privacy,0,0
36162,privacy,0,0
36163,privacy,1,1
36164,privacy,1,1
36165,privacy,0,0
36166,privacy,1,1
36167,privacy,1,1
36168,privacy,0,0
36169,privacy,0,0
36170,privacy,0,0
36171,privacy,0,0
36172,privacy,0,0
36173,privacy,0,0
36174,privacy,0,0
36175,privacy,0,0
36176,privacy,0,0
36177,privacy,0,0
36178,privacy,0,0
36179,privacy,1,0
36180,privacy,1,0
36181,privacy,0,0
36182,privacy,1,0
36183,privacy,1,0
36184,privacy,0,0
36185,privacy,0,0
36186,privacy,0,0
36187,privacy,0,0
36188,privacy,1,1
36189,privacy,0,0
36190,privacy,1,0
36191,privacy,0,0
36192,privacy,1,1
36193,privacy,0,0
36194,privacy,1,1
36195,privacy,1,1
36196,privacy,1,1
36197,privacy,0,0
36198,privacy,0,0
36199,privacy,0,0
36200,privacy,0,0
36201,privacy,1,0
36202,privacy,1,1
36203,privacy,0,0
36204,privacy,0,0
36205,privacy,1,1
36206,privacy,0,0
36207,privacy,0,0
36208,privacy,0,0
36209,privacy,1,1
36210,privacy,1,1
36211,privacy,1,0
36212,privacy,1,1
36213,privacy,1,1
36214,privacy,1,1
36215,privacy,0,0
36216,privacy,1,1
36217,privacy,1,1
36218,privacy,0,0
36219,privacy,1,0
36220,privacy,0,0
36221,privacy,1,1
36222,privacy,0,0
36223,privacy,1,1
36224,privacy,1,1
36225,privacy,0,0
36226,privacy,0,0
36227,privacy,0,0
36228,privacy,0,0
36229,privacy,0,0
36230,privacy,1,1
36231,privacy,0,0
36232,privacy,1,1
36233,privacy,1,0
36234,privacy,1,0
36235,privacy,1,1
36236,privacy,0,0
36237,privacy,1,1
36238,privacy,0,0
36239,privacy,1,1
36240,privacy,1,1
36241,privacy,0,0
36242,privacy,1,0
36243,privacy,1,1
36244,privacy,0,0
36245,privacy,1,1
36246,privacy,1,1
36247,privacy,0,0
36248,privacy,0,0
36249,privacy,1,1
36250,privacy,0,0
36251,privacy,0,0
36252,privacy,0,0
36253,privacy,0,0
36254,privacy,0,0
36255,privacy,1,1
36256,privacy,1,1
36257,privacy,1,1
36258,privacy,1,1
36259,privacy,1,1
36260,privacy,1,1
36261,privacy,1,1
36262,privacy,1,1
36263,privacy,1,1
36264,privacy,1,1
36265,privacy,1,0
36266,privacy,0,0
36267,privacy,1,1
36268,privacy,1,1
36269,privacy,1,1
36270,privacy,1,1
36271,privacy,0,0
36272,privacy,0,0
36273,privacy,1,0
36274,privacy,0,0
36275,privacy,1,1
36276,privacy,0,0
36277,privacy,1,0
36278,privacy,0,0
36279,privacy,1,1
36280,privacy,0,0
36281,privacy,0,0
36282,privacy,0,0
36283,privacy,0,0
36284,privacy,0,0
36285,privacy,1,1
36286,privacy,1,1
36287,privacy,0,0
36288,privacy,1,1
36289,privacy,1,1
36290,privacy,0,0
36291,privacy,1,1
36292,privacy,0,0
36293,privacy,0,0
36294,privacy,0,0
36295,privacy,0,0
36296,privacy,1,1
36297,privacy,1,1
36298,privacy,1,1
36299,privacy,0,0
36300,privacy,1,1
36301,privacy,1,1
36302,privacy,0,0
36303,privacy,1,1
36304,privacy,1,1
36305,privacy,1,1
36306,privacy,1,1
36307,privacy,1,1
36308,privacy,1,0
36309,privacy,1,1
36310,privacy,1,1
36311,privacy,0,0
36312,privacy,0,0
36313,privacy,0,0
36314,privacy,0,0
36315,privacy,0,0
36316,privacy,1,1
36317,privacy,0,0
36318,privacy,1,1
36319,privacy,0,0
36320,privacy,1,1
36321,privacy,0,0
36322,privacy,0,0
36323,privacy,1,1
36324,privacy,0,0
36325,privacy,0,0
36326,privacy,0,0
36327,privacy,1,0
36328,privacy,1,0
36329,privacy,1,1
36330,privacy,0,0
36331,privacy,0,0
36332,privacy,1,1
36333,privacy,1,1
36334,privacy,0,0
36335,privacy,1,1
36336,privacy,0,0
36337,privacy,0,0
36338,privacy,0,0
36339,privacy,0,0
36340,privacy,1,1
36341,privacy,1,1
36342,privacy,1,1
36343,privacy,0,0
36344,privacy,1,1
36345,privacy,0,0
36346,privacy,1,1
36347,privacy,1,1
36348,privacy,1,1
36349,privacy,1,1
36350,privacy,1,0
36351,privacy,1,1
36352,privacy,1,1
36353,privacy,0,0
36354,privacy,1,1
36355,privacy,1,1
36356,privacy,0,0
36357,privacy,0,0
36358,privacy,1,0
36359,privacy,0,0
36360,privacy,1,1
36361,privacy,1,1
36362,privacy,1,1
36363,privacy,1,0
36364,privacy,0,0
36365,privacy,0,0
36366,privacy,0,0
36367,privacy,0,0
36368,privacy,1,1
36369,privacy,1,1
36370,privacy,0,0
36371,privacy,0,0
36372,privacy,0,0
36373,privacy,0,0
36374,privacy,0,0
36375,privacy,1,1
36376,privacy,0,0
36377,privacy,0,0
36378,privacy,1,1
36379,privacy,0,0
36380,privacy,0,0
36381,privacy,0,0
36382,privacy,1,0
36383,privacy,0,0
36384,privacy,0,0
36385,privacy,0,0
36386,privacy,1,1
36387,privacy,1,1
36388,privacy,1,0
36389,privacy,1,1
36390,privacy,0,0
36391,privacy,0,0
36392,privacy,1,1
36393,privacy,0,0
36394,privacy,1,0
36395,privacy,0,0
36396,privacy,0,0
36397,privacy,1,1
36398,privacy,1,1
36399,privacy,0,0
36400,privacy,0,0
36401,privacy,0,0
36402,privacy,0,0
36403,privacy,1,1
36404,privacy,1,1
36405,privacy,1,1
36406,privacy,1,1
36407,privacy,1,1
36408,privacy,0,0
36409,privacy,1,0
36410,privacy,0,0
36411,privacy,1,1
36412,privacy,0,0
36413,privacy,1,0
36414,privacy,1,1
36415,privacy,1,1
36416,privacy,1,1
36417,privacy,1,1
36418,privacy,1,1
36419,privacy,1,0
36420,privacy,1,1
36421,privacy,1,1
36422,privacy,0,0
36423,privacy,1,1
36424,privacy,1,1
36425,privacy,0,0
36426,privacy,0,0
36427,privacy,1,1
36428,privacy,1,0
36429,privacy,1,0
36430,privacy,0,0
36431,privacy,0,0
36432,privacy,1,1
36433,privacy,1,0
36434,privacy,0,0
36435,privacy,0,0
36436,privacy,1,1
36437,privacy,1,1
36438,privacy,0,0
36439,privacy,0,0
36440,privacy,0,0
36441,privacy,1,1
36442,privacy,0,0
36443,privacy,0,0
36444,privacy,0,0
36445,privacy,0,0
36446,privacy,0,0
36447,privacy,1,1
36448,privacy,1,1
36449,privacy,1,1
36450,privacy,0,0
36451,privacy,1,1
36452,privacy,1,1
36453,privacy,0,0
36454,privacy,1,0
36455,privacy,0,0
36456,privacy,0,0
36457,privacy,1,1
36458,privacy,1,1
36459,privacy,0,0
36460,privacy,1,1
36461,privacy,0,0
36462,privacy,0,0
36463,privacy,1,1
36464,privacy,0,0
36465,privacy,1,1
36466,privacy,1,1
36467,privacy,1,1
36468,privacy,1,1
36469,privacy,0,0
36470,privacy,1,1
36471,privacy,1,1
36472,privacy,1,1
36473,privacy,1,1
36474,privacy,1,1
36475,privacy,1,1
36476,privacy,0,0
36477,privacy,1,1
36478,privacy,1,1
36479,privacy,1,1
36480,privacy,1,1
36481,privacy,1,1
36482,privacy,1,1
36483,privacy,1,1
36484,privacy,1,1
36485,privacy,1,1
36486,privacy,0,0
36487,privacy,0,0
36488,privacy,1,1
36489,privacy,0,0
36490,privacy,1,1
36491,privacy,1,1
36492,privacy,1,1
36493,privacy,1,1
36494,privacy,1,1
36495,privacy,1,1
36496,privacy,1,1
36497,privacy,1,1
36498,privacy,1,1
36499,privacy,1,0
36500,privacy,1,1
36501,privacy,1,0
36502,privacy,0,0
36503,privacy,1,1
36504,privacy,1,1
36505,privacy,1,1
36506,privacy,1,1
36507,privacy,0,0
36508,privacy,0,0
36509,privacy,0,0
36510,privacy,0,0
36511,privacy,1,1
36512,privacy,0,0
36513,privacy,1,1
36514,privacy,1,1
36515,privacy,0,0
36516,privacy,0,0
36517,privacy,0,0
36518,privacy,0,0
36519,privacy,1,1
36520,privacy,1,1
36521,privacy,0,0
36522,privacy,0,0
36523,privacy,1,1
36524,privacy,0,0
36525,privacy,1,1
36526,privacy,1,1
36527,privacy,0,0
36528,privacy,1,1
36529,privacy,1,0
36530,privacy,1,1
36531,privacy,1,0
36532,privacy,1,1
36533,privacy,1,1
36534,privacy,1,1
36535,privacy,1,1
36536,privacy,1,1
36537,privacy,1,1
36538,privacy,1,1
36539,privacy,0,0
36540,privacy,1,1
36541,privacy,1,1
36542,privacy,1,1
36543,privacy,1,1
36544,privacy,1,1
36545,privacy,1,1
36546,privacy,1,1
36547,privacy,1,1
36548,privacy,1,1
36549,privacy,1,1
36550,privacy,1,1
36551,privacy,1,1
36552,privacy,0,0
36553,privacy,1,1
36554,privacy,0,0
36555,privacy,1,1
36556,privacy,1,1
36557,privacy,1,1
36558,privacy,0,0
36559,privacy,0,0
36560,privacy,1,1
36561,privacy,1,1
36562,privacy,0,0
36563,privacy,0,0
36564,privacy,1,1
36565,privacy,1,1
36566,privacy,1,1
36567,privacy,0,0
36568,privacy,1,1
36569,privacy,1,1
36570,privacy,1,1
36571,privacy,1,1
36572,privacy,1,1
36573,privacy,1,1
36574,privacy,0,0
36575,privacy,1,1
36576,privacy,1,1
36577,privacy,1,1
36578,privacy,1,1
36579,privacy,1,1
36580,privacy,1,1
36581,privacy,1,1
36582,privacy,1,1
36583,privacy,1,1
36584,privacy,1,1
36585,privacy,1,1
36586,privacy,1,1
36587,privacy,1,1
36588,privacy,1,1
36589,privacy,1,1
36590,privacy,0,0
36591,privacy,1,1
36592,privacy,0,0
36593,privacy,1,1
36594,privacy,1,1
36595,privacy,1,1
36596,privacy,0,0
36597,privacy,1,1
36598,privacy,0,0
36599,privacy,0,0
36600,privacy,1,1
36601,privacy,1,1
36602,privacy,1,1
36603,privacy,1,1
36604,privacy,1,1
36605,privacy,1,1
36606,privacy,1,1
36607,privacy,1,1
36608,privacy,1,1
36609,privacy,1,1
36610,privacy,0,0
36611,privacy,1,1
36612,privacy,1,0
36613,privacy,1,1
36614,privacy,0,0
36615,privacy,1,0
36616,privacy,1,0
36617,privacy,1,0
36618,privacy,1,1
36619,privacy,0,0
36620,privacy,0,0
36621,privacy,0,0
36622,privacy,1,1
36623,privacy,1,1
36624,privacy,0,0
36625,privacy,0,0
36626,privacy,1,1
36627,privacy,1,1
36628,privacy,1,1
36629,privacy,1,1
36630,privacy,1,1
36631,privacy,1,1
36632,privacy,1,1
36633,privacy,0,0
36634,privacy,1,1
36635,privacy,0,0
36636,privacy,1,1
36637,privacy,1,0
36638,privacy,0,0
36639,privacy,1,1
36640,privacy,0,0
36641,privacy,1,1
36642,privacy,1,1
36643,privacy,0,0
36644,privacy,0,0
36645,privacy,1,1
36646,privacy,0,0
36647,privacy,1,1
36648,privacy,1,1
36649,privacy,1,1
36650,privacy,1,1
36651,privacy,1,1
36652,privacy,1,0
36653,privacy,1,1
36654,privacy,1,1
36655,privacy,1,1
36656,privacy,0,0
36657,privacy,0,0
36658,privacy,1,1
36659,privacy,0,0
36660,privacy,1,1
36661,privacy,1,1
36662,privacy,1,1
36663,privacy,1,1
36664,privacy,1,1
36665,privacy,1,1
36666,privacy,1,1
36667,privacy,1,1
36668,privacy,1,0
36669,privacy,0,0
36670,privacy,1,0
36671,privacy,0,0
36672,privacy,0,0
36673,privacy,1,1
36674,privacy,1,0
36675,privacy,0,0
36676,privacy,0,0
36677,privacy,1,1
36678,privacy,0,0
36679,privacy,0,0
36680,privacy,0,0
36681,privacy,1,1
36682,privacy,0,0
36683,privacy,0,0
36684,privacy,0,0
36685,privacy,0,0
36686,privacy,0,0
36687,privacy,0,0
36688,privacy,1,1
36689,privacy,1,0
36690,privacy,0,0
36691,privacy,0,0
36692,privacy,0,0
36693,privacy,1,1
36694,privacy,0,0
36695,privacy,0,0
36696,privacy,0,0
36697,privacy,0,0
36698,privacy,0,0
36699,privacy,0,0
36700,privacy,0,0
36701,privacy,0,0
36702,privacy,1,1
36703,privacy,0,0
36704,privacy,0,0
36705,privacy,0,0
36706,privacy,1,1
36707,privacy,0,0
36708,privacy,0,0
36709,privacy,0,0
36710,privacy,0,0
36711,privacy,0,0
36712,privacy,0,0
36713,privacy,0,0
36714,privacy,0,0
36715,privacy,1,1
36716,privacy,0,0
36717,privacy,0,0
36718,privacy,1,1
36719,privacy,0,0
36720,privacy,0,0
36721,privacy,0,0
36722,privacy,0,0
36723,privacy,0,0
36724,privacy,0,0
36725,privacy,1,1
36726,privacy,1,1
36727,privacy,1,1
36728,privacy,0,0
36729,privacy,1,1
36730,privacy,1,1
36731,privacy,0,0
36732,privacy,0,0
36733,privacy,0,0
36734,privacy,1,0
36735,privacy,0,0
36736,privacy,0,0
36737,privacy,0,0
36738,privacy,0,0
36739,privacy,1,1
36740,privacy,0,0
36741,privacy,0,0
36742,privacy,0,0
36743,privacy,1,0
36744,privacy,0,0
36745,privacy,1,1
36746,privacy,1,1
36747,privacy,1,0
36748,privacy,1,0
36749,privacy,0,0
36750,privacy,0,0
36751,privacy,0,0
36752,privacy,1,1
36753,privacy,1,1
36754,privacy,1,1
36755,privacy,0,0
36756,privacy,0,0
36757,privacy,1,1
36758,privacy,0,0
36759,privacy,0,0
36760,privacy,1,1
36761,privacy,0,0
36762,privacy,0,0
36763,privacy,1,1
36764,privacy,0,0
36765,privacy,1,1
36766,privacy,1,1
36767,privacy,0,0
36768,privacy,1,1
36769,privacy,1,1
36770,privacy,0,0
36771,privacy,0,0
36772,privacy,1,0
36773,privacy,1,1
36774,privacy,1,1
36775,privacy,0,0
36776,privacy,0,0
36777,privacy,1,1
36778,privacy,0,0
36779,privacy,0,0
36780,privacy,0,0
36781,privacy,1,1
36782,privacy,0,0
36783,privacy,0,0
36784,privacy,0,0
36785,privacy,0,0
36786,privacy,0,0
36787,privacy,0,0
36788,privacy,0,0
36789,privacy,0,0
36790,privacy,0,0
36791,privacy,1,0
36792,privacy,0,0
36793,privacy,0,0
36794,privacy,0,0
36795,privacy,0,0
36796,privacy,0,0
36797,privacy,0,0
36798,privacy,0,0
36799,privacy,0,0
36800,privacy,0,0
36801,privacy,0,0
36802,privacy,1,1
36803,privacy,0,0
36804,privacy,0,0
36805,privacy,1,0
36806,privacy,0,0
36807,privacy,0,0
36808,privacy,0,0
36809,privacy,1,1
36810,privacy,1,1
36811,privacy,1,1
36812,privacy,1,1
36813,privacy,1,1
36814,privacy,1,1
36815,privacy,1,1
36816,privacy,1,1
36817,privacy,1,1
36818,privacy,0,0
36819,privacy,1,1
36820,privacy,1,1
36821,privacy,0,0
36822,privacy,0,0
36823,privacy,0,0
36824,privacy,0,0
36825,privacy,1,1
36826,privacy,1,1
36827,privacy,0,0
36828,privacy,1,1
36829,privacy,1,1
36830,privacy,0,0
36831,privacy,0,0
36832,privacy,0,0
36833,privacy,1,1
36834,privacy,1,1
36835,privacy,0,0
36836,privacy,0,0
36837,privacy,1,1
36838,privacy,1,1
36839,privacy,1,1
36840,privacy,0,0
36841,privacy,1,1
36842,privacy,1,1
36843,privacy,1,1
36844,privacy,0,0
36845,privacy,1,0
36846,privacy,1,1
36847,privacy,0,0
36848,privacy,1,1
36849,privacy,1,1
36850,privacy,0,0
36851,privacy,1,0
36852,privacy,1,1
36853,privacy,1,1
36854,privacy,1,1
36855,privacy,0,0
36856,privacy,0,0
36857,privacy,0,0
36858,privacy,1,1
36859,privacy,0,0
36860,privacy,1,0
36861,privacy,1,0
36862,privacy,0,0
36863,privacy,1,1
36864,privacy,0,0
36865,privacy,1,1
36866,privacy,1,1
36867,privacy,1,1
36868,privacy,1,1
