doc_id,subreddit,relevant
0,BritishProblems,0
1,BritishProblems,0
2,BritishProblems,0
3,BritishProblems,1
4,BritishProblems,0
5,BritishProblems,0
6,BritishProblems,0
7,BritishProblems,0
8,BritishProblems,0
9,BritishProblems,0
10,BritishProblems,0
11,BritishProblems,0
12,BritishProblems,0
13,BritishProblems,0
14,BritishProblems,0
15,BritishProblems,0
16,BritishProblems,1
17,BritishProblems,0
18,BritishProblems,0
19,BritishProblems,0
20,BritishProblems,0
21,BritishProblems,0
22,BritishProblems,0
23,BritishProblems,0
24,BritishProblems,1
25,BritishProblems,0
26,BritishProblems,0
27,BritishProblems,0
28,BritishProblems,0
29,BritishProblems,0
30,BritishProblems,0
31,BritishProblems,1
32,BritishProblems,0
33,BritishProblems,0
34,BritishProblems,0
35,BritishProblems,1
36,BritishProblems,0
37,BritishProblems,0
38,BritishProblems,0
39,BritishProblems,0
40,BritishProblems,0
41,BritishProblems,0
42,BritishProblems,0
43,BritishProblems,0
44,BritishProblems,0
45,BritishProblems,0
46,BritishProblems,0
47,BritishProblems,0
48,BritishProblems,0
49,BritishProblems,0
50,BritishProblems,0
51,BritishProblems,0
52,BritishProblems,0
53,BritishProblems,0
54,BritishProblems,0
55,BritishProblems,0
56,BritishProblems,0
57,BritishProblems,0
58,BritishProblems,0
59,BritishProblems,0
60,BritishProblems,0
61,BritishProblems,0
62,BritishProblems,0
63,BritishProblems,0
64,BritishProblems,0
65,BritishProblems,0
66,BritishProblems,0
67,BritishProblems,0
68,BritishProblems,0
69,BritishProblems,0
70,BritishProblems,0
71,BritishProblems,0
72,BritishProblems,0
73,BritishProblems,0
74,BritishProblems,0
75,BritishProblems,0
76,BritishProblems,0
77,BritishProblems,0
78,BritishProblems,0
79,BritishProblems,0
80,BritishProblems,0
81,BritishProblems,0
82,BritishProblems,0
83,BritishProblems,0
84,BritishProblems,0
85,BritishProblems,0
86,BritishProblems,0
87,BritishProblems,0
88,BritishProblems,0
89,BritishProblems,0
90,BritishProblems,0
91,BritishProblems,0
92,BritishProblems,0
93,BritishProblems,0
94,BritishProblems,0
95,BritishProblems,0
96,BritishProblems,0
97,BritishProblems,0
98,BritishProblems,0
99,BritishProblems,0
100,BritishProblems,1
101,BritishProblems,1
102,BritishProblems,0
103,BritishProblems,0
104,BritishProblems,0
105,BritishProblems,0
106,BritishProblems,0
107,BritishProblems,1
108,BritishProblems,0
109,BritishProblems,0
110,BritishProblems,0
111,BritishProblems,1
112,BritishProblems,0
113,BritishProblems,0
114,BritishProblems,0
115,BritishProblems,0
116,BritishProblems,0
117,BritishProblems,0
118,BritishProblems,1
119,BritishProblems,1
120,BritishProblems,0
121,BritishProblems,0
122,BritishProblems,0
123,BritishProblems,1
124,BritishProblems,0
125,BritishProblems,0
126,BritishProblems,0
127,BritishProblems,1
128,BritishProblems,0
129,BritishProblems,0
130,BritishProblems,0
131,BritishProblems,0
132,BritishProblems,0
133,BritishProblems,1
134,BritishProblems,0
135,BritishProblems,0
136,BritishProblems,0
137,BritishProblems,0
138,BritishProblems,0
139,BritishProblems,0
140,BritishProblems,0
141,BritishProblems,1
142,BritishProblems,0
143,BritishProblems,0
144,BritishProblems,0
145,BritishProblems,0
146,BritishProblems,0
147,BritishProblems,0
148,BritishProblems,0
149,BritishProblems,1
150,BritishProblems,0
151,BritishProblems,0
152,BritishProblems,0
153,BritishProblems,0
154,BritishProblems,0
155,BritishProblems,0
156,BritishProblems,0
157,BritishProblems,0
158,BritishProblems,0
159,BritishProblems,0
160,BritishProblems,0
161,BritishProblems,0
162,BritishProblems,0
163,BritishProblems,0
164,BritishProblems,0
165,BritishProblems,0
166,BritishProblems,0
167,BritishProblems,0
168,BritishProblems,0
169,BritishProblems,0
170,BritishProblems,0
171,BritishProblems,0
172,BritishProblems,0
173,BritishProblems,0
174,BritishProblems,0
175,BritishProblems,0
176,BritishProblems,0
177,BritishProblems,0
178,BritishProblems,0
179,BritishProblems,0
180,BritishProblems,0
181,BritishProblems,0
182,BritishProblems,0
183,BritishProblems,0
184,BritishProblems,0
185,BritishProblems,0
186,BritishProblems,0
187,BritishProblems,0
188,BritishProblems,0
189,BritishProblems,1
190,BritishProblems,0
191,BritishProblems,0
192,BritishProblems,1
193,BritishProblems,0
194,BritishProblems,0
195,BritishProblems,0
196,BritishProblems,0
197,BritishProblems,0
198,BritishProblems,0
199,BritishProblems,1
200,BritishProblems,0
201,BritishProblems,0
202,BritishProblems,0
203,BritishProblems,0
204,BritishProblems,0
205,BritishProblems,0
206,BritishProblems,0
207,BritishProblems,0
208,BritishProblems,0
209,BritishProblems,0
210,BritishProblems,0
211,BritishProblems,0
212,BritishProblems,0
213,BritishProblems,0
214,BritishProblems,0
215,BritishProblems,0
216,BritishProblems,0
217,BritishProblems,0
218,BritishProblems,0
219,BritishProblems,0
220,BritishProblems,0
221,BritishProblems,0
222,BritishProblems,0
223,BritishProblems,1
224,BritishProblems,0
225,BritishProblems,0
226,BritishProblems,0
227,BritishProblems,0
228,BritishProblems,0
229,BritishProblems,0
230,BritishProblems,0
231,BritishProblems,0
232,BritishProblems,0
233,BritishProblems,0
234,BritishProblems,0
235,BritishProblems,0
236,BritishProblems,0
237,BritishProblems,0
238,BritishProblems,0
239,BritishProblems,0
240,BritishProblems,0
241,BritishProblems,0
242,BritishProblems,1
243,BritishProblems,0
244,BritishProblems,0
245,BritishProblems,1
246,BritishProblems,0
247,BritishProblems,0
248,BritishProblems,0
249,BritishProblems,0
250,BritishProblems,0
251,BritishProblems,0
252,BritishProblems,0
253,BritishProblems,0
254,BritishProblems,0
255,BritishProblems,0
256,BritishProblems,0
257,BritishProblems,0
258,BritishProblems,0
259,BritishProblems,0
260,BritishProblems,0
261,BritishProblems,0
262,BritishProblems,0
263,BritishProblems,0
264,BritishProblems,0
265,BritishProblems,0
266,BritishProblems,0
267,BritishProblems,0
268,BritishProblems,0
269,BritishProblems,0
270,BritishProblems,0
271,BritishProblems,0
272,BritishProblems,0
273,BritishProblems,0
274,BritishProblems,0
275,BritishProblems,0
276,BritishProblems,0
277,BritishProblems,0
278,BritishProblems,0
279,BritishProblems,0
280,BritishProblems,0
281,BritishProblems,0
282,BritishProblems,0
283,BritishProblems,0
284,BritishProblems,0
285,BritishProblems,0
286,BritishProblems,0
287,BritishProblems,0
288,BritishProblems,0
289,BritishProblems,0
290,BritishProblems,0
291,BritishProblems,0
292,BritishProblems,0
293,BritishProblems,0
294,BritishProblems,0
295,BritishProblems,0
296,BritishProblems,0
297,BritishProblems,0
298,BritishProblems,0
299,BritishProblems,0
300,BritishProblems,0
301,BritishProblems,0
302,BritishProblems,0
303,BritishProblems,0
304,BritishProblems,0
305,BritishProblems,0
306,BritishProblems,0
307,BritishProblems,0
308,BritishProblems,0
309,BritishProblems,0
310,BritishProblems,0
311,BritishProblems,0
312,BritishProblems,0
313,BritishProblems,0
314,BritishProblems,0
315,BritishProblems,0
316,BritishProblems,0
317,BritishProblems,0
318,BritishProblems,0
319,BritishProblems,0
320,BritishProblems,0
321,BritishProblems,0
322,BritishProblems,0
323,BritishProblems,0
324,BritishProblems,0
325,BritishProblems,0
326,BritishProblems,0
327,BritishProblems,0
328,BritishProblems,0
329,BritishProblems,0
330,BritishProblems,1
331,BritishProblems,0
332,BritishProblems,0
333,BritishProblems,0
334,BritishProblems,0
335,BritishProblems,0
336,BritishProblems,0
337,BritishProblems,0
338,BritishProblems,1
339,BritishProblems,0
340,BritishProblems,0
341,BritishProblems,0
342,BritishProblems,0
343,BritishProblems,0
344,BritishProblems,0
345,BritishProblems,0
346,BritishProblems,0
347,BritishProblems,0
348,BritishProblems,0
349,BritishProblems,0
350,BritishProblems,0
351,BritishProblems,0
352,BritishProblems,0
353,BritishProblems,0
354,BritishProblems,0
355,BritishProblems,0
356,BritishProblems,0
357,BritishProblems,0
358,BritishProblems,0
359,BritishProblems,0
360,BritishProblems,0
361,BritishProblems,0
362,BritishProblems,0
363,BritishProblems,0
364,BritishProblems,0
365,BritishProblems,0
366,BritishProblems,1
367,BritishProblems,0
368,BritishProblems,0
369,BritishProblems,0
370,BritishProblems,0
371,BritishProblems,0
372,BritishProblems,0
373,BritishProblems,0
374,BritishProblems,0
375,BritishProblems,0
376,BritishProblems,0
377,BritishProblems,0
378,BritishProblems,0
379,BritishProblems,0
380,BritishProblems,0
381,BritishProblems,0
382,BritishProblems,0
383,BritishProblems,0
384,BritishProblems,0
385,BritishProblems,0
386,BritishProblems,0
387,BritishProblems,0
388,BritishProblems,0
389,BritishProblems,0
390,BritishProblems,1
391,BritishProblems,0
392,BritishProblems,0
393,BritishProblems,0
394,BritishProblems,0
395,BritishProblems,1
396,BritishProblems,0
397,BritishProblems,0
398,BritishProblems,0
399,BritishProblems,0
400,BritishProblems,0
401,BritishProblems,0
402,BritishProblems,0
403,BritishProblems,0
404,BritishProblems,0
405,BritishProblems,0
406,BritishProblems,0
407,BritishProblems,0
408,BritishProblems,0
409,BritishProblems,0
410,BritishProblems,0
411,BritishProblems,0
412,BritishProblems,0
413,BritishProblems,0
414,BritishProblems,0
415,BritishProblems,0
416,BritishProblems,0
417,BritishProblems,0
418,BritishProblems,0
419,BritishProblems,0
420,BritishProblems,1
421,BritishProblems,0
422,BritishProblems,0
423,BritishProblems,1
424,BritishProblems,1
425,BritishProblems,0
426,BritishProblems,0
427,BritishProblems,0
428,BritishProblems,0
429,BritishProblems,0
430,BritishProblems,1
431,BritishProblems,0
432,BritishProblems,0
433,BritishProblems,0
434,BritishProblems,1
435,BritishProblems,1
436,BritishProblems,0
437,BritishProblems,1
438,BritishProblems,1
439,BritishProblems,1
440,BritishProblems,1
441,BritishProblems,1
442,BritishProblems,1
443,BritishProblems,0
444,BritishProblems,0
445,BritishProblems,1
446,BritishProblems,0
447,BritishProblems,1
448,BritishProblems,0
449,BritishProblems,0
450,BritishProblems,1
451,BritishProblems,0
452,BritishProblems,0
453,BritishProblems,1
454,BritishProblems,0
455,BritishProblems,0
456,BritishProblems,1
457,BritishProblems,0
458,AskUK,0
459,AskUK,0
460,AskUK,0
461,AskUK,1
462,AskUK,0
463,AskUK,0
464,AskUK,0
465,AskUK,0
466,AskUK,0
467,AskUK,0
468,AskUK,0
469,AskUK,0
470,AskUK,0
471,AskUK,0
472,AskUK,0
473,AskUK,0
474,AskUK,0
475,AskUK,0
476,AskUK,0
477,AskUK,0
478,AskUK,0
479,AskUK,0
480,AskUK,0
481,AskUK,0
482,AskUK,0
483,AskUK,0
484,AskUK,1
485,AskUK,0
486,AskUK,0
487,AskUK,0
488,AskUK,0
489,AskUK,0
490,AskUK,0
491,AskUK,0
492,AskUK,1
493,AskUK,0
494,AskUK,0
495,AskUK,0
496,AskUK,0
497,AskUK,0
498,AskUK,0
499,AskUK,0
500,AskUK,0
501,AskUK,0
502,AskUK,0
503,AskUK,0
504,AskUK,0
505,AskUK,0
506,AskUK,0
507,AskUK,0
508,AskUK,0
509,AskUK,0
510,AskUK,0
511,AskUK,0
512,AskUK,0
513,AskUK,0
514,AskUK,0
515,AskUK,0
516,AskUK,0
517,AskUK,0
518,AskUK,0
519,AskUK,0
520,AskUK,0
521,AskUK,0
522,AskUK,0
523,AskUK,0
524,AskUK,1
525,AskUK,0
526,AskUK,0
527,AskUK,0
528,AskUK,0
529,AskUK,0
530,AskUK,0
531,AskUK,0
532,AskUK,0
533,AskUK,0
534,AskUK,0
535,AskUK,0
536,AskUK,0
537,AskUK,0
538,AskUK,1
539,AskUK,0
540,AskUK,0
541,AskUK,0
542,AskUK,1
543,AskUK,0
544,AskUK,0
545,AskUK,0
546,AskUK,0
547,AskUK,0
548,AskUK,0
549,AskUK,1
550,AskUK,0
551,AskUK,1
552,AskUK,0
553,AskUK,0
554,AskUK,1
555,AskUK,0
556,AskUK,0
557,AskUK,0
558,AskUK,0
559,AskUK,0
560,AskUK,0
561,AskUK,0
562,AskUK,0
563,AskUK,0
564,AskUK,0
565,AskUK,0
566,AskUK,0
567,AskUK,0
568,AskUK,0
569,AskUK,0
570,AskUK,0
571,AskUK,0
572,AskUK,0
573,AskUK,0
574,AskUK,0
575,AskUK,0
576,AskUK,0
577,AskUK,0
578,AskUK,0
579,AskUK,0
580,AskUK,0
581,AskUK,0
582,AskUK,0
583,AskUK,0
584,AskUK,0
585,AskUK,0
586,AskUK,0
587,AskUK,0
588,AskUK,0
589,AskUK,1
590,AskUK,0
591,AskUK,0
592,AskUK,0
593,AskUK,0
594,AskUK,0
595,AskUK,0
596,AskUK,0
597,AskUK,0
598,AskUK,0
599,AskUK,0
600,AskUK,0
601,AskUK,0
602,AskUK,0
603,AskUK,0
604,AskUK,0
605,AskUK,0
606,AskUK,0
607,AskUK,0
608,AskUK,0
609,AskUK,0
610,AskUK,0
611,AskUK,0
612,AskUK,0
613,AskUK,0
614,AskUK,0
615,AskUK,0
616,AskUK,0
617,AskUK,0
618,AskUK,0
619,AskUK,0
620,AskUK,0
621,AskUK,0
622,AskUK,0
623,AskUK,0
624,AskUK,1
625,AskUK,0
626,AskUK,0
627,AskUK,0
628,AskUK,0
629,AskUK,0
630,AskUK,0
631,AskUK,0
632,AskUK,0
633,AskUK,0
634,AskUK,0
635,AskUK,0
636,AskUK,0
637,AskUK,0
638,AskUK,0
639,AskUK,0
640,AskUK,0
641,AskUK,0
642,AskUK,0
643,AskUK,0
644,AskUK,0
645,AskUK,1
646,AskUK,0
647,AskUK,0
648,AskUK,0
649,AskUK,0
650,AskUK,0
651,AskUK,0
652,AskUK,0
653,AskUK,0
654,AskUK,0
655,AskUK,0
656,AskUK,0
657,AskUK,0
658,AskUK,0
659,AskUK,0
660,AskUK,0
661,AskUK,0
662,AskUK,0
663,AskUK,0
664,AskUK,0
665,AskUK,0
666,AskUK,0
667,AskUK,0
668,AskUK,0
669,AskUK,0
670,AskUK,0
671,AskUK,0
672,AskUK,0
673,AskUK,0
674,AskUK,0
675,AskUK,0
676,AskUK,0
677,AskUK,0
678,AskUK,0
679,AskUK,0
680,AskUK,0
681,AskUK,0
682,AskUK,0
683,AskUK,0
684,AskUK,0
685,AskUK,0
686,AskUK,0
687,AskUK,0
688,AskUK,0
689,AskUK,0
690,AskUK,0
691,AskUK,0
692,AskUK,0
693,AskUK,0
694,AskUK,0
695,AskUK,0
696,AskUK,0
697,AskUK,0
698,AskUK,0
699,AskUK,0
700,AskUK,0
701,AskUK,0
702,AskUK,0
703,AskUK,0
704,AskUK,1
705,AskUK,0
706,AskUK,0
707,AskUK,0
708,AskUK,0
709,AskUK,0
710,AskUK,1
711,AskUK,0
712,AskUK,0
713,AskUK,0
714,AskUK,0
715,AskUK,1
716,AskUK,0
717,AskUK,0
718,AskUK,1
719,AskUK,0
720,AskUK,1
721,AskUK,1
722,AskUK,0
723,AskUK,0
724,AskUK,0
725,AskUK,0
726,AskUK,0
727,AskUK,0
728,AskUK,0
729,AskUK,0
730,AskUK,0
731,AskUK,0
732,AskUK,0
733,AskUK,0
734,AskUK,0
735,AskUK,0
736,AskUK,0
737,AskUK,0
738,AskUK,0
739,AskUK,0
740,AskUK,0
741,AskUK,0
742,AskUK,0
743,AskUK,0
744,AskUK,0
745,AskUK,0
746,AskUK,0
747,AskUK,1
748,AskUK,0
749,AskUK,0
750,AskUK,0
751,AskUK,0
752,AskUK,0
753,AskUK,0
754,AskUK,0
755,AskUK,0
756,AskUK,0
757,AskUK,0
758,AskUK,0
759,AskUK,0
760,AskUK,1
761,AskUK,0
762,AskUK,0
763,AskUK,0
764,AskUK,0
765,AskUK,0
766,AskUK,0
767,AskUK,0
768,AskUK,0
769,AskUK,0
770,AskUK,0
771,AskUK,0
772,AskUK,0
773,AskUK,0
774,AskUK,0
775,AskUK,0
776,AskUK,0
777,AskUK,0
778,AskUK,0
779,AskUK,0
780,AskUK,0
781,AskUK,0
782,AskUK,0
783,AskUK,0
784,AskUK,0
785,AskUK,0
786,AskUK,0
787,AskUK,0
788,AskUK,0
789,AskUK,0
790,AskUK,0
791,AskUK,0
792,AskUK,0
793,AskUK,0
794,AskUK,0
795,AskUK,1
796,AskUK,0
797,AskUK,0
798,AskUK,0
799,AskUK,0
800,AskUK,0
801,AskUK,0
802,AskUK,0
803,AskUK,0
804,AskUK,0
805,AskUK,0
806,AskUK,0
807,AskUK,0
808,AskUK,0
809,AskUK,1
810,AskUK,0
811,AskUK,0
812,AskUK,0
813,AskUK,0
814,AskUK,0
815,AskUK,0
816,AskUK,0
817,AskUK,0
818,AskUK,0
819,AskUK,0
820,AskUK,0
821,AskUK,0
822,AskUK,0
823,AskUK,0
824,AskUK,0
825,AskUK,0
826,AskUK,0
827,AskUK,0
828,AskUK,0
829,AskUK,0
830,AskUK,0
831,AskUK,0
832,AskUK,0
833,AskUK,0
834,AskUK,0
835,AskUK,0
836,AskUK,0
837,AskUK,0
838,AskUK,0
839,AskUK,0
840,AskUK,0
841,AskUK,0
842,AskUK,0
843,AskUK,0
844,AskUK,0
845,AskUK,0
846,AskUK,0
847,AskUK,0
848,AskUK,0
849,AskUK,0
850,AskUK,0
851,AskUK,0
852,AskUK,0
853,AskUK,0
854,AskUK,0
855,AskUK,0
856,AskUK,0
857,AskUK,0
858,AskUK,0
859,AskUK,0
860,AskUK,0
861,AskUK,0
862,AskUK,0
863,AskUK,0
864,AskUK,0
865,AskUK,0
866,AskUK,0
867,AskUK,0
868,AskUK,0
869,AskUK,0
870,AskUK,0
871,AskUK,0
872,AskUK,0
873,AskUK,0
874,AskUK,0
875,AskUK,0
876,AskUK,0
877,AskUK,0
878,AskUK,0
879,AskUK,0
880,AskUK,0
881,AskUK,0
882,AskUK,0
883,AskUK,0
884,AskUK,0
885,AskUK,0
886,AskUK,0
887,AskUK,0
888,AskUK,0
889,AskUK,0
890,AskUK,0
891,AskUK,0
892,AskUK,0
893,AskUK,0
894,AskUK,1
895,AskUK,0
896,AskUK,0
897,AskUK,0
898,AskUK,0
899,AskUK,0
900,AskUK,0
901,AskUK,0
902,AskUK,0
903,AskUK,0
904,AskUK,0
905,AskUK,0
906,AskUK,0
907,AskUK,1
908,AskUK,0
909,AskUK,0
910,AskUK,0
911,AskUK,0
912,AskUK,0
913,AskUK,0
914,AskUK,0
915,AskUK,0
916,AskUK,0
917,AskUK,0
918,AskUK,0
919,AskUK,0
920,AskUK,0
921,AskUK,0
922,AskUK,0
923,AskUK,0
924,AskUK,0
925,AskUK,0
926,AskUK,0
927,AskUK,0
928,AskUK,0
929,AskUK,0
930,AskUK,0
931,AskUK,1
932,AskUK,0
933,AskUK,0
934,AskUK,0
935,AskUK,0
936,AskUK,0
937,AskUK,0
938,AskUK,0
939,AskUK,0
940,AskUK,0
941,AskUK,0
942,AskUK,0
943,AskUK,0
944,AskUK,0
945,AskUK,0
946,AskUK,0
947,AskUK,0
948,AskUK,0
949,AskUK,0
950,AskUK,0
951,AskUK,0
952,AskUK,0
953,AskUK,0
954,AskUK,0
955,AskUK,0
956,AskUK,0
957,AskUK,0
958,AskUK,0
959,AskUK,0
960,AskUK,0
961,AskUK,0
962,AskUK,0
963,AskUK,0
964,AskUK,0
965,AskUK,0
966,AskUK,0
967,AskUK,0
968,AskUK,0
969,AskUK,1
970,AskUK,0
971,AskUK,0
972,AskUK,0
973,AskUK,0
974,AskUK,0
975,AskUK,0
976,AskUK,0
977,AskUK,0
978,AskUK,0
979,AskUK,0
980,AskUK,0
981,AskUK,0
982,AskUK,0
983,AskUK,0
984,AskUK,0
985,AskUK,0
986,AskUK,0
987,AskUK,0
988,AskUK,0
989,AskUK,0
990,AskUK,0
991,AskUK,0
992,AskUK,0
993,AskUK,0
994,AskUK,0
995,AskUK,0
996,AskUK,0
997,AskUK,0
998,AskUK,0
999,AskUK,0
1000,AskUK,0
1001,AskUK,0
1002,AskUK,0
1003,AskUK,0
1004,AskUK,0
1005,AskUK,0
1006,AskUK,0
1007,AskUK,0
1008,AskUK,0
1009,AskUK,0
1010,AskUK,0
1011,AskUK,0
1012,AskUK,0
1013,AskUK,0
1014,AskUK,0
1015,AskUK,0
1016,AskUK,0
1017,AskUK,0
1018,AskUK,0
1019,AskUK,0
1020,AskUK,0
1021,AskUK,0
1022,AskUK,0
1023,AskUK,0
1024,AskUK,0
1025,AskUK,0
1026,AskUK,0
1027,AskUK,0
1028,AskUK,0
1029,AskUK,0
1030,AskUK,0
1031,AskUK,0
1032,AskUK,0
1033,AskUK,0
1034,AskUK,0
1035,AskUK,0
1036,AskUK,0
1037,AskUK,0
1038,AskUK,0
1039,AskUK,0
1040,AskUK,1
1041,AskUK,0
1042,AskUK,0
1043,AskUK,0
1044,AskUK,0
1045,AskUK,0
1046,AskUK,0
1047,AskUK,0
1048,AskUK,0
1049,AskUK,0
1050,AskUK,1
1051,AskUK,0
1052,AskUK,0
1053,AskUK,0
1054,AskUK,0
1055,AskUK,0
1056,AskUK,0
1057,AskUK,0
1058,AskUK,0
1059,AskUK,0
1060,AskUK,0
1061,AskUK,0
1062,AskUK,0
1063,AskUK,0
1064,AskUK,0
1065,AskUK,0
1066,AskUK,0
1067,AskUK,0
1068,AskUK,0
1069,AskUK,0
1070,AskUK,0
1071,AskUK,0
1072,AskUK,0
1073,AskUK,0
1074,AskUK,0
1075,AskUK,0
1076,AskUK,0
1077,AskUK,0
1078,AskUK,0
1079,AskUK,0
1080,AskUK,0
1081,AskUK,0
1082,AskUK,1
1083,AskUK,0
1084,AskUK,0
1085,AskUK,0
1086,AskUK,0
1087,AskUK,0
1088,AskUK,0
1089,AskUK,0
1090,AskUK,0
1091,AskUK,0
1092,AskUK,0
1093,AskUK,0
1094,AskUK,0
1095,AskUK,0
1096,AskUK,0
1097,AskUK,0
1098,AskUK,1
1099,AskUK,0
1100,AskUK,0
1101,AskUK,0
1102,AskUK,0
1103,AskUK,0
1104,AskUK,0
1105,AskUK,0
1106,AskUK,0
1107,AskUK,0
1108,AskUK,0
1109,AskUK,0
1110,AskUK,0
1111,AskUK,0
1112,AskUK,0
1113,AskUK,0
1114,AskUK,0
1115,AskUK,0
1116,AskUK,0
1117,AskUK,0
1118,AskUK,0
1119,AskUK,0
1120,AskUK,0
1121,AskUK,0
1122,AskUK,0
1123,AskUK,0
1124,AskUK,0
1125,AskUK,0
1126,AskUK,0
1127,AskUK,0
1128,AskUK,0
1129,AskUK,0
1130,AskUK,0
1131,AskUK,0
1132,AskUK,0
1133,AskUK,0
1134,AskUK,0
1135,AskUK,0
1136,AskUK,0
1137,AskUK,0
1138,AskUK,0
1139,AskUK,0
1140,AskUK,0
1141,AskUK,0
1142,AskUK,0
1143,AskUK,0
1144,AskUK,0
1145,AskUK,1
1146,AskUK,1
1147,AskUK,0
1148,AskUK,1
1149,AskUK,0
1150,AskUK,0
1151,AskUK,0
1152,AskUK,0
1153,AskUK,0
1154,AskUK,0
1155,AskUK,0
1156,AskUK,0
1157,AskUK,0
1158,AskUK,0
1159,AskUK,0
1160,AskUK,0
1161,AskUK,0
1162,AskUK,0
1163,AskUK,0
1164,AskUK,0
1165,AskUK,0
1166,AskUK,0
1167,AskUK,0
1168,AskUK,0
1169,AskUK,0
1170,AskUK,0
1171,AskUK,0
1172,AskUK,0
1173,AskUK,0
1174,AskUK,0
1175,AskUK,0
1176,AskUK,0
1177,AskUK,0
1178,AskUK,0
1179,AskUK,0
1180,AskUK,0
1181,AskUK,1
1182,AskUK,0
1183,AskUK,0
1184,AskUK,0
1185,AskUK,0
1186,AskUK,0
1187,AskUK,0
1188,AskUK,0
1189,AskUK,0
1190,AskUK,0
1191,AskUK,0
1192,AskUK,0
1193,AskUK,0
1194,AskUK,0
1195,AskUK,0
1196,AskUK,0
1197,AskUK,0
1198,AskUK,0
1199,AskUK,0
1200,AskUK,0
1201,AskUK,0
1202,AskUK,0
1203,AskUK,0
1204,AskUK,0
1205,AskUK,0
1206,AskUK,0
1207,AskUK,0
1208,AskUK,0
1209,AskUK,0
1210,AskUK,0
1211,AskUK,0
1212,AskUK,0
1213,AskUK,0
1214,AskUK,0
1215,AskUK,0
1216,AskUK,0
1217,AskUK,0
1218,AskUK,0
1219,AskUK,0
1220,AskUK,0
1221,AskUK,0
1222,AskUK,0
1223,AskUK,0
1224,AskUK,0
1225,AskUK,0
1226,AskUK,0
1227,AskUK,0
1228,AskUK,0
1229,AskUK,0
1230,AskUK,0
1231,AskUK,0
1232,AskUK,0
1233,AskUK,0
1234,AskUK,0
1235,AskUK,0
1236,AskUK,0
1237,AskUK,0
1238,AskUK,0
1239,AskUK,0
1240,AskUK,0
1241,AskUK,0
1242,AskUK,0
1243,AskUK,0
1244,AskUK,0
1245,AskUK,0
1246,AskUK,0
1247,AskUK,0
1248,AskUK,0
1249,AskUK,0
1250,AskUK,0
1251,AskUK,0
1252,AskUK,0
1253,AskUK,1
1254,AskUK,0
1255,AskUK,0
1256,AskUK,0
1257,AskUK,0
1258,AskUK,0
1259,AskUK,0
1260,AskUK,0
1261,AskUK,0
1262,AskUK,0
1263,AskUK,0
1264,AskUK,0
1265,AskUK,0
1266,AskUK,0
1267,AskUK,0
1268,AskUK,0
1269,AskUK,0
1270,AskUK,0
1271,AskUK,0
1272,AskUK,0
1273,AskUK,0
1274,AskUK,0
1275,AskUK,0
1276,AskUK,0
1277,AskUK,0
1278,AskUK,0
1279,AskUK,0
1280,AskUK,0
1281,AskUK,0
1282,AskUK,0
1283,AskUK,0
1284,AskUK,0
1285,AskUK,0
1286,AskUK,0
1287,AskUK,0
1288,AskUK,0
1289,AskUK,0
1290,AskUK,0
1291,AskUK,0
1292,AskUK,0
1293,AskUK,0
1294,AskUK,0
1295,AskUK,0
1296,AskUK,0
1297,AskUK,0
1298,AskUK,0
1299,AskUK,0
1300,AskUK,0
1301,AskUK,0
1302,AskUK,0
1303,AskUK,0
1304,AskUK,0
1305,AskUK,1
1306,AskUK,0
1307,AskUK,0
1308,AskUK,0
1309,AskUK,0
1310,AskUK,0
1311,AskUK,0
1312,AskUK,0
1313,AskUK,1
1314,AskUK,0
1315,AskUK,0
1316,AskUK,0
1317,AskUK,0
1318,AskUK,0
1319,AskUK,0
1320,AskUK,0
1321,AskUK,0
1322,AskUK,0
1323,AskUK,0
1324,AskUK,1
1325,AskUK,0
1326,AskUK,0
1327,AskUK,0
1328,AskUK,0
1329,AskUK,0
1330,AskUK,0
1331,AskUK,0
1332,AskUK,0
1333,AskUK,0
1334,AskUK,0
1335,AskUK,0
1336,AskUK,0
1337,AskUK,0
1338,AskUK,0
1339,AskUK,1
1340,AskUK,0
1341,AskUK,0
1342,AskUK,0
1343,AskUK,0
1344,AskUK,0
1345,AskUK,0
1346,AskUK,0
1347,AskUK,0
1348,AskUK,0
1349,AskUK,0
1350,AskUK,0
1351,AskUK,0
1352,AskUK,0
1353,AskUK,0
1354,AskUK,0
1355,AskUK,0
1356,AskUK,0
1357,AskUK,0
1358,AskUK,0
1359,AskUK,0
1360,AskUK,0
1361,AskUK,1
1362,AskUK,0
1363,AskUK,0
1364,AskUK,0
1365,AskUK,0
1366,AskUK,0
1367,AskUK,0
1368,AskUK,0
1369,AskUK,0
1370,AskUK,0
1371,AskUK,0
1372,AskUK,0
1373,AskUK,0
1374,AskUK,0
1375,AskUK,0
1376,AskUK,0
1377,AskUK,0
1378,AskUK,0
1379,AskUK,0
1380,AskUK,0
1381,AskUK,0
1382,AskUK,0
1383,AskUK,0
1384,AskUK,0
1385,AskUK,0
1386,AskUK,0
1387,AskUK,0
1388,AskUK,0
1389,AskUK,0
1390,AskUK,0
1391,AskUK,0
1392,AskUK,0
1393,AskUK,0
1394,AskUK,0
1395,AskUK,0
1396,AskUK,0
1397,AskUK,0
1398,AskUK,0
1399,AskUK,0
1400,AskUK,0
1401,AskUK,0
1402,AskUK,0
1403,AskUK,0
1404,AskUK,0
1405,AskUK,0
1406,AskUK,0
1407,AskUK,0
1408,AskUK,0
1409,AskUK,0
1410,AskUK,0
1411,AskUK,0
1412,AskUK,0
1413,AskUK,0
1414,AskUK,0
1415,AskUK,0
1416,AskUK,0
1417,AskUK,1
1418,AskUK,0
1419,AskUK,0
1420,AskUK,0
1421,AskUK,0
1422,AskUK,0
1423,AskUK,0
1424,AskUK,0
1425,AskUK,0
1426,AskUK,0
1427,AskUK,1
1428,AskUK,0
1429,AskUK,0
1430,AskUK,0
1431,AskUK,0
1432,AskUK,0
1433,AskUK,1
1434,AskUK,0
1435,AskUK,0
1436,AskUK,0
1437,AskUK,1
1438,AskUK,0
1439,AskUK,0
1440,AskUK,0
1441,AskUK,0
1442,AskUK,0
1443,AskUK,0
1444,AskUK,0
1445,AskUK,0
1446,AskUK,0
1447,AskUK,0
1448,AskUK,0
1449,AskUK,0
1450,AskUK,0
1451,AskUK,0
1452,AskUK,0
1453,AskUK,0
1454,AskUK,0
1455,AskUK,0
1456,AskUK,0
1457,AskUK,0
1458,AskUK,0
1459,AskUK,0
1460,AskUK,0
1461,AskUK,0
1462,AskUK,0
1463,AskUK,0
1464,AskUK,0
1465,AskUK,0
1466,AskUK,0
1467,AskUK,0
1468,AskUK,0
1469,AskUK,0
1470,AskUK,0
1471,AskUK,0
1472,AskUK,0
1473,AskUK,0
1474,AskUK,0
1475,AskUK,0
1476,AskUK,0
1477,AskUK,0
1478,AskUK,0
1479,AskUK,0
1480,AskUK,0
1481,AskUK,0
1482,AskUK,0
1483,AskUK,0
1484,AskUK,0
1485,AskUK,0
1486,AskUK,0
1487,AskUK,0
1488,AskUK,0
1489,AskUK,0
1490,AskUK,0
1491,AskUK,0
1492,AskUK,1
1493,AskUK,0
1494,AskUK,0
1495,AskUK,0
1496,AskUK,0
1497,AskUK,0
1498,AskUK,0
1499,AskUK,0
1500,AskUK,0
1501,AskUK,0
1502,AskUK,0
1503,AskUK,0
1504,AskUK,0
1505,AskUK,0
1506,AskUK,0
1507,AskUK,0
1508,AskUK,0
1509,AskUK,0
1510,AskUK,0
1511,AskUK,0
1512,AskUK,0
1513,AskUK,0
1514,AskUK,0
1515,AskUK,0
1516,AskUK,0
1517,AskUK,0
1518,AskUK,0
1519,AskUK,0
1520,AskUK,0
1521,AskUK,0
1522,AskUK,0
1523,AskUK,0
1524,AskUK,0
1525,AskUK,0
1526,AskUK,0
1527,AskUK,0
1528,AskUK,0
1529,AskUK,0
1530,AskUK,0
1531,AskUK,0
1532,AskUK,0
1533,AskUK,0
1534,AskUK,0
1535,AskUK,0
1536,AskUK,1
1537,AskUK,0
1538,AskUK,0
1539,AskUK,0
1540,AskUK,0
1541,AskUK,0
1542,AskUK,0
1543,AskUK,0
1544,AskUK,0
1545,AskUK,0
1546,AskUK,0
1547,AskUK,0
1548,AskUK,0
1549,AskUK,0
1550,AskUK,0
1551,AskUK,0
1552,AskUK,1
1553,AskUK,0
1554,AskUK,0
1555,AskUK,0
1556,AskUK,0
1557,AskUK,0
1558,AskUK,0
1559,AskUK,0
1560,AskUK,0
1561,AskUK,0
1562,AskUK,0
1563,AskUK,0
1564,AskUK,0
1565,AskUK,0
1566,AskUK,1
1567,AskUK,0
1568,AskUK,0
1569,AskUK,0
1570,AskUK,0
1571,AskUK,0
1572,AskUK,0
1573,AskUK,0
1574,AskUK,0
1575,AskUK,0
1576,AskUK,0
1577,AskUK,0
1578,AskUK,0
1579,AskUK,0
1580,AskUK,0
1581,AskUK,0
1582,AskUK,0
1583,AskUK,0
1584,AskUK,0
1585,AskUK,0
1586,AskUK,0
1587,AskUK,0
1588,AskUK,0
1589,AskUK,0
1590,AskUK,0
1591,AskUK,0
1592,AskUK,0
1593,AskUK,0
1594,AskUK,0
1595,AskUK,0
1596,AskUK,0
1597,AskUK,0
1598,AskUK,0
1599,AskUK,0
1600,AskUK,0
1601,AskUK,0
1602,AskUK,1
1603,AskUK,0
1604,AskUK,0
1605,AskUK,0
1606,AskUK,0
1607,AskUK,0
1608,AskUK,0
1609,AskUK,0
1610,AskUK,0
1611,AskUK,0
1612,AskUK,0
1613,AskUK,0
1614,AskUK,0
1615,AskUK,0
1616,AskUK,0
1617,AskUK,0
1618,AskUK,1
1619,AskUK,0
1620,AskUK,0
1621,AskUK,0
1622,AskUK,0
1623,AskUK,0
1624,AskUK,0
1625,AskUK,0
1626,AskUK,0
1627,AskUK,0
1628,AskUK,0
1629,AskUK,0
1630,AskUK,0
1631,AskUK,0
1632,AskUK,0
1633,AskUK,0
1634,AskUK,0
1635,AskUK,0
1636,AskUK,0
1637,AskUK,0
1638,AskUK,0
1639,AskUK,0
1640,AskUK,0
1641,AskUK,0
1642,AskUK,0
1643,AskUK,0
1644,AskUK,0
1645,AskUK,0
1646,AskUK,0
1647,AskUK,0
1648,AskUK,0
1649,AskUK,0
1650,AskUK,0
1651,AskUK,0
1652,AskUK,0
1653,AskUK,0
1654,AskUK,0
1655,AskUK,0
1656,AskUK,0
1657,AskUK,0
1658,AskUK,0
1659,AskUK,0
1660,AskUK,0
1661,AskUK,0
1662,AskUK,0
1663,AskUK,0
1664,AskUK,0
1665,AskUK,0
1666,AskUK,0
1667,AskUK,0
1668,AskUK,0
1669,AskUK,0
1670,AskUK,0
1671,AskUK,0
1672,AskUK,0
1673,AskUK,0
1674,AskUK,0
1675,AskUK,0
1676,AskUK,0
1677,AskUK,0
1678,AskUK,0
1679,AskUK,0
1680,AskUK,0
1681,AskUK,0
1682,AskUK,0
1683,AskUK,1
1684,AskUK,0
1685,AskUK,0
1686,AskUK,0
1687,AskUK,0
1688,AskUK,0
1689,AskUK,0
1690,AskUK,0
1691,AskUK,0
1692,AskUK,0
1693,AskUK,1
1694,AskUK,0
1695,AskUK,0
1696,AskUK,0
1697,AskUK,0
1698,AskUK,0
1699,AskUK,0
1700,AskUK,0
1701,AskUK,0
1702,AskUK,0
1703,AskUK,0
1704,AskUK,0
1705,AskUK,0
1706,AskUK,0
1707,AskUK,0
1708,AskUK,0
1709,AskUK,0
1710,AskUK,0
1711,AskUK,1
1712,AskUK,1
1713,AskUK,0
1714,AskUK,0
1715,AskUK,0
1716,AskUK,0
1717,AskUK,0
1718,AskUK,0
1719,AskUK,0
1720,AskUK,0
1721,AskUK,0
1722,AskUK,0
1723,AskUK,0
1724,AskUK,0
1725,AskUK,0
1726,AskUK,0
1727,AskUK,0
1728,AskUK,0
1729,AskUK,0
1730,AskUK,0
1731,AskUK,0
1732,AskUK,0
1733,AskUK,0
1734,AskUK,0
1735,AskUK,0
1736,AskUK,0
1737,AskUK,0
1738,AskUK,0
1739,AskUK,0
1740,AskUK,0
1741,AskUK,0
1742,AskUK,0
1743,AskUK,0
1744,AskUK,0
1745,AskUK,1
1746,AskUK,0
1747,AskUK,0
1748,AskUK,0
1749,AskUK,0
1750,AskUK,0
1751,AskUK,0
1752,AskUK,0
1753,AskUK,0
1754,AskUK,0
1755,AskUK,0
1756,AskUK,0
1757,AskUK,0
1758,AskUK,0
1759,AskUK,0
1760,AskUK,0
1761,AskUK,0
1762,AskUK,0
1763,AskUK,0
1764,AskUK,0
1765,AskUK,0
1766,AskUK,0
1767,AskUK,0
1768,AskUK,0
1769,AskUK,0
1770,AskUK,0
1771,AskUK,0
1772,AskUK,0
1773,AskUK,1
1774,AskUK,0
1775,AskUK,0
1776,AskUK,0
1777,AskUK,1
1778,AskUK,0
1779,AskUK,0
1780,AskUK,0
1781,AskUK,0
1782,AskUK,0
1783,AskUK,0
1784,AskUK,0
1785,AskUK,0
1786,AskUK,0
1787,AskUK,0
1788,AskUK,0
1789,AskUK,0
1790,AskUK,0
1791,AskUK,1
1792,AskUK,0
1793,AskUK,0
1794,AskUK,0
1795,AskUK,0
1796,AskUK,0
1797,AskUK,0
1798,AskUK,0
1799,AskUK,0
1800,AskUK,0
1801,AskUK,0
1802,AskUK,0
1803,AskUK,0
1804,AskUK,0
1805,AskUK,0
1806,AskUK,0
1807,AskUK,0
1808,AskUK,0
1809,AskUK,0
1810,AskUK,0
1811,AskUK,0
1812,AskUK,0
1813,AskUK,0
1814,AskUK,0
1815,AskUK,0
1816,AskUK,0
1817,AskUK,0
1818,AskUK,0
1819,AskUK,0
1820,AskUK,0
1821,AskUK,0
1822,AskUK,0
1823,AskUK,0
1824,AskUK,0
1825,AskUK,0
1826,AskUK,0
1827,AskUK,0
1828,AskUK,0
1829,AskUK,0
1830,AskUK,0
1831,AskUK,0
1832,AskUK,0
1833,AskUK,0
1834,AskUK,0
1835,AskUK,0
1836,AskUK,0
1837,AskUK,0
1838,AskUK,0
1839,AskUK,0
1840,AskUK,1
1841,AskUK,0
1842,AskUK,0
1843,AskUK,0
1844,AskUK,0
1845,AskUK,0
1846,AskUK,0
1847,AskUK,0
1848,AskUK,0
1849,AskUK,0
1850,AskUK,0
1851,AskUK,0
1852,AskUK,0
1853,AskUK,0
1854,AskUK,0
1855,AskUK,0
1856,AskUK,0
1857,AskUK,0
1858,AskUK,0
1859,AskUK,0
1860,AskUK,0
1861,AskUK,0
1862,AskUK,0
1863,AskUK,0
1864,AskUK,0
1865,AskUK,0
1866,AskUK,0
1867,AskUK,0
1868,AskUK,0
1869,AskUK,0
1870,AskUK,0
1871,AskUK,0
1872,AskUK,0
1873,AskUK,0
1874,AskUK,0
1875,AskUK,0
1876,AskUK,0
1877,AskUK,0
1878,AskUK,0
1879,AskUK,0
1880,AskUK,0
1881,AskUK,0
1882,AskUK,0
1883,AskUK,0
1884,AskUK,0
1885,AskUK,0
1886,AskUK,0
1887,AskUK,0
1888,AskUK,0
1889,AskUK,0
1890,AskUK,0
1891,AskUK,0
1892,AskUK,0
1893,AskUK,0
1894,AskUK,0
1895,AskUK,0
1896,AskUK,0
1897,AskUK,0
1898,AskUK,0
1899,AskUK,0
1900,AskUK,0
1901,AskUK,0
1902,AskUK,0
1903,AskUK,0
1904,AskUK,1
1905,AskUK,0
1906,AskUK,0
1907,AskUK,0
1908,AskUK,0
1909,AskUK,0
1910,AskUK,0
1911,AskUK,0
1912,AskUK,0
1913,AskUK,0
1914,AskUK,0
1915,AskUK,0
1916,AskUK,0
1917,AskUK,0
1918,AskUK,0
1919,AskUK,0
1920,AskUK,0
1921,AskUK,0
1922,AskUK,0
1923,AskUK,0
1924,AskUK,0
1925,AskUK,0
1926,AskUK,0
1927,AskUK,0
1928,AskUK,0
1929,AskUK,0
1930,AskUK,0
1931,AskUK,0
1932,AskUK,0
1933,AskUK,0
1934,AskUK,0
1935,AskUK,0
1936,AskUK,0
1937,AskUK,0
1938,AskUK,0
1939,AskUK,0
1940,AskUK,0
1941,AskUK,0
1942,AskUK,0
1943,AskUK,0
1944,AskUK,0
1945,AskUK,0
1946,AskUK,0
1947,AskUK,0
1948,AskUK,0
1949,AskUK,0
1950,AskUK,0
1951,AskUK,0
1952,AskUK,0
1953,AskUK,0
1954,AskUK,0
1955,AskUK,1
1956,AskUK,0
1957,AskUK,0
1958,AskUK,0
1959,AskUK,0
1960,AskUK,0
1961,AskUK,0
1962,AskUK,0
1963,AskUK,0
1964,AskUK,0
1965,AskUK,0
1966,AskUK,0
1967,AskUK,0
1968,AskUK,0
1969,AskUK,0
1970,AskUK,0
1971,AskUK,0
1972,AskUK,0
1973,AskUK,0
1974,AskUK,0
1975,AskUK,0
1976,AskUK,0
1977,AskUK,0
1978,AskUK,0
1979,AskUK,0
1980,AskUK,0
1981,AskUK,0
1982,AskUK,0
1983,AskUK,0
1984,AskUK,0
1985,AskUK,0
1986,AskUK,0
1987,AskUK,0
1988,AskUK,0
1989,AskUK,0
1990,AskUK,0
1991,AskUK,0
1992,AskUK,0
1993,AskUK,0
1994,AskUK,1
1995,AskUK,0
1996,AskUK,0
1997,AskUK,0
1998,AskUK,0
1999,AskUK,0
2000,AskUK,0
2001,AskUK,0
2002,AskUK,0
2003,AskUK,0
2004,AskUK,0
2005,AskUK,0
2006,AskUK,0
2007,AskUK,0
2008,AskUK,0
2009,AskUK,0
2010,AskUK,0
2011,AskUK,0
2012,AskUK,0
2013,AskUK,0
2014,AskUK,1
2015,AskUK,0
2016,AskUK,0
2017,AskUK,0
2018,AskUK,0
2019,AskUK,0
2020,AskUK,0
2021,AskUK,1
2022,AskUK,0
2023,AskUK,0
2024,AskUK,0
2025,AskUK,0
2026,AskUK,0
2027,AskUK,0
2028,AskUK,0
2029,AskUK,0
2030,AskUK,0
2031,AskUK,0
2032,AskUK,0
2033,AskUK,0
2034,AskUK,0
2035,AskUK,0
2036,AskUK,0
2037,AskUK,0
2038,AskUK,0
2039,AskUK,0
2040,AskUK,0
2041,AskUK,0
2042,AskUK,0
2043,AskUK,0
2044,AskUK,0
2045,AskUK,0
2046,AskUK,0
2047,AskUK,0
2048,AskUK,0
2049,AskUK,0
2050,AskUK,0
2051,AskUK,0
2052,AskUK,0
2053,AskUK,0
2054,AskUK,0
2055,AskUK,0
2056,AskUK,0
2057,AskUK,0
2058,AskUK,0
2059,AskUK,0
2060,AskUK,0
2061,AskUK,0
2062,AskUK,0
2063,AskUK,0
2064,AskUK,0
2065,AskUK,0
2066,AskUK,0
2067,AskUK,0
2068,AskUK,0
2069,AskUK,0
2070,AskUK,0
2071,AskUK,0
2072,AskUK,0
2073,AskUK,0
2074,AskUK,0
2075,AskUK,0
2076,AskUK,0
2077,AskUK,0
2078,AskUK,0
2079,AskUK,0
2080,AskUK,0
2081,AskUK,0
2082,AskUK,0
2083,AskUK,0
2084,AskUK,0
2085,AskUK,0
2086,AskUK,0
2087,AskUK,0
2088,AskUK,0
2089,AskUK,0
2090,AskUK,0
2091,AskUK,0
2092,AskUK,0
2093,AskUK,0
2094,AskUK,0
2095,AskUK,1
2096,AskUK,0
2097,AskUK,0
2098,AskUK,0
2099,AskUK,0
2100,AskUK,0
2101,AskUK,0
2102,AskUK,0
2103,AskUK,0
2104,AskUK,0
2105,AskUK,0
2106,AskUK,0
2107,AskUK,0
2108,AskUK,0
2109,AskUK,0
2110,AskUK,0
2111,AskUK,0
2112,AskUK,0
2113,AskUK,0
2114,AskUK,0
2115,AskUK,0
2116,AskUK,0
2117,AskUK,0
2118,AskUK,1
2119,AskUK,0
2120,AskUK,0
2121,AskUK,0
2122,AskUK,0
2123,AskUK,0
2124,AskUK,0
2125,AskUK,0
2126,AskUK,0
2127,AskUK,0
2128,AskUK,0
2129,AskUK,0
2130,AskUK,0
2131,AskUK,0
2132,AskUK,0
2133,AskUK,0
2134,AskUK,0
2135,AskUK,0
2136,AskUK,0
2137,AskUK,0
2138,AskUK,0
2139,AskUK,0
2140,AskUK,1
2141,AskUK,0
2142,AskUK,0
2143,AskUK,0
2144,AskUK,0
2145,AskUK,0
2146,AskUK,0
2147,AskUK,0
2148,AskUK,0
2149,AskUK,0
2150,AskUK,0
2151,AskUK,0
2152,AskUK,0
2153,AskUK,0
2154,AskUK,0
2155,AskUK,0
2156,AskUK,0
2157,AskUK,0
2158,AskUK,0
2159,AskUK,0
2160,AskUK,0
2161,AskUK,0
2162,AskUK,0
2163,AskUK,0
2164,AskUK,0
2165,AskUK,0
2166,AskUK,0
2167,AskUK,0
2168,AskUK,0
2169,AskUK,0
2170,AskUK,0
2171,AskUK,0
2172,AskUK,0
2173,AskUK,0
2174,AskUK,0
2175,AskUK,0
2176,AskUK,0
2177,AskUK,0
2178,AskUK,0
2179,AskUK,0
2180,AskUK,0
2181,AskUK,0
2182,AskUK,0
2183,AskUK,0
2184,AskUK,0
2185,AskUK,0
2186,AskUK,0
2187,AskUK,0
2188,AskUK,0
2189,AskUK,0
2190,AskUK,0
2191,AskUK,0
2192,AskUK,0
2193,AskUK,0
2194,AskUK,0
2195,AskUK,0
2196,AskUK,0
2197,AskUK,0
2198,AskUK,0
2199,AskUK,0
2200,AskUK,0
2201,AskUK,0
2202,AskUK,0
2203,AskUK,0
2204,AskUK,0
2205,AskUK,0
2206,AskUK,0
2207,AskUK,0
2208,AskUK,0
2209,AskUK,0
2210,AskUK,0
2211,AskUK,0
2212,AskUK,0
2213,AskUK,0
2214,AskUK,0
2215,AskUK,0
2216,AskUK,0
2217,AskUK,0
2218,AskUK,0
2219,AskUK,0
2220,AskUK,0
2221,AskUK,0
2222,AskUK,0
2223,AskUK,0
2224,AskUK,0
2225,AskUK,0
2226,AskUK,0
2227,AskUK,0
2228,AskUK,0
2229,AskUK,0
2230,AskUK,0
2231,AskUK,0
2232,AskUK,0
2233,AskUK,0
2234,AskUK,0
2235,AskUK,0
2236,AskUK,0
2237,AskUK,0
2238,AskUK,0
2239,AskUK,0
2240,AskUK,0
2241,AskUK,0
2242,AskUK,0
2243,AskUK,0
2244,AskUK,0
2245,AskUK,0
2246,AskUK,0
2247,AskUK,0
2248,AskUK,0
2249,AskUK,0
2250,AskUK,0
2251,AskUK,0
2252,AskUK,0
2253,AskUK,0
2254,AskUK,0
2255,AskUK,0
2256,AskUK,0
2257,AskUK,0
2258,AskUK,0
2259,AskUK,1
2260,AskUK,1
2261,AskUK,0
2262,AskUK,0
2263,AskUK,0
2264,AskUK,0
2265,AskUK,0
2266,AskUK,0
2267,AskUK,0
2268,AskUK,0
2269,AskUK,0
2270,AskUK,0
2271,AskUK,0
2272,AskUK,0
2273,AskUK,0
2274,AskUK,0
2275,AskUK,0
2276,AskUK,0
2277,AskUK,0
2278,AskUK,0
2279,AskUK,0
2280,AskUK,0
2281,AskUK,0
2282,AskUK,0
2283,AskUK,0
2284,AskUK,0
2285,AskUK,0
2286,AskUK,0
2287,AskUK,0
2288,AskUK,0
2289,AskUK,0
2290,AskUK,0
2291,AskUK,0
2292,AskUK,0
2293,AskUK,0
2294,AskUK,0
2295,AskUK,0
2296,AskUK,0
2297,AskUK,0
2298,AskUK,0
2299,AskUK,0
2300,AskUK,0
2301,AskUK,0
2302,AskUK,0
2303,AskUK,0
2304,AskUK,0
2305,AskUK,0
2306,AskUK,1
2307,AskUK,1
2308,AskUK,0
2309,AskUK,0
2310,AskUK,0
2311,AskUK,0
2312,AskUK,0
2313,AskUK,0
2314,AskUK,0
2315,AskUK,0
2316,AskUK,0
2317,AskUK,0
2318,AskUK,0
2319,AskUK,1
2320,AskUK,1
2321,AskUK,0
2322,AskUK,0
2323,AskUK,0
2324,AskUK,0
2325,AskUK,0
2326,AskUK,0
2327,AskUK,0
2328,AskUK,0
2329,AskUK,0
2330,AskUK,0
2331,AskUK,0
2332,AskUK,0
2333,AskUK,0
2334,AskUK,0
2335,AskUK,0
2336,AskUK,0
2337,AskUK,0
2338,AskUK,0
2339,AskUK,0
2340,AskUK,0
2341,AskUK,0
2342,AskUK,0
2343,AskUK,0
2344,AskUK,0
2345,AskUK,0
2346,AskUK,0
2347,AskUK,0
2348,AskUK,0
2349,AskUK,0
2350,AskUK,0
2351,AskUK,0
2352,AskUK,0
2353,AskUK,0
2354,AskUK,0
2355,AskUK,0
2356,AskUK,0
2357,AskUK,0
2358,AskUK,0
2359,AskUK,0
2360,AskUK,0
2361,AskUK,0
2362,AskUK,0
2363,AskUK,0
2364,AskUK,0
2365,AskUK,0
2366,AskUK,0
2367,AskUK,0
2368,AskUK,0
2369,AskUK,0
2370,AskUK,0
2371,AskUK,0
2372,AskUK,0
2373,AskUK,0
2374,AskUK,0
2375,AskUK,0
2376,AskUK,0
2377,AskUK,0
2378,AskUK,0
2379,AskUK,0
2380,AskUK,0
2381,AskUK,0
2382,AskUK,0
2383,AskUK,0
2384,AskUK,0
2385,AskUK,0
2386,AskUK,0
2387,AskUK,0
2388,AskUK,0
2389,AskUK,0
2390,AskUK,0
2391,AskUK,0
2392,AskUK,0
2393,AskUK,0
2394,AskUK,0
2395,AskUK,0
2396,AskUK,0
2397,AskUK,0
2398,AskUK,0
2399,AskUK,0
2400,AskUK,0
2401,AskUK,0
2402,AskUK,0
2403,AskUK,0
2404,AskUK,0
2405,AskUK,0
2406,AskUK,0
2407,AskUK,0
2408,AskUK,0
2409,AskUK,0
2410,AskUK,0
2411,AskUK,0
2412,AskUK,0
2413,AskUK,1
2414,AskUK,0
2415,AskUK,0
2416,AskUK,0
2417,AskUK,0
2418,AskUK,0
2419,AskUK,0
2420,AskUK,0
2421,AskUK,0
2422,AskUK,0
2423,AskUK,0
2424,AskUK,0
2425,AskUK,0
2426,AskUK,0
2427,AskUK,0
2428,AskUK,0
2429,AskUK,0
2430,AskUK,0
2431,AskUK,0
2432,AskUK,0
2433,AskUK,0
2434,AskUK,0
2435,AskUK,0
2436,AskUK,0
2437,AskUK,0
2438,AskUK,0
2439,AskUK,0
2440,AskUK,0
2441,AskUK,0
2442,AskUK,0
2443,AskUK,0
2444,AskUK,0
2445,AskUK,0
2446,AskUK,0
2447,AskUK,0
2448,AskUK,0
2449,AskUK,0
2450,AskUK,0
2451,AskUK,0
2452,AskUK,0
2453,AskUK,0
2454,AskUK,0
2455,AskUK,0
2456,AskUK,0
2457,AskUK,0
2458,AskUK,0
2459,AskUK,1
2460,AskUK,0
2461,AskUK,0
2462,AskUK,0
2463,AskUK,0
2464,AskUK,1
2465,AskUK,0
2466,AskUK,0
2467,AskUK,0
2468,AskUK,0
2469,AskUK,0
2470,AskUK,0
2471,AskUK,0
2472,AskUK,0
2473,AskUK,0
2474,AskUK,0
2475,AskUK,0
2476,AskUK,0
2477,AskUK,0
2478,AskUK,0
2479,AskUK,0
2480,AskUK,0
2481,AskUK,0
2482,AskUK,0
2483,AskUK,0
2484,AskUK,0
2485,AskUK,0
2486,AskUK,0
2487,AskUK,0
2488,AskUK,0
2489,AskUK,0
2490,AskUK,0
2491,AskUK,0
2492,AskUK,0
2493,AskUK,0
2494,AskUK,0
2495,AskUK,0
2496,AskUK,0
2497,AskUK,0
2498,AskUK,0
2499,AskUK,0
2500,AskUK,0
2501,AskUK,0
2502,AskUK,0
2503,AskUK,0
2504,AskUK,0
2505,AskUK,0
2506,AskUK,0
2507,AskUK,0
2508,AskUK,0
2509,AskUK,0
2510,AskUK,1
2511,AskUK,0
2512,AskUK,0
2513,AskUK,0
2514,AskUK,0
2515,AskUK,0
2516,AskUK,0
2517,AskUK,0
2518,AskUK,0
2519,AskUK,0
2520,AskUK,0
2521,AskUK,0
2522,AskUK,0
2523,AskUK,0
2524,AskUK,0
2525,AskUK,0
2526,AskUK,0
2527,AskUK,0
2528,AskUK,0
2529,AskUK,0
2530,AskUK,0
2531,AskUK,0
2532,AskUK,0
2533,AskUK,0
2534,AskUK,0
2535,AskUK,0
2536,AskUK,0
2537,AskUK,0
2538,AskUK,0
2539,AskUK,0
2540,AskUK,0
2541,AskUK,0
2542,AskUK,0
2543,AskUK,0
2544,AskUK,0
2545,AskUK,0
2546,AskUK,0
2547,AskUK,0
2548,AskUK,0
2549,AskUK,0
2550,AskUK,0
2551,AskUK,0
2552,AskUK,0
2553,AskUK,0
2554,AskUK,0
2555,AskUK,0
2556,AskUK,0
2557,AskUK,0
2558,AskUK,0
2559,AskUK,0
2560,AskUK,0
2561,AskUK,0
2562,AskUK,0
2563,AskUK,0
2564,AskUK,0
2565,AskUK,0
2566,AskUK,0
2567,AskUK,0
2568,AskUK,0
2569,AskUK,0
2570,AskUK,0
2571,AskUK,0
2572,AskUK,0
2573,AskUK,0
2574,AskUK,0
2575,AskUK,0
2576,AskUK,0
2577,AskUK,0
2578,AskUK,0
2579,AskUK,0
2580,AskUK,0
2581,AskUK,0
2582,AskUK,1
2583,AskUK,1
2584,AskUK,0
2585,AskUK,0
2586,AskUK,0
2587,AskUK,0
2588,AskUK,0
2589,AskUK,0
2590,AskUK,0
2591,AskUK,0
2592,AskUK,0
2593,AskUK,0
2594,AskUK,0
2595,AskUK,0
2596,AskUK,0
2597,AskUK,0
2598,AskUK,0
2599,AskUK,0
2600,AskUK,0
2601,AskUK,0
2602,AskUK,0
2603,AskUK,0
2604,AskUK,0
2605,AskUK,0
2606,AskUK,0
2607,AskUK,0
2608,AskUK,0
2609,AskUK,0
2610,AskUK,0
2611,AskUK,1
2612,AskUK,1
2613,AskUK,1
2614,AskUK,0
2615,AskUK,0
2616,AskUK,0
2617,AskUK,0
2618,AskUK,0
2619,AskUK,0
2620,AskUK,0
2621,AskUK,0
2622,AskUK,0
2623,AskUK,0
2624,AskUK,1
2625,AskUK,0
2626,AskUK,0
2627,AskUK,0
2628,AskUK,0
2629,AskUK,0
2630,AskUK,0
2631,AskUK,0
2632,AskUK,0
2633,AskUK,0
2634,AskUK,0
2635,AskUK,0
2636,AskUK,0
2637,AskUK,0
2638,AskUK,1
2639,AskUK,0
2640,AskUK,0
2641,AskUK,0
2642,AskUK,0
2643,AskUK,0
2644,AskUK,0
2645,AskUK,0
2646,AskUK,0
2647,AskUK,0
2648,AskUK,0
2649,AskUK,0
2650,AskUK,1
2651,AskUK,0
2652,AskUK,0
2653,AskUK,0
2654,AskUK,0
2655,AskUK,0
2656,AskUK,0
2657,AskUK,0
2658,AskUK,0
2659,AskUK,0
2660,AskUK,0
2661,AskUK,0
2662,AskUK,0
2663,AskUK,0
2664,AskUK,0
2665,AskUK,0
2666,AskUK,0
2667,AskUK,0
2668,AskUK,0
2669,AskUK,0
2670,AskUK,0
2671,AskUK,0
2672,AskUK,0
2673,AskUK,0
2674,AskUK,0
2675,AskUK,0
2676,AskUK,0
2677,AskUK,0
2678,AskUK,0
2679,AskUK,0
2680,AskUK,0
2681,AskUK,0
2682,AskUK,0
2683,AskUK,0
2684,AskUK,0
2685,AskUK,0
2686,AskUK,0
2687,AskUK,0
2688,AskUK,0
2689,AskUK,0
2690,AskUK,0
2691,AskUK,0
2692,AskUK,0
2693,AskUK,0
2694,AskUK,0
2695,AskUK,0
2696,AskUK,0
2697,AskUK,0
2698,AskUK,0
2699,AskUK,0
2700,AskUK,0
2701,AskUK,0
2702,AskUK,0
2703,AskUK,0
2704,AskUK,0
2705,AskUK,0
2706,AskUK,0
2707,AskUK,0
2708,AskUK,0
2709,AskUK,0
2710,AskUK,0
2711,AskUK,0
2712,AskUK,0
2713,AskUK,0
2714,AskUK,0
2715,AskUK,0
2716,AskUK,0
2717,AskUK,0
2718,AskUK,0
2719,AskUK,0
2720,AskUK,0
2721,AskUK,0
2722,AskUK,0
2723,AskUK,0
2724,AskUK,0
2725,AskUK,0
2726,AskUK,0
2727,AskUK,0
2728,AskUK,0
2729,AskUK,0
2730,AskUK,0
2731,AskUK,0
2732,AskUK,0
2733,AskUK,0
2734,AskUK,0
2735,AskUK,0
2736,AskUK,0
2737,AskUK,0
2738,AskUK,0
2739,AskUK,0
2740,AskUK,0
2741,AskUK,0
2742,AskUK,0
2743,AskUK,0
2744,AskUK,0
2745,AskUK,0
2746,AskUK,0
2747,AskUK,0
2748,AskUK,0
2749,AskUK,0
2750,AskUK,0
2751,AskUK,0
2752,AskUK,0
2753,AskUK,0
2754,AskUK,0
2755,AskUK,0
2756,AskUK,0
2757,AskUK,0
2758,AskUK,0
2759,AskUK,0
2760,AskUK,0
2761,AskUK,0
2762,AskUK,0
2763,AskUK,0
2764,AskUK,0
2765,AskUK,0
2766,AskUK,0
2767,AskUK,0
2768,AskUK,0
2769,AskUK,0
2770,AskUK,0
2771,AskUK,0
2772,AskUK,0
2773,AskUK,0
2774,AskUK,0
2775,AskUK,0
2776,AskUK,0
2777,AskUK,0
2778,AskUK,0
2779,AskUK,0
2780,AskUK,0
2781,AskUK,0
2782,AskUK,0
2783,AskUK,0
2784,AskUK,0
2785,AskUK,0
2786,AskUK,0
2787,AskUK,0
2788,AskUK,0
2789,AskUK,0
2790,AskUK,0
2791,AskUK,0
2792,AskUK,0
2793,AskUK,0
2794,AskUK,0
2795,AskUK,0
2796,AskUK,0
2797,AskUK,0
2798,AskUK,0
2799,AskUK,0
2800,AskUK,0
2801,AskUK,0
2802,AskUK,0
2803,AskUK,0
2804,AskUK,0
2805,AskUK,0
2806,AskUK,0
2807,AskUK,0
2808,AskUK,0
2809,AskUK,0
2810,AskUK,0
2811,AskUK,0
2812,AskUK,0
2813,AskUK,0
2814,AskUK,0
2815,AskUK,0
2816,AskUK,0
2817,AskUK,0
2818,AskUK,0
2819,AskUK,0
2820,AskUK,0
2821,AskUK,0
2822,AskUK,0
2823,AskUK,0
2824,AskUK,0
2825,AskUK,0
2826,AskUK,0
2827,AskUK,0
2828,AskUK,0
2829,AskUK,0
2830,AskUK,0
2831,AskUK,0
2832,AskUK,0
2833,AskUK,0
2834,AskUK,0
2835,AskUK,0
2836,AskUK,0
2837,AskUK,0
2838,AskUK,0
2839,AskUK,0
2840,AskUK,0
2841,AskUK,0
2842,AskUK,0
2843,AskUK,0
2844,AskUK,0
2845,AskUK,0
2846,AskUK,0
2847,AskUK,0
2848,AskUK,0
2849,AskUK,0
2850,AskUK,0
2851,AskUK,0
2852,AskUK,0
2853,AskUK,0
2854,AskUK,0
2855,AskUK,0
2856,AskUK,0
2857,AskUK,0
2858,AskUK,0
2859,AskUK,0
2860,AskUK,0
2861,AskUK,0
2862,AskUK,0
2863,AskUK,0
2864,AskUK,1
2865,AskUK,0
2866,AskUK,0
2867,AskUK,0
2868,AskUK,0
2869,AskUK,0
2870,AskUK,0
2871,AskUK,0
2872,AskUK,0
2873,AskUK,0
2874,AskUK,0
2875,AskUK,0
2876,AskUK,0
2877,AskUK,0
2878,AskUK,0
2879,AskUK,0
2880,AskUK,0
2881,AskUK,0
2882,AskUK,0
2883,AskUK,1
2884,AskUK,0
2885,AskUK,0
2886,AskUK,0
2887,AskUK,0
2888,AskUK,0
2889,AskUK,0
2890,AskUK,0
2891,AskUK,0
2892,AskUK,0
2893,AskUK,0
2894,AskUK,0
2895,AskUK,0
2896,AskUK,0
2897,AskUK,0
2898,AskUK,0
2899,AskUK,0
2900,AskUK,0
2901,AskUK,0
2902,AskUK,0
2903,AskUK,1
2904,AskUK,0
2905,AskUK,0
2906,AskUK,0
2907,AskUK,0
2908,AskUK,0
2909,AskUK,0
2910,AskUK,0
2911,AskUK,0
2912,AskUK,0
2913,AskUK,0
2914,AskUK,0
2915,AskUK,0
2916,AskUK,0
2917,AskUK,0
2918,AskUK,0
2919,AskUK,0
2920,AskUK,0
2921,AskUK,0
2922,AskUK,0
2923,AskUK,0
2924,AskUK,0
2925,AskUK,0
2926,AskUK,0
2927,AskUK,0
2928,AskUK,1
2929,AskUK,0
2930,AskUK,0
2931,AskUK,0
2932,AskUK,0
2933,AskUK,0
2934,AskUK,0
2935,AskUK,0
2936,AskUK,0
2937,AskUK,0
2938,AskUK,0
2939,AskUK,0
2940,AskUK,0
2941,AskUK,0
2942,AskUK,1
2943,AskUK,0
2944,AskUK,0
2945,AskUK,0
2946,AskUK,0
2947,AskUK,0
2948,AskUK,0
2949,AskUK,0
2950,AskUK,0
2951,AskUK,0
2952,AskUK,0
2953,AskUK,0
2954,AskUK,0
2955,AskUK,0
2956,AskUK,0
2957,AskUK,0
2958,AskUK,0
2959,AskUK,0
2960,AskUK,0
2961,AskUK,0
2962,AskUK,0
2963,AskUK,0
2964,AskUK,0
2965,AskUK,0
2966,AskUK,0
2967,AskUK,0
2968,AskUK,0
2969,AskUK,0
2970,AskUK,0
2971,AskUK,0
2972,AskUK,0
2973,AskUK,0
2974,AskUK,0
2975,AskUK,0
2976,AskUK,0
2977,AskUK,0
2978,AskUK,0
2979,AskUK,0
2980,AskUK,0
2981,AskUK,0
2982,AskUK,0
2983,AskUK,0
2984,AskUK,0
2985,AskUK,0
2986,AskUK,0
2987,AskUK,1
2988,AskUK,0
2989,AskUK,0
2990,AskUK,0
2991,AskUK,0
2992,AskUK,0
2993,AskUK,0
2994,AskUK,0
2995,AskUK,0
2996,AskUK,0
2997,AskUK,0
2998,AskUK,0
2999,AskUK,1
3000,AskUK,0
3001,AskUK,1
3002,AskUK,0
3003,AskUK,0
3004,AskUK,0
3005,AskUK,0
3006,AskUK,0
3007,AskUK,0
3008,AskUK,0
3009,AskUK,1
3010,AskUK,0
3011,AskUK,0
3012,AskUK,0
3013,AskUK,0
3014,AskUK,0
3015,AskUK,0
3016,AskUK,0
3017,AskUK,0
3018,AskUK,0
3019,AskUK,0
3020,AskUK,0
3021,AskUK,0
3022,AskUK,0
3023,AskUK,0
3024,AskUK,0
3025,AskUK,0
3026,AskUK,0
3027,AskUK,0
3028,AskUK,0
3029,AskUK,0
3030,AskUK,0
3031,AskUK,0
3032,AskUK,0
3033,AskUK,0
3034,AskUK,0
3035,AskUK,0
3036,AskUK,0
3037,AskUK,0
3038,AskUK,0
3039,AskUK,0
3040,AskUK,0
3041,AskUK,0
3042,AskUK,0
3043,AskUK,0
3044,AskUK,0
3045,AskUK,0
3046,AskUK,0
3047,AskUK,0
3048,AskUK,0
3049,AskUK,0
3050,AskUK,0
3051,AskUK,0
3052,AskUK,0
3053,AskUK,0
3054,AskUK,0
3055,AskUK,0
3056,AskUK,0
3057,AskUK,1
3058,AskUK,0
3059,AskUK,0
3060,AskUK,0
3061,AskUK,0
3062,AskUK,0
3063,AskUK,0
3064,AskUK,0
3065,AskUK,0
3066,AskUK,0
3067,AskUK,0
3068,AskUK,0
3069,AskUK,0
3070,AskUK,0
3071,AskUK,0
3072,AskUK,0
3073,AskUK,0
3074,AskUK,0
3075,AskUK,0
3076,AskUK,0
3077,AskUK,0
3078,AskUK,0
3079,AskUK,0
3080,AskUK,0
3081,AskUK,0
3082,AskUK,1
3083,AskUK,0
3084,AskUK,0
3085,AskUK,0
3086,AskUK,0
3087,AskUK,0
3088,AskUK,0
3089,AskUK,0
3090,AskUK,0
3091,AskUK,0
3092,AskUK,0
3093,AskUK,0
3094,AskUK,0
3095,AskUK,0
3096,AskUK,0
3097,AskUK,0
3098,AskUK,0
3099,AskUK,0
3100,AskUK,0
3101,AskUK,0
3102,AskUK,0
3103,AskUK,0
3104,AskUK,0
3105,AskUK,0
3106,AskUK,0
3107,AskUK,0
3108,AskUK,0
3109,AskUK,0
3110,AskUK,0
3111,AskUK,0
3112,AskUK,0
3113,AskUK,0
3114,AskUK,0
3115,AskUK,0
3116,AskUK,0
3117,AskUK,0
3118,AskUK,0
3119,AskUK,0
3120,AskUK,0
3121,AskUK,0
3122,AskUK,0
3123,AskUK,0
3124,AskUK,0
3125,AskUK,0
3126,AskUK,0
3127,AskUK,0
3128,AskUK,0
3129,AskUK,0
3130,AskUK,0
3131,AskUK,0
3132,AskUK,0
3133,AskUK,0
3134,AskUK,0
3135,AskUK,0
3136,AskUK,0
3137,AskUK,0
3138,AskUK,0
3139,AskUK,0
3140,AskUK,0
3141,AskUK,0
3142,AskUK,0
3143,AskUK,0
3144,AskUK,1
3145,AskUK,0
3146,AskUK,0
3147,AskUK,0
3148,AskUK,0
3149,AskUK,1
3150,AskUK,0
3151,AskUK,0
3152,AskUK,0
3153,AskUK,0
3154,AskUK,0
3155,AskUK,0
3156,AskUK,0
3157,AskUK,0
3158,AskUK,0
3159,AskUK,1
3160,AskUK,0
3161,AskUK,0
3162,AskUK,0
3163,AskUK,0
3164,AskUK,0
3165,AskUK,0
3166,AskUK,0
3167,AskUK,0
3168,AskUK,0
3169,AskUK,0
3170,AskUK,0
3171,AskUK,0
3172,AskUK,0
3173,AskUK,0
3174,AskUK,0
3175,AskUK,0
3176,AskUK,0
3177,AskUK,0
3178,AskUK,0
3179,AskUK,0
3180,AskUK,0
3181,AskUK,0
3182,AskUK,0
3183,AskUK,0
3184,AskUK,0
3185,AskUK,0
3186,AskUK,0
3187,AskUK,0
3188,AskUK,0
3189,AskUK,0
3190,AskUK,0
3191,AskUK,0
3192,AskUK,0
3193,AskUK,0
3194,AskUK,0
3195,AskUK,0
3196,AskUK,0
3197,AskUK,0
3198,AskUK,0
3199,AskUK,0
3200,AskUK,0
3201,AskUK,0
3202,AskUK,0
3203,AskUK,1
3204,AskUK,1
3205,AskUK,0
3206,AskUK,0
3207,AskUK,0
3208,AskUK,0
3209,AskUK,0
3210,AskUK,0
3211,AskUK,0
3212,AskUK,0
3213,AskUK,0
3214,AskUK,0
3215,AskUK,0
3216,AskUK,0
3217,AskUK,0
3218,AskUK,0
3219,AskUK,0
3220,AskUK,1
3221,AskUK,0
3222,AskUK,0
3223,AskUK,0
3224,AskUK,0
3225,AskUK,0
3226,AskUK,0
3227,AskUK,0
3228,AskUK,0
3229,AskUK,0
3230,AskUK,0
3231,AskUK,0
3232,AskUK,0
3233,AskUK,0
3234,AskUK,0
3235,AskUK,1
3236,AskUK,0
3237,AskUK,0
3238,AskUK,0
3239,AskUK,0
3240,AskUK,0
3241,AskUK,0
3242,AskUK,0
3243,AskUK,0
3244,AskUK,0
3245,AskUK,0
3246,AskUK,0
3247,AskUK,0
3248,AskUK,0
3249,AskUK,0
3250,AskUK,0
3251,AskUK,0
3252,AskUK,0
3253,AskUK,0
3254,AskUK,0
3255,AskUK,0
3256,AskUK,1
3257,AskUK,0
3258,AskUK,0
3259,AskUK,0
3260,AskUK,0
3261,AskUK,0
3262,AskUK,0
3263,AskUK,0
3264,AskUK,0
3265,AskUK,0
3266,AskUK,1
3267,AskUK,0
3268,AskUK,0
3269,AskUK,0
3270,AskUK,0
3271,AskUK,0
3272,AskUK,0
3273,AskUK,0
3274,AskUK,0
3275,AskUK,0
3276,AskUK,0
3277,AskUK,0
3278,AskUK,0
3279,AskUK,1
3280,AskUK,0
3281,AskUK,0
3282,AskUK,0
3283,AskUK,0
3284,AskUK,0
3285,AskUK,0
3286,AskUK,1
3287,AskUK,0
3288,AskUK,0
3289,AskUK,0
3290,AskUK,0
3291,AskUK,0
3292,AskUK,0
3293,AskUK,0
3294,AskUK,1
3295,AskUK,0
3296,AskUK,0
3297,AskUK,0
3298,AskUK,0
3299,AskUK,0
3300,AskUK,0
3301,AskUK,0
3302,AskUK,0
3303,AskUK,0
3304,AskUK,0
3305,AskUK,0
3306,AskUK,0
3307,AskUK,0
3308,AskUK,0
3309,AskUK,0
3310,AskUK,0
3311,AskUK,0
3312,AskUK,0
3313,AskUK,0
3314,AskUK,0
3315,AskUK,0
3316,AskUK,0
3317,AskUK,0
3318,AskUK,0
3319,AskUK,0
3320,AskUK,0
3321,AskUK,0
3322,AskUK,1
3323,AskUK,1
3324,AskUK,0
3325,AskUK,0
3326,AskUK,0
3327,AskUK,0
3328,AskUK,0
3329,AskUK,0
3330,AskUK,0
3331,AskUK,0
3332,AskUK,0
3333,AskUK,0
3334,AskUK,0
3335,AskUK,0
3336,AskUK,0
3337,AskUK,0
3338,AskUK,0
3339,AskUK,0
3340,AskUK,0
3341,AskUK,0
3342,AskUK,0
3343,AskUK,0
3344,AskUK,0
3345,AskUK,0
3346,AskUK,0
3347,AskUK,0
3348,AskUK,0
3349,AskUK,0
3350,AskUK,0
3351,AskUK,0
3352,AskUK,0
3353,AskUK,0
3354,AskUK,0
3355,AskUK,0
3356,AskUK,0
3357,AskUK,0
3358,AskUK,0
3359,AskUK,0
3360,AskUK,0
3361,AskUK,0
3362,AskUK,0
3363,AskUK,0
3364,AskUK,0
3365,AskUK,0
3366,AskUK,0
3367,AskUK,0
3368,AskUK,0
3369,AskUK,0
3370,AskUK,0
3371,AskUK,0
3372,AskUK,0
3373,AskUK,0
3374,AskUK,0
3375,AskUK,0
3376,AskUK,0
3377,AskUK,0
3378,AskUK,0
3379,AskUK,0
3380,AskUK,0
3381,AskUK,0
3382,AskUK,0
3383,AskUK,0
3384,AskUK,0
3385,AskUK,0
3386,AskUK,0
3387,AskUK,0
3388,AskUK,0
3389,AskUK,0
3390,AskUK,0
3391,AskUK,0
3392,AskUK,0
3393,AskUK,0
3394,AskUK,0
3395,AskUK,0
3396,AskUK,0
3397,AskUK,0
3398,AskUK,0
3399,AskUK,1
3400,AskUK,0
3401,AskUK,0
3402,AskUK,0
3403,AskUK,0
3404,AskUK,0
3405,AskUK,0
3406,AskUK,0
3407,AskUK,0
3408,AskUK,0
3409,AskUK,0
3410,AskUK,0
3411,AskUK,0
3412,AskUK,0
3413,AskUK,0
3414,AskUK,0
3415,AskUK,0
3416,AskUK,0
3417,AskUK,0
3418,AskUK,0
3419,AskUK,0
3420,AskUK,1
3421,AskUK,0
3422,AskUK,0
3423,AskUK,0
3424,AskUK,0
3425,AskUK,0
3426,AskUK,0
3427,AskUK,0
3428,AskUK,0
3429,AskUK,0
3430,AskUK,0
3431,AskUK,0
3432,AskUK,0
3433,AskUK,0
3434,AskUK,0
3435,AskUK,0
3436,AskUK,0
3437,AskUK,0
3438,AskUK,0
3439,AskUK,0
3440,AskUK,0
3441,AskUK,0
3442,AskUK,0
3443,AskUK,0
3444,AskUK,0
3445,AskUK,0
3446,AskUK,0
3447,AskUK,0
3448,AskUK,0
3449,AskUK,0
3450,AskUK,0
3451,AskUK,0
3452,AskUK,0
3453,AskUK,0
3454,AskUK,0
3455,AskUK,1
3456,AskUK,0
3457,AskUK,0
3458,AskUK,0
3459,AskUK,0
3460,AskUK,0
3461,AskUK,0
3462,AskUK,0
3463,AskUK,0
3464,AskUK,0
3465,AskUK,0
3466,AskUK,0
3467,AskUK,0
3468,AskUK,0
3469,AskUK,0
3470,AskUK,0
3471,AskUK,0
3472,AskUK,0
3473,AskUK,1
3474,AskUK,0
3475,AskUK,0
3476,AskUK,0
3477,AskUK,0
3478,AskUK,0
3479,AskUK,0
3480,AskUK,0
3481,AskUK,0
3482,AskUK,0
3483,AskUK,0
3484,AskUK,0
3485,AskUK,0
3486,AskUK,0
3487,AskUK,0
3488,AskUK,0
3489,AskUK,0
3490,AskUK,0
3491,AskUK,0
3492,AskUK,0
3493,AskUK,0
3494,AskUK,0
3495,AskUK,0
3496,AskUK,0
3497,AskUK,0
3498,AskUK,0
3499,AskUK,0
3500,AskUK,0
3501,AskUK,0
3502,AskUK,0
3503,AskUK,0
3504,AskUK,0
3505,AskUK,0
3506,AskUK,0
3507,AskUK,0
3508,AskUK,0
3509,AskUK,0
3510,AskUK,0
3511,AskUK,0
3512,AskUK,0
3513,AskUK,0
3514,AskUK,0
3515,AskUK,0
3516,AskUK,0
3517,AskUK,0
3518,AskUK,0
3519,AskUK,0
3520,AskUK,0
3521,AskUK,0
3522,AskUK,0
3523,AskUK,0
3524,AskUK,0
3525,AskUK,0
3526,AskUK,0
3527,AskUK,0
3528,AskUK,0
3529,AskUK,0
3530,AskUK,0
3531,AskUK,0
3532,AskUK,0
3533,AskUK,0
3534,AskUK,0
3535,AskUK,1
3536,AskUK,0
3537,AskUK,0
3538,AskUK,0
3539,AskUK,0
3540,AskUK,0
3541,AskUK,0
3542,AskUK,0
3543,AskUK,0
3544,AskUK,0
3545,AskUK,0
3546,AskUK,0
3547,AskUK,0
3548,AskUK,0
3549,AskUK,0
3550,AskUK,0
3551,AskUK,0
3552,AskUK,0
3553,AskUK,0
3554,AskUK,0
3555,AskUK,0
3556,AskUK,1
3557,AskUK,0
3558,AskUK,0
3559,AskUK,0
3560,AskUK,0
3561,AskUK,0
3562,AskUK,0
3563,AskUK,0
3564,AskUK,0
3565,AskUK,0
3566,AskUK,0
3567,AskUK,0
3568,AskUK,0
3569,AskUK,0
3570,AskUK,0
3571,AskUK,0
3572,AskUK,0
3573,AskUK,0
3574,AskUK,0
3575,AskUK,0
3576,AskUK,0
3577,AskUK,0
3578,AskUK,0
3579,AskUK,0
3580,AskUK,0
3581,AskUK,0
3582,AskUK,0
3583,AskUK,0
3584,AskUK,0
3585,AskUK,0
3586,AskUK,0
3587,AskUK,0
3588,AskUK,0
3589,AskUK,0
3590,AskUK,0
3591,AskUK,0
3592,AskUK,0
3593,AskUK,0
3594,AskUK,0
3595,AskUK,0
3596,AskUK,0
3597,AskUK,0
3598,AskUK,0
3599,AskUK,0
3600,AskUK,0
3601,AskUK,0
3602,AskUK,0
3603,AskUK,0
3604,AskUK,0
3605,AskUK,0
3606,AskUK,0
3607,AskUK,0
3608,AskUK,0
3609,AskUK,0
3610,AskUK,0
3611,AskUK,0
3612,AskUK,0
3613,AskUK,0
3614,AskUK,0
3615,AskUK,0
3616,AskUK,0
3617,AskUK,0
3618,AskUK,0
3619,AskUK,1
3620,AskUK,0
3621,AskUK,0
3622,AskUK,0
3623,AskUK,0
3624,AskUK,0
3625,AskUK,0
3626,AskUK,0
3627,AskUK,0
3628,AskUK,0
3629,AskUK,0
3630,AskUK,1
3631,AskUK,0
3632,AskUK,0
3633,AskUK,0
3634,AskUK,0
3635,AskUK,0
3636,AskUK,0
3637,AskUK,0
3638,AskUK,0
3639,AskUK,0
3640,AskUK,0
3641,AskUK,0
3642,AskUK,0
3643,AskUK,0
3644,AskUK,0
3645,AskUK,0
3646,AskUK,0
3647,AskUK,0
3648,AskUK,0
3649,AskUK,0
3650,AskUK,0
3651,AskUK,0
3652,AskUK,0
3653,AskUK,1
3654,AskUK,0
3655,AskUK,0
3656,AskUK,0
3657,AskUK,0
3658,AskUK,0
3659,AskUK,0
3660,AskUK,1
3661,AskUK,0
3662,AskUK,0
3663,AskUK,0
3664,AskUK,0
3665,AskUK,0
3666,AskUK,0
3667,AskUK,1
3668,AskUK,0
3669,AskUK,0
3670,AskUK,0
3671,AskUK,0
3672,AskUK,0
3673,AskUK,0
3674,AskUK,0
3675,AskUK,0
3676,AskUK,0
3677,AskUK,0
3678,AskUK,0
3679,AskUK,0
3680,AskUK,0
3681,AskUK,0
3682,AskUK,0
3683,AskUK,0
3684,AskUK,0
3685,AskUK,0
3686,AskUK,0
3687,AskUK,1
3688,AskUK,0
3689,AskUK,1
3690,AskUK,0
3691,AskUK,0
3692,AskUK,0
3693,AskUK,0
3694,AskUK,0
3695,AskUK,0
3696,AskUK,0
3697,AskUK,0
3698,AskUK,0
3699,AskUK,0
3700,AskUK,0
3701,AskUK,0
3702,AskUK,0
3703,AskUK,0
3704,AskUK,0
3705,AskUK,0
3706,AskUK,0
3707,AskUK,0
3708,AskUK,0
3709,AskUK,0
3710,AskUK,0
3711,AskUK,0
3712,AskUK,0
3713,AskUK,0
3714,AskUK,0
3715,AskUK,0
3716,AskUK,0
3717,AskUK,0
3718,AskUK,0
3719,AskUK,0
3720,AskUK,0
3721,AskUK,0
3722,AskUK,0
3723,AskUK,0
3724,AskUK,0
3725,AskUK,0
3726,AskUK,1
3727,AskUK,0
3728,AskUK,0
3729,AskUK,0
3730,AskUK,0
3731,AskUK,0
3732,AskUK,0
3733,AskUK,0
3734,AskUK,0
3735,AskUK,0
3736,AskUK,0
3737,AskUK,1
3738,AskUK,0
3739,AskUK,0
3740,AskUK,0
3741,AskUK,0
3742,AskUK,0
3743,AskUK,0
3744,AskUK,0
3745,AskUK,0
3746,AskUK,0
3747,AskUK,0
3748,AskUK,0
3749,AskUK,0
3750,AskUK,0
3751,AskUK,0
3752,AskUK,0
3753,AskUK,0
3754,AskUK,0
3755,AskUK,0
3756,AskUK,0
3757,AskUK,0
3758,AskUK,1
3759,AskUK,0
3760,AskUK,0
3761,AskUK,0
3762,AskUK,0
3763,AskUK,0
3764,AskUK,0
3765,AskUK,0
3766,AskUK,0
3767,AskUK,0
3768,AskUK,0
3769,AskUK,0
3770,AskUK,0
3771,AskUK,0
3772,AskUK,0
3773,AskUK,0
3774,AskUK,0
3775,AskUK,0
3776,AskUK,0
3777,AskUK,0
3778,AskUK,0
3779,AskUK,0
3780,AskUK,0
3781,AskUK,0
3782,AskUK,0
3783,AskUK,0
3784,AskUK,0
3785,AskUK,0
3786,AskUK,0
3787,AskUK,0
3788,AskUK,0
3789,AskUK,0
3790,AskUK,0
3791,AskUK,0
3792,AskUK,0
3793,AskUK,0
3794,AskUK,0
3795,AskUK,0
3796,AskUK,0
3797,AskUK,0
3798,AskUK,0
3799,AskUK,0
3800,AskUK,0
3801,AskUK,0
3802,AskUK,0
3803,AskUK,0
3804,AskUK,0
3805,AskUK,0
3806,AskUK,0
3807,AskUK,0
3808,AskUK,0
3809,AskUK,0
3810,AskUK,0
3811,AskUK,0
3812,AskUK,0
3813,AskUK,0
3814,AskUK,0
3815,AskUK,0
3816,AskUK,0
3817,AskUK,0
3818,AskUK,0
3819,AskUK,0
3820,AskUK,0
3821,AskUK,0
3822,AskUK,0
3823,AskUK,0
3824,AskUK,0
3825,AskUK,0
3826,AskUK,0
3827,AskUK,0
3828,AskUK,0
3829,AskUK,0
3830,AskUK,0
3831,AskUK,0
3832,AskUK,0
3833,AskUK,0
3834,AskUK,0
3835,AskUK,0
3836,AskUK,0
3837,AskUK,0
3838,AskUK,0
3839,AskUK,0
3840,AskUK,0
3841,AskUK,0
3842,AskUK,0
3843,AskUK,0
3844,AskUK,0
3845,AskUK,0
3846,AskUK,0
3847,AskUK,0
3848,AskUK,0
3849,AskUK,1
3850,AskUK,0
3851,AskUK,0
3852,AskUK,0
3853,AskUK,0
3854,AskUK,0
3855,AskUK,0
3856,AskUK,0
3857,AskUK,0
3858,AskUK,0
3859,AskUK,0
3860,AskUK,0
3861,AskUK,0
3862,AskUK,0
3863,AskUK,0
3864,AskUK,0
3865,AskUK,0
3866,AskUK,0
3867,AskUK,0
3868,AskUK,0
3869,AskUK,0
3870,AskUK,0
3871,AskUK,0
3872,AskUK,0
3873,AskUK,0
3874,AskUK,0
3875,AskUK,0
3876,AskUK,0
3877,AskUK,0
3878,AskUK,0
3879,AskUK,0
3880,AskUK,0
3881,AskUK,0
3882,AskUK,0
3883,AskUK,0
3884,AskUK,0
3885,AskUK,0
3886,AskUK,0
3887,AskUK,0
3888,AskUK,0
3889,AskUK,0
3890,AskUK,0
3891,AskUK,0
3892,AskUK,0
3893,AskUK,0
3894,AskUK,0
3895,AskUK,0
3896,AskUK,0
3897,AskUK,0
3898,AskUK,0
3899,AskUK,0
3900,AskUK,0
3901,AskUK,0
3902,AskUK,1
3903,AskUK,0
3904,AskUK,0
3905,AskUK,0
3906,AskUK,0
3907,AskUK,0
3908,AskUK,0
3909,AskUK,1
3910,AskUK,1
3911,AskUK,0
3912,AskUK,0
3913,AskUK,1
3914,AskUK,0
3915,AskUK,0
3916,AskUK,0
3917,AskUK,1
3918,AskUK,0
3919,AskUK,0
3920,AskUK,0
3921,AskUK,0
3922,AskUK,0
3923,AskUK,0
3924,AskUK,0
3925,AskUK,0
3926,AskUK,0
3927,AskUK,0
3928,AskUK,0
3929,AskUK,0
3930,AskUK,0
3931,AskUK,0
3932,AskUK,0
3933,AskUK,0
3934,AskUK,0
3935,AskUK,0
3936,AskUK,0
3937,AskUK,0
3938,AskUK,0
3939,AskUK,0
3940,AskUK,0
3941,AskUK,0
3942,AskUK,0
3943,AskUK,0
3944,AskUK,0
3945,AskUK,0
3946,AskUK,0
3947,AskUK,0
3948,AskUK,0
3949,AskUK,0
3950,AskUK,0
3951,AskUK,0
3952,AskUK,0
3953,AskUK,0
3954,AskUK,0
3955,AskUK,0
3956,AskUK,0
3957,AskUK,0
3958,AskUK,0
3959,AskUK,0
3960,AskUK,0
3961,AskUK,0
3962,AskUK,0
3963,AskUK,0
3964,AskUK,0
3965,AskUK,0
3966,AskUK,0
3967,AskUK,0
3968,AskUK,1
3969,AskUK,1
3970,AskUK,0
3971,AskUK,0
3972,AskUK,0
3973,AskUK,0
3974,AskUK,0
3975,AskUK,0
3976,AskUK,0
3977,AskUK,0
3978,AskUK,0
3979,AskUK,0
3980,AskUK,0
3981,AskUK,0
3982,AskUK,0
3983,AskUK,0
3984,AskUK,0
3985,AskUK,0
3986,AskUK,0
3987,AskUK,0
3988,AskUK,0
3989,AskUK,0
3990,AskUK,0
3991,AskUK,0
3992,AskUK,0
3993,AskUK,0
3994,AskUK,0
3995,AskUK,0
3996,AskUK,0
3997,AskUK,1
3998,AskUK,0
3999,AskUK,0
4000,AskUK,0
4001,AskUK,0
4002,AskUK,0
4003,AskUK,0
4004,AskUK,0
4005,AskUK,0
4006,AskUK,0
4007,AskUK,0
4008,AskUK,0
4009,AskUK,0
4010,AskUK,0
4011,AskUK,0
4012,AskUK,0
4013,AskUK,1
4014,AskUK,0
4015,AskUK,0
4016,AskUK,0
4017,AskUK,0
4018,AskUK,0
4019,AskUK,0
4020,AskUK,0
4021,AskUK,0
4022,AskUK,0
4023,AskUK,0
4024,AskUK,0
4025,AskUK,0
4026,AskUK,0
4027,AskUK,0
4028,AskUK,0
4029,AskUK,1
4030,AskUK,0
4031,AskUK,0
4032,AskUK,1
4033,AskUK,1
4034,AskUK,1
4035,AskUK,0
4036,AskUK,0
4037,AskUK,0
4038,AskUK,0
4039,AskUK,0
4040,AskUK,0
4041,AskUK,0
4042,AskUK,0
4043,AskUK,0
4044,AskUK,0
4045,AskUK,1
4046,AskUK,0
4047,AskUK,0
4048,AskUK,0
4049,AskUK,0
4050,AskUK,0
4051,AskUK,0
4052,AskUK,0
4053,AskUK,0
4054,AskUK,0
4055,AskUK,1
4056,AskUK,0
4057,AskUK,0
4058,AskUK,0
4059,AskUK,0
4060,AskUK,0
4061,AskUK,0
4062,AskUK,0
4063,AskUK,0
4064,AskUK,0
4065,AskUK,0
4066,AskUK,0
4067,AskUK,0
4068,AskUK,0
4069,AskUK,0
4070,AskUK,1
4071,AskUK,0
4072,AskUK,0
4073,AskUK,0
4074,AskUK,0
4075,AskUK,0
4076,AskUK,0
4077,AskUK,0
4078,AskUK,0
4079,AskUK,0
4080,AskUK,0
4081,AskUK,0
4082,AskUK,0
4083,AskUK,0
4084,AskUK,0
4085,AskUK,0
4086,AskUK,0
4087,AskUK,0
4088,AskUK,0
4089,AskUK,0
4090,AskUK,0
4091,AskUK,0
4092,AskUK,0
4093,AskUK,0
4094,AskUK,0
4095,AskUK,0
4096,AskUK,0
4097,AskUK,1
4098,AskUK,0
4099,AskUK,0
4100,AskUK,0
4101,AskUK,0
4102,AskUK,0
4103,AskUK,0
4104,AskUK,0
4105,AskUK,0
4106,AskUK,0
4107,AskUK,0
4108,AskUK,0
4109,AskUK,0
4110,AskUK,1
4111,AskUK,0
4112,AskUK,0
4113,AskUK,0
4114,AskUK,0
4115,AskUK,0
4116,AskUK,0
4117,AskUK,0
4118,AskUK,0
4119,AskUK,0
4120,AskUK,0
4121,AskUK,0
4122,AskUK,0
4123,AskUK,0
4124,AskUK,0
4125,AskUK,0
4126,AskUK,0
4127,AskUK,0
4128,AskUK,0
4129,AskUK,0
4130,AskUK,0
4131,AskUK,0
4132,AskUK,0
4133,AskUK,0
4134,AskUK,0
4135,AskUK,1
4136,AskUK,0
4137,AskUK,0
4138,AskUK,0
4139,AskUK,0
4140,AskUK,0
4141,AskUK,0
4142,AskUK,0
4143,AskUK,0
4144,AskUK,0
4145,AskUK,0
4146,AskUK,0
4147,AskUK,0
4148,AskUK,0
4149,AskUK,0
4150,AskUK,0
4151,AskUK,0
4152,AskUK,0
4153,AskUK,0
4154,AskUK,0
4155,AskUK,0
4156,AskUK,0
4157,AskUK,0
4158,AskUK,0
4159,AskUK,0
4160,AskUK,0
4161,AskUK,1
4162,AskUK,1
4163,AskUK,0
4164,AskUK,0
4165,AskUK,0
4166,AskUK,1
4167,AskUK,0
4168,AskUK,0
4169,AskUK,0
4170,AskUK,0
4171,AskUK,0
4172,AskUK,0
4173,AskUK,0
4174,AskUK,0
4175,AskUK,0
4176,AskUK,0
4177,AskUK,0
4178,AskUK,0
4179,AskUK,0
4180,AskUK,0
4181,AskUK,0
4182,AskUK,0
4183,AskUK,0
4184,AskUK,0
4185,AskUK,0
4186,AskUK,0
4187,AskUK,0
4188,AskUK,0
4189,AskUK,0
4190,AskUK,0
4191,AskUK,0
4192,AskUK,0
4193,AskUK,0
4194,AskUK,0
4195,AskUK,0
4196,AskUK,0
4197,AskUK,0
4198,AskUK,0
4199,AskUK,0
4200,AskUK,0
4201,AskUK,0
4202,AskUK,0
4203,AskUK,0
4204,AskUK,0
4205,AskUK,0
4206,AskUK,0
4207,AskUK,0
4208,AskUK,0
4209,AskUK,0
4210,AskUK,0
4211,AskUK,0
4212,AskUK,0
4213,AskUK,0
4214,AskUK,0
4215,AskUK,0
4216,AskUK,0
4217,AskUK,0
4218,AskUK,0
4219,AskUK,1
4220,AskUK,1
4221,AskUK,0
4222,AskUK,0
4223,AskUK,0
4224,AskUK,0
4225,AskUK,0
4226,AskUK,0
4227,AskUK,0
4228,AskUK,0
4229,AskUK,0
4230,AskUK,0
4231,AskUK,1
4232,AskUK,0
4233,AskUK,0
4234,AskUK,0
4235,AskUK,0
4236,AskUK,0
4237,AskUK,0
4238,AskUK,0
4239,AskUK,1
4240,AskUK,0
4241,AskUK,0
4242,AskUK,0
4243,AskUK,0
4244,AskUK,0
4245,AskUK,0
4246,AskUK,0
4247,AskUK,0
4248,AskUK,0
4249,AskUK,0
4250,AskUK,0
4251,AskUK,0
4252,AskUK,0
4253,AskUK,0
4254,AskUK,0
4255,AskUK,0
4256,AskUK,1
4257,AskUK,0
4258,AskUK,0
4259,AskUK,0
4260,AskUK,0
4261,AskUK,0
4262,AskUK,0
4263,AskUK,0
4264,AskUK,0
4265,AskUK,0
4266,AskUK,0
4267,AskUK,1
4268,AskUK,0
4269,AskUK,0
4270,AskUK,0
4271,AskUK,0
4272,AskUK,0
4273,AskUK,0
4274,AskUK,0
4275,AskUK,0
4276,AskUK,0
4277,AskUK,0
4278,AskUK,0
4279,AskUK,0
4280,AskUK,0
4281,AskUK,0
4282,AskUK,0
4283,AskUK,1
4284,AskUK,0
4285,AskUK,0
4286,AskUK,0
4287,AskUK,0
4288,AskUK,0
4289,AskUK,0
4290,AskUK,0
4291,AskUK,0
4292,AskUK,0
4293,AskUK,0
4294,AskUK,0
4295,AskUK,0
4296,AskUK,0
4297,AskUK,0
4298,AskUK,0
4299,AskUK,0
4300,AskUK,0
4301,AskUK,0
4302,AskUK,0
4303,AskUK,0
4304,AskUK,0
4305,AskUK,0
4306,AskUK,0
4307,AskUK,0
4308,AskUK,0
4309,AskUK,0
4310,AskUK,0
4311,AskUK,0
4312,AskUK,0
4313,AskUK,0
4314,AskUK,0
4315,AskUK,0
4316,AskUK,0
4317,AskUK,0
4318,AskUK,0
4319,AskUK,0
4320,AskUK,0
4321,AskUK,0
4322,AskUK,0
4323,AskUK,0
4324,AskUK,0
4325,AskUK,0
4326,AskUK,0
4327,AskUK,0
4328,AskUK,0
4329,AskUK,0
4330,AskUK,0
4331,AskUK,0
4332,AskUK,0
4333,AskUK,0
4334,AskUK,0
4335,AskUK,0
4336,AskUK,0
4337,AskUK,0
4338,AskUK,0
4339,AskUK,0
4340,AskUK,0
4341,AskUK,0
4342,AskUK,0
4343,AskUK,0
4344,AskUK,0
4345,AskUK,0
4346,AskUK,0
4347,AskUK,0
4348,AskUK,0
4349,AskUK,0
4350,AskUK,0
4351,AskUK,0
4352,AskUK,0
4353,AskUK,0
4354,AskUK,0
4355,AskUK,0
4356,AskUK,0
4357,AskUK,0
4358,AskUK,0
4359,AskUK,1
4360,AskUK,0
4361,AskUK,0
4362,AskUK,0
4363,AskUK,0
4364,AskUK,0
4365,AskUK,0
4366,AskUK,0
4367,AskUK,0
4368,AskUK,0
4369,AskUK,0
4370,AskUK,0
4371,AskUK,0
4372,AskUK,0
4373,AskUK,0
4374,AskUK,0
4375,AskUK,0
4376,AskUK,0
4377,AskUK,0
4378,AskUK,0
4379,AskUK,0
4380,AskUK,0
4381,AskUK,0
4382,AskUK,0
4383,AskUK,1
4384,AskUK,0
4385,AskUK,0
4386,AskUK,0
4387,AskUK,0
4388,AskUK,0
4389,AskUK,0
4390,AskUK,0
4391,AskUK,0
4392,AskUK,0
4393,AskUK,0
4394,AskUK,0
4395,AskUK,0
4396,AskUK,0
4397,AskUK,0
4398,AskUK,0
4399,AskUK,0
4400,AskUK,0
4401,AskUK,0
4402,AskUK,0
4403,AskUK,0
4404,AskUK,0
4405,AskUK,0
4406,AskUK,0
4407,AskUK,0
4408,AskUK,0
4409,AskUK,0
4410,AskUK,0
4411,AskUK,0
4412,AskUK,0
4413,AskUK,0
4414,AskUK,0
4415,AskUK,0
4416,AskUK,0
4417,AskUK,0
4418,AskUK,0
4419,AskUK,0
4420,AskUK,0
4421,AskUK,0
4422,AskUK,0
4423,AskUK,0
4424,AskUK,0
4425,AskUK,0
4426,AskUK,0
4427,AskUK,0
4428,AskUK,0
4429,AskUK,0
4430,AskUK,0
4431,AskUK,0
4432,AskUK,0
4433,AskUK,0
4434,AskUK,0
4435,AskUK,0
4436,AskUK,0
4437,AskUK,0
4438,AskUK,1
4439,AskUK,0
4440,AskUK,0
4441,AskUK,0
4442,AskUK,0
4443,AskUK,0
4444,AskUK,0
4445,AskUK,0
4446,AskUK,0
4447,AskUK,0
4448,AskUK,0
4449,AskUK,0
4450,AskUK,0
4451,AskUK,0
4452,AskUK,0
4453,AskUK,0
4454,AskUK,0
4455,AskUK,0
4456,AskUK,0
4457,AskUK,0
4458,AskUK,0
4459,AskUK,0
4460,AskUK,0
4461,AskUK,0
4462,AskUK,0
4463,AskUK,0
4464,AskUK,0
4465,AskUK,0
4466,AskUK,0
4467,AskUK,1
4468,AskUK,0
4469,AskUK,0
4470,AskUK,0
4471,AskUK,0
4472,AskUK,0
4473,AskUK,0
4474,AskUK,0
4475,AskUK,0
4476,AskUK,0
4477,AskUK,0
4478,AskUK,0
4479,AskUK,0
4480,AskUK,0
4481,AskUK,0
4482,AskUK,0
4483,AskUK,0
4484,AskUK,0
4485,AskUK,0
4486,AskUK,0
4487,AskUK,0
4488,AskUK,0
4489,AskUK,0
4490,AskUK,0
4491,AskUK,0
4492,AskUK,0
4493,AskUK,0
4494,AskUK,1
4495,AskUK,0
4496,AskUK,0
4497,AskUK,0
4498,AskUK,0
4499,AskUK,0
4500,AskUK,0
4501,AskUK,0
4502,AskUK,0
4503,AskUK,0
4504,AskUK,0
4505,AskUK,1
4506,AskUK,0
4507,AskUK,0
4508,AskUK,0
4509,AskUK,0
4510,AskUK,0
4511,AskUK,0
4512,AskUK,0
4513,AskUK,0
4514,AskUK,0
4515,AskUK,0
4516,AskUK,0
4517,AskUK,0
4518,AskUK,0
4519,AskUK,0
4520,AskUK,0
4521,AskUK,0
4522,AskUK,0
4523,AskUK,0
4524,AskUK,0
4525,AskUK,0
4526,AskUK,0
4527,AskUK,0
4528,AskUK,0
4529,AskUK,0
4530,AskUK,0
4531,AskUK,0
4532,AskUK,0
4533,AskUK,0
4534,AskUK,1
4535,AskUK,0
4536,AskUK,0
4537,AskUK,0
4538,AskUK,0
4539,AskUK,0
4540,AskUK,0
4541,AskUK,0
4542,AskUK,0
4543,AskUK,0
4544,AskUK,0
4545,AskUK,0
4546,AskUK,0
4547,AskUK,0
4548,AskUK,0
4549,AskUK,0
4550,AskUK,0
4551,AskUK,0
4552,AskUK,0
4553,AskUK,0
4554,AskUK,0
4555,AskUK,0
4556,AskUK,1
4557,AskUK,0
4558,AskUK,0
4559,AskUK,0
4560,AskUK,1
4561,AskUK,0
4562,AskUK,0
4563,AskUK,0
4564,AskUK,0
4565,AskUK,0
4566,AskUK,0
4567,AskUK,0
4568,AskUK,0
4569,AskUK,0
4570,AskUK,0
4571,AskUK,0
4572,AskUK,0
4573,AskUK,0
4574,AskUK,0
4575,AskUK,0
4576,AskUK,0
4577,AskUK,0
4578,AskUK,0
4579,AskUK,0
4580,AskUK,0
4581,AskUK,0
4582,AskUK,0
4583,AskUK,0
4584,AskUK,0
4585,AskUK,0
4586,AskUK,0
4587,AskUK,0
4588,AskUK,0
4589,AskUK,0
4590,AskUK,0
4591,AskUK,1
4592,AskUK,0
4593,AskUK,0
4594,AskUK,0
4595,AskUK,0
4596,AskUK,0
4597,AskUK,0
4598,AskUK,0
4599,AskUK,0
4600,AskUK,0
4601,AskUK,0
4602,AskUK,0
4603,AskUK,0
4604,AskUK,0
4605,AskUK,0
4606,AskUK,0
4607,AskUK,0
4608,AskUK,0
4609,AskUK,0
4610,AskUK,0
4611,AskUK,0
4612,AskUK,0
4613,AskUK,0
4614,AskUK,0
4615,AskUK,0
4616,AskUK,0
4617,AskUK,0
4618,AskUK,0
4619,AskUK,0
4620,AskUK,1
4621,AskUK,0
4622,AskUK,1
4623,AskUK,0
4624,AskUK,0
4625,AskUK,0
4626,AskUK,0
4627,AskUK,0
4628,AskUK,0
4629,AskUK,0
4630,AskUK,0
4631,AskUK,0
4632,AskUK,0
4633,AskUK,0
4634,AskUK,0
4635,AskUK,0
4636,AskUK,0
4637,AskUK,0
4638,AskUK,0
4639,AskUK,0
4640,AskUK,0
4641,AskUK,0
4642,AskUK,0
4643,AskUK,0
4644,AskUK,0
4645,AskUK,0
4646,AskUK,1
4647,AskUK,0
4648,AskUK,0
4649,AskUK,0
4650,AskUK,0
4651,AskUK,0
4652,AskUK,0
4653,AskUK,0
4654,AskUK,0
4655,AskUK,0
4656,AskUK,0
4657,AskUK,0
4658,AskUK,0
4659,AskUK,0
4660,AskUK,0
4661,AskUK,0
4662,AskUK,0
4663,AskUK,0
4664,AskUK,0
4665,AskUK,0
4666,AskUK,0
4667,AskUK,0
4668,AskUK,0
4669,AskUK,0
4670,AskUK,0
4671,AskUK,0
4672,AskUK,0
4673,AskUK,0
4674,AskUK,0
4675,AskUK,0
4676,AskUK,0
4677,AskUK,0
4678,AskUK,0
4679,AskUK,0
4680,AskUK,0
4681,AskUK,0
4682,AskUK,0
4683,AskUK,0
4684,AskUK,0
4685,AskUK,0
4686,AskUK,0
4687,AskUK,0
4688,AskUK,0
4689,AskUK,0
4690,AskUK,0
4691,AskUK,0
4692,AskUK,0
4693,AskUK,0
4694,AskUK,0
4695,AskUK,0
4696,AskUK,0
4697,AskUK,0
4698,AskUK,0
4699,AskUK,0
4700,AskUK,0
4701,AskUK,0
4702,AskUK,0
4703,AskUK,0
4704,AskUK,0
4705,AskUK,0
4706,AskUK,0
4707,AskUK,0
4708,AskUK,0
4709,AskUK,0
4710,AskUK,0
4711,AskUK,0
4712,AskUK,0
4713,AskUK,0
4714,AskUK,0
4715,AskUK,0
4716,AskUK,0
4717,AskUK,0
4718,AskUK,0
4719,AskUK,0
4720,AskUK,0
4721,AskUK,0
4722,AskUK,0
4723,AskUK,0
4724,AskUK,0
4725,AskUK,0
4726,AskUK,0
4727,AskUK,0
4728,AskUK,0
4729,AskUK,0
4730,AskUK,0
4731,AskUK,0
4732,AskUK,0
4733,AskUK,0
4734,AskUK,0
4735,AskUK,0
4736,AskUK,0
4737,AskUK,0
4738,AskUK,0
4739,AskUK,0
4740,AskUK,0
4741,AskUK,0
4742,AskUK,0
4743,AskUK,0
4744,AskUK,0
4745,AskUK,0
4746,AskUK,0
4747,AskUK,0
4748,AskUK,0
4749,AskUK,0
4750,AskUK,0
4751,AskUK,0
4752,AskUK,0
4753,AskUK,0
4754,AskUK,0
4755,AskUK,0
4756,AskUK,0
4757,AskUK,0
4758,AskUK,0
4759,AskUK,0
4760,AskUK,0
4761,AskUK,0
4762,AskUK,0
4763,AskUK,0
4764,AskUK,0
4765,AskUK,0
4766,AskUK,0
4767,AskUK,0
4768,AskUK,0
4769,AskUK,0
4770,AskUK,0
4771,AskUK,0
4772,AskUK,0
4773,AskUK,0
4774,AskUK,0
4775,AskUK,0
4776,AskUK,0
4777,AskUK,0
4778,AskUK,0
4779,AskUK,0
4780,AskUK,0
4781,AskUK,0
4782,AskUK,0
4783,AskUK,0
4784,AskUK,0
4785,AskUK,0
4786,AskUK,0
4787,AskUK,0
4788,AskUK,0
4789,AskUK,0
4790,AskUK,0
4791,AskUK,0
4792,AskUK,0
4793,AskUK,0
4794,AskUK,0
4795,AskUK,0
4796,AskUK,0
4797,AskUK,0
4798,AskUK,1
4799,AskUK,0
4800,AskUK,0
4801,AskUK,0
4802,AskUK,0
4803,AskUK,0
4804,AskUK,0
4805,AskUK,0
4806,AskUK,0
4807,AskUK,0
4808,AskUK,0
4809,AskUK,0
4810,AskUK,0
4811,AskUK,0
4812,AskUK,0
4813,AskUK,0
4814,AskUK,0
4815,AskUK,0
4816,AskUK,1
4817,AskUK,0
4818,AskUK,0
4819,AskUK,0
4820,AskUK,0
4821,AskUK,0
4822,AskUK,1
4823,AskUK,0
4824,AskUK,1
4825,AskUK,0
4826,AskUK,0
4827,AskUK,0
4828,AskUK,0
4829,AskUK,0
4830,AskUK,0
4831,AskUK,0
4832,AskUK,0
4833,AskUK,0
4834,AskUK,0
4835,AskUK,0
4836,AskUK,0
4837,AskUK,0
4838,AskUK,0
4839,AskUK,0
4840,AskUK,0
4841,AskUK,0
4842,AskUK,0
4843,AskUK,0
4844,AskUK,0
4845,AskUK,0
4846,AskUK,0
4847,AskUK,0
4848,AskUK,0
4849,AskUK,0
4850,AskUK,0
4851,AskUK,0
4852,AskUK,0
4853,AskUK,0
4854,AskUK,0
4855,AskUK,0
4856,AskUK,0
4857,AskUK,0
4858,AskUK,0
4859,AskUK,1
4860,AskUK,0
4861,AskUK,0
4862,AskUK,0
4863,AskUK,1
4864,AskUK,0
4865,AskUK,0
4866,AskUK,0
4867,AskUK,0
4868,AskUK,0
4869,AskUK,0
4870,AskUK,1
4871,AskUK,0
4872,AskUK,0
4873,AskUK,0
4874,AskUK,0
4875,AskUK,0
4876,AskUK,0
4877,AskUK,0
4878,AskUK,0
4879,AskUK,0
4880,AskUK,0
4881,AskUK,0
4882,AskUK,0
4883,AskUK,0
4884,AskUK,0
4885,AskUK,0
4886,AskUK,0
4887,AskUK,0
4888,AskUK,1
4889,AskUK,0
4890,AskUK,0
4891,AskUK,0
4892,AskUK,1
4893,AskUK,0
4894,AskUK,0
4895,AskUK,0
4896,AskUK,0
4897,AskUK,0
4898,AskUK,0
4899,AskUK,0
4900,AskUK,0
4901,AskUK,0
4902,AskUK,0
4903,AskUK,0
4904,AskUK,0
4905,AskUK,0
4906,AskUK,0
4907,AskUK,0
4908,AskUK,0
4909,AskUK,0
4910,AskUK,0
4911,AskUK,0
4912,AskUK,1
4913,AskUK,0
4914,AskUK,0
4915,AskUK,0
4916,AskUK,0
4917,AskUK,0
4918,AskUK,0
4919,AskUK,0
4920,AskUK,0
4921,AskUK,0
4922,AskUK,0
4923,AskUK,0
4924,AskUK,0
4925,AskUK,0
4926,AskUK,0
4927,AskUK,0
4928,AskUK,0
4929,AskUK,0
4930,AskUK,0
4931,AskUK,0
4932,AskUK,0
4933,AskUK,0
4934,AskUK,0
4935,AskUK,0
4936,AskUK,0
4937,AskUK,0
4938,AskUK,0
4939,AskUK,0
4940,AskUK,0
4941,AskUK,0
4942,AskUK,1
4943,AskUK,1
4944,AskUK,1
4945,AskUK,0
4946,AskUK,1
4947,AskUK,0
4948,AskUK,0
4949,AskUK,0
4950,AskUK,1
4951,AskUK,1
4952,AskUK,1
4953,AskUK,0
4954,AskUK,0
4955,AskUK,0
4956,AskUK,0
4957,AskUK,0
4958,AskUK,0
4959,AskUK,0
4960,AskUK,1
4961,AskUK,0
4962,AskUK,0
4963,AskUK,0
4964,AskUK,0
4965,AskUK,0
4966,AskUK,0
4967,AskUK,0
4968,AskUK,1
4969,AskUK,0
4970,AskUK,0
4971,AskUK,0
4972,AskUK,1
4973,AskUK,1
4974,AskUK,1
4975,AskUK,0
4976,AskUK,0
4977,AskUK,1
4978,AskUK,1
4979,AskUK,0
4980,AskUK,0
4981,AskUK,0
4982,AskUK,0
4983,AskUK,1
4984,AskUK,0
4985,AskUK,0
4986,AskUK,0
4987,AskUK,0
4988,AskUK,1
4989,AskUK,0
4990,AskUK,1
4991,AskUK,0
4992,AskUK,0
4993,AskUK,0
4994,AskUK,0
4995,AskUK,0
4996,AskUK,0
4997,AskUK,0
4998,AskUK,0
4999,AskUK,0
5000,AskUK,1
5001,AskUK,1
5002,AskUK,1
5003,AskUK,0
5004,AskUK,0
5005,AskUK,1
5006,AskUK,1
5007,AskUK,1
5008,AskUK,0
5009,AskUK,1
5010,AskUK,0
5011,AskUK,0
5012,AskUK,0
5013,AskUK,1
5014,AskUK,1
5015,AskUK,1
5016,AskUK,1
5017,AskUK,1
5018,AskUK,1
5019,AskUK,1
5020,AskUK,1
5021,AskUK,1
5022,AskUK,1
5023,AskUK,0
5024,AskUK,1
5025,AskUK,1
5026,AskUK,1
5027,AskUK,0
5028,AskUK,1
5029,AskUK,1
5030,AskUK,1
5031,AskUK,0
5032,AskUK,1
5033,AskUK,1
5034,AskUK,1
5035,AskUK,1
5036,AskUK,1
5037,AskUK,1
5038,AskUK,1
5039,AskUK,1
5040,AskUK,1
5041,AskUK,1
5042,AskUK,0
5043,AskUK,1
5044,AskUK,1
5045,AskUK,1
5046,AskUK,1
5047,AskUK,1
5048,AskUK,1
5049,AskUK,1
5050,AskUK,1
5051,AskUK,1
5052,AskUK,1
5053,AskUK,0
5054,AskUK,1
5055,AskUK,1
5056,AskUK,1
5057,AskUK,0
5058,AskUK,1
5059,AskUK,1
5060,AskUK,1
5061,AskUK,1
5062,AskUK,1
5063,AskUK,1
5064,AskUK,1
5065,AskUK,0
5066,AskUK,1
5067,AskUK,1
5068,AskUK,1
5069,AskUK,1
5070,AskUK,1
5071,AskUK,0
5072,AskUK,1
5073,AskUK,1
5074,AskUK,1
5075,AskUK,0
5076,AskUK,1
5077,AskUK,0
5078,AskUK,0
5079,AskUK,0
5080,AskUK,1
5081,AskUK,1
5082,AskUK,0
5083,AskUK,1
5084,AskUK,1
5085,AskUK,1
5086,AskUK,1
5087,AskUK,1
5088,AskUK,0
5089,AskUK,1
5090,AskUK,1
5091,AskUK,1
5092,AskUK,1
5093,AskUK,0
5094,AskUK,1
5095,AskUK,1
5096,AskUK,1
5097,AskUK,1
5098,AskUK,1
5099,AskUK,0
5100,AskUK,0
5101,AskUK,1
5102,AskUK,1
5103,AskUK,0
5104,AskUK,1
5105,AskUK,1
5106,AskUK,1
5107,AskUK,0
5108,AskUK,1
5109,AskUK,0
5110,AskUK,1
5111,AskUK,0
5112,AskUK,1
5113,AskUK,1
5114,AskUK,1
5115,AskUK,1
5116,AskUK,1
5117,AskUK,1
5118,AskUK,1
5119,AskUK,1
5120,AskUK,0
5121,AskUK,1
5122,AskUK,0
5123,AskUK,1
5124,AskUK,0
5125,AskUK,1
5126,AskUK,0
5127,AskUK,1
5128,AskUK,0
5129,AskUK,0
5130,AskUK,1
5131,AskUK,1
5132,AskUK,1
5133,AskUK,1
5134,AskUK,1
5135,AskUK,1
5136,AskUK,1
5137,AskUK,0
5138,AskUK,1
5139,AskUK,1
5140,AskUK,0
5141,AskUK,1
5142,AskUK,0
5143,AskUK,0
5144,AskUK,1
5145,AskUK,0
5146,AskUK,0
5147,AskUK,1
5148,AskUK,1
5149,AskUK,1
5150,AskUK,1
5151,AskUK,0
5152,AskUK,0
5153,AskUK,1
5154,AskUK,1
5155,AskUK,1
5156,AskUK,0
5157,AskUK,0
5158,AskUK,0
5159,AskUK,0
5160,AskUK,0
5161,AskUK,0
5162,AskUK,0
5163,AskUK,1
5164,AskUK,0
5165,AskUK,1
5166,AskUK,1
5167,AskUK,1
5168,AskUK,1
5169,AskUK,0
5170,AskUK,0
5171,AskUK,1
5172,AskUK,1
5173,AskUK,0
5174,AskUK,1
5175,AskUK,0
5176,AskUK,0
5177,AskUK,1
5178,AskUK,0
5179,AskUK,0
5180,AskUK,1
5181,AskUK,0
5182,AskUK,1
5183,AskUK,0
5184,AskUK,0
5185,AskUK,0
5186,AskUK,0
5187,AskUK,0
5188,AskUK,1
5189,AskUK,0
5190,AskUK,0
5191,AskUK,1
5192,AskUK,0
5193,AskUK,0
5194,AskUK,1
5195,AskUK,0
5196,AskUK,0
5197,AskUK,1
5198,AskUK,0
5199,AskUK,0
5200,AskUK,1
5201,AskUK,0
5202,AskUK,1
5203,AskUK,1
5204,AskUK,0
5205,AskUK,0
5206,AskUK,0
5207,AskUK,1
5208,AskUK,0
5209,AskUK,0
5210,AskUK,0
5211,AskUK,0
5212,AskUK,1
5213,AskUK,0
5214,AskUK,0
5215,AskUK,0
5216,AskUK,0
5217,AskUK,0
5218,AskUK,0
5219,AskUK,0
5220,AskUK,0
5221,AskUK,0
5222,AskUK,0
5223,AskUK,0
5224,AskUK,1
5225,AskUK,0
5226,AskUK,0
5227,AskUK,0
5228,AskUK,0
5229,AskUK,0
5230,AskUK,1
5231,AskUK,0
5232,AskUK,1
5233,AskUK,0
5234,AskUK,0
5235,AskUK,1
5236,AskUK,0
5237,AskUK,1
5238,AskUK,1
5239,AskUK,1
5240,AskUK,1
5241,AskUK,0
5242,AskUK,1
5243,AskUK,0
5244,AskUK,0
5245,AskUK,0
5246,AskUK,0
5247,AskUK,1
5248,AskUK,0
5249,AskUK,0
5250,AskUK,0
5251,AskUK,0
5252,AskUK,0
5253,AskUK,0
5254,AskUK,1
5255,AskUK,1
5256,AskUK,0
5257,AskUK,1
5258,AskUK,0
5259,AskUK,1
5260,AskUK,0
5261,AskUK,0
5262,AskUK,1
5263,AskUK,1
5264,AskUK,0
5265,AskUK,0
5266,AskUK,0
5267,AskUK,1
5268,AskUK,1
5269,AskUK,0
5270,AskUK,0
5271,AskUK,0
5272,AskUK,0
5273,AskUK,0
5274,AskUK,1
5275,AskUK,0
5276,AskUK,0
5277,AskUK,0
5278,AskUK,0
5279,AskUK,0
5280,AskUK,0
5281,AskUK,0
5282,AskUK,0
5283,AskUK,0
5284,AskUK,0
5285,AskUK,0
5286,AskUK,0
5287,AskUK,0
5288,AskUK,0
5289,AskUK,1
5290,AskUK,1
5291,AskUK,0
5292,AskUK,0
5293,AskUK,0
5294,AskUK,0
5295,AskUK,0
5296,AskUK,1
5297,AskUK,0
5298,AskUK,1
5299,AskUK,0
5300,AskUK,0
5301,AskUK,0
5302,AskUK,0
5303,AskUK,0
5304,AskUK,0
5305,AskUK,1
5306,AskUK,0
5307,AskUK,1
5308,AskUK,0
5309,AskUK,1
5310,AskUK,0
5311,AskUK,0
5312,AskUK,1
5313,AskUK,0
5314,AskUK,0
5315,AskUK,0
5316,AskUK,0
5317,AskUK,0
5318,AskUK,0
5319,AskUK,0
5320,AskUK,0
5321,AskUK,0
5322,AskUK,0
5323,AskUK,0
5324,AskUK,0
5325,AskUK,0
5326,AskUK,1
5327,AskUK,0
5328,AskUK,1
5329,AskUK,0
5330,AskUK,0
5331,AskUK,1
5332,AskUK,0
5333,AskUK,0
5334,AskUK,0
5335,AskUK,1
5336,AskUK,0
5337,AskUK,0
5338,AskUK,0
5339,AskUK,0
5340,AskUK,0
5341,AskUK,1
5342,AskUK,0
5343,AskUK,0
5344,AskUK,0
5345,AskUK,0
5346,AskUK,0
5347,AskUK,0
5348,AskUK,1
5349,AskUK,0
5350,AskUK,0
5351,AskUK,0
5352,AskUK,0
5353,AskUK,1
5354,AskUK,0
5355,AskUK,1
5356,AskUK,0
5357,AskUK,0
5358,AskUK,0
5359,AskUK,0
5360,AskUK,0
5361,AskUK,0
5362,AskUK,0
5363,AskUK,0
5364,AskUK,0
5365,AskUK,1
5366,AskUK,0
5367,AskUK,0
5368,AskUK,0
5369,AskUK,0
5370,AskUK,0
5371,AskUK,0
5372,AskUK,0
5373,AskUK,0
5374,AskUK,0
5375,AskUK,0
5376,AskUK,0
5377,AskUK,0
5378,AskUK,0
5379,AskUK,0
5380,AskUK,0
5381,AskUK,0
5382,AskUK,0
5383,AskUK,0
5384,AskUK,0
5385,AskUK,0
5386,AskUK,0
5387,AskUK,0
5388,AskUK,0
5389,AskUK,0
5390,AskUK,0
5391,AskUK,0
5392,AskUK,0
5393,AskUK,0
5394,AskUK,0
5395,AskUK,0
5396,AskUK,0
5397,AskUK,0
5398,AskUK,0
5399,AskUK,0
5400,AskUK,0
5401,AskUK,0
5402,AskUK,0
5403,AskUK,0
5404,AskUK,0
5405,AskUK,0
5406,AskUK,0
5407,AskUK,0
5408,AskUK,0
5409,AskUK,1
5410,AskUK,1
5411,AskUK,0
5412,AskUK,0
5413,AskUK,0
5414,AskUK,0
5415,AskUK,0
5416,AskUK,0
5417,AskUK,0
5418,AskUK,1
5419,AskUK,0
5420,AskUK,0
5421,AskUK,0
5422,AskUK,0
5423,AskUK,0
5424,AskUK,0
5425,AskUK,0
5426,AskUK,0
5427,AskUK,0
5428,AskUK,0
5429,AskUK,1
5430,AskUK,1
5431,AskUK,0
5432,AskUK,1
5433,AskUK,1
5434,AskUK,0
5435,AskUK,0
5436,AskUK,0
5437,AskUK,0
5438,AskUK,0
5439,AskUK,1
5440,AskUK,0
5441,AskUK,0
5442,AskUK,0
5443,AskUK,1
5444,AskUK,0
5445,AskUK,0
5446,AskUK,0
5447,AskUK,0
5448,AskUK,0
5449,AskUK,0
5450,AskUK,0
5451,AskUK,0
5452,AskUK,1
5453,AskUK,0
5454,AskUK,0
5455,AskUK,0
5456,AskUK,1
5457,AskUK,0
5458,AskUK,0
5459,AskUK,0
5460,AskUK,1
5461,AskUK,0
5462,AskUK,0
5463,AskUK,0
5464,AskUK,0
5465,AskUK,0
5466,AskUK,1
5467,AskUK,0
5468,AskUK,0
5469,AskUK,0
5470,AskUK,0
5471,AskUK,0
5472,AskUK,0
5473,AskUK,1
5474,AskUK,0
5475,AskUK,0
5476,AskUK,0
5477,AskUK,0
5478,AskUK,1
5479,AskUK,0
5480,AskUK,0
5481,AskUK,0
5482,AskUK,0
5483,AskUK,0
5484,AskUK,0
5485,AskUK,0
5486,AskUK,0
5487,AskUK,0
5488,AskUK,1
5489,AskUK,0
5490,AskUK,0
5491,AskUK,0
5492,AskUK,0
5493,AskUK,0
5494,AskUK,1
5495,AskUK,0
5496,AskUK,0
5497,AskUK,0
5498,AskUK,0
5499,AskUK,0
5500,AskUK,0
5501,AskUK,0
5502,AskUK,0
5503,AskUK,0
5504,AskUK,0
5505,AskUK,0
5506,AskUK,0
5507,AskUK,0
5508,AskUK,0
5509,AskUK,1
5510,AskUK,0
5511,AskUK,0
5512,AskUK,1
5513,AskUK,0
5514,AskUK,0
5515,AskUK,0
5516,AskUK,1
5517,AskUK,1
5518,AskUK,0
5519,AskUK,0
5520,AskUK,0
5521,AskUK,0
5522,AskUK,0
5523,AskUK,0
5524,AskUK,0
5525,AskUK,1
5526,AskUK,0
5527,AskUK,1
5528,AskUK,0
5529,AskUK,0
5530,AskUK,0
5531,AskUK,0
5532,AskUK,0
5533,AskUK,0
5534,AskUK,0
5535,AskUK,0
5536,AskUK,0
5537,AskUK,0
5538,AskUK,1
5539,AskUK,0
5540,AskUK,0
5541,AskUK,0
5542,AskUK,0
5543,AskUK,0
5544,AskUK,1
5545,AskUK,0
5546,AskUK,0
5547,AskUK,0
5548,AskUK,0
5549,AskUK,0
5550,AskUK,0
5551,AskUK,0
5552,AskUK,1
5553,AskUK,1
5554,AskUK,0
5555,AskUK,0
5556,AskUK,0
5557,AskUK,0
5558,AskUK,0
5559,AskUK,0
5560,AskUK,0
5561,AskUK,0
5562,AskUK,0
5563,AskUK,0
5564,AskUK,0
5565,AskUK,0
5566,AskUK,0
5567,AskUK,0
5568,AskUK,0
5569,AskUK,0
5570,AskUK,0
5571,AskUK,0
5572,AskUK,0
5573,AskUK,1
5574,AskUK,0
5575,AskUK,0
5576,AskUK,0
5577,AskUK,0
5578,AskUK,0
5579,AskUK,0
5580,AskUK,0
5581,AskUK,0
5582,AskUK,0
5583,AskUK,0
5584,AskUK,0
5585,AskUK,0
5586,AskUK,0
5587,AskUK,0
5588,AskUK,0
5589,AskUK,0
5590,AskUK,0
5591,AskUK,0
5592,AskUK,0
5593,AskUK,0
5594,AskUK,0
5595,AskUK,0
5596,AskUK,0
5597,AskUK,0
5598,AskUK,0
5599,AskUK,0
5600,AskUK,1
5601,AskUK,0
5602,AskUK,0
5603,AskUK,0
5604,AskUK,0
5605,AskUK,0
5606,AskUK,0
5607,AskUK,0
5608,AskUK,0
5609,AskUK,0
5610,AskUK,0
5611,AskUK,0
5612,AskUK,0
5613,AskUK,0
5614,AskUK,0
5615,AskUK,0
5616,AskUK,0
5617,AskUK,0
5618,AskUK,0
5619,AskUK,0
5620,AskUK,0
5621,AskUK,0
5622,AskUK,0
5623,AskUK,0
5624,AskUK,0
5625,AskUK,0
5626,AskUK,0
5627,AskUK,0
5628,AskUK,0
5629,AskUK,0
5630,AskUK,0
5631,AskUK,0
5632,AskUK,0
5633,AskUK,0
5634,AskUK,0
5635,AskUK,0
5636,AskUK,0
5637,AskUK,1
5638,AskUK,0
5639,AskUK,0
5640,AskUK,1
5641,AskUK,0
5642,AskUK,1
5643,AskUK,0
5644,AskUK,0
5645,AskUK,0
5646,AskUK,0
5647,AskUK,0
5648,AskUK,0
5649,AskUK,0
5650,AskUK,0
5651,AskUK,0
5652,AskUK,0
5653,AskUK,0
5654,AskUK,0
5655,AskUK,1
5656,AskUK,0
5657,AskUK,0
5658,AskUK,0
5659,AskUK,0
5660,AskUK,0
5661,AskUK,0
5662,AskUK,1
5663,AskUK,0
5664,AskUK,0
5665,AskUK,0
5666,AskUK,0
5667,AskUK,0
5668,AskUK,0
5669,AskUK,0
5670,AskUK,0
5671,AskUK,0
5672,AskUK,1
5673,AskUK,0
5674,AskUK,0
5675,AskUK,0
5676,AskUK,0
5677,AskUK,1
5678,AskUK,0
5679,AskUK,0
5680,AskUK,0
5681,AskUK,0
5682,AskUK,0
5683,AskUK,0
5684,AskUK,0
5685,AskUK,1
5686,AskUK,0
5687,AskUK,1
5688,AskUK,1
5689,AskUK,0
5690,AskUK,0
5691,AskUK,0
5692,AskUK,0
5693,AskUK,0
5694,AskUK,0
5695,AskUK,0
5696,AskUK,0
5697,AskUK,0
5698,AskUK,0
5699,AskUK,0
5700,AskUK,0
5701,AskUK,0
5702,AskUK,0
5703,AskUK,0
5704,AskUK,0
5705,AskUK,0
5706,AskUK,0
5707,AskUK,0
5708,AskUK,0
5709,AskUK,0
5710,AskUK,0
5711,AskUK,0
5712,AskUK,0
5713,AskUK,0
5714,AskUK,0
5715,AskUK,0
5716,AskUK,0
5717,AskUK,0
5718,AskUK,0
5719,AskUK,0
5720,AskUK,0
5721,AskUK,1
5722,AskUK,0
5723,AskUK,1
5724,AskUK,0
5725,AskUK,0
5726,AskUK,0
5727,AskUK,0
5728,AskUK,0
5729,AskUK,0
5730,AskUK,0
5731,AskUK,0
5732,AskUK,0
5733,AskUK,0
5734,AskUK,0
5735,AskUK,0
5736,AskUK,0
5737,AskUK,0
5738,AskUK,0
5739,AskUK,0
5740,AskUK,1
5741,AskUK,0
5742,AskUK,0
5743,AskUK,0
5744,AskUK,0
5745,AskUK,0
5746,AskUK,0
5747,AskUK,0
5748,AskUK,0
5749,AskUK,0
5750,AskUK,0
5751,AskUK,1
5752,AskUK,0
5753,AskUK,0
5754,AskUK,0
5755,AskUK,0
5756,AskUK,1
5757,AskUK,0
5758,AskUK,0
5759,AskUK,1
5760,AskUK,0
5761,AskUK,0
5762,AskUK,0
5763,AskUK,0
5764,AskUK,0
5765,AskUK,0
5766,AskUK,0
5767,AskUK,1
5768,AskUK,0
5769,AskUK,0
5770,AskUK,0
5771,AskUK,0
5772,AskUK,1
5773,AskUK,0
5774,AskUK,0
5775,AskUK,0
5776,AskUK,0
5777,AskUK,0
5778,AskUK,0
5779,AskUK,0
5780,AskUK,1
5781,AskUK,0
5782,AskUK,0
5783,AskUK,1
5784,AskUK,0
5785,AskUK,0
5786,AskUK,0
5787,AskUK,0
5788,AskUK,0
5789,AskUK,0
5790,AskUK,0
5791,AskUK,0
5792,AskUK,0
5793,AskUK,0
5794,AskUK,0
5795,AskUK,0
5796,AskUK,0
5797,AskUK,0
5798,AskUK,0
5799,AskUK,1
5800,AskUK,0
5801,AskUK,0
5802,AskUK,0
5803,AskUK,0
5804,AskUK,0
5805,AskUK,0
5806,AskUK,0
5807,AskUK,0
5808,AskUK,0
5809,AskUK,0
5810,AskUK,0
5811,AskUK,1
5812,AskUK,0
5813,AskUK,0
5814,AskUK,0
5815,AskUK,1
5816,AskUK,0
5817,AskUK,0
5818,AskUK,0
5819,AskUK,0
5820,AskUK,0
5821,AskUK,0
5822,AskUK,0
5823,AskUK,0
5824,AskUK,0
5825,AskUK,0
5826,AskUK,0
5827,AskUK,0
5828,AskUK,0
5829,AskUK,0
5830,AskUK,0
5831,AskUK,0
5832,AskUK,0
5833,AskUK,0
5834,AskUK,0
5835,AskUK,1
5836,AskUK,0
5837,CasualUK,0
5838,CasualUK,0
5839,CasualUK,0
5840,CasualUK,0
5841,CasualUK,1
5842,CasualUK,0
5843,CasualUK,0
5844,CasualUK,0
5845,CasualUK,0
5846,CasualUK,0
5847,CasualUK,0
5848,CasualUK,0
5849,CasualUK,0
5850,CasualUK,0
5851,CasualUK,0
5852,CasualUK,0
5853,CasualUK,0
5854,CasualUK,0
5855,CasualUK,0
5856,CasualUK,0
5857,CasualUK,0
5858,CasualUK,1
5859,CasualUK,0
5860,CasualUK,0
5861,CasualUK,0
5862,CasualUK,0
5863,CasualUK,0
5864,CasualUK,0
5865,CasualUK,0
5866,CasualUK,0
5867,CasualUK,0
5868,CasualUK,0
5869,CasualUK,0
5870,CasualUK,0
5871,CasualUK,0
5872,CasualUK,0
5873,CasualUK,0
5874,CasualUK,0
5875,CasualUK,0
5876,CasualUK,0
5877,CasualUK,0
5878,CasualUK,0
5879,CasualUK,0
5880,CasualUK,0
5881,CasualUK,0
5882,CasualUK,0
5883,CasualUK,0
5884,CasualUK,0
5885,CasualUK,0
5886,CasualUK,0
5887,CasualUK,0
5888,CasualUK,0
5889,CasualUK,0
5890,CasualUK,0
5891,CasualUK,0
5892,CasualUK,0
5893,CasualUK,0
5894,CasualUK,0
5895,CasualUK,0
5896,CasualUK,0
5897,CasualUK,0
5898,CasualUK,0
5899,CasualUK,0
5900,CasualUK,0
5901,CasualUK,0
5902,CasualUK,0
5903,CasualUK,0
5904,CasualUK,0
5905,CasualUK,1
5906,CasualUK,0
5907,CasualUK,0
5908,CasualUK,0
5909,CasualUK,0
5910,CasualUK,0
5911,CasualUK,0
5912,CasualUK,0
5913,CasualUK,0
5914,CasualUK,0
5915,CasualUK,0
5916,CasualUK,0
5917,CasualUK,0
5918,CasualUK,0
5919,CasualUK,0
5920,CasualUK,0
5921,CasualUK,0
5922,CasualUK,0
5923,CasualUK,0
5924,CasualUK,0
5925,CasualUK,0
5926,CasualUK,0
5927,CasualUK,0
5928,CasualUK,0
5929,CasualUK,0
5930,CasualUK,0
5931,CasualUK,0
5932,CasualUK,0
5933,CasualUK,0
5934,CasualUK,0
5935,CasualUK,0
5936,CasualUK,0
5937,CasualUK,0
5938,CasualUK,0
5939,CasualUK,0
5940,CasualUK,0
5941,CasualUK,0
5942,CasualUK,0
5943,CasualUK,0
5944,CasualUK,0
5945,CasualUK,0
5946,CasualUK,0
5947,CasualUK,0
5948,CasualUK,1
5949,CasualUK,0
5950,CasualUK,0
5951,CasualUK,0
5952,CasualUK,0
5953,CasualUK,0
5954,CasualUK,0
5955,CasualUK,0
5956,CasualUK,0
5957,CasualUK,0
5958,CasualUK,0
5959,CasualUK,0
5960,CasualUK,0
5961,CasualUK,0
5962,CasualUK,0
5963,CasualUK,0
5964,CasualUK,0
5965,CasualUK,0
5966,CasualUK,0
5967,CasualUK,0
5968,CasualUK,0
5969,CasualUK,0
5970,CasualUK,0
5971,CasualUK,0
5972,CasualUK,0
5973,CasualUK,0
5974,CasualUK,1
5975,CasualUK,0
5976,CasualUK,0
5977,CasualUK,0
5978,CasualUK,0
5979,CasualUK,0
5980,CasualUK,0
5981,CasualUK,0
5982,CasualUK,0
5983,CasualUK,0
5984,CasualUK,1
5985,CasualUK,0
5986,CasualUK,0
5987,CasualUK,0
5988,CasualUK,0
5989,CasualUK,0
5990,CasualUK,0
5991,CasualUK,0
5992,CasualUK,0
5993,CasualUK,0
5994,CasualUK,0
5995,CasualUK,1
5996,CasualUK,0
5997,CasualUK,0
5998,CasualUK,0
5999,CasualUK,0
6000,CasualUK,0
6001,CasualUK,0
6002,CasualUK,0
6003,CasualUK,0
6004,CasualUK,0
6005,CasualUK,0
6006,CasualUK,0
6007,CasualUK,0
6008,CasualUK,0
6009,CasualUK,0
6010,CasualUK,0
6011,CasualUK,0
6012,CasualUK,0
6013,CasualUK,0
6014,CasualUK,0
6015,CasualUK,0
6016,CasualUK,0
6017,CasualUK,0
6018,CasualUK,0
6019,CasualUK,0
6020,CasualUK,0
6021,CasualUK,0
6022,CasualUK,0
6023,CasualUK,0
6024,CasualUK,0
6025,CasualUK,0
6026,CasualUK,0
6027,CasualUK,0
6028,CasualUK,0
6029,CasualUK,0
6030,CasualUK,0
6031,CasualUK,0
6032,CasualUK,0
6033,CasualUK,0
6034,CasualUK,0
6035,CasualUK,0
6036,CasualUK,1
6037,CasualUK,0
6038,CasualUK,0
6039,CasualUK,0
6040,CasualUK,0
6041,CasualUK,0
6042,CasualUK,0
6043,CasualUK,0
6044,CasualUK,0
6045,CasualUK,0
6046,CasualUK,0
6047,CasualUK,0
6048,CasualUK,0
6049,CasualUK,0
6050,CasualUK,0
6051,CasualUK,0
6052,CasualUK,0
6053,CasualUK,0
6054,CasualUK,0
6055,CasualUK,0
6056,CasualUK,1
6057,CasualUK,0
6058,CasualUK,0
6059,CasualUK,0
6060,CasualUK,0
6061,CasualUK,0
6062,CasualUK,0
6063,CasualUK,0
6064,CasualUK,0
6065,CasualUK,0
6066,CasualUK,0
6067,CasualUK,0
6068,CasualUK,0
6069,CasualUK,0
6070,CasualUK,0
6071,CasualUK,0
6072,CasualUK,0
6073,CasualUK,0
6074,CasualUK,0
6075,CasualUK,0
6076,CasualUK,1
6077,CasualUK,0
6078,CasualUK,0
6079,CasualUK,0
6080,CasualUK,0
6081,CasualUK,0
6082,CasualUK,0
6083,CasualUK,0
6084,CasualUK,0
6085,CasualUK,0
6086,CasualUK,0
6087,CasualUK,0
6088,CasualUK,0
6089,CasualUK,0
6090,CasualUK,0
6091,CasualUK,0
6092,CasualUK,0
6093,CasualUK,0
6094,CasualUK,0
6095,CasualUK,0
6096,CasualUK,0
6097,CasualUK,0
6098,CasualUK,0
6099,CasualUK,0
6100,CasualUK,0
6101,CasualUK,0
6102,CasualUK,0
6103,CasualUK,0
6104,CasualUK,0
6105,CasualUK,0
6106,CasualUK,0
6107,CasualUK,0
6108,CasualUK,0
6109,CasualUK,0
6110,CasualUK,0
6111,CasualUK,0
6112,CasualUK,0
6113,CasualUK,0
6114,CasualUK,0
6115,CasualUK,0
6116,CasualUK,0
6117,CasualUK,0
6118,CasualUK,0
6119,CasualUK,0
6120,CasualUK,0
6121,CasualUK,0
6122,CasualUK,0
6123,CasualUK,0
6124,CasualUK,0
6125,CasualUK,0
6126,CasualUK,0
6127,CasualUK,0
6128,CasualUK,0
6129,CasualUK,0
6130,CasualUK,0
6131,CasualUK,0
6132,CasualUK,0
6133,CasualUK,0
6134,CasualUK,0
6135,CasualUK,0
6136,CasualUK,0
6137,CasualUK,0
6138,CasualUK,0
6139,CasualUK,0
6140,CasualUK,0
6141,CasualUK,1
6142,CasualUK,0
6143,CasualUK,0
6144,CasualUK,0
6145,CasualUK,0
6146,CasualUK,0
6147,CasualUK,0
6148,CasualUK,0
6149,CasualUK,0
6150,CasualUK,0
6151,CasualUK,0
6152,CasualUK,0
6153,CasualUK,0
6154,CasualUK,0
6155,CasualUK,0
6156,CasualUK,0
6157,CasualUK,0
6158,CasualUK,0
6159,CasualUK,0
6160,CasualUK,1
6161,CasualUK,0
6162,CasualUK,0
6163,CasualUK,0
6164,CasualUK,0
6165,CasualUK,0
6166,CasualUK,0
6167,CasualUK,0
6168,CasualUK,0
6169,CasualUK,0
6170,CasualUK,0
6171,CasualUK,0
6172,CasualUK,0
6173,CasualUK,0
6174,CasualUK,0
6175,CasualUK,1
6176,CasualUK,0
6177,CasualUK,0
6178,CasualUK,0
6179,CasualUK,0
6180,CasualUK,1
6181,CasualUK,0
6182,CasualUK,0
6183,CasualUK,0
6184,CasualUK,0
6185,CasualUK,0
6186,CasualUK,0
6187,CasualUK,0
6188,CasualUK,0
6189,CasualUK,0
6190,CasualUK,0
6191,CasualUK,0
6192,CasualUK,0
6193,CasualUK,0
6194,CasualUK,0
6195,CasualUK,0
6196,CasualUK,0
6197,CasualUK,0
6198,CasualUK,0
6199,CasualUK,0
6200,CasualUK,0
6201,CasualUK,0
6202,CasualUK,0
6203,CasualUK,0
6204,CasualUK,0
6205,CasualUK,0
6206,CasualUK,0
6207,CasualUK,0
6208,CasualUK,0
6209,CasualUK,0
6210,CasualUK,0
6211,CasualUK,0
6212,CasualUK,0
6213,CasualUK,0
6214,CasualUK,0
6215,CasualUK,0
6216,CasualUK,0
6217,CasualUK,0
6218,CasualUK,0
6219,CasualUK,0
6220,CasualUK,0
6221,CasualUK,0
6222,CasualUK,0
6223,CasualUK,0
6224,CasualUK,0
6225,CasualUK,0
6226,CasualUK,0
6227,CasualUK,0
6228,CasualUK,0
6229,CasualUK,0
6230,CasualUK,0
6231,CasualUK,0
6232,CasualUK,0
6233,CasualUK,0
6234,CasualUK,0
6235,CasualUK,0
6236,CasualUK,0
6237,CasualUK,0
6238,CasualUK,0
6239,CasualUK,0
6240,CasualUK,0
6241,CasualUK,0
6242,CasualUK,0
6243,CasualUK,0
6244,CasualUK,0
6245,CasualUK,0
6246,CasualUK,0
6247,CasualUK,0
6248,CasualUK,0
6249,CasualUK,0
6250,CasualUK,0
6251,CasualUK,0
6252,CasualUK,0
6253,CasualUK,0
6254,CasualUK,0
6255,CasualUK,0
6256,CasualUK,0
6257,CasualUK,0
6258,CasualUK,0
6259,CasualUK,0
6260,CasualUK,0
6261,CasualUK,0
6262,CasualUK,0
6263,CasualUK,0
6264,CasualUK,0
6265,CasualUK,0
6266,CasualUK,0
6267,CasualUK,0
6268,CasualUK,0
6269,CasualUK,0
6270,CasualUK,0
6271,CasualUK,0
6272,CasualUK,0
6273,CasualUK,0
6274,CasualUK,0
6275,CasualUK,0
6276,CasualUK,0
6277,CasualUK,0
6278,CasualUK,0
6279,CasualUK,0
6280,CasualUK,0
6281,CasualUK,0
6282,CasualUK,0
6283,CasualUK,1
6284,CasualUK,0
6285,CasualUK,0
6286,CasualUK,0
6287,CasualUK,0
6288,CasualUK,0
6289,CasualUK,0
6290,CasualUK,0
6291,CasualUK,0
6292,CasualUK,0
6293,CasualUK,0
6294,CasualUK,0
6295,CasualUK,0
6296,CasualUK,0
6297,CasualUK,0
6298,CasualUK,0
6299,CasualUK,0
6300,CasualUK,0
6301,CasualUK,0
6302,CasualUK,0
6303,CasualUK,0
6304,CasualUK,0
6305,CasualUK,0
6306,CasualUK,0
6307,CasualUK,0
6308,CasualUK,0
6309,CasualUK,0
6310,CasualUK,0
6311,CasualUK,0
6312,CasualUK,0
6313,CasualUK,1
6314,CasualUK,0
6315,CasualUK,0
6316,CasualUK,0
6317,CasualUK,0
6318,CasualUK,0
6319,CasualUK,0
6320,CasualUK,0
6321,CasualUK,0
6322,CasualUK,0
6323,CasualUK,0
6324,CasualUK,0
6325,CasualUK,0
6326,CasualUK,0
6327,CasualUK,0
6328,CasualUK,0
6329,CasualUK,0
6330,CasualUK,0
6331,CasualUK,0
6332,CasualUK,0
6333,CasualUK,0
6334,CasualUK,0
6335,CasualUK,0
6336,CasualUK,0
6337,CasualUK,0
6338,CasualUK,0
6339,CasualUK,0
6340,CasualUK,0
6341,CasualUK,0
6342,CasualUK,0
6343,CasualUK,0
6344,CasualUK,0
6345,CasualUK,0
6346,CasualUK,0
6347,CasualUK,0
6348,CasualUK,0
6349,CasualUK,0
6350,CasualUK,0
6351,CasualUK,0
6352,CasualUK,0
6353,CasualUK,0
6354,CasualUK,0
6355,CasualUK,0
6356,CasualUK,0
6357,CasualUK,0
6358,CasualUK,0
6359,CasualUK,0
6360,CasualUK,0
6361,CasualUK,0
6362,CasualUK,0
6363,CasualUK,0
6364,CasualUK,0
6365,CasualUK,0
6366,CasualUK,0
6367,CasualUK,0
6368,CasualUK,0
6369,CasualUK,0
6370,CasualUK,0
6371,CasualUK,0
6372,CasualUK,0
6373,CasualUK,0
6374,CasualUK,0
6375,CasualUK,0
6376,CasualUK,0
6377,CasualUK,0
6378,CasualUK,0
6379,CasualUK,0
6380,CasualUK,0
6381,CasualUK,0
6382,CasualUK,0
6383,CasualUK,0
6384,CasualUK,0
6385,CasualUK,0
6386,CasualUK,0
6387,CasualUK,0
6388,CasualUK,1
6389,CasualUK,0
6390,CasualUK,0
6391,CasualUK,0
6392,CasualUK,0
6393,CasualUK,0
6394,CasualUK,0
6395,CasualUK,0
6396,CasualUK,0
6397,CasualUK,0
6398,CasualUK,0
6399,CasualUK,0
6400,CasualUK,0
6401,CasualUK,0
6402,CasualUK,0
6403,CasualUK,0
6404,CasualUK,0
6405,CasualUK,0
6406,CasualUK,0
6407,CasualUK,0
6408,CasualUK,0
6409,CasualUK,0
6410,CasualUK,0
6411,CasualUK,0
6412,CasualUK,0
6413,CasualUK,0
6414,CasualUK,0
6415,CasualUK,0
6416,CasualUK,1
6417,CasualUK,0
6418,CasualUK,0
6419,CasualUK,0
6420,CasualUK,0
6421,CasualUK,1
6422,CasualUK,0
6423,CasualUK,0
6424,CasualUK,0
6425,CasualUK,0
6426,CasualUK,0
6427,CasualUK,0
6428,CasualUK,0
6429,CasualUK,0
6430,CasualUK,0
6431,CasualUK,0
6432,CasualUK,0
6433,CasualUK,0
6434,CasualUK,0
6435,CasualUK,0
6436,CasualUK,0
6437,CasualUK,0
6438,CasualUK,0
6439,CasualUK,0
6440,CasualUK,0
6441,CasualUK,0
6442,CasualUK,0
6443,CasualUK,0
6444,CasualUK,0
6445,CasualUK,0
6446,CasualUK,0
6447,CasualUK,0
6448,CasualUK,0
6449,CasualUK,0
6450,CasualUK,0
6451,CasualUK,0
6452,CasualUK,0
6453,CasualUK,0
6454,CasualUK,0
6455,CasualUK,0
6456,CasualUK,0
6457,CasualUK,0
6458,CasualUK,0
6459,CasualUK,0
6460,CasualUK,0
6461,CasualUK,0
6462,CasualUK,0
6463,CasualUK,0
6464,CasualUK,0
6465,CasualUK,0
6466,CasualUK,0
6467,CasualUK,0
6468,CasualUK,0
6469,CasualUK,0
6470,CasualUK,0
6471,CasualUK,0
6472,CasualUK,0
6473,CasualUK,0
6474,CasualUK,0
6475,CasualUK,0
6476,CasualUK,0
6477,CasualUK,0
6478,CasualUK,0
6479,CasualUK,0
6480,CasualUK,0
6481,CasualUK,0
6482,CasualUK,0
6483,CasualUK,0
6484,CasualUK,0
6485,CasualUK,0
6486,CasualUK,0
6487,CasualUK,0
6488,CasualUK,0
6489,CasualUK,0
6490,CasualUK,0
6491,CasualUK,0
6492,CasualUK,0
6493,CasualUK,0
6494,CasualUK,0
6495,CasualUK,0
6496,CasualUK,0
6497,CasualUK,0
6498,CasualUK,0
6499,CasualUK,1
6500,CasualUK,0
6501,CasualUK,0
6502,CasualUK,0
6503,CasualUK,0
6504,CasualUK,0
6505,CasualUK,0
6506,CasualUK,0
6507,CasualUK,0
6508,CasualUK,0
6509,CasualUK,0
6510,CasualUK,0
6511,CasualUK,0
6512,CasualUK,0
6513,CasualUK,0
6514,CasualUK,0
6515,CasualUK,0
6516,CasualUK,0
6517,CasualUK,0
6518,CasualUK,1
6519,CasualUK,0
6520,CasualUK,0
6521,CasualUK,1
6522,CasualUK,0
6523,CasualUK,0
6524,CasualUK,0
6525,CasualUK,0
6526,CasualUK,0
6527,CasualUK,0
6528,CasualUK,0
6529,CasualUK,0
6530,CasualUK,0
6531,CasualUK,0
6532,CasualUK,0
6533,CasualUK,0
6534,CasualUK,0
6535,CasualUK,0
6536,CasualUK,0
6537,CasualUK,0
6538,CasualUK,0
6539,CasualUK,0
6540,CasualUK,0
6541,CasualUK,0
6542,CasualUK,0
6543,CasualUK,0
6544,CasualUK,0
6545,CasualUK,0
6546,CasualUK,0
6547,CasualUK,0
6548,CasualUK,0
6549,CasualUK,0
6550,CasualUK,0
6551,CasualUK,0
6552,CasualUK,0
6553,CasualUK,0
6554,CasualUK,0
6555,CasualUK,0
6556,CasualUK,0
6557,CasualUK,0
6558,CasualUK,0
6559,CasualUK,0
6560,CasualUK,0
6561,CasualUK,0
6562,CasualUK,0
6563,CasualUK,0
6564,CasualUK,0
6565,CasualUK,0
6566,CasualUK,0
6567,CasualUK,0
6568,CasualUK,0
6569,CasualUK,0
6570,CasualUK,0
6571,CasualUK,0
6572,CasualUK,0
6573,CasualUK,0
6574,CasualUK,0
6575,CasualUK,0
6576,CasualUK,0
6577,CasualUK,0
6578,CasualUK,0
6579,CasualUK,0
6580,CasualUK,0
6581,CasualUK,0
6582,CasualUK,0
6583,CasualUK,0
6584,CasualUK,0
6585,CasualUK,0
6586,CasualUK,0
6587,CasualUK,0
6588,CasualUK,0
6589,CasualUK,0
6590,CasualUK,0
6591,CasualUK,0
6592,CasualUK,0
6593,CasualUK,0
6594,CasualUK,0
6595,CasualUK,1
6596,CasualUK,0
6597,CasualUK,0
6598,CasualUK,0
6599,CasualUK,0
6600,CasualUK,0
6601,CasualUK,0
6602,CasualUK,0
6603,CasualUK,1
6604,CasualUK,0
6605,CasualUK,1
6606,CasualUK,0
6607,CasualUK,0
6608,CasualUK,0
6609,CasualUK,0
6610,CasualUK,0
6611,CasualUK,0
6612,CasualUK,0
6613,CasualUK,0
6614,CasualUK,0
6615,CasualUK,0
6616,CasualUK,0
6617,CasualUK,0
6618,CasualUK,0
6619,CasualUK,0
6620,CasualUK,0
6621,CasualUK,0
6622,CasualUK,0
6623,CasualUK,0
6624,CasualUK,0
6625,CasualUK,0
6626,CasualUK,0
6627,CasualUK,0
6628,CasualUK,0
6629,CasualUK,0
6630,CasualUK,0
6631,CasualUK,0
6632,CasualUK,0
6633,CasualUK,0
6634,CasualUK,0
6635,CasualUK,1
6636,CasualUK,0
6637,CasualUK,0
6638,CasualUK,0
6639,CasualUK,0
6640,CasualUK,0
6641,CasualUK,0
6642,CasualUK,0
6643,CasualUK,0
6644,CasualUK,0
6645,CasualUK,0
6646,CasualUK,0
6647,CasualUK,0
6648,CasualUK,0
6649,CasualUK,0
6650,CasualUK,0
6651,CasualUK,0
6652,CasualUK,0
6653,CasualUK,0
6654,CasualUK,0
6655,CasualUK,0
6656,CasualUK,0
6657,CasualUK,0
6658,CasualUK,0
6659,CasualUK,0
6660,CasualUK,0
6661,CasualUK,0
6662,CasualUK,0
6663,CasualUK,0
6664,CasualUK,0
6665,CasualUK,0
6666,CasualUK,0
6667,CasualUK,0
6668,CasualUK,0
6669,CasualUK,0
6670,CasualUK,0
6671,CasualUK,0
6672,CasualUK,0
6673,CasualUK,0
6674,CasualUK,0
6675,CasualUK,0
6676,CasualUK,0
6677,CasualUK,0
6678,CasualUK,0
6679,CasualUK,0
6680,CasualUK,0
6681,CasualUK,0
6682,CasualUK,0
6683,CasualUK,0
6684,CasualUK,0
6685,CasualUK,0
6686,CasualUK,0
6687,CasualUK,0
6688,CasualUK,0
6689,CasualUK,0
6690,CasualUK,0
6691,CasualUK,0
6692,CasualUK,0
6693,CasualUK,0
6694,CasualUK,0
6695,CasualUK,0
6696,CasualUK,0
6697,CasualUK,0
6698,CasualUK,0
6699,CasualUK,1
6700,CasualUK,0
6701,CasualUK,0
6702,CasualUK,0
6703,CasualUK,0
6704,CasualUK,0
6705,CasualUK,0
6706,CasualUK,0
6707,CasualUK,0
6708,CasualUK,0
6709,CasualUK,0
6710,CasualUK,0
6711,CasualUK,0
6712,CasualUK,0
6713,CasualUK,0
6714,CasualUK,0
6715,CasualUK,0
6716,CasualUK,0
6717,CasualUK,0
6718,CasualUK,0
6719,CasualUK,0
6720,CasualUK,0
6721,CasualUK,0
6722,CasualUK,0
6723,CasualUK,0
6724,CasualUK,1
6725,CasualUK,0
6726,CasualUK,0
6727,CasualUK,0
6728,CasualUK,0
6729,CasualUK,0
6730,CasualUK,0
6731,CasualUK,0
6732,CasualUK,0
6733,CasualUK,0
6734,CasualUK,0
6735,CasualUK,0
6736,CasualUK,0
6737,CasualUK,0
6738,CasualUK,0
6739,CasualUK,0
6740,CasualUK,0
6741,CasualUK,0
6742,CasualUK,0
6743,CasualUK,0
6744,CasualUK,0
6745,CasualUK,0
6746,CasualUK,0
6747,CasualUK,0
6748,CasualUK,0
6749,CasualUK,0
6750,CasualUK,0
6751,CasualUK,1
6752,CasualUK,0
6753,CasualUK,0
6754,CasualUK,0
6755,CasualUK,0
6756,CasualUK,0
6757,CasualUK,0
6758,CasualUK,0
6759,CasualUK,0
6760,CasualUK,1
6761,CasualUK,0
6762,CasualUK,0
6763,CasualUK,0
6764,CasualUK,0
6765,CasualUK,0
6766,CasualUK,0
6767,CasualUK,0
6768,CasualUK,0
6769,CasualUK,0
6770,CasualUK,0
6771,CasualUK,0
6772,CasualUK,0
6773,CasualUK,0
6774,CasualUK,1
6775,CasualUK,0
6776,CasualUK,0
6777,CasualUK,0
6778,CasualUK,0
6779,CasualUK,0
6780,CasualUK,0
6781,CasualUK,0
6782,CasualUK,0
6783,CasualUK,0
6784,CasualUK,0
6785,CasualUK,0
6786,CasualUK,0
6787,CasualUK,0
6788,CasualUK,0
6789,CasualUK,0
6790,CasualUK,0
6791,CasualUK,0
6792,CasualUK,0
6793,CasualUK,0
6794,CasualUK,0
6795,CasualUK,0
6796,CasualUK,0
6797,CasualUK,0
6798,CasualUK,0
6799,CasualUK,0
6800,CasualUK,0
6801,CasualUK,0
6802,CasualUK,0
6803,CasualUK,0
6804,CasualUK,0
6805,CasualUK,0
6806,CasualUK,0
6807,CasualUK,0
6808,CasualUK,0
6809,CasualUK,0
6810,CasualUK,0
6811,CasualUK,0
6812,CasualUK,0
6813,CasualUK,0
6814,CasualUK,0
6815,CasualUK,0
6816,CasualUK,0
6817,CasualUK,0
6818,CasualUK,0
6819,CasualUK,0
6820,CasualUK,0
6821,CasualUK,0
6822,CasualUK,0
6823,CasualUK,0
6824,CasualUK,0
6825,CasualUK,0
6826,CasualUK,0
6827,CasualUK,0
6828,CasualUK,0
6829,CasualUK,0
6830,CasualUK,0
6831,CasualUK,0
6832,CasualUK,0
6833,CasualUK,0
6834,CasualUK,0
6835,CasualUK,0
6836,CasualUK,0
6837,CasualUK,0
6838,CasualUK,0
6839,CasualUK,1
6840,CasualUK,0
6841,CasualUK,0
6842,CasualUK,0
6843,CasualUK,0
6844,CasualUK,0
6845,CasualUK,0
6846,CasualUK,0
6847,CasualUK,0
6848,CasualUK,0
6849,CasualUK,0
6850,CasualUK,0
6851,CasualUK,0
6852,CasualUK,0
6853,CasualUK,0
6854,CasualUK,0
6855,CasualUK,0
6856,CasualUK,0
6857,CasualUK,0
6858,CasualUK,0
6859,CasualUK,0
6860,CasualUK,0
6861,CasualUK,0
6862,CasualUK,0
6863,CasualUK,0
6864,CasualUK,0
6865,CasualUK,0
6866,CasualUK,0
6867,CasualUK,0
6868,CasualUK,0
6869,CasualUK,0
6870,CasualUK,0
6871,CasualUK,0
6872,CasualUK,0
6873,CasualUK,0
6874,CasualUK,0
6875,CasualUK,0
6876,CasualUK,0
6877,CasualUK,0
6878,CasualUK,0
6879,CasualUK,0
6880,CasualUK,0
6881,CasualUK,0
6882,CasualUK,0
6883,CasualUK,0
6884,CasualUK,0
6885,CasualUK,1
6886,CasualUK,1
6887,CasualUK,1
6888,CasualUK,0
6889,CasualUK,0
6890,CasualUK,0
6891,CasualUK,0
6892,CasualUK,0
6893,CasualUK,0
6894,CasualUK,0
6895,CasualUK,0
6896,CasualUK,0
6897,CasualUK,0
6898,CasualUK,0
6899,CasualUK,0
6900,CasualUK,0
6901,CasualUK,0
6902,CasualUK,1
6903,CasualUK,1
6904,CasualUK,0
6905,CasualUK,0
6906,CasualUK,0
6907,CasualUK,0
6908,CasualUK,0
6909,CasualUK,0
6910,CasualUK,0
6911,CasualUK,0
6912,CasualUK,0
6913,CasualUK,0
6914,CasualUK,0
6915,CasualUK,0
6916,CasualUK,0
6917,CasualUK,0
6918,CasualUK,0
6919,CasualUK,1
6920,CasualUK,0
6921,CasualUK,0
6922,CasualUK,0
6923,CasualUK,0
6924,CasualUK,0
6925,CasualUK,0
6926,CasualUK,0
6927,CasualUK,0
6928,CasualUK,0
6929,CasualUK,0
6930,CasualUK,0
6931,CasualUK,0
6932,CasualUK,0
6933,CasualUK,0
6934,CasualUK,0
6935,CasualUK,0
6936,CasualUK,0
6937,CasualUK,0
6938,CasualUK,0
6939,CasualUK,0
6940,CasualUK,0
6941,CasualUK,0
6942,CasualUK,0
6943,CasualUK,0
6944,CasualUK,0
6945,CasualUK,0
6946,CasualUK,0
6947,CasualUK,0
6948,CasualUK,0
6949,CasualUK,0
6950,CasualUK,0
6951,CasualUK,0
6952,CasualUK,0
6953,CasualUK,0
6954,CasualUK,0
6955,CasualUK,0
6956,CasualUK,0
6957,CasualUK,0
6958,CasualUK,0
6959,CasualUK,0
6960,CasualUK,0
6961,CasualUK,0
6962,CasualUK,0
6963,CasualUK,0
6964,CasualUK,0
6965,CasualUK,0
6966,CasualUK,0
6967,CasualUK,0
6968,CasualUK,1
6969,CasualUK,0
6970,CasualUK,0
6971,CasualUK,0
6972,CasualUK,0
6973,CasualUK,0
6974,CasualUK,0
6975,CasualUK,0
6976,CasualUK,0
6977,CasualUK,0
6978,CasualUK,0
6979,CasualUK,0
6980,CasualUK,0
6981,CasualUK,0
6982,CasualUK,0
6983,CasualUK,0
6984,CasualUK,0
6985,CasualUK,0
6986,CasualUK,0
6987,CasualUK,0
6988,CasualUK,0
6989,CasualUK,0
6990,CasualUK,0
6991,CasualUK,0
6992,CasualUK,0
6993,CasualUK,1
6994,CasualUK,0
6995,CasualUK,0
6996,CasualUK,0
6997,CasualUK,0
6998,CasualUK,1
6999,CasualUK,0
7000,CasualUK,0
7001,CasualUK,0
7002,CasualUK,0
7003,CasualUK,0
7004,CasualUK,0
7005,CasualUK,0
7006,CasualUK,0
7007,CasualUK,0
7008,CasualUK,0
7009,CasualUK,0
7010,CasualUK,0
7011,CasualUK,0
7012,CasualUK,0
7013,CasualUK,0
7014,CasualUK,0
7015,CasualUK,0
7016,CasualUK,0
7017,CasualUK,0
7018,CasualUK,0
7019,CasualUK,0
7020,CasualUK,0
7021,CasualUK,0
7022,CasualUK,0
7023,CasualUK,0
7024,CasualUK,0
7025,CasualUK,0
7026,CasualUK,0
7027,CasualUK,1
7028,CasualUK,0
7029,CasualUK,0
7030,CasualUK,0
7031,CasualUK,0
7032,CasualUK,0
7033,CasualUK,0
7034,CasualUK,0
7035,CasualUK,0
7036,CasualUK,0
7037,CasualUK,0
7038,CasualUK,0
7039,CasualUK,0
7040,CasualUK,1
7041,CasualUK,0
7042,CasualUK,0
7043,CasualUK,1
7044,CasualUK,0
7045,CasualUK,0
7046,CasualUK,0
7047,CasualUK,0
7048,CasualUK,1
7049,CasualUK,0
7050,CasualUK,0
7051,CasualUK,0
7052,CasualUK,0
7053,CasualUK,0
7054,CasualUK,0
7055,CasualUK,0
7056,CasualUK,0
7057,CasualUK,0
7058,CasualUK,0
7059,CasualUK,0
7060,CasualUK,0
7061,CasualUK,0
7062,CasualUK,0
7063,CasualUK,0
7064,CasualUK,0
7065,CasualUK,0
7066,CasualUK,0
7067,CasualUK,0
7068,CasualUK,0
7069,CasualUK,0
7070,CasualUK,0
7071,CasualUK,0
7072,CasualUK,0
7073,CasualUK,0
7074,CasualUK,0
7075,CasualUK,0
7076,CasualUK,0
7077,CasualUK,0
7078,CasualUK,0
7079,CasualUK,0
7080,CasualUK,0
7081,CasualUK,0
7082,CasualUK,0
7083,CasualUK,0
7084,CasualUK,0
7085,CasualUK,0
7086,CasualUK,1
7087,CasualUK,0
7088,CasualUK,0
7089,CasualUK,0
7090,CasualUK,0
7091,CasualUK,0
7092,CasualUK,0
7093,CasualUK,0
7094,CasualUK,0
7095,CasualUK,0
7096,CasualUK,0
7097,CasualUK,0
7098,CasualUK,0
7099,CasualUK,0
7100,CasualUK,0
7101,CasualUK,0
7102,CasualUK,0
7103,CasualUK,0
7104,CasualUK,0
7105,CasualUK,0
7106,CasualUK,0
7107,CasualUK,0
7108,CasualUK,0
7109,CasualUK,0
7110,CasualUK,0
7111,CasualUK,0
7112,CasualUK,0
7113,CasualUK,0
7114,CasualUK,0
7115,CasualUK,0
7116,CasualUK,0
7117,CasualUK,0
7118,CasualUK,0
7119,CasualUK,0
7120,CasualUK,0
7121,CasualUK,0
7122,CasualUK,0
7123,CasualUK,0
7124,CasualUK,0
7125,CasualUK,0
7126,CasualUK,0
7127,CasualUK,0
7128,CasualUK,0
7129,CasualUK,0
7130,CasualUK,0
7131,CasualUK,0
7132,CasualUK,0
7133,CasualUK,0
7134,CasualUK,0
7135,CasualUK,0
7136,CasualUK,0
7137,CasualUK,0
7138,CasualUK,0
7139,CasualUK,0
7140,CasualUK,0
7141,CasualUK,0
7142,CasualUK,0
7143,CasualUK,0
7144,CasualUK,0
7145,CasualUK,0
7146,CasualUK,1
7147,CasualUK,0
7148,CasualUK,0
7149,CasualUK,0
7150,CasualUK,0
7151,CasualUK,0
7152,CasualUK,0
7153,CasualUK,0
7154,CasualUK,0
7155,CasualUK,0
7156,CasualUK,0
7157,CasualUK,0
7158,CasualUK,0
7159,CasualUK,0
7160,CasualUK,0
7161,CasualUK,0
7162,CasualUK,0
7163,CasualUK,0
7164,CasualUK,0
7165,CasualUK,0
7166,CasualUK,0
7167,CasualUK,0
7168,CasualUK,0
7169,CasualUK,0
7170,CasualUK,0
7171,CasualUK,0
7172,CasualUK,0
7173,CasualUK,0
7174,CasualUK,0
7175,CasualUK,0
7176,CasualUK,0
7177,CasualUK,0
7178,CasualUK,0
7179,CasualUK,0
7180,CasualUK,0
7181,CasualUK,0
7182,CasualUK,1
7183,CasualUK,0
7184,CasualUK,0
7185,CasualUK,0
7186,CasualUK,0
7187,CasualUK,0
7188,CasualUK,0
7189,CasualUK,0
7190,CasualUK,0
7191,CasualUK,0
7192,CasualUK,0
7193,CasualUK,0
7194,CasualUK,0
7195,CasualUK,0
7196,CasualUK,0
7197,CasualUK,0
7198,CasualUK,0
7199,CasualUK,0
7200,CasualUK,1
7201,CasualUK,0
7202,CasualUK,0
7203,CasualUK,0
7204,CasualUK,1
7205,CasualUK,0
7206,CasualUK,0
7207,CasualUK,0
7208,CasualUK,0
7209,CasualUK,0
7210,CasualUK,0
7211,CasualUK,0
7212,CasualUK,0
7213,CasualUK,0
7214,CasualUK,0
7215,CasualUK,0
7216,CasualUK,0
7217,CasualUK,0
7218,CasualUK,0
7219,CasualUK,0
7220,CasualUK,0
7221,CasualUK,0
7222,CasualUK,0
7223,CasualUK,0
7224,CasualUK,0
7225,CasualUK,0
7226,CasualUK,0
7227,CasualUK,0
7228,CasualUK,0
7229,CasualUK,0
7230,CasualUK,1
7231,CasualUK,0
7232,CasualUK,0
7233,CasualUK,0
7234,CasualUK,0
7235,CasualUK,0
7236,CasualUK,0
7237,CasualUK,0
7238,CasualUK,0
7239,CasualUK,0
7240,CasualUK,0
7241,CasualUK,0
7242,CasualUK,0
7243,CasualUK,0
7244,CasualUK,0
7245,CasualUK,0
7246,CasualUK,0
7247,CasualUK,0
7248,CasualUK,0
7249,CasualUK,0
7250,CasualUK,0
7251,CasualUK,0
7252,CasualUK,0
7253,CasualUK,0
7254,CasualUK,0
7255,CasualUK,0
7256,CasualUK,0
7257,CasualUK,0
7258,CasualUK,0
7259,CasualUK,0
7260,CasualUK,0
7261,CasualUK,0
7262,CasualUK,0
7263,CasualUK,0
7264,CasualUK,0
7265,CasualUK,0
7266,CasualUK,0
7267,CasualUK,0
7268,CasualUK,0
7269,CasualUK,0
7270,CasualUK,0
7271,CasualUK,0
7272,CasualUK,0
7273,CasualUK,0
7274,CasualUK,0
7275,CasualUK,0
7276,CasualUK,0
7277,CasualUK,0
7278,CasualUK,0
7279,CasualUK,0
7280,CasualUK,0
7281,CasualUK,0
7282,CasualUK,0
7283,CasualUK,0
7284,CasualUK,0
7285,CasualUK,0
7286,CasualUK,0
7287,CasualUK,0
7288,CasualUK,0
7289,CasualUK,0
7290,CasualUK,0
7291,CasualUK,0
7292,CasualUK,0
7293,CasualUK,0
7294,CasualUK,0
7295,CasualUK,0
7296,CasualUK,0
7297,CasualUK,0
7298,CasualUK,0
7299,CasualUK,0
7300,CasualUK,0
7301,CasualUK,0
7302,CasualUK,0
7303,CasualUK,0
7304,CasualUK,0
7305,CasualUK,0
7306,CasualUK,0
7307,CasualUK,0
7308,CasualUK,0
7309,CasualUK,0
7310,CasualUK,0
7311,CasualUK,0
7312,CasualUK,0
7313,CasualUK,0
7314,CasualUK,0
7315,CasualUK,0
7316,CasualUK,0
7317,CasualUK,0
7318,CasualUK,0
7319,CasualUK,0
7320,CasualUK,1
7321,CasualUK,1
7322,CasualUK,0
7323,CasualUK,0
7324,CasualUK,0
7325,CasualUK,0
7326,CasualUK,0
7327,CasualUK,1
7328,CasualUK,1
7329,CasualUK,1
7330,CasualUK,1
7331,CasualUK,1
7332,CasualUK,1
7333,CasualUK,1
7334,CasualUK,1
7335,CasualUK,1
7336,CasualUK,1
7337,CasualUK,0
7338,CasualUK,1
7339,CasualUK,1
7340,CasualUK,1
7341,CasualUK,1
7342,CasualUK,0
7343,CasualUK,0
7344,CasualUK,1
7345,CasualUK,0
7346,CasualUK,1
7347,CasualUK,1
7348,CasualUK,0
7349,CasualUK,1
7350,CasualUK,0
7351,CasualUK,1
7352,CasualUK,0
7353,CasualUK,1
7354,CasualUK,1
7355,CasualUK,0
7356,CasualUK,1
7357,CasualUK,0
7358,CasualUK,0
7359,CasualUK,0
7360,CasualUK,0
7361,CasualUK,0
7362,CasualUK,1
7363,CasualUK,1
7364,CasualUK,1
7365,CasualUK,0
7366,CasualUK,0
7367,CasualUK,0
7368,CasualUK,0
7369,CasualUK,0
7370,CasualUK,0
7371,CasualUK,0
7372,CasualUK,1
7373,CasualUK,0
7374,CasualUK,1
7375,CasualUK,0
7376,CasualUK,0
7377,CasualUK,0
7378,CasualUK,0
7379,CasualUK,1
7380,CasualUK,1
7381,CasualUK,1
7382,CasualUK,1
7383,CasualUK,1
7384,CasualUK,0
7385,CasualUK,0
7386,CasualUK,0
7387,CasualUK,0
7388,CasualUK,0
7389,CasualUK,0
7390,CasualUK,0
7391,CasualUK,0
7392,CasualUK,0
7393,CasualUK,0
7394,CasualUK,0
7395,CasualUK,0
7396,CasualUK,0
7397,CasualUK,0
7398,CasualUK,0
7399,CasualUK,1
7400,CasualUK,0
7401,CasualUK,0
7402,CasualUK,0
7403,CasualUK,0
7404,CasualUK,0
7405,CasualUK,0
7406,CasualUK,0
7407,CasualUK,0
7408,CasualUK,0
7409,CasualUK,0
7410,CasualUK,0
7411,CasualUK,0
7412,CasualUK,0
7413,CasualUK,0
7414,CasualUK,0
7415,CasualUK,0
7416,CasualUK,0
7417,CasualUK,0
7418,CasualUK,0
7419,CasualUK,0
7420,CasualUK,0
7421,CasualUK,0
7422,CasualUK,0
7423,CasualUK,0
7424,CasualUK,0
7425,CasualUK,0
7426,CasualUK,0
7427,CasualUK,0
7428,CasualUK,0
7429,CasualUK,0
7430,CasualUK,0
7431,CasualUK,0
7432,CasualUK,0
7433,CasualUK,0
7434,CasualUK,0
7435,CasualUK,0
7436,CasualUK,0
7437,CasualUK,1
7438,CasualUK,0
7439,CasualUK,0
7440,CasualUK,0
7441,CasualUK,1
7442,CasualUK,0
7443,CasualUK,0
7444,CasualUK,0
7445,CasualUK,0
7446,CasualUK,0
7447,CasualUK,0
7448,CasualUK,1
7449,CasualUK,0
7450,CasualUK,0
7451,CasualUK,0
7452,CasualUK,0
7453,CasualUK,0
7454,CasualUK,0
7455,CasualUK,0
7456,CasualUK,0
7457,CasualUK,0
7458,CasualUK,0
7459,CasualUK,0
7460,CasualUK,0
7461,CasualUK,0
7462,CasualUK,0
7463,CasualUK,1
7464,CasualUK,0
7465,CasualUK,0
7466,CasualUK,0
7467,CasualUK,0
7468,CasualUK,0
7469,CasualUK,0
7470,CasualUK,0
7471,CasualUK,0
7472,CasualUK,0
7473,CasualUK,0
7474,CasualUK,0
7475,CasualUK,0
7476,CasualUK,0
7477,CasualUK,0
7478,CasualUK,0
7479,CasualUK,0
7480,CasualUK,0
7481,CasualUK,0
7482,CasualUK,0
7483,England,0
7484,England,0
7485,England,0
7486,England,0
7487,England,0
7488,England,0
7489,England,0
7490,England,0
7491,England,0
7492,England,0
7493,England,0
7494,England,0
7495,England,0
7496,England,0
7497,England,0
7498,England,0
7499,England,0
7500,England,0
7501,England,0
7502,England,0
7503,England,0
7504,England,0
7505,England,0
7506,England,0
7507,England,0
7508,England,1
7509,England,0
7510,England,0
7511,England,0
7512,England,0
7513,England,0
7514,England,0
7515,England,0
7516,England,0
7517,England,1
7518,England,0
7519,England,1
7520,England,0
7521,England,0
7522,England,0
7523,England,0
7524,England,0
7525,England,0
7526,England,0
7527,England,0
7528,England,0
7529,England,0
7530,England,0
7531,England,0
7532,England,0
7533,England,0
7534,England,0
7535,England,0
7536,England,0
7537,England,1
7538,England,0
7539,England,0
7540,England,0
7541,England,1
7542,England,0
7543,England,0
7544,FreeSpeech,0
7545,FreeSpeech,0
7546,FreeSpeech,0
7547,FreeSpeech,0
7548,FreeSpeech,0
7549,FreeSpeech,0
7550,FreeSpeech,0
7551,FreeSpeech,0
7552,FreeSpeech,0
7553,FreeSpeech,0
7554,FreeSpeech,0
7555,FreeSpeech,0
7556,FreeSpeech,0
7557,FreeSpeech,0
7558,FreeSpeech,0
7559,FreeSpeech,0
7560,FreeSpeech,0
7561,FreeSpeech,0
7562,FreeSpeech,0
7563,FreeSpeech,0
7564,FreeSpeech,1
7565,FreeSpeech,0
7566,FreeSpeech,0
7567,FreeSpeech,0
7568,FreeSpeech,0
7569,FreeSpeech,0
7570,FreeSpeech,0
7571,FreeSpeech,0
7572,FreeSpeech,0
7573,FreeSpeech,1
7574,FreeSpeech,1
7575,FreeSpeech,1
7576,FreeSpeech,0
7577,FreeSpeech,1
7578,FreeSpeech,1
7579,FreeSpeech,0
7580,FreeSpeech,0
7581,FreeSpeech,0
7582,FreeSpeech,0
7583,FreeSpeech,0
7584,FreeSpeech,0
7585,FreeSpeech,0
7586,FreeSpeech,0
7587,FreeSpeech,0
7588,FreeSpeech,0
7589,FreeSpeech,0
7590,FreeSpeech,0
7591,FreeSpeech,0
7592,FreeSpeech,1
7593,FreeSpeech,0
7594,FreeSpeech,0
7595,FreeSpeech,0
7596,FreeSpeech,1
7597,FreeSpeech,1
7598,FreeSpeech,0
7599,FreeSpeech,0
7600,FreeSpeech,1
7601,FreeSpeech,0
7602,FreeSpeech,0
7603,FreeSpeech,0
7604,FreeSpeech,0
7605,FreeSpeech,0
7606,FreeSpeech,0
7607,FreeSpeech,1
7608,FreeSpeech,1
7609,FreeSpeech,0
7610,FreeSpeech,0
7611,FreeSpeech,0
7612,FreeSpeech,1
7613,FreeSpeech,0
7614,FreeSpeech,0
7615,FreeSpeech,0
7616,FreeSpeech,1
7617,FreeSpeech,0
7618,FreeSpeech,0
7619,FreeSpeech,0
7620,FreeSpeech,0
7621,FreeSpeech,0
7622,FreeSpeech,0
7623,FreeSpeech,1
7624,FreeSpeech,0
7625,FreeSpeech,0
7626,FreeSpeech,0
7627,FreeSpeech,0
7628,FreeSpeech,0
7629,FreeSpeech,0
7630,FreeSpeech,0
7631,FreeSpeech,1
7632,FreeSpeech,0
7633,FreeSpeech,0
7634,FreeSpeech,1
7635,FreeSpeech,0
7636,FreeSpeech,0
7637,FreeSpeech,1
7638,FreeSpeech,0
7639,FreeSpeech,0
7640,FreeSpeech,1
7641,FreeSpeech,0
7642,FreeSpeech,0
7643,FreeSpeech,0
7644,FreeSpeech,0
7645,FreeSpeech,0
7646,FreeSpeech,0
7647,FreeSpeech,0
7648,FreeSpeech,1
7649,FreeSpeech,0
7650,FreeSpeech,0
7651,FreeSpeech,0
7652,FreeSpeech,0
7653,FreeSpeech,0
7654,FreeSpeech,1
7655,FreeSpeech,0
7656,FreeSpeech,0
7657,FreeSpeech,0
7658,FreeSpeech,0
7659,FreeSpeech,0
7660,FreeSpeech,0
7661,FreeSpeech,0
7662,FreeSpeech,0
7663,FreeSpeech,0
7664,FreeSpeech,0
7665,FreeSpeech,0
7666,FreeSpeech,0
7667,FreeSpeech,0
7668,FreeSpeech,0
7669,FreeSpeech,0
7670,FreeSpeech,0
7671,FreeSpeech,0
7672,FreeSpeech,0
7673,FreeSpeech,0
7674,FreeSpeech,1
7675,FreeSpeech,0
7676,FreeSpeech,0
7677,FreeSpeech,1
7678,FreeSpeech,1
7679,FreeSpeech,1
7680,FreeSpeech,0
7681,FreeSpeech,0
7682,FreeSpeech,0
7683,FreeSpeech,1
7684,FreeSpeech,0
7685,FreeSpeech,0
7686,FreeSpeech,0
7687,FreeSpeech,0
7688,FreeSpeech,0
7689,FreeSpeech,0
7690,FreeSpeech,0
7691,FreeSpeech,0
7692,FreeSpeech,0
7693,FreeSpeech,0
7694,FreeSpeech,0
7695,FreeSpeech,0
7696,FreeSpeech,0
7697,FreeSpeech,0
7698,FreeSpeech,0
7699,FreeSpeech,0
7700,FreeSpeech,0
7701,FreeSpeech,0
7702,FreeSpeech,0
7703,FreeSpeech,0
7704,FreeSpeech,0
7705,FreeSpeech,0
7706,FreeSpeech,0
7707,FreeSpeech,0
7708,FreeSpeech,0
7709,FreeSpeech,1
7710,FreeSpeech,0
7711,FreeSpeech,0
7712,FreeSpeech,0
7713,FreeSpeech,0
7714,FreeSpeech,0
7715,FreeSpeech,0
7716,FreeSpeech,0
7717,FreeSpeech,1
7718,FreeSpeech,0
7719,FreeSpeech,0
7720,FreeSpeech,0
7721,FreeSpeech,0
7722,FreeSpeech,0
7723,FreeSpeech,0
7724,FreeSpeech,0
7725,FreeSpeech,0
7726,FreeSpeech,0
7727,FreeSpeech,0
7728,FreeSpeech,1
7729,FreeSpeech,0
7730,FreeSpeech,1
7731,FreeSpeech,0
7732,FreeSpeech,0
7733,FreeSpeech,0
7734,FreeSpeech,0
7735,FreeSpeech,0
7736,FreeSpeech,0
7737,FreeSpeech,0
7738,FreeSpeech,1
7739,FreeSpeech,1
7740,FreeSpeech,0
7741,FreeSpeech,0
7742,FreeSpeech,1
7743,FreeSpeech,0
7744,FreeSpeech,0
7745,FreeSpeech,1
7746,FreeSpeech,1
7747,FreeSpeech,1
7748,FreeSpeech,1
7749,FreeSpeech,0
7750,FreeSpeech,0
7751,FreeSpeech,0
7752,FreeSpeech,0
7753,FreeSpeech,0
7754,FreeSpeech,0
7755,FreeSpeech,0
7756,FreeSpeech,0
7757,FreeSpeech,1
7758,FreeSpeech,0
7759,FreeSpeech,0
7760,FreeSpeech,0
7761,FreeSpeech,0
7762,FreeSpeech,0
7763,FreeSpeech,0
7764,FreeSpeech,1
7765,FreeSpeech,0
7766,FreeSpeech,0
7767,FreeSpeech,0
7768,FreeSpeech,0
7769,FreeSpeech,0
7770,FreeSpeech,0
7771,FreeSpeech,1
7772,FreeSpeech,1
7773,FreeSpeech,0
7774,FreeSpeech,0
7775,FreeSpeech,0
7776,FreeSpeech,0
7777,FreeSpeech,0
7778,FreeSpeech,0
7779,FreeSpeech,1
7780,FreeSpeech,0
7781,FreeSpeech,0
7782,FreeSpeech,0
7783,FreeSpeech,1
7784,FreeSpeech,1
7785,FreeSpeech,0
7786,FreeSpeech,0
7787,FreeSpeech,0
7788,FreeSpeech,0
7789,FreeSpeech,0
7790,FreeSpeech,0
7791,FreeSpeech,0
7792,FreeSpeech,0
7793,FreeSpeech,0
7794,FreeSpeech,0
7795,FreeSpeech,0
7796,FreeSpeech,0
7797,FreeSpeech,0
7798,FreeSpeech,0
7799,FreeSpeech,1
7800,FreeSpeech,0
7801,FreeSpeech,0
7802,FreeSpeech,0
7803,FreeSpeech,0
7804,FreeSpeech,0
7805,FreeSpeech,0
7806,FreeSpeech,0
7807,FreeSpeech,0
7808,FreeSpeech,0
7809,FreeSpeech,0
7810,FreeSpeech,1
7811,FreeSpeech,0
7812,FreeSpeech,0
7813,FreeSpeech,0
7814,FreeSpeech,0
7815,FreeSpeech,1
7816,FreeSpeech,0
7817,FreeSpeech,0
7818,FreeSpeech,0
7819,FreeSpeech,1
7820,FreeSpeech,1
7821,FreeSpeech,1
7822,FreeSpeech,1
7823,FreeSpeech,1
7824,FreeSpeech,0
7825,FreeSpeech,0
7826,FreeSpeech,0
7827,FreeSpeech,1
7828,FreeSpeech,1
7829,FreeSpeech,0
7830,FreeSpeech,1
7831,FreeSpeech,0
7832,FreeSpeech,1
7833,FreeSpeech,1
7834,FreeSpeech,0
7835,FreeSpeech,1
7836,FreeSpeech,0
7837,FreeSpeech,0
7838,FreeSpeech,0
7839,FreeSpeech,0
7840,FreeSpeech,0
7841,FreeSpeech,0
7842,FreeSpeech,1
7843,FreeSpeech,0
7844,FreeSpeech,0
7845,FreeSpeech,1
7846,FreeSpeech,0
7847,FreeSpeech,0
7848,FreeSpeech,0
7849,FreeSpeech,0
7850,FreeSpeech,0
7851,FreeSpeech,1
7852,FreeSpeech,0
7853,FreeSpeech,0
7854,FreeSpeech,0
7855,FreeSpeech,0
7856,FreeSpeech,0
7857,FreeSpeech,0
7858,FreeSpeech,0
7859,FreeSpeech,0
7860,FreeSpeech,0
7861,FreeSpeech,0
7862,FreeSpeech,1
7863,FreeSpeech,1
7864,FreeSpeech,1
7865,FreeSpeech,0
7866,FreeSpeech,0
7867,FreeSpeech,0
7868,FreeSpeech,0
7869,FreeSpeech,0
7870,FreeSpeech,0
7871,FreeSpeech,1
7872,FreeSpeech,0
7873,FreeSpeech,0
7874,FreeSpeech,0
7875,FreeSpeech,0
7876,FreeSpeech,0
7877,FreeSpeech,0
7878,FreeSpeech,1
7879,FreeSpeech,0
7880,FreeSpeech,0
7881,FreeSpeech,0
7882,FreeSpeech,0
7883,FreeSpeech,0
7884,FreeSpeech,0
7885,FreeSpeech,1
7886,FreeSpeech,1
7887,FreeSpeech,0
7888,FreeSpeech,0
7889,FreeSpeech,0
7890,FreeSpeech,0
7891,FreeSpeech,0
7892,FreeSpeech,0
7893,FreeSpeech,0
7894,FreeSpeech,1
7895,FreeSpeech,0
7896,FreeSpeech,0
7897,FreeSpeech,0
7898,FreeSpeech,1
7899,FreeSpeech,0
7900,FreeSpeech,0
7901,FreeSpeech,0
7902,FreeSpeech,0
7903,FreeSpeech,0
7904,FreeSpeech,1
7905,FreeSpeech,0
7906,FreeSpeech,0
7907,FreeSpeech,0
7908,FreeSpeech,0
7909,FreeSpeech,0
7910,FreeSpeech,1
7911,FreeSpeech,0
7912,FreeSpeech,0
7913,FreeSpeech,1
7914,FreeSpeech,0
7915,FreeSpeech,0
7916,FreeSpeech,0
7917,FreeSpeech,0
7918,FreeSpeech,0
7919,FreeSpeech,0
7920,FreeSpeech,0
7921,FreeSpeech,0
7922,FreeSpeech,0
7923,FreeSpeech,0
7924,FreeSpeech,0
7925,FreeSpeech,0
7926,FreeSpeech,1
7927,FreeSpeech,0
7928,GreenAndPleasant,0
7929,GreenAndPleasant,0
7930,GreenAndPleasant,0
7931,GreenAndPleasant,0
7932,GreenAndPleasant,0
7933,GreenAndPleasant,1
7934,GreenAndPleasant,1
7935,GreenAndPleasant,1
7936,GreenAndPleasant,0
7937,GreenAndPleasant,0
7938,GreenAndPleasant,1
7939,GreenAndPleasant,1
7940,GreenAndPleasant,0
7941,GreenAndPleasant,0
7942,GreenAndPleasant,0
7943,GreenAndPleasant,0
7944,GreenAndPleasant,0
7945,GreenAndPleasant,0
7946,GreenAndPleasant,1
7947,GreenAndPleasant,0
7948,GreenAndPleasant,0
7949,GreenAndPleasant,1
7950,GreenAndPleasant,0
7951,GreenAndPleasant,0
7952,GreenAndPleasant,0
7953,GreenAndPleasant,0
7954,GreenAndPleasant,0
7955,GreenAndPleasant,0
7956,GreenAndPleasant,1
7957,GreenAndPleasant,1
7958,GreenAndPleasant,0
7959,GreenAndPleasant,0
7960,GreenAndPleasant,0
7961,GreenAndPleasant,0
7962,GreenAndPleasant,1
7963,GreenAndPleasant,0
7964,GreenAndPleasant,1
7965,GreenAndPleasant,0
7966,GreenAndPleasant,1
7967,GreenAndPleasant,0
7968,GreenAndPleasant,0
7969,GreenAndPleasant,1
7970,GreenAndPleasant,0
7971,GreenAndPleasant,0
7972,GreenAndPleasant,0
7973,GreenAndPleasant,0
7974,GreenAndPleasant,0
7975,GreenAndPleasant,0
7976,GreenAndPleasant,0
7977,GreenAndPleasant,0
7978,GreenAndPleasant,0
7979,GreenAndPleasant,0
7980,GreenAndPleasant,0
7981,GreenAndPleasant,0
7982,GreenAndPleasant,0
7983,GreenAndPleasant,0
7984,GreenAndPleasant,0
7985,GreenAndPleasant,0
7986,GreenAndPleasant,0
7987,GreenAndPleasant,0
7988,GreenAndPleasant,0
7989,GreenAndPleasant,0
7990,GreenAndPleasant,0
7991,GreenAndPleasant,0
7992,GreenAndPleasant,0
7993,GreenAndPleasant,0
7994,GreenAndPleasant,0
7995,GreenAndPleasant,0
7996,GreenAndPleasant,0
7997,GreenAndPleasant,0
7998,GreenAndPleasant,0
7999,GreenAndPleasant,0
8000,GreenAndPleasant,0
8001,GreenAndPleasant,0
8002,GreenAndPleasant,0
8003,GreenAndPleasant,0
8004,GreenAndPleasant,0
8005,GreenAndPleasant,0
8006,GreenAndPleasant,0
8007,GreenAndPleasant,0
8008,GreenAndPleasant,1
8009,GreenAndPleasant,0
8010,GreenAndPleasant,0
8011,GreenAndPleasant,0
8012,GreenAndPleasant,0
8013,GreenAndPleasant,0
8014,GreenAndPleasant,0
8015,GreenAndPleasant,0
8016,GreenAndPleasant,0
8017,GreenAndPleasant,0
8018,GreenAndPleasant,0
8019,GreenAndPleasant,1
8020,GreenAndPleasant,0
8021,GreenAndPleasant,0
8022,GreenAndPleasant,0
8023,GreenAndPleasant,0
8024,GreenAndPleasant,0
8025,GreenAndPleasant,1
8026,GreenAndPleasant,0
8027,GreenAndPleasant,1
8028,GreenAndPleasant,0
8029,GreenAndPleasant,0
8030,GreenAndPleasant,0
8031,GreenAndPleasant,0
8032,GreenAndPleasant,0
8033,GreenAndPleasant,0
8034,GreenAndPleasant,0
8035,GreenAndPleasant,0
8036,GreenAndPleasant,1
8037,GreenAndPleasant,0
8038,GreenAndPleasant,0
8039,GreenAndPleasant,0
8040,GreenAndPleasant,0
8041,GreenAndPleasant,1
8042,GreenAndPleasant,0
8043,GreenAndPleasant,0
8044,GreenAndPleasant,0
8045,GreenAndPleasant,0
8046,GreenAndPleasant,1
8047,GreenAndPleasant,1
8048,GreenAndPleasant,0
8049,GreenAndPleasant,0
8050,GreenAndPleasant,0
8051,GreenAndPleasant,0
8052,GreenAndPleasant,0
8053,GreenAndPleasant,1
8054,GreenAndPleasant,0
8055,GreenAndPleasant,0
8056,GreenAndPleasant,0
8057,GreenAndPleasant,0
8058,GreenAndPleasant,0
8059,GreenAndPleasant,0
8060,GreenAndPleasant,0
8061,GreenAndPleasant,0
8062,GreenAndPleasant,1
8063,GreenAndPleasant,0
8064,GreenAndPleasant,0
8065,GreenAndPleasant,0
8066,GreenAndPleasant,1
8067,GreenAndPleasant,0
8068,GreenAndPleasant,0
8069,GreenAndPleasant,1
8070,GreenAndPleasant,0
8071,GreenAndPleasant,0
8072,GreenAndPleasant,0
8073,GreenAndPleasant,0
8074,GreenAndPleasant,0
8075,GreenAndPleasant,0
8076,GreenAndPleasant,1
8077,GreenAndPleasant,1
8078,GreenAndPleasant,0
8079,GreenAndPleasant,0
8080,GreenAndPleasant,0
8081,GreenAndPleasant,1
8082,GreenAndPleasant,0
8083,GreenAndPleasant,0
8084,GreenAndPleasant,0
8085,GreenAndPleasant,0
8086,GreenAndPleasant,0
8087,GreenAndPleasant,0
8088,GreenAndPleasant,0
8089,GreenAndPleasant,0
8090,GreenAndPleasant,1
8091,GreenAndPleasant,0
8092,GreenAndPleasant,0
8093,GreenAndPleasant,0
8094,GreenAndPleasant,0
8095,GreenAndPleasant,0
8096,GreenAndPleasant,1
8097,GreenAndPleasant,1
8098,GreenAndPleasant,0
8099,GreenAndPleasant,0
8100,GreenAndPleasant,0
8101,GreenAndPleasant,1
8102,GreenAndPleasant,1
8103,GreenAndPleasant,0
8104,GreenAndPleasant,0
8105,GreenAndPleasant,0
8106,GreenAndPleasant,0
8107,GreenAndPleasant,0
8108,GreenAndPleasant,0
8109,GreenAndPleasant,0
8110,GreenAndPleasant,0
8111,GreenAndPleasant,0
8112,GreenAndPleasant,0
8113,GreenAndPleasant,0
8114,GreenAndPleasant,0
8115,GreenAndPleasant,1
8116,GreenAndPleasant,1
8117,GreenAndPleasant,1
8118,GreenAndPleasant,0
8119,GreenAndPleasant,0
8120,GreenAndPleasant,0
8121,GreenAndPleasant,0
8122,GreenAndPleasant,1
8123,GreenAndPleasant,0
8124,GreenAndPleasant,1
8125,GreenAndPleasant,0
8126,GreenAndPleasant,1
8127,GreenAndPleasant,0
8128,GreenAndPleasant,1
8129,GreenAndPleasant,1
8130,GreenAndPleasant,1
8131,GreenAndPleasant,1
8132,GreenAndPleasant,0
8133,GreenAndPleasant,1
8134,GreenAndPleasant,1
8135,GreenAndPleasant,1
8136,GreenAndPleasant,0
8137,GreenAndPleasant,0
8138,GreenAndPleasant,1
8139,GreenAndPleasant,0
8140,GreenAndPleasant,0
8141,GreenAndPleasant,1
8142,GreenAndPleasant,1
8143,GreenAndPleasant,0
8144,GreenAndPleasant,1
8145,GreenAndPleasant,1
8146,GreenAndPleasant,0
8147,GreenAndPleasant,0
8148,GreenAndPleasant,0
8149,GreenAndPleasant,0
8150,GreenAndPleasant,0
8151,GreenAndPleasant,0
8152,GreenAndPleasant,0
8153,GreenAndPleasant,0
8154,GreenAndPleasant,1
8155,GreenAndPleasant,0
8156,GreenAndPleasant,0
8157,GreenAndPleasant,0
8158,GreenAndPleasant,0
8159,GreenAndPleasant,0
8160,GreenAndPleasant,0
8161,GreenAndPleasant,0
8162,GreenAndPleasant,0
8163,GreenAndPleasant,0
8164,GreenAndPleasant,0
8165,GreenAndPleasant,0
8166,GreenAndPleasant,0
8167,GreenAndPleasant,0
8168,GreenAndPleasant,0
8169,GreenAndPleasant,1
8170,GreenAndPleasant,0
8171,GreenAndPleasant,0
8172,GreenAndPleasant,0
8173,GreenAndPleasant,0
8174,GreenAndPleasant,0
8175,GreenAndPleasant,0
8176,GreenAndPleasant,0
8177,GreenAndPleasant,1
8178,GreenAndPleasant,0
8179,GreenAndPleasant,0
8180,GreenAndPleasant,0
8181,GreenAndPleasant,1
8182,GreenAndPleasant,1
8183,GreenAndPleasant,0
8184,GreenAndPleasant,0
8185,GreenAndPleasant,0
8186,GreenAndPleasant,0
8187,GreenAndPleasant,0
8188,GreenAndPleasant,0
8189,GreenAndPleasant,0
8190,GreenAndPleasant,0
8191,GreenAndPleasant,0
8192,GreenAndPleasant,1
8193,GreenAndPleasant,0
8194,GreenAndPleasant,1
8195,GreenAndPleasant,1
8196,GreenAndPleasant,1
8197,GreenAndPleasant,1
8198,GreenAndPleasant,0
8199,GreenAndPleasant,1
8200,GreenAndPleasant,1
8201,GreenAndPleasant,1
8202,GreenAndPleasant,1
8203,GreenAndPleasant,1
8204,GreenAndPleasant,1
8205,GreenAndPleasant,1
8206,GreenAndPleasant,1
8207,GreenAndPleasant,1
8208,GreenAndPleasant,1
8209,GreenAndPleasant,1
8210,GreenAndPleasant,1
8211,GreenAndPleasant,0
8212,GreenAndPleasant,1
8213,GreenAndPleasant,1
8214,GreenAndPleasant,1
8215,GreenAndPleasant,1
8216,GreenAndPleasant,1
8217,GreenAndPleasant,0
8218,GreenAndPleasant,0
8219,GreenAndPleasant,0
8220,GreenAndPleasant,0
8221,GreenAndPleasant,0
8222,GreenAndPleasant,1
8223,GreenAndPleasant,1
8224,GreenAndPleasant,0
8225,GreenAndPleasant,1
8226,GreenAndPleasant,0
8227,GreenAndPleasant,1
8228,GreenAndPleasant,0
8229,GreenAndPleasant,1
8230,GreenAndPleasant,1
8231,GreenAndPleasant,0
8232,GreenAndPleasant,0
8233,GreenAndPleasant,1
8234,GreenAndPleasant,0
8235,GreenAndPleasant,0
8236,GreenAndPleasant,0
8237,GreenAndPleasant,1
8238,GreenAndPleasant,0
8239,GreenAndPleasant,1
8240,GreenAndPleasant,0
8241,GreenAndPleasant,1
8242,GreenAndPleasant,0
8243,GreenAndPleasant,0
8244,GreenAndPleasant,0
8245,GreenAndPleasant,0
8246,GreenAndPleasant,0
8247,GreenAndPleasant,0
8248,GreenAndPleasant,0
8249,GreenAndPleasant,1
8250,GreenAndPleasant,1
8251,GreenAndPleasant,0
8252,GreenAndPleasant,0
8253,GreenAndPleasant,1
8254,GreenAndPleasant,0
8255,GreenAndPleasant,1
8256,GreenAndPleasant,1
8257,GreenAndPleasant,0
8258,GreenAndPleasant,0
8259,GreenAndPleasant,1
8260,GreenAndPleasant,0
8261,GreenAndPleasant,0
8262,GreenAndPleasant,0
8263,GreenAndPleasant,1
8264,GreenAndPleasant,1
8265,GreenAndPleasant,1
8266,GreenAndPleasant,1
8267,GreenAndPleasant,1
8268,GreenAndPleasant,1
8269,GreenAndPleasant,1
8270,GreenAndPleasant,0
8271,GreenAndPleasant,1
8272,GreenAndPleasant,1
8273,GreenAndPleasant,1
8274,labour,0
8275,labour,0
8276,labour,0
8277,labour,0
8278,labour,1
8279,labour,0
8280,labour,1
8281,labour,0
8282,labour,1
8283,labour,0
8284,labour,0
8285,labour,1
8286,labour,0
8287,labour,1
8288,labour,0
8289,labour,0
8290,labour,0
8291,labour,1
8292,labour,0
8293,labour,0
8294,labour,0
8295,labour,0
8296,labour,0
8297,labour,0
8298,labour,0
8299,labour,0
8300,labour,0
8301,labour,0
8302,labour,0
8303,labour,0
8304,labour,0
8305,labour,1
8306,labour,0
8307,labour,0
8308,labour,0
8309,labour,0
8310,labour,1
8311,labour,0
8312,labour,0
8313,labour,0
8314,labour,0
8315,labour,1
8316,labour,1
8317,labour,1
8318,labour,0
8319,labour,1
8320,labour,0
8321,labour,1
8322,labour,0
8323,labour,0
8324,labour,0
8325,labour,0
8326,labour,0
8327,labour,0
8328,labour,1
8329,labour,1
8330,labour,1
8331,labour,1
8332,labour,0
8333,labour,0
8334,labour,0
8335,labour,0
8336,labour,0
8337,labour,1
8338,labour,0
8339,labour,0
8340,labour,0
8341,labour,0
8342,labour,0
8343,labour,0
8344,labour,0
8345,labour,0
8346,labour,0
8347,labour,0
8348,labour,0
8349,labour,0
8350,labour,0
8351,labour,0
8352,labour,0
8353,labour,0
8354,labour,0
8355,labour,0
8356,labour,0
8357,labour,0
8358,labour,0
8359,labour,0
8360,labour,0
8361,labour,0
8362,labour,0
8363,labour,0
8364,labour,0
8365,labour,0
8366,labour,0
8367,labour,0
8368,labour,1
8369,labour,1
8370,labour,1
8371,labour,1
8372,labour,0
8373,labour,1
8374,labour,1
8375,labour,1
8376,LabourUK,0
8377,LabourUK,0
8378,LabourUK,0
8379,LabourUK,0
8380,LabourUK,0
8381,LabourUK,0
8382,LabourUK,0
8383,LabourUK,0
8384,LabourUK,0
8385,LabourUK,0
8386,LabourUK,1
8387,LabourUK,1
8388,LabourUK,0
8389,LabourUK,0
8390,LabourUK,0
8391,LabourUK,0
8392,LabourUK,0
8393,LabourUK,0
8394,LabourUK,0
8395,LabourUK,0
8396,LabourUK,0
8397,LabourUK,0
8398,LabourUK,0
8399,LabourUK,0
8400,LabourUK,0
8401,LabourUK,0
8402,LabourUK,0
8403,LabourUK,0
8404,LabourUK,1
8405,LabourUK,1
8406,LabourUK,0
8407,LabourUK,0
8408,LabourUK,0
8409,LabourUK,0
8410,LabourUK,0
8411,LabourUK,0
8412,LabourUK,1
8413,LabourUK,0
8414,LabourUK,1
8415,LabourUK,0
8416,LabourUK,0
8417,LabourUK,1
8418,LabourUK,0
8419,LabourUK,1
8420,LabourUK,1
8421,LabourUK,0
8422,LabourUK,1
8423,LabourUK,1
8424,LabourUK,0
8425,LabourUK,0
8426,LabourUK,0
8427,LabourUK,0
8428,LabourUK,0
8429,LabourUK,0
8430,LabourUK,0
8431,LabourUK,0
8432,LabourUK,1
8433,LabourUK,1
8434,LabourUK,1
8435,LabourUK,0
8436,LabourUK,1
8437,LabourUK,0
8438,LabourUK,0
8439,LabourUK,0
8440,LabourUK,0
8441,LabourUK,0
8442,LabourUK,0
8443,LabourUK,0
8444,LabourUK,0
8445,LabourUK,0
8446,LabourUK,0
8447,LabourUK,0
8448,LabourUK,1
8449,LabourUK,0
8450,LabourUK,1
8451,LabourUK,0
8452,LabourUK,0
8453,LabourUK,0
8454,LabourUK,0
8455,LabourUK,1
8456,LabourUK,0
8457,LabourUK,0
8458,LabourUK,1
8459,LabourUK,0
8460,LabourUK,0
8461,LabourUK,0
8462,LabourUK,0
8463,LabourUK,0
8464,LabourUK,1
8465,LabourUK,1
8466,LabourUK,1
8467,LabourUK,0
8468,LabourUK,0
8469,LabourUK,0
8470,LabourUK,0
8471,LabourUK,1
8472,LabourUK,1
8473,LabourUK,0
8474,LabourUK,0
8475,LabourUK,1
8476,LabourUK,0
8477,LabourUK,1
8478,LabourUK,0
8479,LabourUK,0
8480,LabourUK,0
8481,LabourUK,0
8482,LabourUK,0
8483,LabourUK,0
8484,LabourUK,0
8485,LabourUK,0
8486,LabourUK,0
8487,LabourUK,0
8488,LabourUK,0
8489,LabourUK,0
8490,LabourUK,0
8491,LabourUK,0
8492,LabourUK,0
8493,LabourUK,0
8494,LabourUK,0
8495,LabourUK,1
8496,LabourUK,0
8497,LabourUK,0
8498,LabourUK,0
8499,LabourUK,0
8500,LabourUK,0
8501,LabourUK,0
8502,LabourUK,1
8503,LabourUK,0
8504,LabourUK,0
8505,LabourUK,1
8506,LabourUK,1
8507,LabourUK,0
8508,LabourUK,1
8509,LabourUK,0
8510,LabourUK,1
8511,LabourUK,1
8512,LabourUK,1
8513,LabourUK,0
8514,LabourUK,1
8515,LabourUK,0
8516,LabourUK,0
8517,LabourUK,0
8518,LabourUK,0
8519,LabourUK,0
8520,LabourUK,1
8521,LabourUK,0
8522,LabourUK,1
8523,LabourUK,1
8524,LabourUK,1
8525,LabourUK,1
8526,LabourUK,1
8527,LabourUK,0
8528,LabourUK,0
8529,LabourUK,0
8530,LabourUK,1
8531,LabourUK,0
8532,LabourUK,1
8533,LabourUK,1
8534,LabourUK,1
8535,LabourUK,0
8536,LabourUK,1
8537,LabourUK,0
8538,LabourUK,1
8539,LabourUK,0
8540,LabourUK,0
8541,LabourUK,0
8542,LabourUK,1
8543,LabourUK,1
8544,LabourUK,0
8545,LabourUK,0
8546,LabourUK,0
8547,LabourUK,0
8548,LabourUK,1
8549,LabourUK,1
8550,LabourUK,0
8551,LabourUK,0
8552,LabourUK,0
8553,LabourUK,0
8554,LabourUK,0
8555,LabourUK,0
8556,LabourUK,0
8557,LabourUK,0
8558,LabourUK,0
8559,LabourUK,0
8560,LabourUK,0
8561,LabourUK,0
8562,LabourUK,0
8563,LabourUK,0
8564,LabourUK,0
8565,LabourUK,0
8566,LabourUK,0
8567,LabourUK,0
8568,LabourUK,0
8569,LabourUK,0
8570,LabourUK,0
8571,LabourUK,0
8572,LabourUK,0
8573,LabourUK,0
8574,LabourUK,1
8575,LabourUK,0
8576,LabourUK,1
8577,LabourUK,1
8578,LabourUK,0
8579,LabourUK,0
8580,LabourUK,0
8581,LabourUK,0
8582,LabourUK,0
8583,LabourUK,0
8584,LabourUK,0
8585,LabourUK,1
8586,LabourUK,0
8587,LabourUK,0
8588,LabourUK,0
8589,LabourUK,0
8590,LabourUK,1
8591,LabourUK,0
8592,LabourUK,0
8593,LabourUK,0
8594,LabourUK,0
8595,LabourUK,0
8596,LabourUK,0
8597,LabourUK,0
8598,LabourUK,0
8599,LabourUK,1
8600,LabourUK,1
8601,LabourUK,0
8602,LabourUK,0
8603,LabourUK,1
8604,LabourUK,0
8605,LabourUK,0
8606,LabourUK,0
8607,LabourUK,0
8608,LabourUK,1
8609,LabourUK,0
8610,LabourUK,0
8611,LabourUK,0
8612,LabourUK,1
8613,LabourUK,1
8614,LabourUK,1
8615,LabourUK,0
8616,LabourUK,0
8617,LabourUK,0
8618,LabourUK,1
8619,LabourUK,0
8620,LabourUK,0
8621,LabourUK,0
8622,LabourUK,0
8623,LabourUK,0
8624,LabourUK,0
8625,LabourUK,0
8626,LabourUK,0
8627,LabourUK,0
8628,LabourUK,1
8629,LabourUK,0
8630,LabourUK,0
8631,LabourUK,0
8632,LabourUK,1
8633,LabourUK,1
8634,LabourUK,1
8635,LabourUK,0
8636,LabourUK,0
8637,LabourUK,0
8638,LabourUK,0
8639,LabourUK,0
8640,LabourUK,1
8641,LabourUK,0
8642,LabourUK,1
8643,LabourUK,0
8644,LabourUK,1
8645,LabourUK,0
8646,LabourUK,0
8647,LabourUK,0
8648,LabourUK,0
8649,LabourUK,1
8650,LabourUK,0
8651,LabourUK,0
8652,LabourUK,1
8653,LabourUK,0
8654,LabourUK,1
8655,LabourUK,0
8656,LabourUK,1
8657,LabourUK,0
8658,LabourUK,0
8659,LabourUK,0
8660,LabourUK,0
8661,LabourUK,0
8662,LabourUK,0
8663,LabourUK,0
8664,LabourUK,0
8665,LabourUK,0
8666,LabourUK,0
8667,LabourUK,0
8668,LabourUK,0
8669,LabourUK,0
8670,LabourUK,0
8671,LabourUK,1
8672,LabourUK,1
8673,LabourUK,0
8674,LabourUK,1
8675,LabourUK,0
8676,LabourUK,0
8677,LabourUK,0
8678,LabourUK,0
8679,LabourUK,0
8680,LabourUK,1
8681,LabourUK,1
8682,LabourUK,0
8683,LabourUK,0
8684,LabourUK,0
8685,LabourUK,0
8686,LabourUK,0
8687,LabourUK,0
8688,LabourUK,0
8689,LabourUK,0
8690,LabourUK,0
8691,LabourUK,0
8692,LabourUK,0
8693,LabourUK,0
8694,LabourUK,0
8695,LabourUK,1
8696,LabourUK,1
8697,LabourUK,1
8698,LabourUK,0
8699,LabourUK,0
8700,LabourUK,0
8701,LabourUK,1
8702,LabourUK,0
8703,LabourUK,0
8704,LabourUK,0
8705,LabourUK,0
8706,LabourUK,0
8707,LabourUK,0
8708,LabourUK,0
8709,LabourUK,0
8710,LabourUK,0
8711,LabourUK,1
8712,LabourUK,0
8713,LabourUK,1
8714,LabourUK,0
8715,LabourUK,1
8716,LabourUK,1
8717,LabourUK,1
8718,LabourUK,0
8719,LabourUK,0
8720,LabourUK,0
8721,LabourUK,0
8722,LabourUK,1
8723,LabourUK,0
8724,LabourUK,1
8725,LabourUK,0
8726,LabourUK,0
8727,LabourUK,0
8728,LabourUK,1
8729,LabourUK,0
8730,LabourUK,0
8731,LabourUK,0
8732,LabourUK,0
8733,LabourUK,0
8734,LabourUK,0
8735,LabourUK,0
8736,LabourUK,1
8737,LabourUK,1
8738,LabourUK,0
8739,LabourUK,0
8740,LabourUK,0
8741,LabourUK,0
8742,LabourUK,0
8743,LabourUK,0
8744,LabourUK,1
8745,LabourUK,0
8746,LabourUK,1
8747,LabourUK,1
8748,LabourUK,0
8749,LabourUK,0
8750,LabourUK,0
8751,LabourUK,1
8752,LabourUK,1
8753,LabourUK,0
8754,LabourUK,0
8755,LabourUK,0
8756,LabourUK,1
8757,LabourUK,0
8758,LabourUK,0
8759,LabourUK,0
8760,LabourUK,0
8761,LabourUK,0
8762,LabourUK,0
8763,LabourUK,0
8764,LabourUK,0
8765,LabourUK,1
8766,LabourUK,1
8767,LabourUK,1
8768,LabourUK,1
8769,LabourUK,1
8770,LabourUK,1
8771,LabourUK,1
8772,LabourUK,1
8773,LabourUK,1
8774,LabourUK,1
8775,LabourUK,0
8776,LabourUK,0
8777,LabourUK,1
8778,LabourUK,1
8779,LabourUK,1
8780,LabourUK,1
8781,LabourUK,1
8782,LabourUK,1
8783,LabourUK,1
8784,LabourUK,1
8785,LabourUK,1
8786,LabourUK,1
8787,LabourUK,1
8788,LabourUK,1
8789,LabourUK,1
8790,LabourUK,1
8791,LabourUK,1
8792,LabourUK,1
8793,LabourUK,1
8794,LabourUK,1
8795,LabourUK,1
8796,LabourUK,1
8797,LabourUK,1
8798,LabourUK,1
8799,LabourUK,1
8800,LabourUK,1
8801,LabourUK,1
8802,LabourUK,1
8803,LabourUK,1
8804,LabourUK,1
8805,LabourUK,1
8806,LabourUK,1
8807,LabourUK,1
8808,LabourUK,1
8809,LabourUK,0
8810,LabourUK,1
8811,LabourUK,1
8812,LabourUK,1
8813,LabourUK,1
8814,LabourUK,1
8815,LabourUK,1
8816,LabourUK,1
8817,LabourUK,1
8818,LabourUK,1
8819,LabourUK,1
8820,LabourUK,1
8821,LabourUK,1
8822,LabourUK,1
8823,LabourUK,1
8824,LabourUK,0
8825,LabourUK,1
8826,LabourUK,0
8827,LabourUK,1
8828,LabourUK,1
8829,LabourUK,1
8830,LabourUK,1
8831,LabourUK,1
8832,LabourUK,1
8833,LabourUK,1
8834,LabourUK,1
8835,LabourUK,1
8836,LabourUK,1
8837,LabourUK,1
8838,LabourUK,1
8839,LabourUK,1
8840,LabourUK,1
8841,LabourUK,1
8842,LabourUK,0
8843,LabourUK,0
8844,LabourUK,0
8845,LabourUK,0
8846,LabourUK,1
8847,LabourUK,0
8848,LabourUK,1
8849,LabourUK,1
8850,LabourUK,1
8851,LabourUK,1
8852,LabourUK,0
8853,LabourUK,1
8854,LabourUK,1
8855,LabourUK,1
8856,LabourUK,0
8857,LabourUK,1
8858,LabourUK,0
8859,LabourUK,1
8860,LabourUK,1
8861,LabourUK,0
8862,LabourUK,1
8863,LabourUK,1
8864,LabourUK,1
8865,LabourUK,0
8866,LabourUK,1
8867,LabourUK,1
8868,LabourUK,0
8869,LabourUK,0
8870,LabourUK,1
8871,LabourUK,1
8872,LabourUK,1
8873,LabourUK,0
8874,LabourUK,0
8875,LabourUK,0
8876,LabourUK,1
8877,LabourUK,1
8878,LabourUK,0
8879,LabourUK,0
8880,LabourUK,0
8881,LabourUK,0
8882,LabourUK,1
8883,LabourUK,0
8884,LabourUK,1
8885,LabourUK,1
8886,LabourUK,1
8887,LabourUK,1
8888,LabourUK,0
8889,LabourUK,1
8890,LabourUK,1
8891,LabourUK,1
8892,LabourUK,1
8893,LabourUK,1
8894,LabourUK,0
8895,LabourUK,1
8896,LabourUK,0
8897,LabourUK,1
8898,LabourUK,1
8899,LabourUK,0
8900,LabourUK,0
8901,LabourUK,0
8902,LabourUK,0
8903,LabourUK,0
8904,LabourUK,1
8905,LabourUK,0
8906,LabourUK,1
8907,LabourUK,0
8908,LabourUK,1
8909,LabourUK,0
8910,LabourUK,0
8911,LabourUK,0
8912,LabourUK,1
8913,LabourUK,0
8914,LabourUK,1
8915,LabourUK,0
8916,LabourUK,0
8917,LabourUK,1
8918,LabourUK,0
8919,LegalAdviceUK,0
8920,LegalAdviceUK,0
8921,LegalAdviceUK,0
8922,LegalAdviceUK,0
8923,LegalAdviceUK,0
8924,LegalAdviceUK,0
8925,LegalAdviceUK,0
8926,LegalAdviceUK,0
8927,LegalAdviceUK,0
8928,LegalAdviceUK,0
8929,LegalAdviceUK,0
8930,LegalAdviceUK,0
8931,LegalAdviceUK,0
8932,LegalAdviceUK,0
8933,LegalAdviceUK,0
8934,LegalAdviceUK,0
8935,LegalAdviceUK,0
8936,LegalAdviceUK,0
8937,LegalAdviceUK,0
8938,LegalAdviceUK,0
8939,LegalAdviceUK,0
8940,LegalAdviceUK,0
8941,LegalAdviceUK,0
8942,LegalAdviceUK,0
8943,LegalAdviceUK,0
8944,LegalAdviceUK,0
8945,LegalAdviceUK,0
8946,LegalAdviceUK,0
8947,LegalAdviceUK,0
8948,LegalAdviceUK,0
8949,LegalAdviceUK,0
8950,LegalAdviceUK,0
8951,LegalAdviceUK,0
8952,LegalAdviceUK,0
8953,LegalAdviceUK,0
8954,LegalAdviceUK,0
8955,LegalAdviceUK,0
8956,LegalAdviceUK,0
8957,LegalAdviceUK,0
8958,LegalAdviceUK,0
8959,LegalAdviceUK,0
8960,LegalAdviceUK,0
8961,LegalAdviceUK,0
8962,LegalAdviceUK,0
8963,LegalAdviceUK,0
8964,LegalAdviceUK,0
8965,LegalAdviceUK,0
8966,LegalAdviceUK,0
8967,LegalAdviceUK,0
8968,LegalAdviceUK,0
8969,LegalAdviceUK,0
8970,LegalAdviceUK,0
8971,LegalAdviceUK,0
8972,LegalAdviceUK,0
8973,LegalAdviceUK,0
8974,LegalAdviceUK,0
8975,LegalAdviceUK,0
8976,LegalAdviceUK,0
8977,LegalAdviceUK,0
8978,LegalAdviceUK,0
8979,LegalAdviceUK,0
8980,LegalAdviceUK,0
8981,LegalAdviceUK,0
8982,LegalAdviceUK,0
8983,LegalAdviceUK,0
8984,LegalAdviceUK,0
8985,LegalAdviceUK,0
8986,LegalAdviceUK,0
8987,LegalAdviceUK,0
8988,LegalAdviceUK,0
8989,LegalAdviceUK,0
8990,LegalAdviceUK,0
8991,LegalAdviceUK,0
8992,LegalAdviceUK,0
8993,LegalAdviceUK,0
8994,LegalAdviceUK,0
8995,LegalAdviceUK,0
8996,LegalAdviceUK,0
8997,LegalAdviceUK,0
8998,LegalAdviceUK,0
8999,LegalAdviceUK,0
9000,LegalAdviceUK,0
9001,LegalAdviceUK,0
9002,LegalAdviceUK,0
9003,LegalAdviceUK,1
9004,LegalAdviceUK,0
9005,LegalAdviceUK,0
9006,LegalAdviceUK,0
9007,LegalAdviceUK,0
9008,LegalAdviceUK,0
9009,LegalAdviceUK,0
9010,LegalAdviceUK,1
9011,LegalAdviceUK,0
9012,LegalAdviceUK,0
9013,LegalAdviceUK,0
9014,LegalAdviceUK,0
9015,LegalAdviceUK,0
9016,LegalAdviceUK,0
9017,LegalAdviceUK,0
9018,LegalAdviceUK,0
9019,LegalAdviceUK,0
9020,LegalAdviceUK,0
9021,LegalAdviceUK,0
9022,LegalAdviceUK,0
9023,LegalAdviceUK,0
9024,LegalAdviceUK,0
9025,LegalAdviceUK,0
9026,LegalAdviceUK,0
9027,LegalAdviceUK,0
9028,LegalAdviceUK,0
9029,LegalAdviceUK,0
9030,LegalAdviceUK,0
9031,LegalAdviceUK,1
9032,LegalAdviceUK,1
9033,LegalAdviceUK,0
9034,LegalAdviceUK,0
9035,LegalAdviceUK,0
9036,LegalAdviceUK,0
9037,LegalAdviceUK,1
9038,LegalAdviceUK,0
9039,LegalAdviceUK,0
9040,LegalAdviceUK,0
9041,LegalAdviceUK,0
9042,LegalAdviceUK,0
9043,LegalAdviceUK,0
9044,LegalAdviceUK,0
9045,LegalAdviceUK,0
9046,LegalAdviceUK,0
9047,LegalAdviceUK,0
9048,LegalAdviceUK,0
9049,LegalAdviceUK,0
9050,LegalAdviceUK,0
9051,LegalAdviceUK,0
9052,LegalAdviceUK,0
9053,LegalAdviceUK,0
9054,LegalAdviceUK,0
9055,LegalAdviceUK,0
9056,LegalAdviceUK,0
9057,LegalAdviceUK,0
9058,LegalAdviceUK,0
9059,LegalAdviceUK,0
9060,LegalAdviceUK,0
9061,LegalAdviceUK,0
9062,LegalAdviceUK,0
9063,LegalAdviceUK,0
9064,LegalAdviceUK,0
9065,LegalAdviceUK,0
9066,LegalAdviceUK,0
9067,LegalAdviceUK,0
9068,LegalAdviceUK,0
9069,LegalAdviceUK,0
9070,LegalAdviceUK,0
9071,LegalAdviceUK,0
9072,LegalAdviceUK,0
9073,LegalAdviceUK,0
9074,LegalAdviceUK,0
9075,LegalAdviceUK,0
9076,LegalAdviceUK,0
9077,LegalAdviceUK,0
9078,LegalAdviceUK,0
9079,LegalAdviceUK,0
9080,LegalAdviceUK,0
9081,LegalAdviceUK,1
9082,LegalAdviceUK,0
9083,LegalAdviceUK,0
9084,LegalAdviceUK,0
9085,LegalAdviceUK,0
9086,LegalAdviceUK,0
9087,LegalAdviceUK,0
9088,LegalAdviceUK,0
9089,LegalAdviceUK,0
9090,LegalAdviceUK,0
9091,LegalAdviceUK,0
9092,LegalAdviceUK,0
9093,LegalAdviceUK,0
9094,LegalAdviceUK,0
9095,LegalAdviceUK,0
9096,LegalAdviceUK,0
9097,LegalAdviceUK,0
9098,LegalAdviceUK,1
9099,LegalAdviceUK,0
9100,LegalAdviceUK,0
9101,LegalAdviceUK,0
9102,LegalAdviceUK,0
9103,LegalAdviceUK,0
9104,LegalAdviceUK,0
9105,LegalAdviceUK,0
9106,LegalAdviceUK,0
9107,LegalAdviceUK,0
9108,LegalAdviceUK,0
9109,LegalAdviceUK,0
9110,LegalAdviceUK,0
9111,LegalAdviceUK,0
9112,LegalAdviceUK,0
9113,LegalAdviceUK,0
9114,LegalAdviceUK,0
9115,LegalAdviceUK,1
9116,LegalAdviceUK,0
9117,LegalAdviceUK,0
9118,LegalAdviceUK,0
9119,LegalAdviceUK,0
9120,LegalAdviceUK,0
9121,LegalAdviceUK,0
9122,LegalAdviceUK,0
9123,LegalAdviceUK,0
9124,LegalAdviceUK,0
9125,LegalAdviceUK,0
9126,LegalAdviceUK,0
9127,LegalAdviceUK,0
9128,LegalAdviceUK,0
9129,LegalAdviceUK,0
9130,LegalAdviceUK,0
9131,LegalAdviceUK,0
9132,LegalAdviceUK,0
9133,LegalAdviceUK,0
9134,LegalAdviceUK,0
9135,LegalAdviceUK,0
9136,LegalAdviceUK,0
9137,LegalAdviceUK,0
9138,LegalAdviceUK,0
9139,LegalAdviceUK,0
9140,LegalAdviceUK,0
9141,LegalAdviceUK,0
9142,LegalAdviceUK,0
9143,LegalAdviceUK,0
9144,LegalAdviceUK,0
9145,LegalAdviceUK,0
9146,LegalAdviceUK,0
9147,LegalAdviceUK,0
9148,LegalAdviceUK,0
9149,LegalAdviceUK,0
9150,LegalAdviceUK,0
9151,LegalAdviceUK,0
9152,LegalAdviceUK,0
9153,LegalAdviceUK,0
9154,LegalAdviceUK,0
9155,LegalAdviceUK,0
9156,LegalAdviceUK,0
9157,LegalAdviceUK,0
9158,LegalAdviceUK,0
9159,LegalAdviceUK,0
9160,LegalAdviceUK,0
9161,LegalAdviceUK,0
9162,LegalAdviceUK,0
9163,LegalAdviceUK,0
9164,LegalAdviceUK,0
9165,LegalAdviceUK,0
9166,LegalAdviceUK,0
9167,LegalAdviceUK,0
9168,LegalAdviceUK,0
9169,LegalAdviceUK,0
9170,LegalAdviceUK,0
9171,LegalAdviceUK,0
9172,LegalAdviceUK,0
9173,LegalAdviceUK,0
9174,LegalAdviceUK,0
9175,LegalAdviceUK,0
9176,LegalAdviceUK,0
9177,LegalAdviceUK,0
9178,LegalAdviceUK,0
9179,LegalAdviceUK,0
9180,LegalAdviceUK,1
9181,LegalAdviceUK,0
9182,LegalAdviceUK,0
9183,LegalAdviceUK,0
9184,LegalAdviceUK,0
9185,LegalAdviceUK,0
9186,LegalAdviceUK,0
9187,LegalAdviceUK,0
9188,LegalAdviceUK,0
9189,LegalAdviceUK,0
9190,LegalAdviceUK,0
9191,LegalAdviceUK,0
9192,LegalAdviceUK,0
9193,LegalAdviceUK,0
9194,LegalAdviceUK,0
9195,LegalAdviceUK,0
9196,LegalAdviceUK,0
9197,LegalAdviceUK,0
9198,LegalAdviceUK,0
9199,LegalAdviceUK,0
9200,LegalAdviceUK,0
9201,LegalAdviceUK,0
9202,LegalAdviceUK,0
9203,LegalAdviceUK,0
9204,LegalAdviceUK,0
9205,LegalAdviceUK,0
9206,LegalAdviceUK,0
9207,LegalAdviceUK,0
9208,LegalAdviceUK,0
9209,LegalAdviceUK,0
9210,LegalAdviceUK,1
9211,LegalAdviceUK,0
9212,LegalAdviceUK,0
9213,LegalAdviceUK,0
9214,LegalAdviceUK,0
9215,LegalAdviceUK,0
9216,LegalAdviceUK,0
9217,LegalAdviceUK,0
9218,LegalAdviceUK,0
9219,LegalAdviceUK,0
9220,LegalAdviceUK,0
9221,LegalAdviceUK,0
9222,LegalAdviceUK,0
9223,LegalAdviceUK,0
9224,LegalAdviceUK,0
9225,LegalAdviceUK,0
9226,LegalAdviceUK,0
9227,LegalAdviceUK,0
9228,LegalAdviceUK,0
9229,LegalAdviceUK,0
9230,LegalAdviceUK,0
9231,LegalAdviceUK,0
9232,LegalAdviceUK,0
9233,LegalAdviceUK,0
9234,LegalAdviceUK,0
9235,LegalAdviceUK,0
9236,LegalAdviceUK,0
9237,LegalAdviceUK,0
9238,LegalAdviceUK,0
9239,LegalAdviceUK,0
9240,LegalAdviceUK,0
9241,LegalAdviceUK,0
9242,LegalAdviceUK,0
9243,LegalAdviceUK,0
9244,LegalAdviceUK,0
9245,LegalAdviceUK,0
9246,LegalAdviceUK,0
9247,LegalAdviceUK,0
9248,LegalAdviceUK,0
9249,LegalAdviceUK,0
9250,LegalAdviceUK,0
9251,LegalAdviceUK,0
9252,LegalAdviceUK,0
9253,LegalAdviceUK,0
9254,LegalAdviceUK,0
9255,LegalAdviceUK,0
9256,LegalAdviceUK,0
9257,LegalAdviceUK,0
9258,LegalAdviceUK,0
9259,LegalAdviceUK,0
9260,LegalAdviceUK,0
9261,LegalAdviceUK,0
9262,LegalAdviceUK,0
9263,LegalAdviceUK,0
9264,LegalAdviceUK,0
9265,LegalAdviceUK,0
9266,LegalAdviceUK,0
9267,LegalAdviceUK,0
9268,LegalAdviceUK,0
9269,LegalAdviceUK,0
9270,LegalAdviceUK,0
9271,LegalAdviceUK,0
9272,LegalAdviceUK,0
9273,LegalAdviceUK,0
9274,LegalAdviceUK,0
9275,LegalAdviceUK,0
9276,LegalAdviceUK,0
9277,LegalAdviceUK,0
9278,LegalAdviceUK,0
9279,LegalAdviceUK,0
9280,LegalAdviceUK,0
9281,LegalAdviceUK,0
9282,LegalAdviceUK,0
9283,LegalAdviceUK,0
9284,LegalAdviceUK,0
9285,LegalAdviceUK,0
9286,LegalAdviceUK,0
9287,LegalAdviceUK,0
9288,LegalAdviceUK,0
9289,LegalAdviceUK,0
9290,LegalAdviceUK,0
9291,LegalAdviceUK,0
9292,LegalAdviceUK,0
9293,LegalAdviceUK,0
9294,LegalAdviceUK,0
9295,LegalAdviceUK,0
9296,LegalAdviceUK,0
9297,LegalAdviceUK,0
9298,LegalAdviceUK,0
9299,LegalAdviceUK,0
9300,LegalAdviceUK,0
9301,LegalAdviceUK,0
9302,LegalAdviceUK,0
9303,LegalAdviceUK,0
9304,LegalAdviceUK,0
9305,LegalAdviceUK,0
9306,LegalAdviceUK,0
9307,LegalAdviceUK,0
9308,LegalAdviceUK,0
9309,LegalAdviceUK,0
9310,LegalAdviceUK,0
9311,LegalAdviceUK,0
9312,LegalAdviceUK,0
9313,LegalAdviceUK,0
9314,LegalAdviceUK,0
9315,LegalAdviceUK,0
9316,LegalAdviceUK,0
9317,LegalAdviceUK,0
9318,LegalAdviceUK,0
9319,LegalAdviceUK,0
9320,LegalAdviceUK,0
9321,LegalAdviceUK,0
9322,LegalAdviceUK,0
9323,LegalAdviceUK,1
9324,LegalAdviceUK,0
9325,LegalAdviceUK,0
9326,LegalAdviceUK,0
9327,LegalAdviceUK,0
9328,LegalAdviceUK,0
9329,LegalAdviceUK,0
9330,LegalAdviceUK,0
9331,LegalAdviceUK,0
9332,LegalAdviceUK,0
9333,LegalAdviceUK,0
9334,LegalAdviceUK,0
9335,LegalAdviceUK,0
9336,LegalAdviceUK,0
9337,LegalAdviceUK,0
9338,LegalAdviceUK,0
9339,LegalAdviceUK,0
9340,LegalAdviceUK,0
9341,LegalAdviceUK,0
9342,LegalAdviceUK,0
9343,LegalAdviceUK,0
9344,LegalAdviceUK,0
9345,LegalAdviceUK,0
9346,LegalAdviceUK,0
9347,LegalAdviceUK,0
9348,LegalAdviceUK,0
9349,LegalAdviceUK,0
9350,LegalAdviceUK,0
9351,LegalAdviceUK,0
9352,LegalAdviceUK,0
9353,LegalAdviceUK,0
9354,LegalAdviceUK,0
9355,LegalAdviceUK,0
9356,LegalAdviceUK,0
9357,LegalAdviceUK,0
9358,LegalAdviceUK,0
9359,LegalAdviceUK,0
9360,LegalAdviceUK,1
9361,LegalAdviceUK,0
9362,LegalAdviceUK,0
9363,LegalAdviceUK,0
9364,LegalAdviceUK,0
9365,LegalAdviceUK,0
9366,LegalAdviceUK,0
9367,LegalAdviceUK,0
9368,LegalAdviceUK,0
9369,LegalAdviceUK,0
9370,LegalAdviceUK,0
9371,LegalAdviceUK,0
9372,LegalAdviceUK,0
9373,LegalAdviceUK,0
9374,LegalAdviceUK,0
9375,LegalAdviceUK,0
9376,LegalAdviceUK,0
9377,LegalAdviceUK,0
9378,LegalAdviceUK,0
9379,LegalAdviceUK,0
9380,LegalAdviceUK,0
9381,LegalAdviceUK,0
9382,LegalAdviceUK,0
9383,LegalAdviceUK,0
9384,LegalAdviceUK,0
9385,LegalAdviceUK,0
9386,LegalAdviceUK,0
9387,LegalAdviceUK,0
9388,LegalAdviceUK,0
9389,LegalAdviceUK,0
9390,LegalAdviceUK,0
9391,LegalAdviceUK,0
9392,LegalAdviceUK,0
9393,LegalAdviceUK,0
9394,LegalAdviceUK,0
9395,LegalAdviceUK,0
9396,LegalAdviceUK,0
9397,LegalAdviceUK,0
9398,LegalAdviceUK,0
9399,LegalAdviceUK,0
9400,LegalAdviceUK,0
9401,LegalAdviceUK,0
9402,LegalAdviceUK,1
9403,LegalAdviceUK,0
9404,LegalAdviceUK,0
9405,LegalAdviceUK,0
9406,LegalAdviceUK,0
9407,LegalAdviceUK,0
9408,LegalAdviceUK,0
9409,LegalAdviceUK,0
9410,LegalAdviceUK,0
9411,LegalAdviceUK,0
9412,LegalAdviceUK,0
9413,LegalAdviceUK,0
9414,LegalAdviceUK,0
9415,LegalAdviceUK,0
9416,LegalAdviceUK,0
9417,LegalAdviceUK,0
9418,LegalAdviceUK,0
9419,LegalAdviceUK,0
9420,LegalAdviceUK,0
9421,LegalAdviceUK,0
9422,LegalAdviceUK,0
9423,LegalAdviceUK,0
9424,LegalAdviceUK,0
9425,LegalAdviceUK,0
9426,LegalAdviceUK,0
9427,LegalAdviceUK,0
9428,LegalAdviceUK,0
9429,LegalAdviceUK,0
9430,LegalAdviceUK,0
9431,LegalAdviceUK,1
9432,LegalAdviceUK,0
9433,LegalAdviceUK,0
9434,LegalAdviceUK,0
9435,LegalAdviceUK,0
9436,LegalAdviceUK,0
9437,LegalAdviceUK,0
9438,LegalAdviceUK,0
9439,LegalAdviceUK,0
9440,LegalAdviceUK,0
9441,LegalAdviceUK,0
9442,LegalAdviceUK,0
9443,LegalAdviceUK,0
9444,LegalAdviceUK,0
9445,LegalAdviceUK,0
9446,LegalAdviceUK,0
9447,LegalAdviceUK,0
9448,LegalAdviceUK,0
9449,LegalAdviceUK,0
9450,LegalAdviceUK,0
9451,LegalAdviceUK,0
9452,LegalAdviceUK,0
9453,LegalAdviceUK,0
9454,LegalAdviceUK,0
9455,LegalAdviceUK,0
9456,LegalAdviceUK,0
9457,LegalAdviceUK,1
9458,LegalAdviceUK,0
9459,LegalAdviceUK,0
9460,LegalAdviceUK,0
9461,LegalAdviceUK,0
9462,LegalAdviceUK,0
9463,LegalAdviceUK,0
9464,LegalAdviceUK,0
9465,LegalAdviceUK,0
9466,LegalAdviceUK,0
9467,LegalAdviceUK,0
9468,LegalAdviceUK,1
9469,LegalAdviceUK,0
9470,LegalAdviceUK,0
9471,LegalAdviceUK,0
9472,LegalAdviceUK,0
9473,LegalAdviceUK,0
9474,LegalAdviceUK,0
9475,LegalAdviceUK,0
9476,LegalAdviceUK,0
9477,LegalAdviceUK,0
9478,LegalAdviceUK,0
9479,LegalAdviceUK,0
9480,LegalAdviceUK,0
9481,LegalAdviceUK,0
9482,LegalAdviceUK,0
9483,LegalAdviceUK,0
9484,LegalAdviceUK,0
9485,LegalAdviceUK,0
9486,LegalAdviceUK,0
9487,LegalAdviceUK,0
9488,LegalAdviceUK,0
9489,LegalAdviceUK,0
9490,LegalAdviceUK,0
9491,LegalAdviceUK,0
9492,LegalAdviceUK,0
9493,LegalAdviceUK,0
9494,LegalAdviceUK,0
9495,LegalAdviceUK,0
9496,LegalAdviceUK,1
9497,LegalAdviceUK,1
9498,LegalAdviceUK,0
9499,LegalAdviceUK,0
9500,LegalAdviceUK,0
9501,LegalAdviceUK,0
9502,LegalAdviceUK,0
9503,LegalAdviceUK,0
9504,LegalAdviceUK,0
9505,LegalAdviceUK,0
9506,LegalAdviceUK,0
9507,LegalAdviceUK,0
9508,LegalAdviceUK,0
9509,LegalAdviceUK,0
9510,LegalAdviceUK,0
9511,LegalAdviceUK,0
9512,LegalAdviceUK,0
9513,LegalAdviceUK,0
9514,LegalAdviceUK,0
9515,LegalAdviceUK,0
9516,LegalAdviceUK,0
9517,LegalAdviceUK,0
9518,LegalAdviceUK,0
9519,LegalAdviceUK,0
9520,LegalAdviceUK,0
9521,LegalAdviceUK,0
9522,LegalAdviceUK,0
9523,LegalAdviceUK,0
9524,LegalAdviceUK,1
9525,LegalAdviceUK,0
9526,LegalAdviceUK,0
9527,LegalAdviceUK,0
9528,LegalAdviceUK,0
9529,LegalAdviceUK,0
9530,LegalAdviceUK,0
9531,LegalAdviceUK,0
9532,LegalAdviceUK,0
9533,LegalAdviceUK,0
9534,LegalAdviceUK,0
9535,LegalAdviceUK,0
9536,LegalAdviceUK,0
9537,LegalAdviceUK,0
9538,LegalAdviceUK,0
9539,LegalAdviceUK,0
9540,LegalAdviceUK,0
9541,LegalAdviceUK,0
9542,LegalAdviceUK,0
9543,LegalAdviceUK,0
9544,LegalAdviceUK,0
9545,LegalAdviceUK,0
9546,LegalAdviceUK,0
9547,LegalAdviceUK,0
9548,LegalAdviceUK,0
9549,LegalAdviceUK,0
9550,LegalAdviceUK,0
9551,LegalAdviceUK,0
9552,LegalAdviceUK,0
9553,LegalAdviceUK,0
9554,LegalAdviceUK,0
9555,LegalAdviceUK,0
9556,LegalAdviceUK,0
9557,LegalAdviceUK,0
9558,LegalAdviceUK,0
9559,LegalAdviceUK,0
9560,LegalAdviceUK,0
9561,LegalAdviceUK,0
9562,LegalAdviceUK,0
9563,LegalAdviceUK,0
9564,LegalAdviceUK,0
9565,LegalAdviceUK,0
9566,LegalAdviceUK,0
9567,LegalAdviceUK,0
9568,LegalAdviceUK,0
9569,LegalAdviceUK,0
9570,LegalAdviceUK,0
9571,LegalAdviceUK,0
9572,LegalAdviceUK,0
9573,LegalAdviceUK,0
9574,LegalAdviceUK,0
9575,LegalAdviceUK,0
9576,LegalAdviceUK,0
9577,LegalAdviceUK,0
9578,LegalAdviceUK,0
9579,LegalAdviceUK,0
9580,LegalAdviceUK,0
9581,LegalAdviceUK,0
9582,LegalAdviceUK,0
9583,LegalAdviceUK,0
9584,LegalAdviceUK,0
9585,LegalAdviceUK,0
9586,LegalAdviceUK,0
9587,LegalAdviceUK,0
9588,LegalAdviceUK,0
9589,LegalAdviceUK,0
9590,LegalAdviceUK,0
9591,LegalAdviceUK,0
9592,LegalAdviceUK,0
9593,LegalAdviceUK,0
9594,LegalAdviceUK,0
9595,LegalAdviceUK,0
9596,LegalAdviceUK,0
9597,LegalAdviceUK,0
9598,LegalAdviceUK,0
9599,LegalAdviceUK,0
9600,LegalAdviceUK,0
9601,LegalAdviceUK,0
9602,LegalAdviceUK,0
9603,LegalAdviceUK,0
9604,LegalAdviceUK,0
9605,LegalAdviceUK,0
9606,LegalAdviceUK,0
9607,LegalAdviceUK,0
9608,LegalAdviceUK,0
9609,LegalAdviceUK,0
9610,LegalAdviceUK,0
9611,LegalAdviceUK,0
9612,LegalAdviceUK,0
9613,LegalAdviceUK,0
9614,LegalAdviceUK,0
9615,LegalAdviceUK,0
9616,LegalAdviceUK,0
9617,LegalAdviceUK,0
9618,LegalAdviceUK,0
9619,LegalAdviceUK,0
9620,LegalAdviceUK,0
9621,LegalAdviceUK,0
9622,LegalAdviceUK,0
9623,LegalAdviceUK,0
9624,LegalAdviceUK,0
9625,LegalAdviceUK,0
9626,LegalAdviceUK,0
9627,LegalAdviceUK,0
9628,LegalAdviceUK,0
9629,LegalAdviceUK,0
9630,LegalAdviceUK,0
9631,LegalAdviceUK,0
9632,LegalAdviceUK,0
9633,LegalAdviceUK,0
9634,LegalAdviceUK,0
9635,LegalAdviceUK,0
9636,LegalAdviceUK,0
9637,LegalAdviceUK,0
9638,LegalAdviceUK,0
9639,LegalAdviceUK,0
9640,LegalAdviceUK,0
9641,LegalAdviceUK,0
9642,LegalAdviceUK,0
9643,LegalAdviceUK,1
9644,LegalAdviceUK,0
9645,LegalAdviceUK,0
9646,LegalAdviceUK,0
9647,LegalAdviceUK,0
9648,LegalAdviceUK,0
9649,LegalAdviceUK,0
9650,LegalAdviceUK,0
9651,LegalAdviceUK,0
9652,LegalAdviceUK,0
9653,LegalAdviceUK,0
9654,LegalAdviceUK,0
9655,LegalAdviceUK,0
9656,LegalAdviceUK,0
9657,LegalAdviceUK,0
9658,LegalAdviceUK,0
9659,LegalAdviceUK,0
9660,LegalAdviceUK,0
9661,LegalAdviceUK,0
9662,LegalAdviceUK,0
9663,LegalAdviceUK,0
9664,LegalAdviceUK,0
9665,LegalAdviceUK,0
9666,LegalAdviceUK,0
9667,LegalAdviceUK,0
9668,LegalAdviceUK,0
9669,LegalAdviceUK,0
9670,LegalAdviceUK,0
9671,LegalAdviceUK,0
9672,LegalAdviceUK,0
9673,LegalAdviceUK,0
9674,LegalAdviceUK,0
9675,LegalAdviceUK,0
9676,LegalAdviceUK,0
9677,LegalAdviceUK,0
9678,LegalAdviceUK,0
9679,LegalAdviceUK,0
9680,LegalAdviceUK,0
9681,LegalAdviceUK,0
9682,LegalAdviceUK,0
9683,LegalAdviceUK,0
9684,LegalAdviceUK,0
9685,LegalAdviceUK,0
9686,LegalAdviceUK,0
9687,LegalAdviceUK,0
9688,LegalAdviceUK,0
9689,LegalAdviceUK,0
9690,LegalAdviceUK,0
9691,LegalAdviceUK,0
9692,LegalAdviceUK,0
9693,LegalAdviceUK,0
9694,LegalAdviceUK,0
9695,LegalAdviceUK,0
9696,LegalAdviceUK,0
9697,LegalAdviceUK,0
9698,LegalAdviceUK,0
9699,LegalAdviceUK,0
9700,LegalAdviceUK,0
9701,LegalAdviceUK,0
9702,LegalAdviceUK,0
9703,LegalAdviceUK,0
9704,LegalAdviceUK,0
9705,LegalAdviceUK,0
9706,LegalAdviceUK,0
9707,LegalAdviceUK,0
9708,LegalAdviceUK,0
9709,LegalAdviceUK,0
9710,LegalAdviceUK,0
9711,LegalAdviceUK,0
9712,LegalAdviceUK,0
9713,LegalAdviceUK,1
9714,LegalAdviceUK,0
9715,LegalAdviceUK,0
9716,LegalAdviceUK,0
9717,LegalAdviceUK,0
9718,LegalAdviceUK,0
9719,LegalAdviceUK,0
9720,LegalAdviceUK,0
9721,LegalAdviceUK,0
9722,LegalAdviceUK,0
9723,LegalAdviceUK,0
9724,LegalAdviceUK,0
9725,LegalAdviceUK,0
9726,LegalAdviceUK,0
9727,LegalAdviceUK,0
9728,LegalAdviceUK,0
9729,LegalAdviceUK,0
9730,LegalAdviceUK,0
9731,LegalAdviceUK,0
9732,LegalAdviceUK,0
9733,LegalAdviceUK,0
9734,LegalAdviceUK,0
9735,LegalAdviceUK,0
9736,LegalAdviceUK,0
9737,LegalAdviceUK,0
9738,LegalAdviceUK,0
9739,LegalAdviceUK,0
9740,LegalAdviceUK,0
9741,LegalAdviceUK,0
9742,LegalAdviceUK,0
9743,LegalAdviceUK,0
9744,LegalAdviceUK,1
9745,LegalAdviceUK,0
9746,LegalAdviceUK,0
9747,LegalAdviceUK,0
9748,LegalAdviceUK,0
9749,LegalAdviceUK,0
9750,LegalAdviceUK,0
9751,LegalAdviceUK,0
9752,LegalAdviceUK,0
9753,LegalAdviceUK,0
9754,LegalAdviceUK,0
9755,LegalAdviceUK,0
9756,LegalAdviceUK,0
9757,LegalAdviceUK,0
9758,LegalAdviceUK,0
9759,LegalAdviceUK,0
9760,LegalAdviceUK,0
9761,LegalAdviceUK,0
9762,LegalAdviceUK,0
9763,LegalAdviceUK,0
9764,LegalAdviceUK,0
9765,LegalAdviceUK,0
9766,LegalAdviceUK,0
9767,LegalAdviceUK,0
9768,LegalAdviceUK,0
9769,LegalAdviceUK,0
9770,LegalAdviceUK,0
9771,LegalAdviceUK,0
9772,LegalAdviceUK,0
9773,LegalAdviceUK,0
9774,LegalAdviceUK,0
9775,LegalAdviceUK,0
9776,LegalAdviceUK,0
9777,LegalAdviceUK,0
9778,LegalAdviceUK,1
9779,LegalAdviceUK,0
9780,LegalAdviceUK,0
9781,LegalAdviceUK,0
9782,LegalAdviceUK,0
9783,LegalAdviceUK,0
9784,LegalAdviceUK,0
9785,LegalAdviceUK,0
9786,LegalAdviceUK,0
9787,LegalAdviceUK,0
9788,LegalAdviceUK,0
9789,LegalAdviceUK,0
9790,LegalAdviceUK,0
9791,LegalAdviceUK,0
9792,LegalAdviceUK,1
9793,LegalAdviceUK,0
9794,LegalAdviceUK,0
9795,LegalAdviceUK,0
9796,LegalAdviceUK,0
9797,LegalAdviceUK,0
9798,LegalAdviceUK,0
9799,LegalAdviceUK,0
9800,LegalAdviceUK,0
9801,LegalAdviceUK,0
9802,LegalAdviceUK,0
9803,LegalAdviceUK,0
9804,LegalAdviceUK,0
9805,LegalAdviceUK,0
9806,LegalAdviceUK,0
9807,LegalAdviceUK,0
9808,LegalAdviceUK,0
9809,LegalAdviceUK,0
9810,LegalAdviceUK,0
9811,LegalAdviceUK,0
9812,LegalAdviceUK,0
9813,LegalAdviceUK,0
9814,LegalAdviceUK,0
9815,LegalAdviceUK,0
9816,LegalAdviceUK,0
9817,LegalAdviceUK,0
9818,LegalAdviceUK,0
9819,LegalAdviceUK,0
9820,LegalAdviceUK,0
9821,LegalAdviceUK,0
9822,LegalAdviceUK,0
9823,LegalAdviceUK,0
9824,LegalAdviceUK,0
9825,LegalAdviceUK,0
9826,LegalAdviceUK,0
9827,LegalAdviceUK,0
9828,LegalAdviceUK,0
9829,LegalAdviceUK,0
9830,LegalAdviceUK,0
9831,LegalAdviceUK,0
9832,LegalAdviceUK,0
9833,LegalAdviceUK,0
9834,LegalAdviceUK,0
9835,LegalAdviceUK,0
9836,LegalAdviceUK,0
9837,LegalAdviceUK,0
9838,LegalAdviceUK,0
9839,LegalAdviceUK,0
9840,LegalAdviceUK,0
9841,LegalAdviceUK,0
9842,LegalAdviceUK,0
9843,LegalAdviceUK,0
9844,LegalAdviceUK,0
9845,LegalAdviceUK,1
9846,LegalAdviceUK,0
9847,LegalAdviceUK,0
9848,LegalAdviceUK,0
9849,LegalAdviceUK,0
9850,LegalAdviceUK,0
9851,LegalAdviceUK,0
9852,LegalAdviceUK,0
9853,LegalAdviceUK,0
9854,LegalAdviceUK,0
9855,LegalAdviceUK,0
9856,LegalAdviceUK,0
9857,LegalAdviceUK,0
9858,LegalAdviceUK,0
9859,LegalAdviceUK,0
9860,LegalAdviceUK,0
9861,LegalAdviceUK,0
9862,LegalAdviceUK,0
9863,LegalAdviceUK,0
9864,LegalAdviceUK,1
9865,LegalAdviceUK,1
9866,LegalAdviceUK,0
9867,LegalAdviceUK,0
9868,LegalAdviceUK,0
9869,LegalAdviceUK,0
9870,LegalAdviceUK,0
9871,LegalAdviceUK,0
9872,LegalAdviceUK,0
9873,LegalAdviceUK,0
9874,LegalAdviceUK,0
9875,LegalAdviceUK,0
9876,LegalAdviceUK,0
9877,LegalAdviceUK,0
9878,LegalAdviceUK,0
9879,LegalAdviceUK,1
9880,LegalAdviceUK,0
9881,LegalAdviceUK,0
9882,LegalAdviceUK,0
9883,LegalAdviceUK,0
9884,LegalAdviceUK,0
9885,LegalAdviceUK,0
9886,LegalAdviceUK,0
9887,LegalAdviceUK,0
9888,LegalAdviceUK,0
9889,LegalAdviceUK,0
9890,LegalAdviceUK,0
9891,LegalAdviceUK,0
9892,LegalAdviceUK,0
9893,LegalAdviceUK,0
9894,LegalAdviceUK,0
9895,LegalAdviceUK,0
9896,LegalAdviceUK,0
9897,LegalAdviceUK,0
9898,LegalAdviceUK,0
9899,LegalAdviceUK,0
9900,LegalAdviceUK,0
9901,LegalAdviceUK,0
9902,LegalAdviceUK,0
9903,LegalAdviceUK,0
9904,LegalAdviceUK,0
9905,LegalAdviceUK,0
9906,LegalAdviceUK,0
9907,LegalAdviceUK,0
9908,LegalAdviceUK,0
9909,LegalAdviceUK,0
9910,LegalAdviceUK,0
9911,LegalAdviceUK,0
9912,LegalAdviceUK,0
9913,LegalAdviceUK,0
9914,LegalAdviceUK,0
9915,LegalAdviceUK,0
9916,LegalAdviceUK,0
9917,LegalAdviceUK,0
9918,LegalAdviceUK,0
9919,LegalAdviceUK,0
9920,LegalAdviceUK,0
9921,LegalAdviceUK,0
9922,LegalAdviceUK,0
9923,LegalAdviceUK,0
9924,LegalAdviceUK,0
9925,LegalAdviceUK,0
9926,LegalAdviceUK,0
9927,LegalAdviceUK,0
9928,LegalAdviceUK,0
9929,LegalAdviceUK,0
9930,LegalAdviceUK,0
9931,LegalAdviceUK,0
9932,LegalAdviceUK,0
9933,LegalAdviceUK,0
9934,LegalAdviceUK,0
9935,LegalAdviceUK,0
9936,LegalAdviceUK,0
9937,LegalAdviceUK,0
9938,LegalAdviceUK,0
9939,LegalAdviceUK,0
9940,LegalAdviceUK,0
9941,LegalAdviceUK,0
9942,LegalAdviceUK,0
9943,LegalAdviceUK,0
9944,LegalAdviceUK,0
9945,LegalAdviceUK,0
9946,LegalAdviceUK,0
9947,LegalAdviceUK,0
9948,LegalAdviceUK,1
9949,LegalAdviceUK,0
9950,LegalAdviceUK,0
9951,LegalAdviceUK,0
9952,LegalAdviceUK,0
9953,LegalAdviceUK,0
9954,LegalAdviceUK,0
9955,LegalAdviceUK,0
9956,LegalAdviceUK,0
9957,LegalAdviceUK,0
9958,LegalAdviceUK,0
9959,LegalAdviceUK,0
9960,LegalAdviceUK,0
9961,LegalAdviceUK,0
9962,LegalAdviceUK,0
9963,LegalAdviceUK,0
9964,LegalAdviceUK,0
9965,LegalAdviceUK,0
9966,LegalAdviceUK,0
9967,LegalAdviceUK,0
9968,LegalAdviceUK,0
9969,LegalAdviceUK,0
9970,LegalAdviceUK,0
9971,LegalAdviceUK,0
9972,LegalAdviceUK,0
9973,LegalAdviceUK,0
9974,LegalAdviceUK,0
9975,LegalAdviceUK,0
9976,LegalAdviceUK,0
9977,LegalAdviceUK,0
9978,LegalAdviceUK,0
9979,LegalAdviceUK,0
9980,LegalAdviceUK,0
9981,LegalAdviceUK,0
9982,LegalAdviceUK,0
9983,LegalAdviceUK,0
9984,LegalAdviceUK,0
9985,LegalAdviceUK,0
9986,LegalAdviceUK,0
9987,LegalAdviceUK,0
9988,LegalAdviceUK,0
9989,LegalAdviceUK,0
9990,LegalAdviceUK,0
9991,LegalAdviceUK,0
9992,LegalAdviceUK,0
9993,LegalAdviceUK,0
9994,LegalAdviceUK,0
9995,LegalAdviceUK,0
9996,LegalAdviceUK,0
9997,LegalAdviceUK,0
9998,LegalAdviceUK,0
9999,LegalAdviceUK,0
10000,LegalAdviceUK,0
10001,LegalAdviceUK,0
10002,LegalAdviceUK,0
10003,LegalAdviceUK,0
10004,LegalAdviceUK,0
10005,LegalAdviceUK,0
10006,LegalAdviceUK,0
10007,LegalAdviceUK,0
10008,LegalAdviceUK,0
10009,LegalAdviceUK,0
10010,LegalAdviceUK,0
10011,LegalAdviceUK,0
10012,LegalAdviceUK,0
10013,LegalAdviceUK,1
10014,LegalAdviceUK,0
10015,LegalAdviceUK,0
10016,LegalAdviceUK,0
10017,LegalAdviceUK,0
10018,LegalAdviceUK,1
10019,LegalAdviceUK,0
10020,LegalAdviceUK,0
10021,LegalAdviceUK,0
10022,LegalAdviceUK,0
10023,LegalAdviceUK,0
10024,LegalAdviceUK,0
10025,LegalAdviceUK,0
10026,LegalAdviceUK,0
10027,LegalAdviceUK,0
10028,LegalAdviceUK,0
10029,LegalAdviceUK,0
10030,LegalAdviceUK,0
10031,LegalAdviceUK,0
10032,LegalAdviceUK,0
10033,LegalAdviceUK,0
10034,LegalAdviceUK,0
10035,LegalAdviceUK,0
10036,LegalAdviceUK,0
10037,LegalAdviceUK,0
10038,LegalAdviceUK,0
10039,LegalAdviceUK,0
10040,LegalAdviceUK,0
10041,LegalAdviceUK,0
10042,LegalAdviceUK,0
10043,LegalAdviceUK,0
10044,LegalAdviceUK,0
10045,LegalAdviceUK,0
10046,LegalAdviceUK,0
10047,LegalAdviceUK,0
10048,LegalAdviceUK,0
10049,LegalAdviceUK,0
10050,LegalAdviceUK,0
10051,LegalAdviceUK,0
10052,LegalAdviceUK,0
10053,LegalAdviceUK,0
10054,LegalAdviceUK,0
10055,LegalAdviceUK,0
10056,LegalAdviceUK,0
10057,LegalAdviceUK,0
10058,LegalAdviceUK,0
10059,LegalAdviceUK,0
10060,LegalAdviceUK,0
10061,LegalAdviceUK,0
10062,LegalAdviceUK,0
10063,LegalAdviceUK,0
10064,LegalAdviceUK,0
10065,LegalAdviceUK,0
10066,LegalAdviceUK,0
10067,LegalAdviceUK,0
10068,LegalAdviceUK,0
10069,LegalAdviceUK,0
10070,LegalAdviceUK,1
10071,LegalAdviceUK,0
10072,LegalAdviceUK,0
10073,LegalAdviceUK,0
10074,LegalAdviceUK,1
10075,LegalAdviceUK,0
10076,LegalAdviceUK,0
10077,LegalAdviceUK,0
10078,LegalAdviceUK,0
10079,LegalAdviceUK,0
10080,LegalAdviceUK,0
10081,LegalAdviceUK,0
10082,LegalAdviceUK,0
10083,LegalAdviceUK,0
10084,LegalAdviceUK,0
10085,LegalAdviceUK,0
10086,LegalAdviceUK,0
10087,LegalAdviceUK,0
10088,LegalAdviceUK,0
10089,LegalAdviceUK,0
10090,LegalAdviceUK,0
10091,LegalAdviceUK,0
10092,LegalAdviceUK,1
10093,LegalAdviceUK,0
10094,LegalAdviceUK,0
10095,LegalAdviceUK,1
10096,LegalAdviceUK,0
10097,LegalAdviceUK,0
10098,LegalAdviceUK,0
10099,LegalAdviceUK,0
10100,LegalAdviceUK,0
10101,LegalAdviceUK,0
10102,LegalAdviceUK,0
10103,LegalAdviceUK,0
10104,LegalAdviceUK,0
10105,LegalAdviceUK,0
10106,LegalAdviceUK,0
10107,LegalAdviceUK,0
10108,LegalAdviceUK,0
10109,LegalAdviceUK,0
10110,LegalAdviceUK,0
10111,LegalAdviceUK,0
10112,LegalAdviceUK,0
10113,LegalAdviceUK,0
10114,LegalAdviceUK,0
10115,LegalAdviceUK,1
10116,LegalAdviceUK,0
10117,LegalAdviceUK,0
10118,LegalAdviceUK,0
10119,LegalAdviceUK,0
10120,LegalAdviceUK,0
10121,LegalAdviceUK,0
10122,LegalAdviceUK,0
10123,LegalAdviceUK,0
10124,LegalAdviceUK,0
10125,LegalAdviceUK,0
10126,LegalAdviceUK,0
10127,LegalAdviceUK,0
10128,LegalAdviceUK,0
10129,LegalAdviceUK,0
10130,LegalAdviceUK,0
10131,LegalAdviceUK,0
10132,LegalAdviceUK,0
10133,LegalAdviceUK,0
10134,LegalAdviceUK,0
10135,LegalAdviceUK,0
10136,LegalAdviceUK,0
10137,LegalAdviceUK,1
10138,LegalAdviceUK,0
10139,LegalAdviceUK,0
10140,LegalAdviceUK,0
10141,LegalAdviceUK,0
10142,LegalAdviceUK,0
10143,LegalAdviceUK,0
10144,LegalAdviceUK,0
10145,LegalAdviceUK,0
10146,LegalAdviceUK,0
10147,LegalAdviceUK,0
10148,LegalAdviceUK,0
10149,LegalAdviceUK,0
10150,LegalAdviceUK,0
10151,LegalAdviceUK,0
10152,LegalAdviceUK,0
10153,LegalAdviceUK,0
10154,LegalAdviceUK,0
10155,LegalAdviceUK,0
10156,LegalAdviceUK,0
10157,LegalAdviceUK,0
10158,LegalAdviceUK,0
10159,LegalAdviceUK,0
10160,LegalAdviceUK,0
10161,LegalAdviceUK,0
10162,LegalAdviceUK,0
10163,LegalAdviceUK,0
10164,LegalAdviceUK,1
10165,LegalAdviceUK,0
10166,LegalAdviceUK,0
10167,LegalAdviceUK,0
10168,LegalAdviceUK,0
10169,LegalAdviceUK,0
10170,LegalAdviceUK,0
10171,LegalAdviceUK,0
10172,LegalAdviceUK,0
10173,LegalAdviceUK,0
10174,LegalAdviceUK,0
10175,LegalAdviceUK,0
10176,LegalAdviceUK,0
10177,LegalAdviceUK,0
10178,LegalAdviceUK,0
10179,LegalAdviceUK,0
10180,LegalAdviceUK,0
10181,LegalAdviceUK,0
10182,LegalAdviceUK,0
10183,LegalAdviceUK,0
10184,LegalAdviceUK,0
10185,LegalAdviceUK,0
10186,LegalAdviceUK,0
10187,LegalAdviceUK,0
10188,LegalAdviceUK,0
10189,LegalAdviceUK,0
10190,LegalAdviceUK,0
10191,LegalAdviceUK,0
10192,LegalAdviceUK,0
10193,LegalAdviceUK,0
10194,LegalAdviceUK,0
10195,LegalAdviceUK,0
10196,LegalAdviceUK,0
10197,LegalAdviceUK,0
10198,LegalAdviceUK,0
10199,LegalAdviceUK,0
10200,LegalAdviceUK,0
10201,LegalAdviceUK,0
10202,LegalAdviceUK,0
10203,LegalAdviceUK,0
10204,LegalAdviceUK,0
10205,LegalAdviceUK,1
10206,LegalAdviceUK,0
10207,LegalAdviceUK,0
10208,LegalAdviceUK,0
10209,LegalAdviceUK,0
10210,LegalAdviceUK,0
10211,LegalAdviceUK,0
10212,LegalAdviceUK,0
10213,LegalAdviceUK,0
10214,LegalAdviceUK,0
10215,LegalAdviceUK,0
10216,LegalAdviceUK,1
10217,LegalAdviceUK,0
10218,LegalAdviceUK,0
10219,LegalAdviceUK,0
10220,LegalAdviceUK,0
10221,LegalAdviceUK,0
10222,LegalAdviceUK,0
10223,LegalAdviceUK,0
10224,LegalAdviceUK,0
10225,LegalAdviceUK,0
10226,LegalAdviceUK,0
10227,LegalAdviceUK,0
10228,LegalAdviceUK,0
10229,LegalAdviceUK,0
10230,LegalAdviceUK,0
10231,LegalAdviceUK,0
10232,LegalAdviceUK,0
10233,LegalAdviceUK,0
10234,LegalAdviceUK,0
10235,LegalAdviceUK,0
10236,LegalAdviceUK,0
10237,LegalAdviceUK,0
10238,LegalAdviceUK,0
10239,LegalAdviceUK,0
10240,LegalAdviceUK,0
10241,LegalAdviceUK,0
10242,LegalAdviceUK,0
10243,LegalAdviceUK,0
10244,LegalAdviceUK,0
10245,LegalAdviceUK,0
10246,LegalAdviceUK,0
10247,LegalAdviceUK,0
10248,LegalAdviceUK,0
10249,LegalAdviceUK,0
10250,LegalAdviceUK,0
10251,LegalAdviceUK,0
10252,LegalAdviceUK,0
10253,LegalAdviceUK,0
10254,LegalAdviceUK,0
10255,LegalAdviceUK,0
10256,LegalAdviceUK,0
10257,LegalAdviceUK,0
10258,LegalAdviceUK,0
10259,LegalAdviceUK,0
10260,LegalAdviceUK,0
10261,LegalAdviceUK,0
10262,LegalAdviceUK,0
10263,LegalAdviceUK,0
10264,LegalAdviceUK,0
10265,LegalAdviceUK,0
10266,LegalAdviceUK,0
10267,LegalAdviceUK,0
10268,LegalAdviceUK,0
10269,LegalAdviceUK,0
10270,LegalAdviceUK,0
10271,LegalAdviceUK,0
10272,LegalAdviceUK,0
10273,LegalAdviceUK,0
10274,LegalAdviceUK,0
10275,LegalAdviceUK,0
10276,LegalAdviceUK,0
10277,LegalAdviceUK,0
10278,LegalAdviceUK,0
10279,LegalAdviceUK,0
10280,LegalAdviceUK,0
10281,LegalAdviceUK,0
10282,LegalAdviceUK,0
10283,LegalAdviceUK,0
10284,LegalAdviceUK,0
10285,LegalAdviceUK,0
10286,LegalAdviceUK,0
10287,LegalAdviceUK,0
10288,LegalAdviceUK,0
10289,LegalAdviceUK,0
10290,LegalAdviceUK,0
10291,LegalAdviceUK,0
10292,LegalAdviceUK,0
10293,LegalAdviceUK,0
10294,LegalAdviceUK,0
10295,LegalAdviceUK,0
10296,LegalAdviceUK,0
10297,LegalAdviceUK,0
10298,LegalAdviceUK,0
10299,LegalAdviceUK,0
10300,LegalAdviceUK,0
10301,LegalAdviceUK,0
10302,LegalAdviceUK,0
10303,LegalAdviceUK,0
10304,LegalAdviceUK,0
10305,LegalAdviceUK,0
10306,LegalAdviceUK,0
10307,LegalAdviceUK,1
10308,LegalAdviceUK,0
10309,LegalAdviceUK,0
10310,LegalAdviceUK,0
10311,LegalAdviceUK,0
10312,LegalAdviceUK,0
10313,LegalAdviceUK,0
10314,LegalAdviceUK,0
10315,LegalAdviceUK,0
10316,LegalAdviceUK,0
10317,LegalAdviceUK,0
10318,LegalAdviceUK,0
10319,LegalAdviceUK,0
10320,LegalAdviceUK,0
10321,LegalAdviceUK,0
10322,LegalAdviceUK,0
10323,LegalAdviceUK,1
10324,LegalAdviceUK,0
10325,LegalAdviceUK,0
10326,LegalAdviceUK,0
10327,LegalAdviceUK,0
10328,LegalAdviceUK,0
10329,LegalAdviceUK,0
10330,LegalAdviceUK,0
10331,LegalAdviceUK,0
10332,LegalAdviceUK,0
10333,LegalAdviceUK,0
10334,LegalAdviceUK,0
10335,LegalAdviceUK,0
10336,LegalAdviceUK,0
10337,LegalAdviceUK,0
10338,LegalAdviceUK,0
10339,LegalAdviceUK,0
10340,LegalAdviceUK,0
10341,LegalAdviceUK,0
10342,LegalAdviceUK,0
10343,LegalAdviceUK,1
10344,LegalAdviceUK,0
10345,LegalAdviceUK,0
10346,LegalAdviceUK,0
10347,LegalAdviceUK,0
10348,LegalAdviceUK,0
10349,LegalAdviceUK,0
10350,LegalAdviceUK,0
10351,LegalAdviceUK,0
10352,LegalAdviceUK,0
10353,LegalAdviceUK,0
10354,LegalAdviceUK,0
10355,LegalAdviceUK,0
10356,LegalAdviceUK,0
10357,LegalAdviceUK,0
10358,LegalAdviceUK,0
10359,LegalAdviceUK,0
10360,LegalAdviceUK,0
10361,LegalAdviceUK,0
10362,LegalAdviceUK,0
10363,LegalAdviceUK,0
10364,LegalAdviceUK,0
10365,LegalAdviceUK,0
10366,LegalAdviceUK,0
10367,LegalAdviceUK,0
10368,LegalAdviceUK,0
10369,LegalAdviceUK,0
10370,LegalAdviceUK,0
10371,LegalAdviceUK,0
10372,LegalAdviceUK,0
10373,LegalAdviceUK,0
10374,LegalAdviceUK,0
10375,LegalAdviceUK,0
10376,LegalAdviceUK,0
10377,LegalAdviceUK,0
10378,LegalAdviceUK,0
10379,LegalAdviceUK,0
10380,LegalAdviceUK,0
10381,LegalAdviceUK,0
10382,LegalAdviceUK,0
10383,LegalAdviceUK,0
10384,LegalAdviceUK,0
10385,LegalAdviceUK,0
10386,LegalAdviceUK,0
10387,LegalAdviceUK,0
10388,LegalAdviceUK,0
10389,LegalAdviceUK,1
10390,LegalAdviceUK,0
10391,LegalAdviceUK,0
10392,LegalAdviceUK,0
10393,LegalAdviceUK,0
10394,LegalAdviceUK,0
10395,LegalAdviceUK,0
10396,LegalAdviceUK,0
10397,LegalAdviceUK,0
10398,LegalAdviceUK,0
10399,LegalAdviceUK,0
10400,LegalAdviceUK,0
10401,LegalAdviceUK,0
10402,LegalAdviceUK,0
10403,LegalAdviceUK,1
10404,LegalAdviceUK,0
10405,LegalAdviceUK,0
10406,LegalAdviceUK,0
10407,LegalAdviceUK,0
10408,LegalAdviceUK,0
10409,LegalAdviceUK,0
10410,LegalAdviceUK,0
10411,LegalAdviceUK,0
10412,LegalAdviceUK,0
10413,LegalAdviceUK,0
10414,LegalAdviceUK,0
10415,LegalAdviceUK,0
10416,LegalAdviceUK,0
10417,LegalAdviceUK,1
10418,LegalAdviceUK,0
10419,LegalAdviceUK,0
10420,LegalAdviceUK,0
10421,LegalAdviceUK,0
10422,LegalAdviceUK,0
10423,LegalAdviceUK,0
10424,LegalAdviceUK,0
10425,LegalAdviceUK,0
10426,LegalAdviceUK,0
10427,LegalAdviceUK,0
10428,LegalAdviceUK,0
10429,LegalAdviceUK,0
10430,LegalAdviceUK,0
10431,LegalAdviceUK,0
10432,LegalAdviceUK,0
10433,LegalAdviceUK,0
10434,LegalAdviceUK,0
10435,LegalAdviceUK,0
10436,LegalAdviceUK,0
10437,LegalAdviceUK,0
10438,LegalAdviceUK,0
10439,LegalAdviceUK,0
10440,LegalAdviceUK,0
10441,LegalAdviceUK,0
10442,LegalAdviceUK,0
10443,LegalAdviceUK,1
10444,LegalAdviceUK,0
10445,LegalAdviceUK,0
10446,LegalAdviceUK,0
10447,LegalAdviceUK,0
10448,LegalAdviceUK,0
10449,LegalAdviceUK,0
10450,LegalAdviceUK,0
10451,LegalAdviceUK,0
10452,LegalAdviceUK,0
10453,LegalAdviceUK,0
10454,LegalAdviceUK,0
10455,LegalAdviceUK,0
10456,LegalAdviceUK,0
10457,LegalAdviceUK,0
10458,LegalAdviceUK,0
10459,LegalAdviceUK,0
10460,LegalAdviceUK,0
10461,LegalAdviceUK,0
10462,LegalAdviceUK,0
10463,LegalAdviceUK,0
10464,LegalAdviceUK,0
10465,LegalAdviceUK,0
10466,LegalAdviceUK,0
10467,LegalAdviceUK,0
10468,LegalAdviceUK,0
10469,LegalAdviceUK,0
10470,LegalAdviceUK,0
10471,LegalAdviceUK,0
10472,LegalAdviceUK,0
10473,LegalAdviceUK,0
10474,LegalAdviceUK,0
10475,LegalAdviceUK,0
10476,LegalAdviceUK,0
10477,LegalAdviceUK,0
10478,LegalAdviceUK,0
10479,LegalAdviceUK,0
10480,LegalAdviceUK,0
10481,LegalAdviceUK,0
10482,LegalAdviceUK,0
10483,LegalAdviceUK,0
10484,LegalAdviceUK,0
10485,LegalAdviceUK,0
10486,LegalAdviceUK,1
10487,LegalAdviceUK,0
10488,LegalAdviceUK,0
10489,LegalAdviceUK,0
10490,LegalAdviceUK,0
10491,LegalAdviceUK,0
10492,LegalAdviceUK,0
10493,LegalAdviceUK,0
10494,LegalAdviceUK,0
10495,LegalAdviceUK,1
10496,LegalAdviceUK,0
10497,LegalAdviceUK,0
10498,LegalAdviceUK,0
10499,LegalAdviceUK,0
10500,LegalAdviceUK,0
10501,LegalAdviceUK,0
10502,LegalAdviceUK,0
10503,LegalAdviceUK,0
10504,LegalAdviceUK,0
10505,LegalAdviceUK,0
10506,LegalAdviceUK,0
10507,LegalAdviceUK,0
10508,LegalAdviceUK,0
10509,LegalAdviceUK,0
10510,LegalAdviceUK,0
10511,LegalAdviceUK,0
10512,LegalAdviceUK,0
10513,LegalAdviceUK,0
10514,LegalAdviceUK,0
10515,LegalAdviceUK,0
10516,LegalAdviceUK,0
10517,LegalAdviceUK,0
10518,LegalAdviceUK,0
10519,LegalAdviceUK,1
10520,LegalAdviceUK,0
10521,LegalAdviceUK,0
10522,LegalAdviceUK,0
10523,LegalAdviceUK,0
10524,LegalAdviceUK,1
10525,LegalAdviceUK,0
10526,LegalAdviceUK,0
10527,LegalAdviceUK,0
10528,LegalAdviceUK,0
10529,LegalAdviceUK,0
10530,LegalAdviceUK,0
10531,LegalAdviceUK,0
10532,LegalAdviceUK,0
10533,LegalAdviceUK,0
10534,LegalAdviceUK,0
10535,LegalAdviceUK,0
10536,LegalAdviceUK,0
10537,LegalAdviceUK,0
10538,LegalAdviceUK,0
10539,LegalAdviceUK,0
10540,LegalAdviceUK,0
10541,LegalAdviceUK,0
10542,LegalAdviceUK,0
10543,LegalAdviceUK,0
10544,LegalAdviceUK,0
10545,LegalAdviceUK,0
10546,LegalAdviceUK,0
10547,LegalAdviceUK,0
10548,LegalAdviceUK,0
10549,LegalAdviceUK,0
10550,LegalAdviceUK,0
10551,LegalAdviceUK,0
10552,LegalAdviceUK,0
10553,LegalAdviceUK,0
10554,LegalAdviceUK,0
10555,LegalAdviceUK,0
10556,LegalAdviceUK,0
10557,LegalAdviceUK,0
10558,LegalAdviceUK,0
10559,LegalAdviceUK,0
10560,LegalAdviceUK,0
10561,LegalAdviceUK,0
10562,LegalAdviceUK,0
10563,LegalAdviceUK,0
10564,LegalAdviceUK,0
10565,LegalAdviceUK,0
10566,LegalAdviceUK,0
10567,LegalAdviceUK,0
10568,LegalAdviceUK,0
10569,LegalAdviceUK,0
10570,LegalAdviceUK,1
10571,LegalAdviceUK,0
10572,LegalAdviceUK,0
10573,LegalAdviceUK,0
10574,LegalAdviceUK,0
10575,LegalAdviceUK,0
10576,LegalAdviceUK,0
10577,LegalAdviceUK,0
10578,LegalAdviceUK,0
10579,LegalAdviceUK,0
10580,LegalAdviceUK,0
10581,LegalAdviceUK,0
10582,LegalAdviceUK,0
10583,LegalAdviceUK,0
10584,LegalAdviceUK,0
10585,LegalAdviceUK,0
10586,LegalAdviceUK,0
10587,LegalAdviceUK,0
10588,LegalAdviceUK,0
10589,LegalAdviceUK,0
10590,LegalAdviceUK,0
10591,LegalAdviceUK,0
10592,LegalAdviceUK,0
10593,LegalAdviceUK,0
10594,LegalAdviceUK,0
10595,LegalAdviceUK,0
10596,LegalAdviceUK,0
10597,LegalAdviceUK,0
10598,LegalAdviceUK,0
10599,LegalAdviceUK,0
10600,LegalAdviceUK,0
10601,LegalAdviceUK,0
10602,LegalAdviceUK,0
10603,LegalAdviceUK,0
10604,LegalAdviceUK,0
10605,LegalAdviceUK,0
10606,LegalAdviceUK,0
10607,LegalAdviceUK,0
10608,LegalAdviceUK,0
10609,LegalAdviceUK,0
10610,LegalAdviceUK,1
10611,LegalAdviceUK,0
10612,LegalAdviceUK,0
10613,LegalAdviceUK,1
10614,LegalAdviceUK,0
10615,LegalAdviceUK,0
10616,LegalAdviceUK,0
10617,LegalAdviceUK,0
10618,LegalAdviceUK,0
10619,LegalAdviceUK,0
10620,LegalAdviceUK,0
10621,LegalAdviceUK,0
10622,LegalAdviceUK,0
10623,LegalAdviceUK,0
10624,LegalAdviceUK,0
10625,LegalAdviceUK,0
10626,LegalAdviceUK,0
10627,LegalAdviceUK,0
10628,LegalAdviceUK,0
10629,LegalAdviceUK,0
10630,LegalAdviceUK,0
10631,LegalAdviceUK,0
10632,LegalAdviceUK,0
10633,LegalAdviceUK,0
10634,LegalAdviceUK,0
10635,LegalAdviceUK,0
10636,LegalAdviceUK,0
10637,LegalAdviceUK,0
10638,LegalAdviceUK,0
10639,LegalAdviceUK,0
10640,LegalAdviceUK,0
10641,LegalAdviceUK,0
10642,LegalAdviceUK,0
10643,LegalAdviceUK,0
10644,LegalAdviceUK,0
10645,LegalAdviceUK,0
10646,LegalAdviceUK,0
10647,LegalAdviceUK,0
10648,LegalAdviceUK,0
10649,LegalAdviceUK,0
10650,LegalAdviceUK,0
10651,LegalAdviceUK,0
10652,LegalAdviceUK,0
10653,LegalAdviceUK,0
10654,LegalAdviceUK,0
10655,LegalAdviceUK,0
10656,LegalAdviceUK,0
10657,LegalAdviceUK,0
10658,LegalAdviceUK,0
10659,LegalAdviceUK,0
10660,LegalAdviceUK,0
10661,LegalAdviceUK,0
10662,LegalAdviceUK,0
10663,LegalAdviceUK,0
10664,LegalAdviceUK,0
10665,LegalAdviceUK,0
10666,LegalAdviceUK,0
10667,LegalAdviceUK,0
10668,LegalAdviceUK,0
10669,LegalAdviceUK,0
10670,LegalAdviceUK,0
10671,LegalAdviceUK,0
10672,LegalAdviceUK,0
10673,LegalAdviceUK,0
10674,LegalAdviceUK,0
10675,LegalAdviceUK,0
10676,LegalAdviceUK,0
10677,LegalAdviceUK,0
10678,LegalAdviceUK,0
10679,LegalAdviceUK,0
10680,LegalAdviceUK,0
10681,LegalAdviceUK,0
10682,LegalAdviceUK,0
10683,LegalAdviceUK,0
10684,LegalAdviceUK,0
10685,LegalAdviceUK,0
10686,LegalAdviceUK,0
10687,LegalAdviceUK,1
10688,LegalAdviceUK,0
10689,LegalAdviceUK,0
10690,LegalAdviceUK,0
10691,LegalAdviceUK,0
10692,LegalAdviceUK,0
10693,LegalAdviceUK,0
10694,LegalAdviceUK,0
10695,LegalAdviceUK,0
10696,LegalAdviceUK,0
10697,LegalAdviceUK,0
10698,LegalAdviceUK,0
10699,LegalAdviceUK,0
10700,LegalAdviceUK,0
10701,LegalAdviceUK,0
10702,LegalAdviceUK,0
10703,LegalAdviceUK,0
10704,LegalAdviceUK,0
10705,LegalAdviceUK,0
10706,LegalAdviceUK,0
10707,LegalAdviceUK,0
10708,LegalAdviceUK,0
10709,LegalAdviceUK,0
10710,LegalAdviceUK,0
10711,LegalAdviceUK,0
10712,LegalAdviceUK,0
10713,LegalAdviceUK,0
10714,LegalAdviceUK,0
10715,LegalAdviceUK,0
10716,LegalAdviceUK,0
10717,LegalAdviceUK,0
10718,LegalAdviceUK,0
10719,LegalAdviceUK,0
10720,LegalAdviceUK,0
10721,LegalAdviceUK,0
10722,LegalAdviceUK,0
10723,LegalAdviceUK,0
10724,LegalAdviceUK,0
10725,LegalAdviceUK,0
10726,LegalAdviceUK,1
10727,LegalAdviceUK,0
10728,LegalAdviceUK,0
10729,LegalAdviceUK,0
10730,LegalAdviceUK,1
10731,LegalAdviceUK,1
10732,LegalAdviceUK,0
10733,LegalAdviceUK,0
10734,LegalAdviceUK,0
10735,LegalAdviceUK,0
10736,LegalAdviceUK,0
10737,LegalAdviceUK,0
10738,LegalAdviceUK,0
10739,LegalAdviceUK,0
10740,LegalAdviceUK,1
10741,LegalAdviceUK,1
10742,LegalAdviceUK,0
10743,LegalAdviceUK,0
10744,LegalAdviceUK,0
10745,LegalAdviceUK,0
10746,LegalAdviceUK,0
10747,LegalAdviceUK,0
10748,LegalAdviceUK,0
10749,LegalAdviceUK,0
10750,LegalAdviceUK,0
10751,LegalAdviceUK,0
10752,LegalAdviceUK,0
10753,LegalAdviceUK,0
10754,LegalAdviceUK,0
10755,LegalAdviceUK,0
10756,LegalAdviceUK,0
10757,LegalAdviceUK,0
10758,LegalAdviceUK,0
10759,LegalAdviceUK,0
10760,LegalAdviceUK,0
10761,LegalAdviceUK,0
10762,LegalAdviceUK,0
10763,LegalAdviceUK,0
10764,LegalAdviceUK,0
10765,LegalAdviceUK,0
10766,LegalAdviceUK,0
10767,LegalAdviceUK,0
10768,LegalAdviceUK,0
10769,LegalAdviceUK,1
10770,LegalAdviceUK,0
10771,LegalAdviceUK,0
10772,LegalAdviceUK,0
10773,LegalAdviceUK,0
10774,LegalAdviceUK,0
10775,LegalAdviceUK,0
10776,LegalAdviceUK,0
10777,LegalAdviceUK,0
10778,LegalAdviceUK,0
10779,LegalAdviceUK,1
10780,LegalAdviceUK,0
10781,LegalAdviceUK,1
10782,LegalAdviceUK,0
10783,LegalAdviceUK,0
10784,LegalAdviceUK,0
10785,LegalAdviceUK,0
10786,LegalAdviceUK,0
10787,LegalAdviceUK,0
10788,LegalAdviceUK,0
10789,LegalAdviceUK,0
10790,LegalAdviceUK,0
10791,LegalAdviceUK,1
10792,LegalAdviceUK,0
10793,LegalAdviceUK,0
10794,LegalAdviceUK,0
10795,LegalAdviceUK,1
10796,LegalAdviceUK,0
10797,LegalAdviceUK,0
10798,LegalAdviceUK,0
10799,LegalAdviceUK,0
10800,LegalAdviceUK,0
10801,LegalAdviceUK,0
10802,LegalAdviceUK,0
10803,LegalAdviceUK,0
10804,LegalAdviceUK,0
10805,LegalAdviceUK,0
10806,LegalAdviceUK,0
10807,LegalAdviceUK,0
10808,LegalAdviceUK,0
10809,LegalAdviceUK,0
10810,LegalAdviceUK,0
10811,LegalAdviceUK,0
10812,LegalAdviceUK,0
10813,LegalAdviceUK,0
10814,LegalAdviceUK,0
10815,LegalAdviceUK,0
10816,LegalAdviceUK,0
10817,LegalAdviceUK,0
10818,LegalAdviceUK,0
10819,LegalAdviceUK,0
10820,LegalAdviceUK,0
10821,LegalAdviceUK,0
10822,LegalAdviceUK,1
10823,LegalAdviceUK,0
10824,LegalAdviceUK,0
10825,LegalAdviceUK,0
10826,LegalAdviceUK,0
10827,LegalAdviceUK,0
10828,LegalAdviceUK,0
10829,LegalAdviceUK,0
10830,LegalAdviceUK,0
10831,LegalAdviceUK,0
10832,LegalAdviceUK,1
10833,LegalAdviceUK,0
10834,LegalAdviceUK,0
10835,LegalAdviceUK,0
10836,LegalAdviceUK,0
10837,LegalAdviceUK,0
10838,LegalAdviceUK,0
10839,LegalAdviceUK,0
10840,LegalAdviceUK,0
10841,LegalAdviceUK,0
10842,LegalAdviceUK,0
10843,LegalAdviceUK,0
10844,LegalAdviceUK,0
10845,LegalAdviceUK,0
10846,LegalAdviceUK,0
10847,LegalAdviceUK,0
10848,LegalAdviceUK,0
10849,LegalAdviceUK,0
10850,LegalAdviceUK,0
10851,LegalAdviceUK,0
10852,LegalAdviceUK,0
10853,LegalAdviceUK,0
10854,LegalAdviceUK,0
10855,LegalAdviceUK,0
10856,LegalAdviceUK,0
10857,LegalAdviceUK,0
10858,LegalAdviceUK,0
10859,LegalAdviceUK,0
10860,LegalAdviceUK,0
10861,LegalAdviceUK,0
10862,LegalAdviceUK,0
10863,LegalAdviceUK,0
10864,LegalAdviceUK,0
10865,LegalAdviceUK,0
10866,LegalAdviceUK,0
10867,LegalAdviceUK,0
10868,LegalAdviceUK,0
10869,LegalAdviceUK,0
10870,LegalAdviceUK,0
10871,LegalAdviceUK,0
10872,LegalAdviceUK,0
10873,LegalAdviceUK,0
10874,LegalAdviceUK,0
10875,LegalAdviceUK,0
10876,LegalAdviceUK,0
10877,LegalAdviceUK,0
10878,LegalAdviceUK,0
10879,LegalAdviceUK,0
10880,LegalAdviceUK,0
10881,LegalAdviceUK,0
10882,LegalAdviceUK,0
10883,LegalAdviceUK,0
10884,LegalAdviceUK,0
10885,LegalAdviceUK,0
10886,LegalAdviceUK,0
10887,LegalAdviceUK,0
10888,LegalAdviceUK,0
10889,LegalAdviceUK,0
10890,LegalAdviceUK,0
10891,LegalAdviceUK,0
10892,LegalAdviceUK,0
10893,LegalAdviceUK,0
10894,LegalAdviceUK,1
10895,LegalAdviceUK,0
10896,LegalAdviceUK,0
10897,LegalAdviceUK,0
10898,LegalAdviceUK,0
10899,LegalAdviceUK,0
10900,LegalAdviceUK,0
10901,LegalAdviceUK,0
10902,LegalAdviceUK,0
10903,LegalAdviceUK,0
10904,LegalAdviceUK,0
10905,LegalAdviceUK,0
10906,LegalAdviceUK,1
10907,LegalAdviceUK,0
10908,LegalAdviceUK,0
10909,LegalAdviceUK,0
10910,LegalAdviceUK,0
10911,LegalAdviceUK,0
10912,LegalAdviceUK,0
10913,LegalAdviceUK,0
10914,LegalAdviceUK,0
10915,LegalAdviceUK,0
10916,LegalAdviceUK,0
10917,LegalAdviceUK,0
10918,LegalAdviceUK,0
10919,LegalAdviceUK,0
10920,LegalAdviceUK,0
10921,LegalAdviceUK,0
10922,LegalAdviceUK,0
10923,LegalAdviceUK,0
10924,LegalAdviceUK,0
10925,LegalAdviceUK,0
10926,LegalAdviceUK,0
10927,LegalAdviceUK,0
10928,LegalAdviceUK,0
10929,LegalAdviceUK,0
10930,LegalAdviceUK,0
10931,LegalAdviceUK,0
10932,LegalAdviceUK,0
10933,LegalAdviceUK,0
10934,LegalAdviceUK,0
10935,LegalAdviceUK,0
10936,LegalAdviceUK,0
10937,LegalAdviceUK,0
10938,LegalAdviceUK,0
10939,LegalAdviceUK,0
10940,LegalAdviceUK,0
10941,LegalAdviceUK,1
10942,LegalAdviceUK,0
10943,LegalAdviceUK,1
10944,LegalAdviceUK,0
10945,LegalAdviceUK,1
10946,LegalAdviceUK,0
10947,LegalAdviceUK,0
10948,LegalAdviceUK,0
10949,LegalAdviceUK,0
10950,LegalAdviceUK,0
10951,LegalAdviceUK,1
10952,LegalAdviceUK,0
10953,LegalAdviceUK,0
10954,LegalAdviceUK,0
10955,LegalAdviceUK,0
10956,LegalAdviceUK,0
10957,LegalAdviceUK,0
10958,LegalAdviceUK,0
10959,LegalAdviceUK,0
10960,LegalAdviceUK,0
10961,LegalAdviceUK,0
10962,LegalAdviceUK,0
10963,LegalAdviceUK,0
10964,LegalAdviceUK,0
10965,LegalAdviceUK,0
10966,LegalAdviceUK,0
10967,LegalAdviceUK,0
10968,LegalAdviceUK,0
10969,LegalAdviceUK,0
10970,LegalAdviceUK,0
10971,LegalAdviceUK,0
10972,LegalAdviceUK,0
10973,LegalAdviceUK,0
10974,LegalAdviceUK,0
10975,LegalAdviceUK,0
10976,LegalAdviceUK,0
10977,LegalAdviceUK,0
10978,LegalAdviceUK,0
10979,LegalAdviceUK,0
10980,LegalAdviceUK,0
10981,LegalAdviceUK,0
10982,LegalAdviceUK,0
10983,LegalAdviceUK,0
10984,LegalAdviceUK,0
10985,LegalAdviceUK,0
10986,LegalAdviceUK,0
10987,LegalAdviceUK,0
10988,LegalAdviceUK,0
10989,LegalAdviceUK,0
10990,LegalAdviceUK,0
10991,LegalAdviceUK,1
10992,LegalAdviceUK,0
10993,LegalAdviceUK,0
10994,LegalAdviceUK,0
10995,LegalAdviceUK,0
10996,LegalAdviceUK,0
10997,LegalAdviceUK,0
10998,LegalAdviceUK,0
10999,LegalAdviceUK,0
11000,LegalAdviceUK,0
11001,LegalAdviceUK,0
11002,LegalAdviceUK,0
11003,LegalAdviceUK,0
11004,LegalAdviceUK,0
11005,LegalAdviceUK,0
11006,LegalAdviceUK,0
11007,LegalAdviceUK,0
11008,LegalAdviceUK,0
11009,LegalAdviceUK,0
11010,LegalAdviceUK,0
11011,LegalAdviceUK,0
11012,LegalAdviceUK,0
11013,LegalAdviceUK,0
11014,LegalAdviceUK,0
11015,LegalAdviceUK,0
11016,LegalAdviceUK,0
11017,LegalAdviceUK,0
11018,LegalAdviceUK,0
11019,LegalAdviceUK,0
11020,LegalAdviceUK,0
11021,LegalAdviceUK,0
11022,LegalAdviceUK,0
11023,LegalAdviceUK,0
11024,LegalAdviceUK,0
11025,LegalAdviceUK,0
11026,LegalAdviceUK,0
11027,LegalAdviceUK,0
11028,LegalAdviceUK,0
11029,LegalAdviceUK,0
11030,LegalAdviceUK,0
11031,LegalAdviceUK,0
11032,LegalAdviceUK,0
11033,LegalAdviceUK,0
11034,LegalAdviceUK,0
11035,LegalAdviceUK,0
11036,LegalAdviceUK,0
11037,LegalAdviceUK,0
11038,LegalAdviceUK,0
11039,LegalAdviceUK,0
11040,LegalAdviceUK,0
11041,LegalAdviceUK,0
11042,LegalAdviceUK,0
11043,LegalAdviceUK,0
11044,LegalAdviceUK,0
11045,LegalAdviceUK,0
11046,LegalAdviceUK,0
11047,LegalAdviceUK,0
11048,LegalAdviceUK,0
11049,LegalAdviceUK,0
11050,LegalAdviceUK,0
11051,LegalAdviceUK,0
11052,LegalAdviceUK,0
11053,LegalAdviceUK,0
11054,LegalAdviceUK,0
11055,LegalAdviceUK,0
11056,LegalAdviceUK,0
11057,LegalAdviceUK,0
11058,LegalAdviceUK,0
11059,LegalAdviceUK,0
11060,LegalAdviceUK,0
11061,LegalAdviceUK,0
11062,LegalAdviceUK,0
11063,LegalAdviceUK,0
11064,LegalAdviceUK,0
11065,LegalAdviceUK,0
11066,LegalAdviceUK,0
11067,LegalAdviceUK,0
11068,LegalAdviceUK,0
11069,LegalAdviceUK,0
11070,LegalAdviceUK,0
11071,LegalAdviceUK,0
11072,LegalAdviceUK,0
11073,LegalAdviceUK,0
11074,LegalAdviceUK,0
11075,LegalAdviceUK,0
11076,LegalAdviceUK,0
11077,LegalAdviceUK,0
11078,LegalAdviceUK,0
11079,LegalAdviceUK,0
11080,LegalAdviceUK,0
11081,LegalAdviceUK,0
11082,LegalAdviceUK,0
11083,LegalAdviceUK,0
11084,LegalAdviceUK,0
11085,LegalAdviceUK,0
11086,LegalAdviceUK,0
11087,LegalAdviceUK,1
11088,LegalAdviceUK,0
11089,LegalAdviceUK,0
11090,LegalAdviceUK,0
11091,LegalAdviceUK,0
11092,LegalAdviceUK,1
11093,LegalAdviceUK,0
11094,LegalAdviceUK,0
11095,LegalAdviceUK,0
11096,LegalAdviceUK,0
11097,LegalAdviceUK,0
11098,LegalAdviceUK,0
11099,LegalAdviceUK,0
11100,LegalAdviceUK,0
11101,LegalAdviceUK,0
11102,LegalAdviceUK,0
11103,LegalAdviceUK,0
11104,LegalAdviceUK,0
11105,LegalAdviceUK,0
11106,LegalAdviceUK,0
11107,LegalAdviceUK,0
11108,LegalAdviceUK,0
11109,LegalAdviceUK,0
11110,LegalAdviceUK,0
11111,LegalAdviceUK,0
11112,LegalAdviceUK,0
11113,LegalAdviceUK,0
11114,LegalAdviceUK,0
11115,LegalAdviceUK,0
11116,LegalAdviceUK,0
11117,LegalAdviceUK,0
11118,LegalAdviceUK,0
11119,LegalAdviceUK,0
11120,LegalAdviceUK,0
11121,LegalAdviceUK,0
11122,LegalAdviceUK,0
11123,LegalAdviceUK,0
11124,LegalAdviceUK,0
11125,LegalAdviceUK,0
11126,LegalAdviceUK,0
11127,LegalAdviceUK,0
11128,LegalAdviceUK,0
11129,LegalAdviceUK,0
11130,LegalAdviceUK,0
11131,LegalAdviceUK,0
11132,LegalAdviceUK,0
11133,LegalAdviceUK,0
11134,LegalAdviceUK,0
11135,LegalAdviceUK,0
11136,LegalAdviceUK,0
11137,LegalAdviceUK,0
11138,LegalAdviceUK,0
11139,LegalAdviceUK,0
11140,LegalAdviceUK,0
11141,LegalAdviceUK,0
11142,LegalAdviceUK,0
11143,LegalAdviceUK,0
11144,LegalAdviceUK,0
11145,LegalAdviceUK,0
11146,LegalAdviceUK,0
11147,LegalAdviceUK,0
11148,LegalAdviceUK,0
11149,LegalAdviceUK,0
11150,LegalAdviceUK,0
11151,LegalAdviceUK,0
11152,LegalAdviceUK,0
11153,LegalAdviceUK,0
11154,LegalAdviceUK,0
11155,LegalAdviceUK,0
11156,LegalAdviceUK,0
11157,LegalAdviceUK,0
11158,LegalAdviceUK,1
11159,LegalAdviceUK,0
11160,LegalAdviceUK,0
11161,LegalAdviceUK,0
11162,LegalAdviceUK,0
11163,LegalAdviceUK,0
11164,LegalAdviceUK,0
11165,LegalAdviceUK,0
11166,LegalAdviceUK,0
11167,LegalAdviceUK,0
11168,LegalAdviceUK,0
11169,LegalAdviceUK,0
11170,LegalAdviceUK,0
11171,LegalAdviceUK,0
11172,LegalAdviceUK,0
11173,LegalAdviceUK,0
11174,LegalAdviceUK,0
11175,LegalAdviceUK,0
11176,LegalAdviceUK,0
11177,LegalAdviceUK,0
11178,LegalAdviceUK,0
11179,LegalAdviceUK,0
11180,LegalAdviceUK,0
11181,LegalAdviceUK,0
11182,LegalAdviceUK,0
11183,LegalAdviceUK,0
11184,LegalAdviceUK,0
11185,LegalAdviceUK,0
11186,LegalAdviceUK,0
11187,LegalAdviceUK,0
11188,LegalAdviceUK,0
11189,LegalAdviceUK,0
11190,LegalAdviceUK,0
11191,LegalAdviceUK,0
11192,LegalAdviceUK,0
11193,LegalAdviceUK,0
11194,LegalAdviceUK,0
11195,LegalAdviceUK,0
11196,LegalAdviceUK,1
11197,LegalAdviceUK,0
11198,LegalAdviceUK,0
11199,LegalAdviceUK,0
11200,LegalAdviceUK,0
11201,LegalAdviceUK,0
11202,LegalAdviceUK,0
11203,LegalAdviceUK,0
11204,LegalAdviceUK,0
11205,LegalAdviceUK,0
11206,LegalAdviceUK,0
11207,LegalAdviceUK,0
11208,LegalAdviceUK,0
11209,LegalAdviceUK,0
11210,LegalAdviceUK,0
11211,LegalAdviceUK,0
11212,LegalAdviceUK,0
11213,LegalAdviceUK,0
11214,LegalAdviceUK,0
11215,LegalAdviceUK,0
11216,LegalAdviceUK,0
11217,LegalAdviceUK,0
11218,LegalAdviceUK,1
11219,LegalAdviceUK,0
11220,LegalAdviceUK,0
11221,LegalAdviceUK,0
11222,LegalAdviceUK,0
11223,LegalAdviceUK,0
11224,LegalAdviceUK,0
11225,LegalAdviceUK,0
11226,LegalAdviceUK,0
11227,LegalAdviceUK,0
11228,LegalAdviceUK,0
11229,LegalAdviceUK,0
11230,LegalAdviceUK,0
11231,LegalAdviceUK,0
11232,LegalAdviceUK,0
11233,LegalAdviceUK,1
11234,LegalAdviceUK,0
11235,LegalAdviceUK,0
11236,LegalAdviceUK,0
11237,LegalAdviceUK,0
11238,LegalAdviceUK,0
11239,LegalAdviceUK,0
11240,LegalAdviceUK,0
11241,LegalAdviceUK,0
11242,LegalAdviceUK,0
11243,LegalAdviceUK,0
11244,LegalAdviceUK,0
11245,LegalAdviceUK,0
11246,LegalAdviceUK,0
11247,LegalAdviceUK,0
11248,LegalAdviceUK,0
11249,LegalAdviceUK,0
11250,LegalAdviceUK,0
11251,LegalAdviceUK,0
11252,LegalAdviceUK,0
11253,LegalAdviceUK,1
11254,LegalAdviceUK,1
11255,LegalAdviceUK,1
11256,LegalAdviceUK,0
11257,LegalAdviceUK,0
11258,LegalAdviceUK,0
11259,LegalAdviceUK,0
11260,LegalAdviceUK,0
11261,LegalAdviceUK,0
11262,LegalAdviceUK,0
11263,LegalAdviceUK,0
11264,LegalAdviceUK,0
11265,LegalAdviceUK,0
11266,LegalAdviceUK,0
11267,LegalAdviceUK,1
11268,LegalAdviceUK,0
11269,LegalAdviceUK,0
11270,LegalAdviceUK,0
11271,LegalAdviceUK,0
11272,LegalAdviceUK,0
11273,LegalAdviceUK,0
11274,LegalAdviceUK,0
11275,LegalAdviceUK,0
11276,LegalAdviceUK,0
11277,LegalAdviceUK,0
11278,LegalAdviceUK,0
11279,LegalAdviceUK,1
11280,LegalAdviceUK,0
11281,LegalAdviceUK,0
11282,LegalAdviceUK,0
11283,LegalAdviceUK,0
11284,LegalAdviceUK,0
11285,LegalAdviceUK,0
11286,LegalAdviceUK,0
11287,LegalAdviceUK,0
11288,LegalAdviceUK,0
11289,LegalAdviceUK,0
11290,LegalAdviceUK,0
11291,LegalAdviceUK,0
11292,LegalAdviceUK,0
11293,LegalAdviceUK,1
11294,LegalAdviceUK,0
11295,LegalAdviceUK,0
11296,LegalAdviceUK,0
11297,LegalAdviceUK,0
11298,LegalAdviceUK,1
11299,LegalAdviceUK,0
11300,LegalAdviceUK,0
11301,LegalAdviceUK,0
11302,LegalAdviceUK,0
11303,LegalAdviceUK,0
11304,LegalAdviceUK,0
11305,LegalAdviceUK,0
11306,LegalAdviceUK,0
11307,LegalAdviceUK,0
11308,LegalAdviceUK,0
11309,LegalAdviceUK,0
11310,LegalAdviceUK,0
11311,LegalAdviceUK,0
11312,LegalAdviceUK,0
11313,LegalAdviceUK,1
11314,LegalAdviceUK,0
11315,LegalAdviceUK,0
11316,LegalAdviceUK,0
11317,LegalAdviceUK,0
11318,LegalAdviceUK,0
11319,LegalAdviceUK,0
11320,LegalAdviceUK,0
11321,LegalAdviceUK,0
11322,LegalAdviceUK,0
11323,LegalAdviceUK,0
11324,LegalAdviceUK,0
11325,LegalAdviceUK,0
11326,LegalAdviceUK,0
11327,LegalAdviceUK,0
11328,LegalAdviceUK,0
11329,LegalAdviceUK,0
11330,LegalAdviceUK,0
11331,LegalAdviceUK,0
11332,LegalAdviceUK,0
11333,LegalAdviceUK,0
11334,LegalAdviceUK,0
11335,LegalAdviceUK,0
11336,LegalAdviceUK,0
11337,LegalAdviceUK,0
11338,LegalAdviceUK,0
11339,LegalAdviceUK,0
11340,LegalAdviceUK,0
11341,LegalAdviceUK,0
11342,LegalAdviceUK,0
11343,LegalAdviceUK,0
11344,LegalAdviceUK,0
11345,LegalAdviceUK,0
11346,LegalAdviceUK,0
11347,LegalAdviceUK,0
11348,LegalAdviceUK,0
11349,LegalAdviceUK,0
11350,LegalAdviceUK,0
11351,LegalAdviceUK,1
11352,LegalAdviceUK,0
11353,LegalAdviceUK,0
11354,LegalAdviceUK,0
11355,LegalAdviceUK,0
11356,LegalAdviceUK,0
11357,LegalAdviceUK,0
11358,LegalAdviceUK,0
11359,LegalAdviceUK,0
11360,LegalAdviceUK,0
11361,LegalAdviceUK,0
11362,LegalAdviceUK,0
11363,LegalAdviceUK,0
11364,LegalAdviceUK,0
11365,LegalAdviceUK,0
11366,LegalAdviceUK,0
11367,LegalAdviceUK,0
11368,LegalAdviceUK,0
11369,LegalAdviceUK,0
11370,LegalAdviceUK,0
11371,LegalAdviceUK,0
11372,LegalAdviceUK,0
11373,LegalAdviceUK,0
11374,LegalAdviceUK,0
11375,LegalAdviceUK,0
11376,LegalAdviceUK,0
11377,LegalAdviceUK,0
11378,LegalAdviceUK,0
11379,LegalAdviceUK,1
11380,LegalAdviceUK,0
11381,LegalAdviceUK,0
11382,LegalAdviceUK,0
11383,LegalAdviceUK,0
11384,LegalAdviceUK,0
11385,LegalAdviceUK,0
11386,LegalAdviceUK,0
11387,LegalAdviceUK,0
11388,LegalAdviceUK,0
11389,LegalAdviceUK,1
11390,LegalAdviceUK,0
11391,LegalAdviceUK,0
11392,LegalAdviceUK,0
11393,LegalAdviceUK,0
11394,LegalAdviceUK,0
11395,LegalAdviceUK,0
11396,LegalAdviceUK,0
11397,LegalAdviceUK,0
11398,LegalAdviceUK,0
11399,LegalAdviceUK,0
11400,LegalAdviceUK,0
11401,LegalAdviceUK,0
11402,LegalAdviceUK,0
11403,LegalAdviceUK,0
11404,LegalAdviceUK,0
11405,LegalAdviceUK,0
11406,LegalAdviceUK,0
11407,LegalAdviceUK,0
11408,LegalAdviceUK,0
11409,LegalAdviceUK,0
11410,LegalAdviceUK,0
11411,LegalAdviceUK,0
11412,LegalAdviceUK,0
11413,LegalAdviceUK,0
11414,LegalAdviceUK,0
11415,LegalAdviceUK,0
11416,LegalAdviceUK,0
11417,LegalAdviceUK,0
11418,LegalAdviceUK,0
11419,LegalAdviceUK,0
11420,LegalAdviceUK,0
11421,LegalAdviceUK,0
11422,LegalAdviceUK,0
11423,LegalAdviceUK,0
11424,LegalAdviceUK,1
11425,LegalAdviceUK,0
11426,LegalAdviceUK,0
11427,LegalAdviceUK,0
11428,LegalAdviceUK,0
11429,LegalAdviceUK,0
11430,LegalAdviceUK,0
11431,LegalAdviceUK,0
11432,LegalAdviceUK,0
11433,LegalAdviceUK,0
11434,LegalAdviceUK,0
11435,LegalAdviceUK,0
11436,LegalAdviceUK,0
11437,LegalAdviceUK,0
11438,LegalAdviceUK,0
11439,LegalAdviceUK,0
11440,LegalAdviceUK,0
11441,LegalAdviceUK,0
11442,LegalAdviceUK,0
11443,LegalAdviceUK,0
11444,LegalAdviceUK,0
11445,LegalAdviceUK,0
11446,LegalAdviceUK,1
11447,LegalAdviceUK,0
11448,LegalAdviceUK,0
11449,LegalAdviceUK,0
11450,LegalAdviceUK,0
11451,LegalAdviceUK,0
11452,LegalAdviceUK,0
11453,LegalAdviceUK,0
11454,LegalAdviceUK,0
11455,LegalAdviceUK,0
11456,LegalAdviceUK,0
11457,LegalAdviceUK,0
11458,LegalAdviceUK,0
11459,LegalAdviceUK,0
11460,LegalAdviceUK,0
11461,LegalAdviceUK,0
11462,LegalAdviceUK,0
11463,LegalAdviceUK,0
11464,LegalAdviceUK,0
11465,LegalAdviceUK,0
11466,LegalAdviceUK,0
11467,LegalAdviceUK,0
11468,LegalAdviceUK,0
11469,LegalAdviceUK,0
11470,LegalAdviceUK,0
11471,LegalAdviceUK,0
11472,LegalAdviceUK,0
11473,LegalAdviceUK,0
11474,LegalAdviceUK,0
11475,LegalAdviceUK,0
11476,LegalAdviceUK,0
11477,LegalAdviceUK,0
11478,LegalAdviceUK,0
11479,LegalAdviceUK,0
11480,LegalAdviceUK,0
11481,LegalAdviceUK,0
11482,LegalAdviceUK,0
11483,LegalAdviceUK,0
11484,LegalAdviceUK,0
11485,LegalAdviceUK,0
11486,LegalAdviceUK,0
11487,LegalAdviceUK,0
11488,LegalAdviceUK,0
11489,LegalAdviceUK,0
11490,LegalAdviceUK,0
11491,LegalAdviceUK,0
11492,LegalAdviceUK,1
11493,LegalAdviceUK,0
11494,LegalAdviceUK,0
11495,LegalAdviceUK,0
11496,LegalAdviceUK,0
11497,LegalAdviceUK,0
11498,LegalAdviceUK,0
11499,LegalAdviceUK,0
11500,LegalAdviceUK,0
11501,LegalAdviceUK,0
11502,LegalAdviceUK,0
11503,LegalAdviceUK,0
11504,LegalAdviceUK,0
11505,LegalAdviceUK,0
11506,LegalAdviceUK,0
11507,LegalAdviceUK,0
11508,LegalAdviceUK,0
11509,LegalAdviceUK,0
11510,LegalAdviceUK,0
11511,LegalAdviceUK,0
11512,LegalAdviceUK,0
11513,LegalAdviceUK,0
11514,LegalAdviceUK,1
11515,LegalAdviceUK,1
11516,LegalAdviceUK,1
11517,LegalAdviceUK,1
11518,LegalAdviceUK,1
11519,LegalAdviceUK,1
11520,LegalAdviceUK,1
11521,LegalAdviceUK,1
11522,LegalAdviceUK,1
11523,LegalAdviceUK,1
11524,LegalAdviceUK,1
11525,LegalAdviceUK,1
11526,LegalAdviceUK,0
11527,LegalAdviceUK,0
11528,LegalAdviceUK,0
11529,LegalAdviceUK,0
11530,LegalAdviceUK,0
11531,LegalAdviceUK,0
11532,LegalAdviceUK,0
11533,LegalAdviceUK,0
11534,LegalAdviceUK,0
11535,LegalAdviceUK,0
11536,LegalAdviceUK,0
11537,LegalAdviceUK,0
11538,LegalAdviceUK,0
11539,LegalAdviceUK,0
11540,LegalAdviceUK,1
11541,LegalAdviceUK,0
11542,LegalAdviceUK,0
11543,LegalAdviceUK,0
11544,LegalAdviceUK,0
11545,LegalAdviceUK,0
11546,LegalAdviceUK,0
11547,LegalAdviceUK,0
11548,LegalAdviceUK,0
11549,LegalAdviceUK,0
11550,LegalAdviceUK,0
11551,LegalAdviceUK,0
11552,LegalAdviceUK,0
11553,LegalAdviceUK,0
11554,LegalAdviceUK,0
11555,LegalAdviceUK,0
11556,LegalAdviceUK,0
11557,LegalAdviceUK,0
11558,LegalAdviceUK,0
11559,LegalAdviceUK,0
11560,LegalAdviceUK,1
11561,LegalAdviceUK,1
11562,LegalAdviceUK,0
11563,LegalAdviceUK,0
11564,LegalAdviceUK,0
11565,LegalAdviceUK,0
11566,LegalAdviceUK,0
11567,LegalAdviceUK,0
11568,LegalAdviceUK,0
11569,LegalAdviceUK,0
11570,LegalAdviceUK,0
11571,LegalAdviceUK,0
11572,LegalAdviceUK,0
11573,LegalAdviceUK,0
11574,LegalAdviceUK,0
11575,LegalAdviceUK,0
11576,LegalAdviceUK,0
11577,LegalAdviceUK,0
11578,LegalAdviceUK,0
11579,LegalAdviceUK,0
11580,LegalAdviceUK,1
11581,LegalAdviceUK,0
11582,LegalAdviceUK,0
11583,LegalAdviceUK,0
11584,LegalAdviceUK,0
11585,LegalAdviceUK,0
11586,LegalAdviceUK,0
11587,LegalAdviceUK,0
11588,LegalAdviceUK,0
11589,LegalAdviceUK,0
11590,LegalAdviceUK,0
11591,LegalAdviceUK,0
11592,LegalAdviceUK,0
11593,LegalAdviceUK,0
11594,LegalAdviceUK,0
11595,LegalAdviceUK,0
11596,LegalAdviceUK,0
11597,LegalAdviceUK,0
11598,LegalAdviceUK,0
11599,LegalAdviceUK,0
11600,LegalAdviceUK,0
11601,LegalAdviceUK,0
11602,LegalAdviceUK,0
11603,LegalAdviceUK,0
11604,LegalAdviceUK,0
11605,LegalAdviceUK,0
11606,LegalAdviceUK,0
11607,LegalAdviceUK,0
11608,LegalAdviceUK,0
11609,LegalAdviceUK,0
11610,LegalAdviceUK,0
11611,LegalAdviceUK,0
11612,LegalAdviceUK,0
11613,LegalAdviceUK,0
11614,LegalAdviceUK,0
11615,LegalAdviceUK,1
11616,LegalAdviceUK,0
11617,LegalAdviceUK,0
11618,LegalAdviceUK,0
11619,LegalAdviceUK,0
11620,LegalAdviceUK,0
11621,LegalAdviceUK,0
11622,LegalAdviceUK,0
11623,LegalAdviceUK,0
11624,LegalAdviceUK,0
11625,LegalAdviceUK,0
11626,LegalAdviceUK,0
11627,LegalAdviceUK,0
11628,LegalAdviceUK,0
11629,LegalAdviceUK,0
11630,LegalAdviceUK,0
11631,LegalAdviceUK,0
11632,LegalAdviceUK,0
11633,LegalAdviceUK,0
11634,LegalAdviceUK,0
11635,LegalAdviceUK,0
11636,LegalAdviceUK,0
11637,LegalAdviceUK,0
11638,LegalAdviceUK,0
11639,LegalAdviceUK,0
11640,LegalAdviceUK,0
11641,LegalAdviceUK,0
11642,LegalAdviceUK,0
11643,LegalAdviceUK,1
11644,LegalAdviceUK,1
11645,LegalAdviceUK,1
11646,LegalAdviceUK,1
11647,LegalAdviceUK,0
11648,LegalAdviceUK,0
11649,LegalAdviceUK,0
11650,LegalAdviceUK,0
11651,LegalAdviceUK,0
11652,LegalAdviceUK,0
11653,LegalAdviceUK,1
11654,LegalAdviceUK,0
11655,LegalAdviceUK,0
11656,LegalAdviceUK,0
11657,LegalAdviceUK,0
11658,LegalAdviceUK,0
11659,LegalAdviceUK,0
11660,LegalAdviceUK,0
11661,LegalAdviceUK,0
11662,LegalAdviceUK,0
11663,LegalAdviceUK,0
11664,LegalAdviceUK,0
11665,LegalAdviceUK,0
11666,LegalAdviceUK,0
11667,LegalAdviceUK,0
11668,LegalAdviceUK,0
11669,LegalAdviceUK,0
11670,LegalAdviceUK,0
11671,LegalAdviceUK,0
11672,LegalAdviceUK,0
11673,LegalAdviceUK,0
11674,LegalAdviceUK,0
11675,LegalAdviceUK,0
11676,LegalAdviceUK,0
11677,LegalAdviceUK,0
11678,LegalAdviceUK,0
11679,LegalAdviceUK,0
11680,LegalAdviceUK,1
11681,LegalAdviceUK,0
11682,LegalAdviceUK,0
11683,LegalAdviceUK,0
11684,LegalAdviceUK,0
11685,LegalAdviceUK,0
11686,LegalAdviceUK,0
11687,LegalAdviceUK,0
11688,LegalAdviceUK,0
11689,LegalAdviceUK,0
11690,LegalAdviceUK,0
11691,LegalAdviceUK,0
11692,LegalAdviceUK,0
11693,LegalAdviceUK,0
11694,LegalAdviceUK,0
11695,LegalAdviceUK,0
11696,LegalAdviceUK,0
11697,LegalAdviceUK,0
11698,LegalAdviceUK,0
11699,LegalAdviceUK,0
11700,LegalAdviceUK,0
11701,LegalAdviceUK,0
11702,LegalAdviceUK,0
11703,LegalAdviceUK,0
11704,LegalAdviceUK,0
11705,LegalAdviceUK,0
11706,LegalAdviceUK,0
11707,LegalAdviceUK,0
11708,LegalAdviceUK,0
11709,LegalAdviceUK,0
11710,LegalAdviceUK,0
11711,LegalAdviceUK,0
11712,LegalAdviceUK,0
11713,LegalAdviceUK,0
11714,LegalAdviceUK,0
11715,LegalAdviceUK,0
11716,LegalAdviceUK,0
11717,LegalAdviceUK,0
11718,LegalAdviceUK,0
11719,LegalAdviceUK,0
11720,LegalAdviceUK,1
11721,LegalAdviceUK,0
11722,LegalAdviceUK,0
11723,LegalAdviceUK,0
11724,LegalAdviceUK,0
11725,LegalAdviceUK,0
11726,LegalAdviceUK,0
11727,LegalAdviceUK,0
11728,LegalAdviceUK,0
11729,LegalAdviceUK,0
11730,LegalAdviceUK,0
11731,LegalAdviceUK,0
11732,LegalAdviceUK,0
11733,LegalAdviceUK,0
11734,LegalAdviceUK,0
11735,LegalAdviceUK,0
11736,LegalAdviceUK,0
11737,LegalAdviceUK,0
11738,LegalAdviceUK,0
11739,LegalAdviceUK,0
11740,LegalAdviceUK,0
11741,LegalAdviceUK,0
11742,LegalAdviceUK,0
11743,LegalAdviceUK,0
11744,LegalAdviceUK,0
11745,LegalAdviceUK,0
11746,LegalAdviceUK,0
11747,LegalAdviceUK,0
11748,LegalAdviceUK,0
11749,LegalAdviceUK,0
11750,LegalAdviceUK,0
11751,LegalAdviceUK,0
11752,LegalAdviceUK,0
11753,LegalAdviceUK,0
11754,LegalAdviceUK,0
11755,LegalAdviceUK,0
11756,LegalAdviceUK,0
11757,LegalAdviceUK,0
11758,LegalAdviceUK,0
11759,LegalAdviceUK,0
11760,LegalAdviceUK,0
11761,LegalAdviceUK,0
11762,LegalAdviceUK,0
11763,LegalAdviceUK,0
11764,LegalAdviceUK,0
11765,LegalAdviceUK,0
11766,LegalAdviceUK,0
11767,LegalAdviceUK,0
11768,LegalAdviceUK,0
11769,LegalAdviceUK,0
11770,LegalAdviceUK,0
11771,LegalAdviceUK,0
11772,LegalAdviceUK,0
11773,LegalAdviceUK,0
11774,LegalAdviceUK,0
11775,LegalAdviceUK,0
11776,LegalAdviceUK,0
11777,LegalAdviceUK,0
11778,LegalAdviceUK,0
11779,LegalAdviceUK,0
11780,LegalAdviceUK,0
11781,LegalAdviceUK,0
11782,LegalAdviceUK,0
11783,LegalAdviceUK,0
11784,LegalAdviceUK,0
11785,LegalAdviceUK,0
11786,LegalAdviceUK,0
11787,LegalAdviceUK,0
11788,LegalAdviceUK,0
11789,LegalAdviceUK,0
11790,LegalAdviceUK,0
11791,LegalAdviceUK,0
11792,LegalAdviceUK,0
11793,LegalAdviceUK,0
11794,LegalAdviceUK,0
11795,LegalAdviceUK,0
11796,LegalAdviceUK,0
11797,LegalAdviceUK,0
11798,LegalAdviceUK,0
11799,LegalAdviceUK,0
11800,LegalAdviceUK,0
11801,LegalAdviceUK,0
11802,LegalAdviceUK,0
11803,LegalAdviceUK,0
11804,LegalAdviceUK,0
11805,LegalAdviceUK,0
11806,LegalAdviceUK,0
11807,LegalAdviceUK,0
11808,LegalAdviceUK,0
11809,LegalAdviceUK,0
11810,LegalAdviceUK,0
11811,LegalAdviceUK,0
11812,LegalAdviceUK,0
11813,LegalAdviceUK,0
11814,LegalAdviceUK,0
11815,LegalAdviceUK,0
11816,LegalAdviceUK,0
11817,LegalAdviceUK,0
11818,LegalAdviceUK,0
11819,LegalAdviceUK,0
11820,LegalAdviceUK,0
11821,LegalAdviceUK,0
11822,LegalAdviceUK,0
11823,LegalAdviceUK,0
11824,LegalAdviceUK,0
11825,LegalAdviceUK,0
11826,LegalAdviceUK,0
11827,LegalAdviceUK,0
11828,LegalAdviceUK,1
11829,LegalAdviceUK,0
11830,LegalAdviceUK,0
11831,LegalAdviceUK,0
11832,LegalAdviceUK,0
11833,LegalAdviceUK,1
11834,LegalAdviceUK,0
11835,LegalAdviceUK,0
11836,LegalAdviceUK,0
11837,LegalAdviceUK,0
11838,LegalAdviceUK,0
11839,LegalAdviceUK,0
11840,LegalAdviceUK,0
11841,LegalAdviceUK,0
11842,LegalAdviceUK,0
11843,LegalAdviceUK,0
11844,LegalAdviceUK,0
11845,LegalAdviceUK,0
11846,LegalAdviceUK,0
11847,LegalAdviceUK,0
11848,LegalAdviceUK,1
11849,LegalAdviceUK,0
11850,LegalAdviceUK,0
11851,LegalAdviceUK,0
11852,LegalAdviceUK,0
11853,LegalAdviceUK,0
11854,LegalAdviceUK,0
11855,LegalAdviceUK,0
11856,LegalAdviceUK,0
11857,LegalAdviceUK,0
11858,LegalAdviceUK,0
11859,LegalAdviceUK,0
11860,LegalAdviceUK,0
11861,LegalAdviceUK,0
11862,LegalAdviceUK,0
11863,LegalAdviceUK,0
11864,LegalAdviceUK,0
11865,LegalAdviceUK,0
11866,LegalAdviceUK,0
11867,LegalAdviceUK,0
11868,LegalAdviceUK,0
11869,LegalAdviceUK,0
11870,LegalAdviceUK,0
11871,LegalAdviceUK,0
11872,LegalAdviceUK,0
11873,LegalAdviceUK,0
11874,LegalAdviceUK,0
11875,LegalAdviceUK,0
11876,LegalAdviceUK,0
11877,LegalAdviceUK,0
11878,LegalAdviceUK,0
11879,LegalAdviceUK,0
11880,LegalAdviceUK,0
11881,LegalAdviceUK,0
11882,LegalAdviceUK,0
11883,LegalAdviceUK,0
11884,LegalAdviceUK,0
11885,LegalAdviceUK,0
11886,LegalAdviceUK,0
11887,LegalAdviceUK,0
11888,LegalAdviceUK,0
11889,LegalAdviceUK,0
11890,LegalAdviceUK,0
11891,LegalAdviceUK,0
11892,LegalAdviceUK,0
11893,LegalAdviceUK,0
11894,LegalAdviceUK,0
11895,LegalAdviceUK,0
11896,LegalAdviceUK,0
11897,LegalAdviceUK,0
11898,LegalAdviceUK,0
11899,LegalAdviceUK,0
11900,LegalAdviceUK,0
11901,LegalAdviceUK,0
11902,LegalAdviceUK,0
11903,LegalAdviceUK,0
11904,LegalAdviceUK,0
11905,LegalAdviceUK,0
11906,LegalAdviceUK,0
11907,LegalAdviceUK,0
11908,LegalAdviceUK,0
11909,LegalAdviceUK,0
11910,LegalAdviceUK,0
11911,LegalAdviceUK,0
11912,LegalAdviceUK,0
11913,LegalAdviceUK,0
11914,LegalAdviceUK,1
11915,LegalAdviceUK,0
11916,LegalAdviceUK,0
11917,LegalAdviceUK,0
11918,LegalAdviceUK,0
11919,LegalAdviceUK,0
11920,LegalAdviceUK,0
11921,LegalAdviceUK,0
11922,LegalAdviceUK,0
11923,LegalAdviceUK,0
11924,LegalAdviceUK,0
11925,LegalAdviceUK,0
11926,LegalAdviceUK,0
11927,LegalAdviceUK,0
11928,LegalAdviceUK,0
11929,LegalAdviceUK,0
11930,LegalAdviceUK,0
11931,LegalAdviceUK,0
11932,LegalAdviceUK,0
11933,LegalAdviceUK,0
11934,LegalAdviceUK,0
11935,LegalAdviceUK,0
11936,LegalAdviceUK,0
11937,LegalAdviceUK,0
11938,LegalAdviceUK,0
11939,LegalAdviceUK,0
11940,LegalAdviceUK,0
11941,LegalAdviceUK,0
11942,LegalAdviceUK,0
11943,LegalAdviceUK,0
11944,LegalAdviceUK,0
11945,LegalAdviceUK,0
11946,LegalAdviceUK,0
11947,LegalAdviceUK,0
11948,LegalAdviceUK,0
11949,LegalAdviceUK,0
11950,LegalAdviceUK,0
11951,LegalAdviceUK,1
11952,LegalAdviceUK,0
11953,LegalAdviceUK,0
11954,LegalAdviceUK,0
11955,LegalAdviceUK,0
11956,LegalAdviceUK,0
11957,LegalAdviceUK,1
11958,LegalAdviceUK,0
11959,LegalAdviceUK,0
11960,LegalAdviceUK,0
11961,LegalAdviceUK,0
11962,LegalAdviceUK,0
11963,LegalAdviceUK,0
11964,LegalAdviceUK,0
11965,LegalAdviceUK,0
11966,LegalAdviceUK,0
11967,LegalAdviceUK,0
11968,LegalAdviceUK,0
11969,LegalAdviceUK,0
11970,LegalAdviceUK,0
11971,LegalAdviceUK,0
11972,LegalAdviceUK,0
11973,LegalAdviceUK,0
11974,LegalAdviceUK,0
11975,LegalAdviceUK,0
11976,LegalAdviceUK,0
11977,LegalAdviceUK,0
11978,LegalAdviceUK,0
11979,LegalAdviceUK,0
11980,LegalAdviceUK,0
11981,LegalAdviceUK,0
11982,LegalAdviceUK,0
11983,LegalAdviceUK,0
11984,LegalAdviceUK,0
11985,LegalAdviceUK,0
11986,LegalAdviceUK,0
11987,LegalAdviceUK,0
11988,LegalAdviceUK,1
11989,LegalAdviceUK,0
11990,LegalAdviceUK,0
11991,LegalAdviceUK,0
11992,LegalAdviceUK,0
11993,LegalAdviceUK,0
11994,LegalAdviceUK,0
11995,LegalAdviceUK,0
11996,LegalAdviceUK,0
11997,LegalAdviceUK,0
11998,LegalAdviceUK,0
11999,LegalAdviceUK,0
12000,LegalAdviceUK,0
12001,LegalAdviceUK,0
12002,LegalAdviceUK,0
12003,LegalAdviceUK,0
12004,LegalAdviceUK,0
12005,LegalAdviceUK,0
12006,LegalAdviceUK,0
12007,LegalAdviceUK,0
12008,LegalAdviceUK,0
12009,LegalAdviceUK,0
12010,LegalAdviceUK,0
12011,LegalAdviceUK,0
12012,LegalAdviceUK,0
12013,LegalAdviceUK,0
12014,LegalAdviceUK,0
12015,LegalAdviceUK,0
12016,LegalAdviceUK,0
12017,LegalAdviceUK,0
12018,LegalAdviceUK,0
12019,LegalAdviceUK,0
12020,LegalAdviceUK,0
12021,LegalAdviceUK,0
12022,LegalAdviceUK,0
12023,LegalAdviceUK,0
12024,LegalAdviceUK,0
12025,LegalAdviceUK,0
12026,LegalAdviceUK,0
12027,LegalAdviceUK,1
12028,LegalAdviceUK,0
12029,LegalAdviceUK,0
12030,LegalAdviceUK,0
12031,LegalAdviceUK,0
12032,LegalAdviceUK,0
12033,LegalAdviceUK,0
12034,LegalAdviceUK,0
12035,LegalAdviceUK,0
12036,LegalAdviceUK,0
12037,LegalAdviceUK,0
12038,LegalAdviceUK,0
12039,LegalAdviceUK,0
12040,LegalAdviceUK,0
12041,LegalAdviceUK,0
12042,LegalAdviceUK,0
12043,LegalAdviceUK,0
12044,LegalAdviceUK,0
12045,LegalAdviceUK,0
12046,LegalAdviceUK,0
12047,LegalAdviceUK,0
12048,LegalAdviceUK,0
12049,LegalAdviceUK,0
12050,LegalAdviceUK,0
12051,LegalAdviceUK,0
12052,LegalAdviceUK,0
12053,LegalAdviceUK,0
12054,LegalAdviceUK,0
12055,LegalAdviceUK,0
12056,LegalAdviceUK,0
12057,LegalAdviceUK,0
12058,LegalAdviceUK,0
12059,LegalAdviceUK,0
12060,LegalAdviceUK,0
12061,LegalAdviceUK,0
12062,LegalAdviceUK,0
12063,LegalAdviceUK,0
12064,LegalAdviceUK,1
12065,LegalAdviceUK,0
12066,LegalAdviceUK,0
12067,LegalAdviceUK,0
12068,LegalAdviceUK,0
12069,LegalAdviceUK,0
12070,LegalAdviceUK,0
12071,LegalAdviceUK,0
12072,LegalAdviceUK,0
12073,LegalAdviceUK,0
12074,LegalAdviceUK,0
12075,LegalAdviceUK,0
12076,LegalAdviceUK,0
12077,LegalAdviceUK,0
12078,LegalAdviceUK,0
12079,LegalAdviceUK,0
12080,LegalAdviceUK,0
12081,LegalAdviceUK,0
12082,LegalAdviceUK,0
12083,LegalAdviceUK,0
12084,LegalAdviceUK,0
12085,LegalAdviceUK,0
12086,LegalAdviceUK,0
12087,LegalAdviceUK,0
12088,LegalAdviceUK,0
12089,LegalAdviceUK,0
12090,LegalAdviceUK,0
12091,LegalAdviceUK,0
12092,LegalAdviceUK,0
12093,LegalAdviceUK,0
12094,LegalAdviceUK,0
12095,LegalAdviceUK,0
12096,LegalAdviceUK,0
12097,LegalAdviceUK,0
12098,LegalAdviceUK,0
12099,LegalAdviceUK,1
12100,LegalAdviceUK,0
12101,LegalAdviceUK,0
12102,LegalAdviceUK,0
12103,LegalAdviceUK,0
12104,LegalAdviceUK,0
12105,LegalAdviceUK,0
12106,LegalAdviceUK,0
12107,LegalAdviceUK,0
12108,LegalAdviceUK,0
12109,LegalAdviceUK,0
12110,LegalAdviceUK,0
12111,LegalAdviceUK,0
12112,LegalAdviceUK,0
12113,LegalAdviceUK,0
12114,LegalAdviceUK,0
12115,LegalAdviceUK,0
12116,LegalAdviceUK,0
12117,LegalAdviceUK,0
12118,LegalAdviceUK,0
12119,LegalAdviceUK,0
12120,LegalAdviceUK,0
12121,LegalAdviceUK,0
12122,LegalAdviceUK,0
12123,LegalAdviceUK,0
12124,LegalAdviceUK,0
12125,LegalAdviceUK,0
12126,LegalAdviceUK,0
12127,LegalAdviceUK,1
12128,LegalAdviceUK,0
12129,LegalAdviceUK,0
12130,LegalAdviceUK,0
12131,LegalAdviceUK,0
12132,LegalAdviceUK,0
12133,LegalAdviceUK,0
12134,LegalAdviceUK,0
12135,LegalAdviceUK,1
12136,LegalAdviceUK,0
12137,LegalAdviceUK,0
12138,LegalAdviceUK,0
12139,LegalAdviceUK,0
12140,LegalAdviceUK,0
12141,LegalAdviceUK,0
12142,LegalAdviceUK,0
12143,LegalAdviceUK,0
12144,LegalAdviceUK,0
12145,LegalAdviceUK,0
12146,LegalAdviceUK,0
12147,LegalAdviceUK,1
12148,LegalAdviceUK,0
12149,LegalAdviceUK,0
12150,LegalAdviceUK,0
12151,LegalAdviceUK,0
12152,LegalAdviceUK,0
12153,LegalAdviceUK,1
12154,LegalAdviceUK,1
12155,LegalAdviceUK,0
12156,LegalAdviceUK,0
12157,LegalAdviceUK,0
12158,LegalAdviceUK,0
12159,LegalAdviceUK,0
12160,LegalAdviceUK,0
12161,LegalAdviceUK,0
12162,LegalAdviceUK,0
12163,LegalAdviceUK,0
12164,LegalAdviceUK,0
12165,LegalAdviceUK,0
12166,LegalAdviceUK,0
12167,LegalAdviceUK,0
12168,LegalAdviceUK,0
12169,LegalAdviceUK,0
12170,LegalAdviceUK,1
12171,LegalAdviceUK,1
12172,LegalAdviceUK,1
12173,LegalAdviceUK,1
12174,LegalAdviceUK,0
12175,LegalAdviceUK,0
12176,LegalAdviceUK,0
12177,LegalAdviceUK,0
12178,LegalAdviceUK,0
12179,LegalAdviceUK,0
12180,LegalAdviceUK,0
12181,LegalAdviceUK,0
12182,LegalAdviceUK,0
12183,LegalAdviceUK,0
12184,LegalAdviceUK,0
12185,LegalAdviceUK,0
12186,LegalAdviceUK,0
12187,LegalAdviceUK,0
12188,LegalAdviceUK,0
12189,LegalAdviceUK,0
12190,LegalAdviceUK,0
12191,LegalAdviceUK,0
12192,LegalAdviceUK,0
12193,LegalAdviceUK,0
12194,LegalAdviceUK,0
12195,LegalAdviceUK,0
12196,LegalAdviceUK,0
12197,LegalAdviceUK,0
12198,LegalAdviceUK,0
12199,LegalAdviceUK,0
12200,LegalAdviceUK,0
12201,LegalAdviceUK,0
12202,LegalAdviceUK,0
12203,LegalAdviceUK,0
12204,LegalAdviceUK,0
12205,LegalAdviceUK,0
12206,LegalAdviceUK,0
12207,LegalAdviceUK,0
12208,LegalAdviceUK,0
12209,LegalAdviceUK,0
12210,LegalAdviceUK,0
12211,LegalAdviceUK,0
12212,LegalAdviceUK,0
12213,LegalAdviceUK,0
12214,LegalAdviceUK,0
12215,LegalAdviceUK,0
12216,LegalAdviceUK,0
12217,LegalAdviceUK,0
12218,LegalAdviceUK,0
12219,LegalAdviceUK,0
12220,LegalAdviceUK,0
12221,LegalAdviceUK,0
12222,LegalAdviceUK,0
12223,LegalAdviceUK,0
12224,LegalAdviceUK,0
12225,LegalAdviceUK,0
12226,LegalAdviceUK,0
12227,LegalAdviceUK,0
12228,LegalAdviceUK,0
12229,LegalAdviceUK,0
12230,LegalAdviceUK,0
12231,LegalAdviceUK,0
12232,LegalAdviceUK,0
12233,LegalAdviceUK,0
12234,LegalAdviceUK,0
12235,LegalAdviceUK,0
12236,LegalAdviceUK,0
12237,LegalAdviceUK,0
12238,LegalAdviceUK,0
12239,LegalAdviceUK,0
12240,LegalAdviceUK,0
12241,LegalAdviceUK,0
12242,LegalAdviceUK,0
12243,LegalAdviceUK,0
12244,LegalAdviceUK,0
12245,LegalAdviceUK,0
12246,LegalAdviceUK,0
12247,LegalAdviceUK,0
12248,LegalAdviceUK,0
12249,LegalAdviceUK,0
12250,LegalAdviceUK,0
12251,LegalAdviceUK,0
12252,LegalAdviceUK,0
12253,LegalAdviceUK,0
12254,LegalAdviceUK,0
12255,LegalAdviceUK,0
12256,LegalAdviceUK,0
12257,LegalAdviceUK,0
12258,LegalAdviceUK,0
12259,LegalAdviceUK,0
12260,LegalAdviceUK,0
12261,LegalAdviceUK,0
12262,LegalAdviceUK,0
12263,LegalAdviceUK,0
12264,LegalAdviceUK,0
12265,LegalAdviceUK,0
12266,LegalAdviceUK,0
12267,LegalAdviceUK,0
12268,LegalAdviceUK,0
12269,LegalAdviceUK,0
12270,LegalAdviceUK,0
12271,LegalAdviceUK,0
12272,LegalAdviceUK,0
12273,LegalAdviceUK,0
12274,LegalAdviceUK,0
12275,LegalAdviceUK,0
12276,LegalAdviceUK,0
12277,LegalAdviceUK,0
12278,LegalAdviceUK,0
12279,LegalAdviceUK,0
12280,LegalAdviceUK,0
12281,LegalAdviceUK,0
12282,LegalAdviceUK,0
12283,LegalAdviceUK,0
12284,LegalAdviceUK,0
12285,LegalAdviceUK,1
12286,LegalAdviceUK,0
12287,LegalAdviceUK,0
12288,LegalAdviceUK,0
12289,LegalAdviceUK,0
12290,LegalAdviceUK,0
12291,LegalAdviceUK,0
12292,LegalAdviceUK,0
12293,LegalAdviceUK,0
12294,LegalAdviceUK,0
12295,LegalAdviceUK,0
12296,LegalAdviceUK,0
12297,LegalAdviceUK,0
12298,LegalAdviceUK,0
12299,LegalAdviceUK,0
12300,LegalAdviceUK,0
12301,LegalAdviceUK,0
12302,LegalAdviceUK,1
12303,LegalAdviceUK,0
12304,LegalAdviceUK,0
12305,LegalAdviceUK,1
12306,LegalAdviceUK,0
12307,LegalAdviceUK,0
12308,LegalAdviceUK,0
12309,LegalAdviceUK,0
12310,LegalAdviceUK,0
12311,LegalAdviceUK,0
12312,LegalAdviceUK,0
12313,LegalAdviceUK,0
12314,LegalAdviceUK,0
12315,LegalAdviceUK,0
12316,LegalAdviceUK,0
12317,LegalAdviceUK,0
12318,LegalAdviceUK,0
12319,LegalAdviceUK,0
12320,LegalAdviceUK,0
12321,LegalAdviceUK,0
12322,LegalAdviceUK,0
12323,LegalAdviceUK,0
12324,LegalAdviceUK,0
12325,LegalAdviceUK,0
12326,LegalAdviceUK,0
12327,LegalAdviceUK,0
12328,LegalAdviceUK,0
12329,LegalAdviceUK,0
12330,LegalAdviceUK,0
12331,LegalAdviceUK,0
12332,LegalAdviceUK,0
12333,LegalAdviceUK,0
12334,LegalAdviceUK,0
12335,LegalAdviceUK,0
12336,LegalAdviceUK,0
12337,LegalAdviceUK,1
12338,LegalAdviceUK,1
12339,LegalAdviceUK,1
12340,LegalAdviceUK,0
12341,LegalAdviceUK,0
12342,LegalAdviceUK,0
12343,LegalAdviceUK,0
12344,LegalAdviceUK,0
12345,LegalAdviceUK,1
12346,LegalAdviceUK,0
12347,LegalAdviceUK,0
12348,LegalAdviceUK,0
12349,LegalAdviceUK,0
12350,LegalAdviceUK,0
12351,LegalAdviceUK,0
12352,LegalAdviceUK,0
12353,LegalAdviceUK,0
12354,LegalAdviceUK,0
12355,LegalAdviceUK,0
12356,LegalAdviceUK,0
12357,LegalAdviceUK,0
12358,LegalAdviceUK,0
12359,LegalAdviceUK,0
12360,LegalAdviceUK,0
12361,LegalAdviceUK,0
12362,LegalAdviceUK,0
12363,LegalAdviceUK,0
12364,LegalAdviceUK,0
12365,LegalAdviceUK,0
12366,LegalAdviceUK,0
12367,LegalAdviceUK,0
12368,LegalAdviceUK,0
12369,LegalAdviceUK,0
12370,LegalAdviceUK,0
12371,LegalAdviceUK,1
12372,LegalAdviceUK,0
12373,LegalAdviceUK,0
12374,LegalAdviceUK,1
12375,LegalAdviceUK,0
12376,LegalAdviceUK,0
12377,LegalAdviceUK,0
12378,LegalAdviceUK,0
12379,LegalAdviceUK,0
12380,LegalAdviceUK,0
12381,LegalAdviceUK,0
12382,LegalAdviceUK,0
12383,LegalAdviceUK,0
12384,LegalAdviceUK,0
12385,LegalAdviceUK,0
12386,LegalAdviceUK,0
12387,LegalAdviceUK,0
12388,LegalAdviceUK,0
12389,LegalAdviceUK,0
12390,LegalAdviceUK,0
12391,LegalAdviceUK,0
12392,LegalAdviceUK,0
12393,LegalAdviceUK,0
12394,LegalAdviceUK,0
12395,LegalAdviceUK,0
12396,LegalAdviceUK,0
12397,LegalAdviceUK,0
12398,LegalAdviceUK,0
12399,LegalAdviceUK,0
12400,LegalAdviceUK,0
12401,LegalAdviceUK,0
12402,LegalAdviceUK,0
12403,LegalAdviceUK,0
12404,LegalAdviceUK,0
12405,LegalAdviceUK,0
12406,LegalAdviceUK,0
12407,LegalAdviceUK,0
12408,LegalAdviceUK,0
12409,LegalAdviceUK,0
12410,LegalAdviceUK,0
12411,LegalAdviceUK,0
12412,LegalAdviceUK,0
12413,LegalAdviceUK,0
12414,LegalAdviceUK,0
12415,LegalAdviceUK,0
12416,LegalAdviceUK,0
12417,LegalAdviceUK,0
12418,LegalAdviceUK,0
12419,LegalAdviceUK,0
12420,LegalAdviceUK,0
12421,LegalAdviceUK,0
12422,LegalAdviceUK,0
12423,LegalAdviceUK,0
12424,LegalAdviceUK,0
12425,LegalAdviceUK,0
12426,LegalAdviceUK,0
12427,LegalAdviceUK,0
12428,LegalAdviceUK,0
12429,LegalAdviceUK,0
12430,LegalAdviceUK,0
12431,LegalAdviceUK,1
12432,LegalAdviceUK,0
12433,LegalAdviceUK,0
12434,LegalAdviceUK,0
12435,LegalAdviceUK,0
12436,LegalAdviceUK,0
12437,LegalAdviceUK,0
12438,LegalAdviceUK,0
12439,LegalAdviceUK,0
12440,LegalAdviceUK,0
12441,LegalAdviceUK,0
12442,LegalAdviceUK,0
12443,LegalAdviceUK,0
12444,LegalAdviceUK,0
12445,LegalAdviceUK,0
12446,LegalAdviceUK,0
12447,LegalAdviceUK,0
12448,LegalAdviceUK,0
12449,LegalAdviceUK,0
12450,LegalAdviceUK,0
12451,LegalAdviceUK,0
12452,LegalAdviceUK,0
12453,LegalAdviceUK,0
12454,LegalAdviceUK,0
12455,LegalAdviceUK,0
12456,LegalAdviceUK,0
12457,LegalAdviceUK,0
12458,LegalAdviceUK,0
12459,LegalAdviceUK,0
12460,LegalAdviceUK,0
12461,LegalAdviceUK,0
12462,LegalAdviceUK,0
12463,LegalAdviceUK,0
12464,LegalAdviceUK,0
12465,LegalAdviceUK,0
12466,LegalAdviceUK,0
12467,LegalAdviceUK,0
12468,LegalAdviceUK,1
12469,LegalAdviceUK,0
12470,LegalAdviceUK,1
12471,LegalAdviceUK,0
12472,LegalAdviceUK,0
12473,LegalAdviceUK,0
12474,LegalAdviceUK,0
12475,LegalAdviceUK,0
12476,LegalAdviceUK,0
12477,LegalAdviceUK,0
12478,LegalAdviceUK,0
12479,LegalAdviceUK,0
12480,LegalAdviceUK,0
12481,LegalAdviceUK,0
12482,LegalAdviceUK,0
12483,LegalAdviceUK,0
12484,LegalAdviceUK,0
12485,LegalAdviceUK,0
12486,LegalAdviceUK,0
12487,LegalAdviceUK,0
12488,LegalAdviceUK,0
12489,LegalAdviceUK,0
12490,LegalAdviceUK,0
12491,LegalAdviceUK,0
12492,LegalAdviceUK,0
12493,LegalAdviceUK,0
12494,LegalAdviceUK,0
12495,LegalAdviceUK,0
12496,LegalAdviceUK,0
12497,LegalAdviceUK,1
12498,LegalAdviceUK,0
12499,LegalAdviceUK,0
12500,LegalAdviceUK,0
12501,LegalAdviceUK,0
12502,LegalAdviceUK,0
12503,LegalAdviceUK,0
12504,LegalAdviceUK,0
12505,LegalAdviceUK,0
12506,LegalAdviceUK,0
12507,LegalAdviceUK,0
12508,LegalAdviceUK,0
12509,LegalAdviceUK,0
12510,LegalAdviceUK,0
12511,LegalAdviceUK,0
12512,LegalAdviceUK,0
12513,LegalAdviceUK,0
12514,LegalAdviceUK,0
12515,LegalAdviceUK,0
12516,LegalAdviceUK,0
12517,LegalAdviceUK,1
12518,LegalAdviceUK,0
12519,LegalAdviceUK,0
12520,LegalAdviceUK,0
12521,LegalAdviceUK,0
12522,LegalAdviceUK,0
12523,LegalAdviceUK,1
12524,LegalAdviceUK,0
12525,LegalAdviceUK,0
12526,LegalAdviceUK,0
12527,LegalAdviceUK,0
12528,LegalAdviceUK,0
12529,LegalAdviceUK,0
12530,LegalAdviceUK,0
12531,LegalAdviceUK,0
12532,LegalAdviceUK,1
12533,LegalAdviceUK,0
12534,LegalAdviceUK,0
12535,LegalAdviceUK,0
12536,LegalAdviceUK,0
12537,LegalAdviceUK,0
12538,LegalAdviceUK,0
12539,LegalAdviceUK,0
12540,LegalAdviceUK,0
12541,LegalAdviceUK,0
12542,LegalAdviceUK,0
12543,LegalAdviceUK,0
12544,LegalAdviceUK,0
12545,LegalAdviceUK,0
12546,LegalAdviceUK,0
12547,LegalAdviceUK,0
12548,LegalAdviceUK,0
12549,LegalAdviceUK,0
12550,LegalAdviceUK,0
12551,LegalAdviceUK,0
12552,LegalAdviceUK,0
12553,LegalAdviceUK,0
12554,LegalAdviceUK,0
12555,LegalAdviceUK,0
12556,LegalAdviceUK,0
12557,LegalAdviceUK,0
12558,LegalAdviceUK,0
12559,LegalAdviceUK,0
12560,LegalAdviceUK,0
12561,LegalAdviceUK,0
12562,LegalAdviceUK,0
12563,LegalAdviceUK,0
12564,LegalAdviceUK,0
12565,LegalAdviceUK,0
12566,LegalAdviceUK,0
12567,LegalAdviceUK,0
12568,LegalAdviceUK,0
12569,LegalAdviceUK,0
12570,LegalAdviceUK,0
12571,LegalAdviceUK,0
12572,LegalAdviceUK,0
12573,LegalAdviceUK,1
12574,LegalAdviceUK,1
12575,LegalAdviceUK,0
12576,LegalAdviceUK,0
12577,LegalAdviceUK,0
12578,LegalAdviceUK,0
12579,LegalAdviceUK,0
12580,LegalAdviceUK,0
12581,LegalAdviceUK,0
12582,LegalAdviceUK,0
12583,LegalAdviceUK,0
12584,LegalAdviceUK,0
12585,LegalAdviceUK,0
12586,LegalAdviceUK,0
12587,LegalAdviceUK,0
12588,LegalAdviceUK,0
12589,LegalAdviceUK,0
12590,LegalAdviceUK,0
12591,LegalAdviceUK,0
12592,LegalAdviceUK,0
12593,LegalAdviceUK,0
12594,LegalAdviceUK,0
12595,LegalAdviceUK,0
12596,LegalAdviceUK,0
12597,LegalAdviceUK,0
12598,LegalAdviceUK,0
12599,LegalAdviceUK,0
12600,LegalAdviceUK,0
12601,LegalAdviceUK,0
12602,LegalAdviceUK,0
12603,LegalAdviceUK,0
12604,LegalAdviceUK,0
12605,LegalAdviceUK,0
12606,LegalAdviceUK,0
12607,LegalAdviceUK,0
12608,LegalAdviceUK,0
12609,LegalAdviceUK,0
12610,LegalAdviceUK,0
12611,LegalAdviceUK,0
12612,LegalAdviceUK,0
12613,LegalAdviceUK,0
12614,LegalAdviceUK,0
12615,LegalAdviceUK,0
12616,LegalAdviceUK,0
12617,LegalAdviceUK,0
12618,LegalAdviceUK,0
12619,LegalAdviceUK,0
12620,LegalAdviceUK,0
12621,LegalAdviceUK,0
12622,LegalAdviceUK,0
12623,LegalAdviceUK,0
12624,LegalAdviceUK,0
12625,LegalAdviceUK,0
12626,LegalAdviceUK,0
12627,LegalAdviceUK,0
12628,LegalAdviceUK,0
12629,LegalAdviceUK,0
12630,LegalAdviceUK,0
12631,LegalAdviceUK,0
12632,LegalAdviceUK,0
12633,LegalAdviceUK,0
12634,LegalAdviceUK,0
12635,LegalAdviceUK,0
12636,LegalAdviceUK,0
12637,LegalAdviceUK,0
12638,LegalAdviceUK,0
12639,LegalAdviceUK,0
12640,LegalAdviceUK,0
12641,LegalAdviceUK,0
12642,LegalAdviceUK,0
12643,LegalAdviceUK,0
12644,LegalAdviceUK,1
12645,LegalAdviceUK,0
12646,LegalAdviceUK,0
12647,LegalAdviceUK,0
12648,LegalAdviceUK,0
12649,LegalAdviceUK,0
12650,LegalAdviceUK,0
12651,LegalAdviceUK,0
12652,LegalAdviceUK,0
12653,LegalAdviceUK,0
12654,LegalAdviceUK,0
12655,LegalAdviceUK,0
12656,LegalAdviceUK,0
12657,LegalAdviceUK,0
12658,LegalAdviceUK,0
12659,LegalAdviceUK,0
12660,LegalAdviceUK,0
12661,LegalAdviceUK,0
12662,LegalAdviceUK,0
12663,LegalAdviceUK,0
12664,LegalAdviceUK,0
12665,LegalAdviceUK,0
12666,LegalAdviceUK,0
12667,LegalAdviceUK,0
12668,LegalAdviceUK,0
12669,LegalAdviceUK,1
12670,LegalAdviceUK,1
12671,LegalAdviceUK,0
12672,LegalAdviceUK,0
12673,LegalAdviceUK,0
12674,LegalAdviceUK,0
12675,LegalAdviceUK,0
12676,LegalAdviceUK,0
12677,LegalAdviceUK,0
12678,LegalAdviceUK,0
12679,LegalAdviceUK,0
12680,LegalAdviceUK,0
12681,LegalAdviceUK,0
12682,LegalAdviceUK,0
12683,LegalAdviceUK,0
12684,LegalAdviceUK,0
12685,LegalAdviceUK,0
12686,LegalAdviceUK,0
12687,LegalAdviceUK,0
12688,LegalAdviceUK,0
12689,LegalAdviceUK,0
12690,LegalAdviceUK,0
12691,LegalAdviceUK,0
12692,LegalAdviceUK,0
12693,LegalAdviceUK,0
12694,LegalAdviceUK,0
12695,LegalAdviceUK,0
12696,LegalAdviceUK,0
12697,LegalAdviceUK,1
12698,LegalAdviceUK,0
12699,LegalAdviceUK,0
12700,LegalAdviceUK,0
12701,LegalAdviceUK,0
12702,LegalAdviceUK,0
12703,LegalAdviceUK,0
12704,LegalAdviceUK,0
12705,LegalAdviceUK,0
12706,LegalAdviceUK,0
12707,LegalAdviceUK,0
12708,LegalAdviceUK,0
12709,LegalAdviceUK,0
12710,LegalAdviceUK,0
12711,LegalAdviceUK,0
12712,LegalAdviceUK,0
12713,LegalAdviceUK,0
12714,LegalAdviceUK,0
12715,LegalAdviceUK,0
12716,LegalAdviceUK,0
12717,LegalAdviceUK,0
12718,LegalAdviceUK,0
12719,LegalAdviceUK,0
12720,LegalAdviceUK,0
12721,LegalAdviceUK,0
12722,LegalAdviceUK,0
12723,LegalAdviceUK,0
12724,LegalAdviceUK,0
12725,LegalAdviceUK,0
12726,LegalAdviceUK,0
12727,LegalAdviceUK,0
12728,LegalAdviceUK,1
12729,LegalAdviceUK,0
12730,LegalAdviceUK,0
12731,LegalAdviceUK,0
12732,LegalAdviceUK,0
12733,LegalAdviceUK,0
12734,LegalAdviceUK,0
12735,LegalAdviceUK,0
12736,LegalAdviceUK,0
12737,LegalAdviceUK,0
12738,LegalAdviceUK,1
12739,LegalAdviceUK,0
12740,LegalAdviceUK,0
12741,LegalAdviceUK,0
12742,LegalAdviceUK,1
12743,LegalAdviceUK,0
12744,LegalAdviceUK,0
12745,LegalAdviceUK,0
12746,LegalAdviceUK,0
12747,LegalAdviceUK,0
12748,LegalAdviceUK,0
12749,LegalAdviceUK,0
12750,LegalAdviceUK,0
12751,LegalAdviceUK,0
12752,LegalAdviceUK,0
12753,LegalAdviceUK,0
12754,LegalAdviceUK,0
12755,LegalAdviceUK,0
12756,LegalAdviceUK,0
12757,LegalAdviceUK,0
12758,LegalAdviceUK,0
12759,LegalAdviceUK,0
12760,LegalAdviceUK,0
12761,LegalAdviceUK,0
12762,LegalAdviceUK,0
12763,LegalAdviceUK,0
12764,LegalAdviceUK,0
12765,LegalAdviceUK,0
12766,LegalAdviceUK,0
12767,LegalAdviceUK,0
12768,LegalAdviceUK,0
12769,LegalAdviceUK,0
12770,LegalAdviceUK,0
12771,LegalAdviceUK,0
12772,LegalAdviceUK,0
12773,LegalAdviceUK,0
12774,LegalAdviceUK,0
12775,LegalAdviceUK,0
12776,LegalAdviceUK,0
12777,LegalAdviceUK,0
12778,LegalAdviceUK,0
12779,LegalAdviceUK,0
12780,LegalAdviceUK,0
12781,LegalAdviceUK,0
12782,LegalAdviceUK,0
12783,LegalAdviceUK,0
12784,LegalAdviceUK,0
12785,LegalAdviceUK,0
12786,LegalAdviceUK,0
12787,LegalAdviceUK,0
12788,LegalAdviceUK,0
12789,LegalAdviceUK,0
12790,LegalAdviceUK,0
12791,LegalAdviceUK,0
12792,LegalAdviceUK,0
12793,LegalAdviceUK,0
12794,LegalAdviceUK,0
12795,LegalAdviceUK,0
12796,LegalAdviceUK,0
12797,LegalAdviceUK,0
12798,LegalAdviceUK,0
12799,LegalAdviceUK,0
12800,LegalAdviceUK,0
12801,LegalAdviceUK,0
12802,LegalAdviceUK,0
12803,LegalAdviceUK,0
12804,LegalAdviceUK,0
12805,LegalAdviceUK,0
12806,LegalAdviceUK,0
12807,LegalAdviceUK,0
12808,LegalAdviceUK,0
12809,LegalAdviceUK,0
12810,LegalAdviceUK,0
12811,LegalAdviceUK,0
12812,LegalAdviceUK,0
12813,LegalAdviceUK,0
12814,LegalAdviceUK,0
12815,LegalAdviceUK,0
12816,LegalAdviceUK,0
12817,LegalAdviceUK,0
12818,LegalAdviceUK,0
12819,LegalAdviceUK,0
12820,LegalAdviceUK,0
12821,LegalAdviceUK,0
12822,LegalAdviceUK,0
12823,LegalAdviceUK,0
12824,LegalAdviceUK,0
12825,LegalAdviceUK,0
12826,LegalAdviceUK,0
12827,LegalAdviceUK,0
12828,LegalAdviceUK,0
12829,LegalAdviceUK,0
12830,LegalAdviceUK,0
12831,LegalAdviceUK,0
12832,LegalAdviceUK,0
12833,LegalAdviceUK,0
12834,LegalAdviceUK,1
12835,LegalAdviceUK,0
12836,LegalAdviceUK,0
12837,LegalAdviceUK,0
12838,LegalAdviceUK,0
12839,LegalAdviceUK,0
12840,LegalAdviceUK,0
12841,LegalAdviceUK,0
12842,LegalAdviceUK,0
12843,LegalAdviceUK,0
12844,LegalAdviceUK,0
12845,LegalAdviceUK,0
12846,LegalAdviceUK,0
12847,LegalAdviceUK,0
12848,LegalAdviceUK,0
12849,LegalAdviceUK,0
12850,LegalAdviceUK,0
12851,LegalAdviceUK,0
12852,LegalAdviceUK,0
12853,LegalAdviceUK,0
12854,LegalAdviceUK,0
12855,LegalAdviceUK,0
12856,LegalAdviceUK,0
12857,LegalAdviceUK,0
12858,LegalAdviceUK,0
12859,LegalAdviceUK,0
12860,LegalAdviceUK,0
12861,LegalAdviceUK,0
12862,LegalAdviceUK,0
12863,LegalAdviceUK,0
12864,LegalAdviceUK,0
12865,LegalAdviceUK,0
12866,LegalAdviceUK,1
12867,LegalAdviceUK,0
12868,LegalAdviceUK,0
12869,LegalAdviceUK,0
12870,LegalAdviceUK,0
12871,LegalAdviceUK,1
12872,LegalAdviceUK,1
12873,LegalAdviceUK,0
12874,LegalAdviceUK,0
12875,LegalAdviceUK,0
12876,LegalAdviceUK,0
12877,LegalAdviceUK,0
12878,LegalAdviceUK,0
12879,LegalAdviceUK,0
12880,LegalAdviceUK,0
12881,LegalAdviceUK,0
12882,LegalAdviceUK,0
12883,LegalAdviceUK,0
12884,LegalAdviceUK,0
12885,LegalAdviceUK,0
12886,LegalAdviceUK,0
12887,LegalAdviceUK,0
12888,LegalAdviceUK,0
12889,LegalAdviceUK,0
12890,LegalAdviceUK,0
12891,LegalAdviceUK,0
12892,LegalAdviceUK,0
12893,LegalAdviceUK,0
12894,LegalAdviceUK,0
12895,LegalAdviceUK,0
12896,LegalAdviceUK,0
12897,LegalAdviceUK,0
12898,LegalAdviceUK,0
12899,LegalAdviceUK,0
12900,LegalAdviceUK,0
12901,LegalAdviceUK,0
12902,LegalAdviceUK,0
12903,LegalAdviceUK,0
12904,LegalAdviceUK,0
12905,LegalAdviceUK,0
12906,LegalAdviceUK,0
12907,LegalAdviceUK,0
12908,LegalAdviceUK,0
12909,LegalAdviceUK,0
12910,LegalAdviceUK,0
12911,LegalAdviceUK,0
12912,LegalAdviceUK,0
12913,LegalAdviceUK,0
12914,LegalAdviceUK,0
12915,LegalAdviceUK,0
12916,LegalAdviceUK,0
12917,LegalAdviceUK,0
12918,LegalAdviceUK,0
12919,LegalAdviceUK,0
12920,LegalAdviceUK,0
12921,LegalAdviceUK,0
12922,LegalAdviceUK,0
12923,LegalAdviceUK,1
12924,LegalAdviceUK,0
12925,LegalAdviceUK,0
12926,LegalAdviceUK,0
12927,LegalAdviceUK,0
12928,LegalAdviceUK,0
12929,LegalAdviceUK,0
12930,LegalAdviceUK,0
12931,LegalAdviceUK,0
12932,LegalAdviceUK,0
12933,LegalAdviceUK,0
12934,LegalAdviceUK,0
12935,LegalAdviceUK,0
12936,LegalAdviceUK,0
12937,LegalAdviceUK,0
12938,LegalAdviceUK,0
12939,LegalAdviceUK,0
12940,LegalAdviceUK,0
12941,LegalAdviceUK,0
12942,LegalAdviceUK,0
12943,LegalAdviceUK,0
12944,LegalAdviceUK,0
12945,LegalAdviceUK,0
12946,LegalAdviceUK,0
12947,LegalAdviceUK,0
12948,LegalAdviceUK,1
12949,LegalAdviceUK,0
12950,LegalAdviceUK,0
12951,LegalAdviceUK,0
12952,LegalAdviceUK,0
12953,LegalAdviceUK,0
12954,LegalAdviceUK,0
12955,LegalAdviceUK,0
12956,LegalAdviceUK,0
12957,LegalAdviceUK,0
12958,LegalAdviceUK,0
12959,LegalAdviceUK,0
12960,LegalAdviceUK,0
12961,LegalAdviceUK,0
12962,LegalAdviceUK,0
12963,LegalAdviceUK,0
12964,LegalAdviceUK,1
12965,LegalAdviceUK,0
12966,LegalAdviceUK,0
12967,LegalAdviceUK,0
12968,LegalAdviceUK,0
12969,LegalAdviceUK,0
12970,LegalAdviceUK,0
12971,LegalAdviceUK,0
12972,LegalAdviceUK,0
12973,LegalAdviceUK,0
12974,LegalAdviceUK,0
12975,LegalAdviceUK,0
12976,LegalAdviceUK,0
12977,LegalAdviceUK,0
12978,LegalAdviceUK,0
12979,LegalAdviceUK,1
12980,LegalAdviceUK,0
12981,LegalAdviceUK,0
12982,LegalAdviceUK,0
12983,LegalAdviceUK,0
12984,LegalAdviceUK,0
12985,LegalAdviceUK,0
12986,LegalAdviceUK,0
12987,LegalAdviceUK,0
12988,LegalAdviceUK,0
12989,LegalAdviceUK,0
12990,LegalAdviceUK,0
12991,LegalAdviceUK,0
12992,LegalAdviceUK,0
12993,LegalAdviceUK,0
12994,LegalAdviceUK,0
12995,LegalAdviceUK,0
12996,LegalAdviceUK,0
12997,LegalAdviceUK,0
12998,LegalAdviceUK,0
12999,LegalAdviceUK,0
13000,LegalAdviceUK,1
13001,LegalAdviceUK,0
13002,LegalAdviceUK,0
13003,LegalAdviceUK,0
13004,LegalAdviceUK,0
13005,LegalAdviceUK,0
13006,LegalAdviceUK,0
13007,LegalAdviceUK,0
13008,LegalAdviceUK,1
13009,LegalAdviceUK,0
13010,LegalAdviceUK,0
13011,LegalAdviceUK,0
13012,LegalAdviceUK,0
13013,LegalAdviceUK,0
13014,LegalAdviceUK,0
13015,LegalAdviceUK,0
13016,LegalAdviceUK,0
13017,LegalAdviceUK,0
13018,LegalAdviceUK,0
13019,LegalAdviceUK,0
13020,LegalAdviceUK,0
13021,LegalAdviceUK,0
13022,LegalAdviceUK,0
13023,LegalAdviceUK,0
13024,LegalAdviceUK,1
13025,LegalAdviceUK,0
13026,LegalAdviceUK,0
13027,LegalAdviceUK,0
13028,LegalAdviceUK,0
13029,LegalAdviceUK,0
13030,LegalAdviceUK,0
13031,LegalAdviceUK,0
13032,LegalAdviceUK,0
13033,LegalAdviceUK,0
13034,LegalAdviceUK,0
13035,LegalAdviceUK,0
13036,LegalAdviceUK,0
13037,LegalAdviceUK,0
13038,LegalAdviceUK,0
13039,LegalAdviceUK,0
13040,LegalAdviceUK,0
13041,LegalAdviceUK,0
13042,LegalAdviceUK,0
13043,LegalAdviceUK,0
13044,LegalAdviceUK,0
13045,LegalAdviceUK,0
13046,LegalAdviceUK,0
13047,LegalAdviceUK,0
13048,LegalAdviceUK,1
13049,LegalAdviceUK,0
13050,LegalAdviceUK,0
13051,LegalAdviceUK,0
13052,LegalAdviceUK,0
13053,LegalAdviceUK,0
13054,LegalAdviceUK,0
13055,LegalAdviceUK,0
13056,LegalAdviceUK,0
13057,LegalAdviceUK,0
13058,LegalAdviceUK,0
13059,LegalAdviceUK,0
13060,LegalAdviceUK,0
13061,LegalAdviceUK,1
13062,LegalAdviceUK,1
13063,LegalAdviceUK,0
13064,LegalAdviceUK,0
13065,LegalAdviceUK,0
13066,LegalAdviceUK,1
13067,LegalAdviceUK,1
13068,LegalAdviceUK,0
13069,LegalAdviceUK,0
13070,LegalAdviceUK,0
13071,LegalAdviceUK,1
13072,LegalAdviceUK,0
13073,LegalAdviceUK,0
13074,LegalAdviceUK,1
13075,LegalAdviceUK,0
13076,LegalAdviceUK,0
13077,LegalAdviceUK,0
13078,LegalAdviceUK,0
13079,LegalAdviceUK,0
13080,LegalAdviceUK,0
13081,LegalAdviceUK,0
13082,LegalAdviceUK,0
13083,LegalAdviceUK,0
13084,LegalAdviceUK,0
13085,LegalAdviceUK,0
13086,LegalAdviceUK,0
13087,LegalAdviceUK,0
13088,LegalAdviceUK,0
13089,LegalAdviceUK,0
13090,LegalAdviceUK,1
13091,LegalAdviceUK,0
13092,LegalAdviceUK,0
13093,LegalAdviceUK,0
13094,LegalAdviceUK,0
13095,LegalAdviceUK,0
13096,LegalAdviceUK,0
13097,LegalAdviceUK,0
13098,LegalAdviceUK,0
13099,LegalAdviceUK,0
13100,LegalAdviceUK,0
13101,LegalAdviceUK,0
13102,LegalAdviceUK,0
13103,LegalAdviceUK,0
13104,LegalAdviceUK,0
13105,LegalAdviceUK,0
13106,LegalAdviceUK,0
13107,LegalAdviceUK,0
13108,LegalAdviceUK,0
13109,LegalAdviceUK,0
13110,LegalAdviceUK,0
13111,LegalAdviceUK,0
13112,LegalAdviceUK,0
13113,LegalAdviceUK,0
13114,LegalAdviceUK,1
13115,LegalAdviceUK,0
13116,LegalAdviceUK,0
13117,LegalAdviceUK,0
13118,LegalAdviceUK,0
13119,LegalAdviceUK,0
13120,LegalAdviceUK,0
13121,LegalAdviceUK,1
13122,LegalAdviceUK,0
13123,LegalAdviceUK,0
13124,LegalAdviceUK,0
13125,LegalAdviceUK,0
13126,LegalAdviceUK,0
13127,LegalAdviceUK,0
13128,LegalAdviceUK,0
13129,LegalAdviceUK,0
13130,LegalAdviceUK,0
13131,LegalAdviceUK,0
13132,LegalAdviceUK,0
13133,LegalAdviceUK,0
13134,LegalAdviceUK,0
13135,LegalAdviceUK,0
13136,LegalAdviceUK,0
13137,LegalAdviceUK,0
13138,LegalAdviceUK,0
13139,LegalAdviceUK,0
13140,LegalAdviceUK,0
13141,LegalAdviceUK,0
13142,LegalAdviceUK,0
13143,LegalAdviceUK,0
13144,LegalAdviceUK,0
13145,LegalAdviceUK,0
13146,LegalAdviceUK,0
13147,LegalAdviceUK,0
13148,LegalAdviceUK,0
13149,LegalAdviceUK,0
13150,LegalAdviceUK,0
13151,LegalAdviceUK,0
13152,LegalAdviceUK,0
13153,LegalAdviceUK,0
13154,LegalAdviceUK,0
13155,LegalAdviceUK,0
13156,LegalAdviceUK,0
13157,LegalAdviceUK,0
13158,LegalAdviceUK,0
13159,LegalAdviceUK,0
13160,LegalAdviceUK,0
13161,LegalAdviceUK,1
13162,LegalAdviceUK,1
13163,LegalAdviceUK,0
13164,LegalAdviceUK,0
13165,LegalAdviceUK,0
13166,LegalAdviceUK,0
13167,LegalAdviceUK,0
13168,LegalAdviceUK,0
13169,LegalAdviceUK,0
13170,LegalAdviceUK,0
13171,LegalAdviceUK,1
13172,LegalAdviceUK,0
13173,LegalAdviceUK,0
13174,LegalAdviceUK,0
13175,LegalAdviceUK,0
13176,LegalAdviceUK,0
13177,LegalAdviceUK,0
13178,LegalAdviceUK,0
13179,LegalAdviceUK,0
13180,LegalAdviceUK,0
13181,LegalAdviceUK,0
13182,LegalAdviceUK,0
13183,LegalAdviceUK,0
13184,LegalAdviceUK,0
13185,LegalAdviceUK,0
13186,LegalAdviceUK,0
13187,LegalAdviceUK,1
13188,LegalAdviceUK,0
13189,LegalAdviceUK,0
13190,LegalAdviceUK,0
13191,LegalAdviceUK,0
13192,LegalAdviceUK,0
13193,LegalAdviceUK,0
13194,LegalAdviceUK,0
13195,LegalAdviceUK,0
13196,LegalAdviceUK,0
13197,LegalAdviceUK,0
13198,LegalAdviceUK,0
13199,LegalAdviceUK,0
13200,LegalAdviceUK,0
13201,LegalAdviceUK,0
13202,LegalAdviceUK,0
13203,LegalAdviceUK,0
13204,LegalAdviceUK,0
13205,LegalAdviceUK,0
13206,LegalAdviceUK,0
13207,LegalAdviceUK,0
13208,LegalAdviceUK,0
13209,LegalAdviceUK,0
13210,LegalAdviceUK,0
13211,LegalAdviceUK,0
13212,LegalAdviceUK,0
13213,LegalAdviceUK,0
13214,LegalAdviceUK,0
13215,LegalAdviceUK,0
13216,LegalAdviceUK,1
13217,LegalAdviceUK,0
13218,LegalAdviceUK,0
13219,LegalAdviceUK,0
13220,LegalAdviceUK,0
13221,LegalAdviceUK,0
13222,LegalAdviceUK,0
13223,LegalAdviceUK,0
13224,LegalAdviceUK,0
13225,LegalAdviceUK,0
13226,LegalAdviceUK,0
13227,LegalAdviceUK,0
13228,LegalAdviceUK,0
13229,LegalAdviceUK,0
13230,LegalAdviceUK,0
13231,LegalAdviceUK,0
13232,LegalAdviceUK,0
13233,LegalAdviceUK,0
13234,LegalAdviceUK,0
13235,LegalAdviceUK,0
13236,LegalAdviceUK,0
13237,LegalAdviceUK,0
13238,LegalAdviceUK,0
13239,LegalAdviceUK,0
13240,LegalAdviceUK,1
13241,LegalAdviceUK,0
13242,LegalAdviceUK,0
13243,LegalAdviceUK,0
13244,LegalAdviceUK,0
13245,LegalAdviceUK,0
13246,LegalAdviceUK,0
13247,LegalAdviceUK,0
13248,LegalAdviceUK,0
13249,LegalAdviceUK,0
13250,LegalAdviceUK,0
13251,LegalAdviceUK,0
13252,LegalAdviceUK,0
13253,LegalAdviceUK,0
13254,LegalAdviceUK,0
13255,LegalAdviceUK,0
13256,LegalAdviceUK,0
13257,LegalAdviceUK,0
13258,LegalAdviceUK,0
13259,LegalAdviceUK,0
13260,LegalAdviceUK,0
13261,LegalAdviceUK,1
13262,LegalAdviceUK,0
13263,LegalAdviceUK,0
13264,LegalAdviceUK,0
13265,LegalAdviceUK,0
13266,LegalAdviceUK,0
13267,LegalAdviceUK,0
13268,LegalAdviceUK,0
13269,LegalAdviceUK,0
13270,LegalAdviceUK,0
13271,LegalAdviceUK,0
13272,LegalAdviceUK,0
13273,LegalAdviceUK,0
13274,LegalAdviceUK,0
13275,LegalAdviceUK,0
13276,LegalAdviceUK,0
13277,LegalAdviceUK,0
13278,LegalAdviceUK,0
13279,LegalAdviceUK,0
13280,LegalAdviceUK,0
13281,LegalAdviceUK,0
13282,LegalAdviceUK,0
13283,LegalAdviceUK,0
13284,LegalAdviceUK,1
13285,LegalAdviceUK,0
13286,LegalAdviceUK,0
13287,LegalAdviceUK,0
13288,LegalAdviceUK,0
13289,LegalAdviceUK,0
13290,LegalAdviceUK,0
13291,LegalAdviceUK,0
13292,LegalAdviceUK,0
13293,LegalAdviceUK,0
13294,LegalAdviceUK,0
13295,LegalAdviceUK,0
13296,LegalAdviceUK,0
13297,LegalAdviceUK,0
13298,LegalAdviceUK,0
13299,LegalAdviceUK,0
13300,LegalAdviceUK,0
13301,LegalAdviceUK,0
13302,LegalAdviceUK,1
13303,LegalAdviceUK,1
13304,LegalAdviceUK,0
13305,LegalAdviceUK,0
13306,LegalAdviceUK,0
13307,LegalAdviceUK,0
13308,LegalAdviceUK,0
13309,LegalAdviceUK,0
13310,LegalAdviceUK,0
13311,LegalAdviceUK,0
13312,LegalAdviceUK,1
13313,LegalAdviceUK,0
13314,LegalAdviceUK,0
13315,LegalAdviceUK,0
13316,LegalAdviceUK,0
13317,LegalAdviceUK,0
13318,LegalAdviceUK,0
13319,LegalAdviceUK,0
13320,LegalAdviceUK,0
13321,LegalAdviceUK,0
13322,LegalAdviceUK,1
13323,LegalAdviceUK,0
13324,LegalAdviceUK,0
13325,LegalAdviceUK,0
13326,LegalAdviceUK,0
13327,LegalAdviceUK,0
13328,LegalAdviceUK,0
13329,LegalAdviceUK,0
13330,LegalAdviceUK,1
13331,LegalAdviceUK,0
13332,LegalAdviceUK,0
13333,LegalAdviceUK,0
13334,LegalAdviceUK,0
13335,LegalAdviceUK,1
13336,LegalAdviceUK,0
13337,LegalAdviceUK,0
13338,LegalAdviceUK,0
13339,LegalAdviceUK,0
13340,LegalAdviceUK,0
13341,LegalAdviceUK,1
13342,LegalAdviceUK,0
13343,LegalAdviceUK,1
13344,LegalAdviceUK,0
13345,LegalAdviceUK,0
13346,LegalAdviceUK,1
13347,LegalAdviceUK,1
13348,LegalAdviceUK,1
13349,LegalAdviceUK,0
13350,LegalAdviceUK,0
13351,LegalAdviceUK,0
13352,LegalAdviceUK,0
13353,LegalAdviceUK,0
13354,LegalAdviceUK,0
13355,LegalAdviceUK,1
13356,LegalAdviceUK,0
13357,LegalAdviceUK,1
13358,LegalAdviceUK,0
13359,LegalAdviceUK,0
13360,LegalAdviceUK,0
13361,LegalAdviceUK,0
13362,LegalAdviceUK,0
13363,LegalAdviceUK,1
13364,LegalAdviceUK,1
13365,LegalAdviceUK,1
13366,LegalAdviceUK,1
13367,LegalAdviceUK,0
13368,LegalAdviceUK,0
13369,LegalAdviceUK,1
13370,LegalAdviceUK,0
13371,LegalAdviceUK,0
13372,LegalAdviceUK,0
13373,LegalAdviceUK,0
13374,LegalAdviceUK,1
13375,LegalAdviceUK,0
13376,LegalAdviceUK,0
13377,LegalAdviceUK,0
13378,LegalAdviceUK,0
13379,LegalAdviceUK,1
13380,LegalAdviceUK,0
13381,LegalAdviceUK,1
13382,LegalAdviceUK,0
13383,LegalAdviceUK,0
13384,LegalAdviceUK,0
13385,LegalAdviceUK,0
13386,LegalAdviceUK,0
13387,LegalAdviceUK,0
13388,LegalAdviceUK,0
13389,LegalAdviceUK,0
13390,LegalAdviceUK,0
13391,LegalAdviceUK,0
13392,LegalAdviceUK,0
13393,LegalAdviceUK,0
13394,LegalAdviceUK,0
13395,LegalAdviceUK,0
13396,LegalAdviceUK,0
13397,LegalAdviceUK,0
13398,LegalAdviceUK,0
13399,LegalAdviceUK,0
13400,LegalAdviceUK,0
13401,LegalAdviceUK,0
13402,LegalAdviceUK,0
13403,LegalAdviceUK,0
13404,LegalAdviceUK,0
13405,LegalAdviceUK,0
13406,LegalAdviceUK,0
13407,LegalAdviceUK,0
13408,LegalAdviceUK,1
13409,LegalAdviceUK,1
13410,LegalAdviceUK,0
13411,LegalAdviceUK,0
13412,LegalAdviceUK,0
13413,LegalAdviceUK,0
13414,LegalAdviceUK,0
13415,LegalAdviceUK,0
13416,LegalAdviceUK,0
13417,LegalAdviceUK,0
13418,LegalAdviceUK,0
13419,LegalAdviceUK,0
13420,LegalAdviceUK,0
13421,LegalAdviceUK,0
13422,LegalAdviceUK,0
13423,LegalAdviceUK,0
13424,LegalAdviceUK,0
13425,LegalAdviceUK,0
13426,LegalAdviceUK,0
13427,LegalAdviceUK,0
13428,LegalAdviceUK,0
13429,LegalAdviceUK,0
13430,LegalAdviceUK,0
13431,LegalAdviceUK,0
13432,LegalAdviceUK,0
13433,LegalAdviceUK,0
13434,LegalAdviceUK,0
13435,LegalAdviceUK,0
13436,LegalAdviceUK,0
13437,LegalAdviceUK,0
13438,LegalAdviceUK,0
13439,LegalAdviceUK,0
13440,LegalAdviceUK,0
13441,LegalAdviceUK,0
13442,LegalAdviceUK,0
13443,LegalAdviceUK,0
13444,LegalAdviceUK,0
13445,LegalAdviceUK,0
13446,LegalAdviceUK,0
13447,LegalAdviceUK,0
13448,LegalAdviceUK,0
13449,LegalAdviceUK,1
13450,LegalAdviceUK,0
13451,LegalAdviceUK,0
13452,LegalAdviceUK,0
13453,LegalAdviceUK,0
13454,LegalAdviceUK,0
13455,LegalAdviceUK,0
13456,LegalAdviceUK,0
13457,LegalAdviceUK,0
13458,LegalAdviceUK,0
13459,LegalAdviceUK,0
13460,LegalAdviceUK,0
13461,LegalAdviceUK,1
13462,LegalAdviceUK,1
13463,LegalAdviceUK,0
13464,LegalAdviceUK,0
13465,LegalAdviceUK,1
13466,LegalAdviceUK,0
13467,LegalAdviceUK,1
13468,LegalAdviceUK,0
13469,LegalAdviceUK,0
13470,LegalAdviceUK,0
13471,LegalAdviceUK,0
13472,LegalAdviceUK,0
13473,LegalAdviceUK,0
13474,LegalAdviceUK,0
13475,LegalAdviceUK,0
13476,LegalAdviceUK,0
13477,LegalAdviceUK,0
13478,LegalAdviceUK,0
13479,LegalAdviceUK,0
13480,LegalAdviceUK,0
13481,LegalAdviceUK,0
13482,LegalAdviceUK,0
13483,LegalAdviceUK,0
13484,LegalAdviceUK,0
13485,LegalAdviceUK,0
13486,LegalAdviceUK,0
13487,LegalAdviceUK,0
13488,LegalAdviceUK,0
13489,LegalAdviceUK,0
13490,LegalAdviceUK,1
13491,LegalAdviceUK,0
13492,LegalAdviceUK,0
13493,LegalAdviceUK,0
13494,LegalAdviceUK,0
13495,LegalAdviceUK,0
13496,LegalAdviceUK,0
13497,LegalAdviceUK,0
13498,LegalAdviceUK,0
13499,LegalAdviceUK,0
13500,LegalAdviceUK,0
13501,LegalAdviceUK,0
13502,LegalAdviceUK,0
13503,LegalAdviceUK,1
13504,LegalAdviceUK,0
13505,LegalAdviceUK,0
13506,LegalAdviceUK,0
13507,LegalAdviceUK,0
13508,LegalAdviceUK,0
13509,LegalAdviceUK,1
13510,LegalAdviceUK,0
13511,LegalAdviceUK,0
13512,LegalAdviceUK,0
13513,LegalAdviceUK,0
13514,LegalAdviceUK,0
13515,LegalAdviceUK,0
13516,LegalAdviceUK,0
13517,LegalAdviceUK,0
13518,LegalAdviceUK,0
13519,LegalAdviceUK,0
13520,LegalAdviceUK,0
13521,LegalAdviceUK,0
13522,LegalAdviceUK,0
13523,LegalAdviceUK,0
13524,LegalAdviceUK,0
13525,LegalAdviceUK,0
13526,LegalAdviceUK,0
13527,LegalAdviceUK,0
13528,LegalAdviceUK,0
13529,LegalAdviceUK,0
13530,LegalAdviceUK,0
13531,LegalAdviceUK,0
13532,LegalAdviceUK,0
13533,LegalAdviceUK,0
13534,LegalAdviceUK,0
13535,LegalAdviceUK,0
13536,LegalAdviceUK,0
13537,LegalAdviceUK,0
13538,LegalAdviceUK,0
13539,LegalAdviceUK,0
13540,LegalAdviceUK,0
13541,LegalAdviceUK,0
13542,LegalAdviceUK,0
13543,LegalAdviceUK,0
13544,LegalAdviceUK,0
13545,LegalAdviceUK,0
13546,LegalAdviceUK,0
13547,LegalAdviceUK,0
13548,LegalAdviceUK,0
13549,LegalAdviceUK,1
13550,LegalAdviceUK,0
13551,LegalAdviceUK,0
13552,LegalAdviceUK,0
13553,LegalAdviceUK,0
13554,LegalAdviceUK,0
13555,LegalAdviceUK,0
13556,LegalAdviceUK,0
13557,LegalAdviceUK,1
13558,LegalAdviceUK,0
13559,LegalAdviceUK,0
13560,LegalAdviceUK,0
13561,LegalAdviceUK,0
13562,LegalAdviceUK,0
13563,LegalAdviceUK,0
13564,LegalAdviceUK,0
13565,LegalAdviceUK,0
13566,LegalAdviceUK,1
13567,LegalAdviceUK,1
13568,LegalAdviceUK,1
13569,LegalAdviceUK,0
13570,LegalAdviceUK,0
13571,LegalAdviceUK,0
13572,LegalAdviceUK,0
13573,LegalAdviceUK,0
13574,LegalAdviceUK,0
13575,LegalAdviceUK,0
13576,LegalAdviceUK,1
13577,LegalAdviceUK,0
13578,LegalAdviceUK,0
13579,LegalAdviceUK,0
13580,LegalAdviceUK,0
13581,LegalAdviceUK,0
13582,LegalAdviceUK,0
13583,LegalAdviceUK,0
13584,LegalAdviceUK,0
13585,LegalAdviceUK,0
13586,LegalAdviceUK,0
13587,LegalAdviceUK,0
13588,LegalAdviceUK,0
13589,LegalAdviceUK,0
13590,LegalAdviceUK,0
13591,LegalAdviceUK,0
13592,LegalAdviceUK,0
13593,LegalAdviceUK,1
13594,LegalAdviceUK,0
13595,LegalAdviceUK,0
13596,LegalAdviceUK,0
13597,LegalAdviceUK,0
13598,LegalAdviceUK,0
13599,LegalAdviceUK,0
13600,LegalAdviceUK,0
13601,LegalAdviceUK,0
13602,LegalAdviceUK,0
13603,LegalAdviceUK,0
13604,LegalAdviceUK,0
13605,LegalAdviceUK,0
13606,LegalAdviceUK,1
13607,LegalAdviceUK,0
13608,LegalAdviceUK,0
13609,LegalAdviceUK,0
13610,LegalAdviceUK,0
13611,LegalAdviceUK,0
13612,LegalAdviceUK,0
13613,LegalAdviceUK,0
13614,LegalAdviceUK,0
13615,LegalAdviceUK,1
13616,LegalAdviceUK,0
13617,LegalAdviceUK,0
13618,LegalAdviceUK,0
13619,LegalAdviceUK,0
13620,LegalAdviceUK,0
13621,LegalAdviceUK,0
13622,LegalAdviceUK,0
13623,LegalAdviceUK,0
13624,LegalAdviceUK,0
13625,LegalAdviceUK,0
13626,LegalAdviceUK,0
13627,LegalAdviceUK,0
13628,LegalAdviceUK,0
13629,LegalAdviceUK,0
13630,LegalAdviceUK,0
13631,LegalAdviceUK,0
13632,LegalAdviceUK,0
13633,LegalAdviceUK,0
13634,LegalAdviceUK,0
13635,LegalAdviceUK,0
13636,LegalAdviceUK,0
13637,LegalAdviceUK,0
13638,LegalAdviceUK,0
13639,LegalAdviceUK,0
13640,LegalAdviceUK,0
13641,LegalAdviceUK,0
13642,LegalAdviceUK,0
13643,LegalAdviceUK,0
13644,LegalAdviceUK,0
13645,LegalAdviceUK,0
13646,LegalAdviceUK,0
13647,LegalAdviceUK,0
13648,LegalAdviceUK,0
13649,LegalAdviceUK,0
13650,LegalAdviceUK,0
13651,LegalAdviceUK,0
13652,LegalAdviceUK,0
13653,LegalAdviceUK,0
13654,LegalAdviceUK,0
13655,LegalAdviceUK,0
13656,LegalAdviceUK,1
13657,LegalAdviceUK,0
13658,LegalAdviceUK,0
13659,LegalAdviceUK,0
13660,LegalAdviceUK,0
13661,LegalAdviceUK,0
13662,LegalAdviceUK,0
13663,LegalAdviceUK,0
13664,LegalAdviceUK,0
13665,LegalAdviceUK,0
13666,LegalAdviceUK,0
13667,LegalAdviceUK,0
13668,LegalAdviceUK,0
13669,LegalAdviceUK,0
13670,LegalAdviceUK,0
13671,LegalAdviceUK,0
13672,LegalAdviceUK,0
13673,LegalAdviceUK,0
13674,LegalAdviceUK,0
13675,LegalAdviceUK,0
13676,LegalAdviceUK,0
13677,LegalAdviceUK,0
13678,LegalAdviceUK,0
13679,LegalAdviceUK,0
13680,LegalAdviceUK,0
13681,LegalAdviceUK,0
13682,LegalAdviceUK,0
13683,LegalAdviceUK,0
13684,LegalAdviceUK,1
13685,LegalAdviceUK,0
13686,LegalAdviceUK,0
13687,LegalAdviceUK,0
13688,LegalAdviceUK,0
13689,LegalAdviceUK,0
13690,LegalAdviceUK,0
13691,LegalAdviceUK,0
13692,LegalAdviceUK,0
13693,LegalAdviceUK,0
13694,LegalAdviceUK,0
13695,LegalAdviceUK,0
13696,LegalAdviceUK,0
13697,LegalAdviceUK,0
13698,LegalAdviceUK,0
13699,LegalAdviceUK,0
13700,LegalAdviceUK,0
13701,LegalAdviceUK,0
13702,LegalAdviceUK,0
13703,LegalAdviceUK,0
13704,LegalAdviceUK,0
13705,LegalAdviceUK,0
13706,LegalAdviceUK,0
13707,LegalAdviceUK,0
13708,LegalAdviceUK,0
13709,LegalAdviceUK,0
13710,LegalAdviceUK,0
13711,LegalAdviceUK,0
13712,LegalAdviceUK,0
13713,LegalAdviceUK,0
13714,LegalAdviceUK,0
13715,LegalAdviceUK,0
13716,LegalAdviceUK,1
13717,LegalAdviceUK,1
13718,LegalAdviceUK,0
13719,LegalAdviceUK,0
13720,LegalAdviceUK,0
13721,LegalAdviceUK,0
13722,LegalAdviceUK,0
13723,LegalAdviceUK,0
13724,LegalAdviceUK,0
13725,LegalAdviceUK,0
13726,LegalAdviceUK,0
13727,LegalAdviceUK,0
13728,LegalAdviceUK,0
13729,LegalAdviceUK,0
13730,LegalAdviceUK,0
13731,LegalAdviceUK,0
13732,LegalAdviceUK,0
13733,LegalAdviceUK,1
13734,LegalAdviceUK,0
13735,LegalAdviceUK,0
13736,LegalAdviceUK,1
13737,LegalAdviceUK,0
13738,LegalAdviceUK,0
13739,LegalAdviceUK,0
13740,LegalAdviceUK,0
13741,LegalAdviceUK,0
13742,LegalAdviceUK,0
13743,LegalAdviceUK,0
13744,LegalAdviceUK,0
13745,LegalAdviceUK,0
13746,LegalAdviceUK,0
13747,LegalAdviceUK,0
13748,LegalAdviceUK,0
13749,LegalAdviceUK,0
13750,LegalAdviceUK,0
13751,LegalAdviceUK,1
13752,LegalAdviceUK,0
13753,LegalAdviceUK,0
13754,LegalAdviceUK,1
13755,LegalAdviceUK,0
13756,LegalAdviceUK,0
13757,LegalAdviceUK,0
13758,LegalAdviceUK,0
13759,LegalAdviceUK,0
13760,LegalAdviceUK,1
13761,LegalAdviceUK,1
13762,LegalAdviceUK,0
13763,LegalAdviceUK,0
13764,LegalAdviceUK,0
13765,LegalAdviceUK,1
13766,LegalAdviceUK,0
13767,LegalAdviceUK,1
13768,LegalAdviceUK,1
13769,LegalAdviceUK,0
13770,LegalAdviceUK,0
13771,LegalAdviceUK,0
13772,LegalAdviceUK,0
13773,LegalAdviceUK,0
13774,LegalAdviceUK,0
13775,LegalAdviceUK,1
13776,LegalAdviceUK,0
13777,LegalAdviceUK,0
13778,LegalAdviceUK,0
13779,LegalAdviceUK,0
13780,LegalAdviceUK,0
13781,LegalAdviceUK,0
13782,LegalAdviceUK,0
13783,LegalAdviceUK,0
13784,LegalAdviceUK,0
13785,LegalAdviceUK,0
13786,LegalAdviceUK,0
13787,LegalAdviceUK,0
13788,LegalAdviceUK,0
13789,LegalAdviceUK,0
13790,LegalAdviceUK,0
13791,LegalAdviceUK,0
13792,LegalAdviceUK,0
13793,LegalAdviceUK,0
13794,LegalAdviceUK,0
13795,LegalAdviceUK,0
13796,LegalAdviceUK,0
13797,LegalAdviceUK,0
13798,LegalAdviceUK,0
13799,LegalAdviceUK,0
13800,LegalAdviceUK,0
13801,LegalAdviceUK,0
13802,LegalAdviceUK,0
13803,LegalAdviceUK,0
13804,LegalAdviceUK,0
13805,LegalAdviceUK,0
13806,LegalAdviceUK,0
13807,LegalAdviceUK,0
13808,LegalAdviceUK,0
13809,LegalAdviceUK,0
13810,LegalAdviceUK,0
13811,LegalAdviceUK,0
13812,LegalAdviceUK,0
13813,LegalAdviceUK,1
13814,LegalAdviceUK,0
13815,LegalAdviceUK,0
13816,LegalAdviceUK,0
13817,LegalAdviceUK,0
13818,LegalAdviceUK,0
13819,LegalAdviceUK,0
13820,LegalAdviceUK,0
13821,LegalAdviceUK,0
13822,LegalAdviceUK,0
13823,LegalAdviceUK,0
13824,LegalAdviceUK,0
13825,LegalAdviceUK,0
13826,LegalAdviceUK,1
13827,LegalAdviceUK,0
13828,LegalAdviceUK,0
13829,LegalAdviceUK,0
13830,LegalAdviceUK,0
13831,LegalAdviceUK,0
13832,LegalAdviceUK,0
13833,LegalAdviceUK,0
13834,LegalAdviceUK,0
13835,LegalAdviceUK,0
13836,LegalAdviceUK,0
13837,LegalAdviceUK,0
13838,LegalAdviceUK,0
13839,LegalAdviceUK,0
13840,LegalAdviceUK,0
13841,LegalAdviceUK,0
13842,LegalAdviceUK,0
13843,LegalAdviceUK,0
13844,LegalAdviceUK,0
13845,LegalAdviceUK,0
13846,LegalAdviceUK,0
13847,LegalAdviceUK,0
13848,LegalAdviceUK,0
13849,LegalAdviceUK,0
13850,LegalAdviceUK,0
13851,LegalAdviceUK,0
13852,LegalAdviceUK,0
13853,LegalAdviceUK,0
13854,LegalAdviceUK,0
13855,LegalAdviceUK,0
13856,LegalAdviceUK,0
13857,LibDem,0
13858,LibDem,0
13859,LibDem,0
13860,LibDem,0
13861,LibDem,0
13862,LibDem,0
13863,LibDem,0
13864,LibDem,0
13865,LibDem,0
13866,LibDem,0
13867,LibDem,0
13868,LibDem,0
13869,LibDem,0
13870,LibDem,0
13871,LibDem,1
13872,LibDem,0
13873,LibDem,0
13874,LibDem,0
13875,LibDem,0
13876,LibDem,0
13877,LibDem,0
13878,LibDem,1
13879,LibDem,0
13880,LibDem,0
13881,LibDem,0
13882,LibDem,1
13883,LibDem,1
13884,LibDem,1
13885,LibDem,0
13886,LibDem,0
13887,LibDem,1
13888,LibDem,1
13889,LibDem,0
13890,LibDem,0
13891,LibDem,0
13892,LibDem,0
13893,LibDem,1
13894,LibDem,1
13895,LibDem,0
13896,LibDem,0
13897,LibDem,0
13898,LibDem,1
13899,LibDem,0
13900,LibDem,0
13901,LibDem,0
13902,LibDem,1
13903,LibDem,0
13904,LibDem,0
13905,LibDem,0
13906,LibDem,0
13907,LibDem,0
13908,LibDem,0
13909,LibDem,0
13910,LibDem,1
13911,LibDem,0
13912,LibDem,0
13913,LibDem,0
13914,LibDem,1
13915,LibDem,0
13916,LibDem,0
13917,LibDem,0
13918,LibDem,0
13919,LibDem,0
13920,LibDem,0
13921,LibDem,0
13922,LibDem,0
13923,LibDem,1
13924,LibDem,0
13925,LibDem,0
13926,LibDem,0
13927,LibDem,0
13928,LibDem,0
13929,LibDem,0
13930,LibDem,0
13931,LibDem,1
13932,LibDem,0
13933,LibDem,0
13934,LibDem,1
13935,LibDem,1
13936,LibDem,1
13937,LibDem,1
13938,LibDem,1
13939,LibDem,1
13940,LibDem,1
13941,LibDem,1
13942,LibDem,1
13943,LibDem,1
13944,LibDem,1
13945,LibDem,1
13946,LibDem,0
13947,LibDem,1
13948,LibDem,1
13949,LibDem,1
13950,LibDem,1
13951,LibDem,1
13952,LibDem,1
13953,LibDem,1
13954,LibDem,1
13955,LibDem,1
13956,LibDem,1
13957,LibDem,1
13958,LibDem,0
13959,LibDem,0
13960,LibDem,1
13961,LibDem,0
13962,LibDem,0
13963,LibDem,1
13964,LibDem,1
13965,LibDem,0
13966,LibDem,1
13967,LibDem,0
13968,LibDem,0
13969,LibDem,1
13970,LibDem,1
13971,NorthernIreland,0
13972,NorthernIreland,0
13973,NorthernIreland,0
13974,NorthernIreland,0
13975,NorthernIreland,0
13976,NorthernIreland,0
13977,NorthernIreland,0
13978,NorthernIreland,0
13979,NorthernIreland,0
13980,NorthernIreland,0
13981,NorthernIreland,0
13982,NorthernIreland,0
13983,NorthernIreland,0
13984,NorthernIreland,0
13985,NorthernIreland,0
13986,NorthernIreland,0
13987,NorthernIreland,0
13988,NorthernIreland,0
13989,NorthernIreland,0
13990,NorthernIreland,0
13991,NorthernIreland,0
13992,NorthernIreland,0
13993,NorthernIreland,0
13994,NorthernIreland,0
13995,NorthernIreland,0
13996,NorthernIreland,0
13997,NorthernIreland,0
13998,NorthernIreland,0
13999,NorthernIreland,0
14000,NorthernIreland,0
14001,NorthernIreland,0
14002,NorthernIreland,0
14003,NorthernIreland,0
14004,NorthernIreland,0
14005,NorthernIreland,0
14006,NorthernIreland,0
14007,NorthernIreland,0
14008,NorthernIreland,0
14009,NorthernIreland,0
14010,NorthernIreland,0
14011,NorthernIreland,0
14012,NorthernIreland,0
14013,NorthernIreland,0
14014,NorthernIreland,0
14015,NorthernIreland,0
14016,NorthernIreland,0
14017,NorthernIreland,0
14018,NorthernIreland,0
14019,NorthernIreland,0
14020,NorthernIreland,0
14021,NorthernIreland,0
14022,NorthernIreland,0
14023,NorthernIreland,0
14024,NorthernIreland,0
14025,NorthernIreland,0
14026,NorthernIreland,1
14027,NorthernIreland,0
14028,NorthernIreland,0
14029,NorthernIreland,0
14030,NorthernIreland,0
14031,NorthernIreland,0
14032,NorthernIreland,0
14033,NorthernIreland,1
14034,NorthernIreland,0
14035,NorthernIreland,0
14036,NorthernIreland,0
14037,NorthernIreland,0
14038,NorthernIreland,0
14039,NorthernIreland,0
14040,NorthernIreland,0
14041,NorthernIreland,0
14042,NorthernIreland,0
14043,NorthernIreland,0
14044,NorthernIreland,0
14045,NorthernIreland,0
14046,NorthernIreland,0
14047,NorthernIreland,0
14048,NorthernIreland,0
14049,NorthernIreland,0
14050,NorthernIreland,0
14051,NorthernIreland,0
14052,NorthernIreland,0
14053,NorthernIreland,0
14054,NorthernIreland,0
14055,NorthernIreland,0
14056,NorthernIreland,0
14057,NorthernIreland,0
14058,NorthernIreland,0
14059,NorthernIreland,0
14060,NorthernIreland,0
14061,NorthernIreland,0
14062,NorthernIreland,0
14063,NorthernIreland,0
14064,NorthernIreland,0
14065,NorthernIreland,0
14066,NorthernIreland,0
14067,NorthernIreland,0
14068,NorthernIreland,0
14069,NorthernIreland,0
14070,NorthernIreland,0
14071,NorthernIreland,0
14072,NorthernIreland,0
14073,NorthernIreland,0
14074,NorthernIreland,0
14075,NorthernIreland,0
14076,NorthernIreland,0
14077,NorthernIreland,0
14078,NorthernIreland,0
14079,NorthernIreland,0
14080,NorthernIreland,0
14081,NorthernIreland,0
14082,NorthernIreland,0
14083,NorthernIreland,0
14084,NorthernIreland,0
14085,NorthernIreland,0
14086,NorthernIreland,0
14087,NorthernIreland,0
14088,NorthernIreland,0
14089,NorthernIreland,0
14090,NorthernIreland,0
14091,NorthernIreland,0
14092,NorthernIreland,0
14093,NorthernIreland,0
14094,NorthernIreland,0
14095,NorthernIreland,0
14096,NorthernIreland,0
14097,NorthernIreland,0
14098,NorthernIreland,0
14099,NorthernIreland,0
14100,NorthernIreland,0
14101,NorthernIreland,0
14102,NorthernIreland,0
14103,NorthernIreland,0
14104,NorthernIreland,0
14105,NorthernIreland,0
14106,NorthernIreland,0
14107,NorthernIreland,0
14108,NorthernIreland,0
14109,NorthernIreland,0
14110,NorthernIreland,0
14111,NorthernIreland,0
14112,NorthernIreland,0
14113,NorthernIreland,0
14114,NorthernIreland,0
14115,NorthernIreland,0
14116,NorthernIreland,0
14117,NorthernIreland,0
14118,NorthernIreland,0
14119,NorthernIreland,0
14120,NorthernIreland,0
14121,NorthernIreland,0
14122,NorthernIreland,0
14123,NorthernIreland,0
14124,NorthernIreland,0
14125,NorthernIreland,0
14126,NorthernIreland,0
14127,NorthernIreland,0
14128,NorthernIreland,0
14129,NorthernIreland,0
14130,NorthernIreland,0
14131,NorthernIreland,0
14132,NorthernIreland,0
14133,NorthernIreland,0
14134,NorthernIreland,0
14135,NorthernIreland,0
14136,NorthernIreland,0
14137,NorthernIreland,0
14138,NorthernIreland,0
14139,NorthernIreland,0
14140,NorthernIreland,0
14141,NorthernIreland,0
14142,NorthernIreland,0
14143,NorthernIreland,0
14144,NorthernIreland,0
14145,NorthernIreland,1
14146,NorthernIreland,0
14147,NorthernIreland,0
14148,NorthernIreland,0
14149,NorthernIreland,0
14150,NorthernIreland,0
14151,NorthernIreland,0
14152,NorthernIreland,0
14153,NorthernIreland,0
14154,NorthernIreland,0
14155,NorthernIreland,0
14156,NorthernIreland,0
14157,NorthernIreland,0
14158,NorthernIreland,0
14159,NorthernIreland,0
14160,NorthernIreland,0
14161,NorthernIreland,0
14162,NorthernIreland,0
14163,NorthernIreland,0
14164,NorthernIreland,0
14165,NorthernIreland,0
14166,NorthernIreland,0
14167,NorthernIreland,0
14168,NorthernIreland,0
14169,NorthernIreland,0
14170,NorthernIreland,0
14171,NorthernIreland,0
14172,NorthernIreland,0
14173,NorthernIreland,1
14174,NorthernIreland,0
14175,NorthernIreland,0
14176,NorthernIreland,0
14177,NorthernIreland,0
14178,NorthernIreland,0
14179,NorthernIreland,0
14180,NorthernIreland,0
14181,NorthernIreland,0
14182,NorthernIreland,0
14183,NorthernIreland,0
14184,NorthernIreland,0
14185,NorthernIreland,0
14186,NorthernIreland,0
14187,NorthernIreland,0
14188,NorthernIreland,0
14189,NorthernIreland,0
14190,NorthernIreland,0
14191,NorthernIreland,0
14192,NorthernIreland,0
14193,NorthernIreland,0
14194,NorthernIreland,0
14195,NorthernIreland,0
14196,NorthernIreland,0
14197,NorthernIreland,0
14198,NorthernIreland,0
14199,NorthernIreland,0
14200,NorthernIreland,0
14201,NorthernIreland,0
14202,NorthernIreland,0
14203,NorthernIreland,0
14204,NorthernIreland,0
14205,NorthernIreland,0
14206,NorthernIreland,0
14207,NorthernIreland,0
14208,NorthernIreland,0
14209,NorthernIreland,0
14210,NorthernIreland,0
14211,NorthernIreland,0
14212,NorthernIreland,0
14213,NorthernIreland,0
14214,NorthernIreland,0
14215,NorthernIreland,0
14216,NorthernIreland,0
14217,NorthernIreland,0
14218,NorthernIreland,0
14219,NorthernIreland,0
14220,NorthernIreland,0
14221,NorthernIreland,0
14222,NorthernIreland,0
14223,NorthernIreland,0
14224,NorthernIreland,0
14225,NorthernIreland,0
14226,NorthernIreland,0
14227,NorthernIreland,0
14228,NorthernIreland,0
14229,NorthernIreland,0
14230,NorthernIreland,0
14231,NorthernIreland,0
14232,NorthernIreland,0
14233,NorthernIreland,0
14234,NorthernIreland,0
14235,NorthernIreland,0
14236,NorthernIreland,0
14237,NorthernIreland,0
14238,NorthernIreland,0
14239,NorthernIreland,0
14240,NorthernIreland,0
14241,NorthernIreland,0
14242,NorthernIreland,0
14243,NorthernIreland,0
14244,NorthernIreland,0
14245,NorthernIreland,0
14246,NorthernIreland,0
14247,NorthernIreland,0
14248,NorthernIreland,0
14249,NorthernIreland,0
14250,NorthernIreland,0
14251,NorthernIreland,0
14252,NorthernIreland,0
14253,NorthernIreland,0
14254,NorthernIreland,0
14255,NorthernIreland,0
14256,NorthernIreland,0
14257,NorthernIreland,0
14258,NorthernIreland,0
14259,NorthernIreland,0
14260,NorthernIreland,0
14261,NorthernIreland,0
14262,NorthernIreland,0
14263,NorthernIreland,0
14264,NorthernIreland,0
14265,NorthernIreland,0
14266,NorthernIreland,0
14267,NorthernIreland,0
14268,NorthernIreland,0
14269,NorthernIreland,0
14270,NorthernIreland,0
14271,NorthernIreland,0
14272,NorthernIreland,0
14273,NorthernIreland,0
14274,NorthernIreland,0
14275,NorthernIreland,0
14276,NorthernIreland,0
14277,NorthernIreland,0
14278,NorthernIreland,0
14279,NorthernIreland,0
14280,NorthernIreland,0
14281,NorthernIreland,0
14282,NorthernIreland,0
14283,NorthernIreland,0
14284,NorthernIreland,0
14285,NorthernIreland,0
14286,NorthernIreland,0
14287,NorthernIreland,0
14288,NorthernIreland,1
14289,NorthernIreland,0
14290,NorthernIreland,0
14291,NorthernIreland,0
14292,NorthernIreland,0
14293,NorthernIreland,0
14294,NorthernIreland,0
14295,NorthernIreland,0
14296,NorthernIreland,0
14297,NorthernIreland,0
14298,NorthernIreland,0
14299,NorthernIreland,0
14300,NorthernIreland,0
14301,NorthernIreland,0
14302,NorthernIreland,0
14303,NorthernIreland,0
14304,NorthernIreland,0
14305,NorthernIreland,0
14306,NorthernIreland,0
14307,NorthernIreland,0
14308,NorthernIreland,0
14309,NorthernIreland,0
14310,NorthernIreland,0
14311,NorthernIreland,0
14312,NorthernIreland,0
14313,NorthernIreland,0
14314,NorthernIreland,0
14315,NorthernIreland,0
14316,NorthernIreland,0
14317,NorthernIreland,0
14318,NorthernIreland,0
14319,NorthernIreland,0
14320,NorthernIreland,0
14321,NorthernIreland,1
14322,NorthernIreland,0
14323,NorthernIreland,0
14324,NorthernIreland,0
14325,NorthernIreland,0
14326,NorthernIreland,0
14327,NorthernIreland,0
14328,NorthernIreland,0
14329,NorthernIreland,0
14330,NorthernIreland,0
14331,NorthernIreland,0
14332,NorthernIreland,0
14333,NorthernIreland,0
14334,NorthernIreland,0
14335,NorthernIreland,0
14336,NorthernIreland,0
14337,NorthernIreland,0
14338,NorthernIreland,0
14339,NorthernIreland,0
14340,NorthernIreland,0
14341,NorthernIreland,0
14342,NorthernIreland,0
14343,NorthernIreland,0
14344,NorthernIreland,0
14345,NorthernIreland,0
14346,NorthernIreland,0
14347,NorthernIreland,0
14348,NorthernIreland,0
14349,NorthernIreland,0
14350,NorthernIreland,0
14351,NorthernIreland,0
14352,NorthernIreland,0
14353,NorthernIreland,0
14354,NorthernIreland,0
14355,NorthernIreland,0
14356,NorthernIreland,0
14357,NorthernIreland,0
14358,NorthernIreland,0
14359,NorthernIreland,0
14360,NorthernIreland,0
14361,NorthernIreland,0
14362,NorthernIreland,0
14363,NorthernIreland,0
14364,NorthernIreland,0
14365,NorthernIreland,0
14366,NorthernIreland,0
14367,NorthernIreland,0
14368,NorthernIreland,0
14369,NorthernIreland,0
14370,NorthernIreland,0
14371,NorthernIreland,0
14372,NorthernIreland,0
14373,NorthernIreland,0
14374,NorthernIreland,0
14375,NorthernIreland,0
14376,NorthernIreland,0
14377,NorthernIreland,0
14378,NorthernIreland,0
14379,NorthernIreland,0
14380,NorthernIreland,0
14381,NorthernIreland,0
14382,NorthernIreland,0
14383,NorthernIreland,0
14384,NorthernIreland,0
14385,NorthernIreland,0
14386,NorthernIreland,0
14387,NorthernIreland,0
14388,NorthernIreland,0
14389,NorthernIreland,0
14390,NorthernIreland,0
14391,NorthernIreland,0
14392,NorthernIreland,0
14393,NorthernIreland,0
14394,NorthernIreland,0
14395,NorthernIreland,0
14396,NorthernIreland,0
14397,NorthernIreland,0
14398,NorthernIreland,0
14399,NorthernIreland,0
14400,NorthernIreland,0
14401,NorthernIreland,0
14402,NorthernIreland,0
14403,NorthernIreland,0
14404,NorthernIreland,0
14405,NorthernIreland,0
14406,NorthernIreland,0
14407,NorthernIreland,0
14408,NorthernIreland,0
14409,NorthernIreland,0
14410,NorthernIreland,0
14411,NorthernIreland,0
14412,NorthernIreland,0
14413,NorthernIreland,0
14414,NorthernIreland,0
14415,NorthernIreland,0
14416,NorthernIreland,0
14417,NorthernIreland,0
14418,NorthernIreland,0
14419,NorthernIreland,0
14420,NorthernIreland,0
14421,NorthernIreland,0
14422,NorthernIreland,0
14423,NorthernIreland,0
14424,NorthernIreland,0
14425,NorthernIreland,0
14426,NorthernIreland,0
14427,NorthernIreland,0
14428,NorthernIreland,0
14429,NorthernIreland,0
14430,NorthernIreland,0
14431,NorthernIreland,0
14432,NorthernIreland,0
14433,NorthernIreland,0
14434,NorthernIreland,0
14435,NorthernIreland,0
14436,NorthernIreland,0
14437,NorthernIreland,0
14438,NorthernIreland,1
14439,NorthernIreland,0
14440,NorthernIreland,0
14441,NorthernIreland,0
14442,NorthernIreland,0
14443,NorthernIreland,0
14444,NorthernIreland,0
14445,NorthernIreland,0
14446,NorthernIreland,0
14447,NorthernIreland,0
14448,NorthernIreland,0
14449,NorthernIreland,0
14450,NorthernIreland,0
14451,NorthernIreland,0
14452,NorthernIreland,0
14453,NorthernIreland,0
14454,NorthernIreland,0
14455,NorthernIreland,0
14456,NorthernIreland,0
14457,NorthernIreland,0
14458,NorthernIreland,0
14459,NorthernIreland,0
14460,NorthernIreland,0
14461,NorthernIreland,0
14462,NorthernIreland,0
14463,NorthernIreland,0
14464,NorthernIreland,0
14465,NorthernIreland,0
14466,NorthernIreland,0
14467,NorthernIreland,1
14468,NorthernIreland,0
14469,NorthernIreland,0
14470,NorthernIreland,0
14471,NorthernIreland,0
14472,NorthernIreland,0
14473,NorthernIreland,0
14474,NorthernIreland,0
14475,NorthernIreland,0
14476,NorthernIreland,0
14477,NorthernIreland,0
14478,NorthernIreland,0
14479,NorthernIreland,0
14480,NorthernIreland,0
14481,NorthernIreland,0
14482,NorthernIreland,0
14483,NorthernIreland,0
14484,NorthernIreland,0
14485,NorthernIreland,0
14486,NorthernIreland,0
14487,NorthernIreland,0
14488,NorthernIreland,0
14489,NorthernIreland,0
14490,NorthernIreland,0
14491,NorthernIreland,0
14492,NorthernIreland,0
14493,NorthernIreland,0
14494,NorthernIreland,0
14495,NorthernIreland,0
14496,NorthernIreland,0
14497,NorthernIreland,0
14498,NorthernIreland,0
14499,NorthernIreland,0
14500,NorthernIreland,0
14501,NorthernIreland,0
14502,NorthernIreland,1
14503,NorthernIreland,0
14504,NorthernIreland,0
14505,NorthernIreland,0
14506,NorthernIreland,0
14507,NorthernIreland,0
14508,NorthernIreland,1
14509,NorthernIreland,0
14510,NorthernIreland,0
14511,NorthernIreland,0
14512,NorthernIreland,0
14513,NorthernIreland,0
14514,NorthernIreland,0
14515,NorthernIreland,0
14516,NorthernIreland,0
14517,NorthernIreland,0
14518,NorthernIreland,0
14519,NorthernIreland,0
14520,NorthernIreland,0
14521,NorthernIreland,0
14522,NorthernIreland,0
14523,NorthernIreland,0
14524,NorthernIreland,0
14525,NorthernIreland,0
14526,NorthernIreland,0
14527,NorthernIreland,0
14528,NorthernIreland,0
14529,NorthernIreland,0
14530,NorthernIreland,0
14531,NorthernIreland,0
14532,NorthernIreland,0
14533,NorthernIreland,0
14534,NorthernIreland,0
14535,NorthernIreland,0
14536,NorthernIreland,0
14537,NorthernIreland,0
14538,NorthernIreland,0
14539,NorthernIreland,0
14540,NorthernIreland,0
14541,NorthernIreland,0
14542,NorthernIreland,0
14543,NorthernIreland,0
14544,NorthernIreland,0
14545,NorthernIreland,0
14546,NorthernIreland,1
14547,NorthernIreland,0
14548,NorthernIreland,0
14549,NorthernIreland,0
14550,NorthernIreland,0
14551,NorthernIreland,1
14552,NorthernIreland,0
14553,NorthernIreland,0
14554,NorthernIreland,0
14555,NorthernIreland,0
14556,NorthernIreland,0
14557,NorthernIreland,0
14558,NorthernIreland,0
14559,NorthernIreland,0
14560,NorthernIreland,0
14561,NorthernIreland,0
14562,NorthernIreland,0
14563,NorthernIreland,0
14564,NorthernIreland,0
14565,NorthernIreland,0
14566,NorthernIreland,0
14567,NorthernIreland,0
14568,NorthernIreland,0
14569,NorthernIreland,0
14570,NorthernIreland,0
14571,NorthernIreland,0
14572,NorthernIreland,0
14573,NorthernIreland,0
14574,NorthernIreland,0
14575,NorthernIreland,0
14576,NorthernIreland,0
14577,NorthernIreland,0
14578,NorthernIreland,0
14579,NorthernIreland,0
14580,NorthernIreland,0
14581,NorthernIreland,0
14582,NorthernIreland,0
14583,NorthernIreland,0
14584,NorthernIreland,0
14585,NorthernIreland,0
14586,NorthernIreland,0
14587,NorthernIreland,0
14588,NorthernIreland,0
14589,NorthernIreland,0
14590,NorthernIreland,0
14591,NorthernIreland,0
14592,NorthernIreland,0
14593,NorthernIreland,1
14594,NorthernIreland,0
14595,NorthernIreland,0
14596,NorthernIreland,0
14597,NorthernIreland,0
14598,NorthernIreland,0
14599,NorthernIreland,0
14600,NorthernIreland,0
14601,NorthernIreland,0
14602,NorthernIreland,0
14603,NorthernIreland,0
14604,NorthernIreland,0
14605,NorthernIreland,0
14606,NorthernIreland,0
14607,NorthernIreland,1
14608,NorthernIreland,0
14609,NorthernIreland,0
14610,NorthernIreland,0
14611,NorthernIreland,0
14612,NorthernIreland,0
14613,NorthernIreland,0
14614,NorthernIreland,0
14615,NorthernIreland,0
14616,NorthernIreland,0
14617,NorthernIreland,0
14618,NorthernIreland,0
14619,NorthernIreland,0
14620,NorthernIreland,0
14621,NorthernIreland,0
14622,NorthernIreland,0
14623,NorthernIreland,0
14624,NorthernIreland,0
14625,NorthernIreland,0
14626,NorthernIreland,0
14627,NorthernIreland,0
14628,NorthernIreland,0
14629,NorthernIreland,0
14630,NorthernIreland,0
14631,NorthernIreland,1
14632,NorthernIreland,0
14633,NorthernIreland,0
14634,NorthernIreland,0
14635,NorthernIreland,0
14636,NorthernIreland,0
14637,NorthernIreland,0
14638,NorthernIreland,0
14639,NorthernIreland,0
14640,NorthernIreland,0
14641,NorthernIreland,0
14642,NorthernIreland,0
14643,NorthernIreland,0
14644,NorthernIreland,1
14645,NorthernIreland,0
14646,NorthernIreland,0
14647,NorthernIreland,0
14648,NorthernIreland,0
14649,NorthernIreland,0
14650,NorthernIreland,0
14651,NorthernIreland,0
14652,NorthernIreland,0
14653,NorthernIreland,0
14654,NorthernIreland,0
14655,NorthernIreland,0
14656,NorthernIreland,0
14657,NorthernIreland,0
14658,NorthernIreland,0
14659,NorthernIreland,0
14660,NorthernIreland,0
14661,NorthernIreland,0
14662,NorthernIreland,0
14663,NorthernIreland,0
14664,NorthernIreland,0
14665,NorthernIreland,0
14666,NorthernIreland,0
14667,NorthernIreland,0
14668,NorthernIreland,0
14669,NorthernIreland,0
14670,NorthernIreland,0
14671,NorthernIreland,1
14672,NorthernIreland,0
14673,NorthernIreland,0
14674,NorthernIreland,0
14675,NorthernIreland,0
14676,NorthernIreland,0
14677,NorthernIreland,0
14678,NorthernIreland,0
14679,NorthernIreland,0
14680,NorthernIreland,0
14681,NorthernIreland,0
14682,NorthernIreland,0
14683,NorthernIreland,0
14684,NorthernIreland,0
14685,NorthernIreland,0
14686,NorthernIreland,0
14687,NorthernIreland,0
14688,NorthernIreland,1
14689,NorthernIreland,0
14690,NorthernIreland,0
14691,NorthernIreland,0
14692,NorthernIreland,0
14693,NorthernIreland,0
14694,NorthernIreland,0
14695,NorthernIreland,0
14696,NorthernIreland,0
14697,NorthernIreland,0
14698,NorthernIreland,0
14699,NorthernIreland,0
14700,NorthernIreland,0
14701,NorthernIreland,0
14702,NorthernIreland,0
14703,NorthernIreland,0
14704,NorthernIreland,0
14705,NorthernIreland,0
14706,NorthernIreland,0
14707,NorthernIreland,0
14708,NorthernIreland,0
14709,NorthernIreland,0
14710,NorthernIreland,0
14711,NorthernIreland,0
14712,NorthernIreland,0
14713,NorthernIreland,0
14714,NorthernIreland,0
14715,NorthernIreland,0
14716,NorthernIreland,0
14717,NorthernIreland,0
14718,NorthernIreland,0
14719,NorthernIreland,0
14720,NorthernIreland,0
14721,NorthernIreland,1
14722,NorthernIreland,0
14723,NorthernIreland,0
14724,NorthernIreland,0
14725,NorthernIreland,0
14726,NorthernIreland,0
14727,NorthernIreland,0
14728,NorthernIreland,0
14729,NorthernIreland,0
14730,NorthernIreland,1
14731,NorthernIreland,0
14732,NorthernIreland,0
14733,NorthernIreland,0
14734,NorthernIreland,0
14735,NorthernIreland,0
14736,NorthernIreland,0
14737,NorthernIreland,0
14738,NorthernIreland,0
14739,NorthernIreland,0
14740,NorthernIreland,0
14741,NorthernIreland,0
14742,NorthernIreland,0
14743,NorthernIreland,0
14744,NorthernIreland,0
14745,NorthernIreland,0
14746,NorthernIreland,0
14747,NorthernIreland,0
14748,NorthernIreland,0
14749,NorthernIreland,0
14750,NorthernIreland,0
14751,NorthernIreland,0
14752,NorthernIreland,0
14753,NorthernIreland,0
14754,NorthernIreland,0
14755,NorthernIreland,0
14756,NorthernIreland,0
14757,NorthernIreland,0
14758,NorthernIreland,0
14759,NorthernIreland,0
14760,NorthernIreland,0
14761,NorthernIreland,0
14762,NorthernIreland,0
14763,NorthernIreland,0
14764,NorthernIreland,0
14765,NorthernIreland,0
14766,NorthernIreland,0
14767,NorthernIreland,0
14768,NorthernIreland,0
14769,NorthernIreland,0
14770,NorthernIreland,0
14771,NorthernIreland,0
14772,NorthernIreland,0
14773,NorthernIreland,0
14774,NorthernIreland,1
14775,NorthernIreland,0
14776,NorthernIreland,0
14777,NorthernIreland,0
14778,NorthernIreland,0
14779,NorthernIreland,1
14780,NorthernIreland,0
14781,NorthernIreland,0
14782,NorthernIreland,0
14783,NorthernIreland,0
14784,NorthernIreland,0
14785,NorthernIreland,0
14786,NorthernIreland,0
14787,NorthernIreland,0
14788,NorthernIreland,1
14789,NorthernIreland,1
14790,NorthernIreland,1
14791,NorthernIreland,1
14792,NorthernIreland,1
14793,NorthernIreland,0
14794,NorthernIreland,0
14795,NorthernIreland,1
14796,NorthernIreland,1
14797,NorthernIreland,1
14798,NorthernIreland,1
14799,NorthernIreland,0
14800,NorthernIreland,0
14801,NorthernIreland,0
14802,NorthernIreland,0
14803,NorthernIreland,1
14804,NorthernIreland,1
14805,NorthernIreland,0
14806,NorthernIreland,0
14807,NorthernIreland,1
14808,NorthernIreland,1
14809,NorthernIreland,0
14810,NorthernIreland,0
14811,NorthernIreland,0
14812,NorthernIreland,1
14813,NorthernIreland,0
14814,NorthernIreland,0
14815,NorthernIreland,0
14816,NorthernIreland,0
14817,NorthernIreland,0
14818,NorthernIreland,0
14819,NorthernIreland,0
14820,NorthernIreland,0
14821,NorthernIreland,0
14822,NorthernIreland,0
14823,NorthernIreland,0
14824,NorthernIreland,0
14825,NorthernIreland,0
14826,NorthernIreland,0
14827,NorthernIreland,0
14828,NorthernIreland,0
14829,NorthernIreland,0
14830,NorthernIreland,0
14831,NorthernIreland,0
14832,NorthernIreland,1
14833,NorthernIreland,0
14834,NorthernIreland,0
14835,NorthernIreland,0
14836,NorthernIreland,0
14837,NorthernIreland,0
14838,NorthernIreland,0
14839,NorthernIreland,0
14840,NorthernIreland,0
14841,NorthernIreland,0
14842,NorthernIreland,0
14843,NorthernIreland,0
14844,NorthernIreland,0
14845,NorthernIreland,0
14846,NorthernIreland,0
14847,NorthernIreland,0
14848,NorthernIreland,0
14849,NorthernIreland,0
14850,NorthernIreland,0
14851,NorthernIreland,0
14852,NorthernIreland,0
14853,NorthernIreland,1
14854,NorthernIreland,0
14855,NorthernIreland,0
14856,NorthernIreland,0
14857,NorthernIreland,0
14858,NorthernIreland,0
14859,NorthernIreland,0
14860,NorthernIreland,0
14861,NorthernIreland,0
14862,NorthernIreland,0
14863,NorthernIreland,0
14864,NorthernIreland,0
14865,NorthernIreland,1
14866,NorthernIreland,0
14867,NorthernIreland,0
14868,NorthernIreland,0
14869,NorthernIreland,0
14870,NorthernIreland,0
14871,NorthernIreland,0
14872,NorthernIreland,0
14873,NorthernIreland,0
14874,NorthernIreland,0
14875,NorthernIreland,0
14876,NorthernIreland,0
14877,NorthernIreland,1
14878,NorthernIreland,0
14879,NorthernIreland,0
14880,NorthernIreland,0
14881,NorthernIreland,0
14882,NorthernIreland,0
14883,NorthernIreland,0
14884,NorthernIreland,0
14885,NorthernIreland,0
14886,NorthernIreland,0
14887,NorthernIreland,0
14888,NorthernIreland,0
14889,NorthernIreland,0
14890,NorthernIreland,0
14891,NorthernIreland,0
14892,NorthernIreland,0
14893,NorthernIreland,0
14894,NorthernIreland,0
14895,NorthernIreland,0
14896,NorthernIreland,0
14897,NorthernIreland,0
14898,NorthernIreland,0
14899,NorthernIreland,1
14900,NorthernIreland,0
14901,NorthernIreland,0
14902,NorthernIreland,0
14903,NorthernIreland,0
14904,NorthernIreland,0
14905,NorthernIreland,0
14906,NorthernIreland,0
14907,NorthernIreland,0
14908,NorthernIreland,1
14909,NorthernIreland,0
14910,NorthernIreland,0
14911,NorthernIreland,0
14912,NorthernIreland,0
14913,NorthernIreland,0
14914,NorthernIreland,0
14915,NorthernIreland,0
14916,NorthernIreland,0
14917,NorthernIreland,0
14918,NorthernIreland,0
14919,NorthernIreland,0
14920,NorthernIreland,0
14921,NorthernIreland,0
14922,NorthernIreland,0
14923,NorthernIreland,0
14924,NorthernIreland,0
14925,NorthernIreland,0
14926,NorthernIreland,0
14927,NorthernIreland,0
14928,NorthernIreland,0
14929,NorthernIreland,0
14930,NorthernIreland,0
14931,NorthernIreland,0
14932,Scotland,0
14933,Scotland,0
14934,Scotland,0
14935,Scotland,0
14936,Scotland,0
14937,Scotland,0
14938,Scotland,0
14939,Scotland,0
14940,Scotland,1
14941,Scotland,0
14942,Scotland,0
14943,Scotland,0
14944,Scotland,0
14945,Scotland,0
14946,Scotland,0
14947,Scotland,0
14948,Scotland,0
14949,Scotland,0
14950,Scotland,0
14951,Scotland,0
14952,Scotland,0
14953,Scotland,0
14954,Scotland,0
14955,Scotland,0
14956,Scotland,0
14957,Scotland,0
14958,Scotland,0
14959,Scotland,0
14960,Scotland,0
14961,Scotland,0
14962,Scotland,0
14963,Scotland,0
14964,Scotland,0
14965,Scotland,0
14966,Scotland,0
14967,Scotland,0
14968,Scotland,0
14969,Scotland,0
14970,Scotland,0
14971,Scotland,0
14972,Scotland,0
14973,Scotland,0
14974,Scotland,0
14975,Scotland,0
14976,Scotland,0
14977,Scotland,0
14978,Scotland,0
14979,Scotland,0
14980,Scotland,0
14981,Scotland,1
14982,Scotland,0
14983,Scotland,0
14984,Scotland,0
14985,Scotland,0
14986,Scotland,0
14987,Scotland,0
14988,Scotland,0
14989,Scotland,0
14990,Scotland,0
14991,Scotland,0
14992,Scotland,0
14993,Scotland,0
14994,Scotland,0
14995,Scotland,0
14996,Scotland,0
14997,Scotland,0
14998,Scotland,0
14999,Scotland,0
15000,Scotland,0
15001,Scotland,0
15002,Scotland,0
15003,Scotland,0
15004,Scotland,0
15005,Scotland,0
15006,Scotland,0
15007,Scotland,0
15008,Scotland,0
15009,Scotland,0
15010,Scotland,0
15011,Scotland,0
15012,Scotland,0
15013,Scotland,0
15014,Scotland,0
15015,Scotland,0
15016,Scotland,0
15017,Scotland,0
15018,Scotland,0
15019,Scotland,0
15020,Scotland,0
15021,Scotland,0
15022,Scotland,0
15023,Scotland,0
15024,Scotland,0
15025,Scotland,0
15026,Scotland,0
15027,Scotland,0
15028,Scotland,0
15029,Scotland,0
15030,Scotland,0
15031,Scotland,0
15032,Scotland,0
15033,Scotland,0
15034,Scotland,0
15035,Scotland,0
15036,Scotland,0
15037,Scotland,0
15038,Scotland,0
15039,Scotland,1
15040,Scotland,0
15041,Scotland,0
15042,Scotland,0
15043,Scotland,0
15044,Scotland,0
15045,Scotland,0
15046,Scotland,0
15047,Scotland,0
15048,Scotland,0
15049,Scotland,1
15050,Scotland,0
15051,Scotland,0
15052,Scotland,0
15053,Scotland,0
15054,Scotland,0
15055,Scotland,0
15056,Scotland,0
15057,Scotland,0
15058,Scotland,0
15059,Scotland,0
15060,Scotland,0
15061,Scotland,0
15062,Scotland,0
15063,Scotland,0
15064,Scotland,0
15065,Scotland,0
15066,Scotland,0
15067,Scotland,0
15068,Scotland,0
15069,Scotland,0
15070,Scotland,0
15071,Scotland,0
15072,Scotland,0
15073,Scotland,0
15074,Scotland,0
15075,Scotland,0
15076,Scotland,1
15077,Scotland,0
15078,Scotland,0
15079,Scotland,0
15080,Scotland,0
15081,Scotland,0
15082,Scotland,0
15083,Scotland,0
15084,Scotland,0
15085,Scotland,1
15086,Scotland,0
15087,Scotland,0
15088,Scotland,1
15089,Scotland,0
15090,Scotland,0
15091,Scotland,0
15092,Scotland,0
15093,Scotland,0
15094,Scotland,0
15095,Scotland,0
15096,Scotland,0
15097,Scotland,0
15098,Scotland,0
15099,Scotland,0
15100,Scotland,0
15101,Scotland,0
15102,Scotland,0
15103,Scotland,0
15104,Scotland,0
15105,Scotland,0
15106,Scotland,0
15107,Scotland,0
15108,Scotland,0
15109,Scotland,0
15110,Scotland,0
15111,Scotland,0
15112,Scotland,0
15113,Scotland,0
15114,Scotland,0
15115,Scotland,0
15116,Scotland,0
15117,Scotland,0
15118,Scotland,1
15119,Scotland,0
15120,Scotland,0
15121,Scotland,0
15122,Scotland,0
15123,Scotland,0
15124,Scotland,1
15125,Scotland,1
15126,Scotland,0
15127,Scotland,0
15128,Scotland,0
15129,Scotland,0
15130,Scotland,0
15131,Scotland,0
15132,Scotland,0
15133,Scotland,0
15134,Scotland,0
15135,Scotland,0
15136,Scotland,0
15137,Scotland,0
15138,Scotland,0
15139,Scotland,0
15140,Scotland,0
15141,Scotland,0
15142,Scotland,0
15143,Scotland,1
15144,Scotland,0
15145,Scotland,0
15146,Scotland,0
15147,Scotland,0
15148,Scotland,0
15149,Scotland,0
15150,Scotland,0
15151,Scotland,0
15152,Scotland,0
15153,Scotland,0
15154,Scotland,0
15155,Scotland,0
15156,Scotland,0
15157,Scotland,0
15158,Scotland,0
15159,Scotland,0
15160,Scotland,0
15161,Scotland,0
15162,Scotland,0
15163,Scotland,1
15164,Scotland,0
15165,Scotland,0
15166,Scotland,0
15167,Scotland,0
15168,Scotland,0
15169,Scotland,0
15170,Scotland,0
15171,Scotland,0
15172,Scotland,0
15173,Scotland,0
15174,Scotland,0
15175,Scotland,0
15176,Scotland,0
15177,Scotland,0
15178,Scotland,0
15179,Scotland,0
15180,Scotland,1
15181,Scotland,0
15182,Scotland,1
15183,Scotland,0
15184,Scotland,0
15185,Scotland,0
15186,Scotland,0
15187,Scotland,0
15188,Scotland,0
15189,Scotland,0
15190,Scotland,0
15191,Scotland,0
15192,Scotland,0
15193,Scotland,0
15194,Scotland,0
15195,Scotland,0
15196,Scotland,0
15197,Scotland,0
15198,Scotland,1
15199,Scotland,0
15200,Scotland,1
15201,Scotland,0
15202,Scotland,0
15203,Scotland,0
15204,Scotland,0
15205,Scotland,1
15206,Scotland,0
15207,Scotland,0
15208,Scotland,0
15209,Scotland,0
15210,Scotland,0
15211,Scotland,0
15212,Scotland,0
15213,Scotland,0
15214,Scotland,0
15215,Scotland,0
15216,Scotland,0
15217,Scotland,0
15218,Scotland,0
15219,Scotland,0
15220,Scotland,0
15221,Scotland,0
15222,Scotland,0
15223,Scotland,0
15224,Scotland,0
15225,Scotland,0
15226,Scotland,0
15227,Scotland,0
15228,Scotland,1
15229,Scotland,0
15230,Scotland,0
15231,Scotland,0
15232,Scotland,0
15233,Scotland,0
15234,Scotland,0
15235,Scotland,0
15236,Scotland,0
15237,Scotland,0
15238,Scotland,0
15239,Scotland,0
15240,Scotland,1
15241,Scotland,0
15242,Scotland,0
15243,Scotland,0
15244,Scotland,0
15245,Scotland,0
15246,Scotland,0
15247,Scotland,0
15248,Scotland,0
15249,Scotland,0
15250,Scotland,0
15251,Scotland,1
15252,Scotland,0
15253,Scotland,0
15254,Scotland,0
15255,Scotland,0
15256,Scotland,0
15257,Scotland,0
15258,Scotland,0
15259,Scotland,0
15260,Scotland,0
15261,Scotland,0
15262,Scotland,0
15263,Scotland,0
15264,Scotland,0
15265,Scotland,0
15266,Scotland,0
15267,Scotland,0
15268,Scotland,0
15269,Scotland,0
15270,Scotland,0
15271,Scotland,0
15272,Scotland,0
15273,Scotland,0
15274,Scotland,0
15275,Scotland,0
15276,Scotland,0
15277,Scotland,0
15278,Scotland,0
15279,Scotland,0
15280,Scotland,0
15281,Scotland,0
15282,Scotland,0
15283,Scotland,0
15284,Scotland,0
15285,Scotland,0
15286,Scotland,0
15287,Scotland,0
15288,Scotland,0
15289,Scotland,0
15290,Scotland,0
15291,Scotland,1
15292,Scotland,0
15293,Scotland,0
15294,Scotland,1
15295,Scotland,0
15296,Scotland,0
15297,Scotland,0
15298,Scotland,0
15299,Scotland,0
15300,Scotland,0
15301,Scotland,0
15302,Scotland,0
15303,Scotland,0
15304,Scotland,0
15305,Scotland,0
15306,Scotland,0
15307,Scotland,0
15308,Scotland,0
15309,Scotland,0
15310,Scotland,0
15311,Scotland,0
15312,Scotland,0
15313,Scotland,0
15314,Scotland,0
15315,Scotland,0
15316,Scotland,0
15317,Scotland,1
15318,Scotland,0
15319,Scotland,0
15320,Scotland,0
15321,Scotland,0
15322,Scotland,0
15323,Scotland,0
15324,Scotland,1
15325,Scotland,0
15326,Scotland,0
15327,Scotland,0
15328,Scotland,0
15329,Scotland,0
15330,Scotland,0
15331,Scotland,0
15332,Scotland,1
15333,Scotland,0
15334,Scotland,0
15335,Scotland,0
15336,Scotland,0
15337,Scotland,0
15338,Scotland,0
15339,Scotland,1
15340,Scotland,1
15341,Scotland,0
15342,Scotland,0
15343,Scotland,0
15344,Scotland,0
15345,Scotland,0
15346,Scotland,0
15347,Scotland,0
15348,Scotland,0
15349,Scotland,0
15350,Scotland,0
15351,Scotland,0
15352,Scotland,0
15353,Scotland,1
15354,Scotland,0
15355,Scotland,0
15356,Scotland,0
15357,Scotland,0
15358,Scotland,0
15359,Scotland,0
15360,Scotland,0
15361,Scotland,0
15362,Scotland,0
15363,Scotland,0
15364,Scotland,0
15365,Scotland,0
15366,Scotland,0
15367,Scotland,0
15368,Scotland,0
15369,Scotland,0
15370,Scotland,0
15371,Scotland,1
15372,Scotland,0
15373,Scotland,1
15374,Scotland,0
15375,Scotland,0
15376,Scotland,0
15377,Scotland,0
15378,Scotland,0
15379,Scotland,0
15380,Scotland,0
15381,Scotland,0
15382,Scotland,0
15383,Scotland,0
15384,Scotland,0
15385,Scotland,0
15386,Scotland,0
15387,Scotland,0
15388,Scotland,0
15389,Scotland,0
15390,Scotland,0
15391,Scotland,0
15392,Scotland,0
15393,Scotland,0
15394,Scotland,0
15395,Scotland,0
15396,Scotland,0
15397,Scotland,0
15398,Scotland,0
15399,Scotland,0
15400,Scotland,0
15401,Scotland,0
15402,Scotland,0
15403,Scotland,0
15404,Scotland,0
15405,Scotland,0
15406,Scotland,0
15407,Scotland,0
15408,Scotland,0
15409,Scotland,0
15410,Scotland,0
15411,Scotland,0
15412,Scotland,0
15413,Scotland,0
15414,Scotland,0
15415,Scotland,0
15416,Scotland,0
15417,Scotland,0
15418,Scotland,0
15419,Scotland,1
15420,Scotland,0
15421,Scotland,0
15422,Scotland,0
15423,Scotland,0
15424,Scotland,0
15425,Scotland,0
15426,Scotland,0
15427,Scotland,0
15428,Scotland,0
15429,Scotland,0
15430,Scotland,0
15431,Scotland,0
15432,Scotland,0
15433,Scotland,1
15434,Scotland,0
15435,Scotland,0
15436,Scotland,0
15437,Scotland,0
15438,Scotland,0
15439,Scotland,0
15440,Scotland,0
15441,Scotland,0
15442,Scotland,0
15443,Scotland,0
15444,Scotland,0
15445,Scotland,0
15446,Scotland,0
15447,Scotland,0
15448,Scotland,0
15449,Scotland,0
15450,Scotland,0
15451,Scotland,0
15452,Scotland,0
15453,Scotland,0
15454,Scotland,0
15455,Scotland,0
15456,Scotland,0
15457,Scotland,0
15458,Scotland,0
15459,Scotland,0
15460,Scotland,0
15461,Scotland,0
15462,Scotland,0
15463,Scotland,0
15464,Scotland,0
15465,Scotland,0
15466,Scotland,1
15467,Scotland,0
15468,Scotland,0
15469,Scotland,1
15470,Scotland,0
15471,Scotland,0
15472,Scotland,0
15473,Scotland,1
15474,Scotland,0
15475,Scotland,0
15476,Scotland,0
15477,Scotland,0
15478,Scotland,0
15479,Scotland,0
15480,Scotland,0
15481,Scotland,0
15482,Scotland,0
15483,Scotland,0
15484,Scotland,0
15485,Scotland,0
15486,Scotland,0
15487,Scotland,0
15488,Scotland,0
15489,Scotland,0
15490,Scotland,0
15491,Scotland,0
15492,Scotland,0
15493,Scotland,0
15494,Scotland,0
15495,Scotland,1
15496,Scotland,0
15497,Scotland,0
15498,Scotland,0
15499,Scotland,0
15500,Scotland,0
15501,Scotland,0
15502,Scotland,0
15503,Scotland,0
15504,Scotland,0
15505,Scotland,0
15506,Scotland,0
15507,Scotland,0
15508,Scotland,0
15509,Scotland,0
15510,Scotland,0
15511,Scotland,1
15512,Scotland,0
15513,Scotland,0
15514,Scotland,0
15515,Scotland,0
15516,Scotland,0
15517,Scotland,0
15518,Scotland,0
15519,Scotland,0
15520,Scotland,0
15521,Scotland,0
15522,Scotland,0
15523,Scotland,0
15524,Scotland,0
15525,Scotland,0
15526,Scotland,0
15527,Scotland,0
15528,Scotland,0
15529,Scotland,0
15530,Scotland,0
15531,Scotland,0
15532,Scotland,0
15533,Scotland,1
15534,Scotland,0
15535,Scotland,0
15536,Scotland,0
15537,Scotland,0
15538,Scotland,0
15539,Scotland,0
15540,Scotland,0
15541,Scotland,0
15542,Scotland,0
15543,Scotland,0
15544,Scotland,0
15545,Scotland,0
15546,Scotland,0
15547,Scotland,0
15548,Scotland,0
15549,Scotland,1
15550,Scotland,0
15551,Scotland,0
15552,Scotland,0
15553,Scotland,0
15554,Scotland,0
15555,Scotland,0
15556,Scotland,0
15557,Scotland,1
15558,Scotland,0
15559,Scotland,0
15560,Scotland,0
15561,Scotland,0
15562,Scotland,0
15563,Scotland,0
15564,Scotland,1
15565,Scotland,1
15566,Scotland,0
15567,Scotland,1
15568,Scotland,1
15569,Scotland,1
15570,Scotland,0
15571,Scotland,0
15572,Scotland,0
15573,Scotland,1
15574,Scotland,1
15575,Scotland,0
15576,Scotland,1
15577,Scotland,1
15578,Scotland,0
15579,Scotland,0
15580,Scotland,1
15581,Scotland,1
15582,Scotland,1
15583,Scotland,0
15584,Scotland,1
15585,Scotland,0
15586,Scotland,1
15587,Scotland,1
15588,Scotland,1
15589,Scotland,0
15590,Scotland,1
15591,Scotland,0
15592,Scotland,1
15593,Scotland,0
15594,Scotland,0
15595,Scotland,0
15596,Scotland,1
15597,Scotland,0
15598,Scotland,0
15599,Scotland,0
15600,Scotland,0
15601,Scotland,0
15602,Scotland,0
15603,Scotland,0
15604,Scotland,0
15605,Scotland,0
15606,Scotland,0
15607,Scotland,0
15608,Scotland,0
15609,Scotland,1
15610,Scotland,1
15611,Scotland,0
15612,Scotland,0
15613,Scotland,0
15614,Scotland,1
15615,Scotland,0
15616,Scotland,0
15617,Scotland,0
15618,Scotland,0
15619,Scotland,0
15620,Scotland,0
15621,Scotland,0
15622,Scotland,0
15623,Scotland,0
15624,Scotland,0
15625,Scotland,0
15626,Scotland,0
15627,Scotland,0
15628,Scotland,0
15629,Scotland,0
15630,Scotland,1
15631,Scotland,0
15632,Scotland,1
15633,Scotland,0
15634,Scotland,1
15635,Scotland,1
15636,Scotland,0
15637,Scotland,0
15638,Scotland,0
15639,Scotland,0
15640,Scotland,0
15641,Scotland,0
15642,Scotland,0
15643,Scotland,0
15644,Scotland,0
15645,Scotland,0
15646,Scotland,0
15647,Scotland,0
15648,Scotland,1
15649,Scotland,1
15650,Scotland,0
15651,Scotland,0
15652,Scotland,0
15653,Scotland,0
15654,Scotland,0
15655,Scotland,0
15656,Scotland,0
15657,Scotland,0
15658,Scotland,0
15659,Scotland,0
15660,Scotland,1
15661,Scotland,1
15662,Scotland,1
15663,Scotland,0
15664,Scotland,0
15665,Tories,0
15666,Tories,0
15667,Tories,0
15668,Tories,0
15669,Tories,0
15670,Tories,0
15671,Tories,0
15672,Tories,0
15673,Tories,0
15674,Tories,0
15675,Tories,0
15676,Tories,0
15677,Tories,0
15678,Tories,0
15679,Tories,1
15680,Tories,0
15681,Tories,0
15682,Tories,0
15683,Tories,0
15684,Tories,0
15685,Tories,1
15686,Tories,0
15687,Tories,0
15688,Tories,0
15689,Tories,0
15690,Tories,0
15691,Tories,0
15692,Tories,0
15693,Tories,0
15694,Tories,0
15695,Tories,0
15696,Tories,1
15697,Tories,0
15698,Tories,0
15699,Tories,1
15700,Tories,0
15701,Tories,0
15702,Tories,0
15703,Tories,0
15704,Tories,0
15705,Tories,0
15706,Tories,0
15707,Tories,0
15708,Tories,0
15709,Tories,0
15710,Tories,1
15711,Tories,0
15712,Tories,1
15713,Tories,0
15714,Tories,0
15715,Tories,1
15716,Tories,0
15717,Tories,0
15718,Tories,0
15719,Tories,1
15720,Tories,0
15721,Tories,0
15722,Tories,0
15723,Tories,0
15724,Tories,0
15725,Tories,0
15726,Tories,0
15727,Tories,0
15728,Tories,1
15729,Tories,0
15730,Tories,0
15731,Tories,1
15732,Tories,0
15733,Tories,0
15734,Tories,0
15735,Tories,0
15736,Tories,0
15737,Tories,0
15738,Tories,0
15739,Tories,0
15740,Tories,1
15741,Tories,0
15742,Tories,1
15743,Tories,1
15744,Tories,0
15745,Tories,0
15746,Tories,0
15747,Tories,1
15748,Tories,1
15749,Tories,0
15750,Tories,1
15751,Tories,0
15752,Tories,1
15753,Tories,1
15754,Tories,0
15755,Tories,0
15756,Tories,0
15757,Tories,0
15758,Tories,0
15759,Tories,0
15760,Tories,0
15761,Tories,0
15762,Tories,0
15763,Tories,0
15764,Tories,0
15765,Tories,0
15766,Tories,0
15767,Tories,0
15768,Tories,1
15769,Tories,0
15770,Tories,0
15771,Tories,0
15772,Tories,0
15773,Tories,0
15774,Tories,1
15775,Tories,0
15776,Tories,0
15777,Tories,0
15778,Tories,0
15779,Tories,0
15780,Tories,0
15781,Tories,0
15782,Tories,1
15783,Tories,1
15784,Tories,1
15785,Tories,0
15786,UKGreens,0
15787,UKGreens,0
15788,UKGreens,0
15789,UKGreens,0
15790,UKGreens,0
15791,UKGreens,0
15792,UKGreens,0
15793,UKGreens,0
15794,UKGreens,0
15795,UKGreens,0
15796,UKGreens,0
15797,UKGreens,0
15798,UKGreens,0
15799,UKGreens,0
15800,UKGreens,0
15801,UKGreens,0
15802,UKGreens,0
15803,UKGreens,1
15804,UKGreens,0
15805,UKGreens,1
15806,UKGreens,0
15807,UKGreens,0
15808,UKGreens,0
15809,UKGreens,0
15810,UKGreens,0
15811,UKGreens,0
15812,UKGreens,0
15813,UKGreens,0
15814,UKGreens,0
15815,UKGreens,1
15816,UKGreens,0
15817,UKGreens,0
15818,UKGreens,1
15819,UKGreens,0
15820,UKGreens,0
15821,UKGreens,0
15822,UKGreens,0
15823,UKGreens,0
15824,UKGreens,0
15825,UKGreens,0
15826,UKGreens,0
15827,UKGreens,1
15828,UKGreens,1
15829,UKGreens,1
15830,UKGreens,1
15831,UKGreens,0
15832,UKGreens,0
15833,UKGreens,1
15834,UKGreens,0
15835,UKGreens,0
15836,UKGreens,0
15837,UKGreens,1
15838,UKGreens,1
15839,UKGreens,0
15840,UKGreens,0
15841,UKGreens,0
15842,UKGreens,0
15843,UKGreens,1
15844,UKGreens,1
15845,UKGreens,0
15846,UKGreens,0
15847,uklaw,0
15848,uklaw,0
15849,uklaw,0
15850,uklaw,0
15851,uklaw,0
15852,uklaw,0
15853,uklaw,0
15854,uklaw,0
15855,uklaw,0
15856,uklaw,0
15857,uklaw,0
15858,uklaw,0
15859,uklaw,0
15860,uklaw,1
15861,uklaw,0
15862,uklaw,1
15863,uklaw,0
15864,uklaw,1
15865,uklaw,0
15866,uklaw,0
15867,uklaw,1
15868,uklaw,0
15869,uklaw,0
15870,uklaw,0
15871,uklaw,0
15872,uklaw,0
15873,uklaw,1
15874,uklaw,1
15875,uklaw,0
15876,uklaw,0
15877,uklaw,0
15878,uklaw,0
15879,uklaw,0
15880,uklaw,0
15881,uklaw,0
15882,uklaw,0
15883,uklaw,0
15884,uklaw,0
15885,uklaw,1
15886,uklaw,0
15887,uklaw,0
15888,uklaw,0
15889,uklaw,1
15890,uklaw,0
15891,uklaw,0
15892,uklaw,0
15893,uklaw,0
15894,uklaw,0
15895,uklaw,1
15896,uklaw,0
15897,uklaw,0
15898,uklaw,0
15899,uklaw,0
15900,uklaw,1
15901,uklaw,0
15902,uklaw,0
15903,uklaw,0
15904,uklaw,0
15905,uklaw,0
15906,uklaw,0
15907,uklaw,0
15908,uklaw,0
15909,uklaw,0
15910,uklaw,0
15911,uklaw,0
15912,uklaw,0
15913,uklaw,0
15914,uklaw,0
15915,uklaw,0
15916,uklaw,0
15917,uklaw,0
15918,uklaw,0
15919,uklaw,0
15920,uklaw,0
15921,uklaw,0
15922,uklaw,1
15923,uklaw,0
15924,uklaw,0
15925,uklaw,0
15926,uklaw,0
15927,uklaw,0
15928,uklaw,1
15929,uklaw,1
15930,uklaw,0
15931,uklaw,0
15932,uklaw,0
15933,uklaw,0
15934,uklaw,0
15935,uklaw,0
15936,uklaw,0
15937,uklaw,0
15938,uklaw,0
15939,uklaw,0
15940,uklaw,0
15941,uklaw,0
15942,uklaw,0
15943,uklaw,0
15944,uklaw,0
15945,uklaw,0
15946,uklaw,0
15947,uklaw,0
15948,uklaw,0
15949,uklaw,0
15950,uklaw,0
15951,uklaw,0
15952,uklaw,0
15953,uklaw,0
15954,uklaw,0
15955,uklaw,0
15956,uklaw,0
15957,uklaw,0
15958,uklaw,0
15959,uklaw,0
15960,uklaw,0
15961,uklaw,0
15962,uklaw,1
15963,uklaw,0
15964,uklaw,0
15965,uklaw,0
15966,uklaw,0
15967,uklaw,0
15968,uklaw,0
15969,uklaw,0
15970,uklaw,0
15971,uklaw,0
15972,uklaw,0
15973,uklaw,1
15974,uklaw,0
15975,uklaw,1
15976,uklaw,0
15977,uklaw,0
15978,uklaw,0
15979,uklaw,0
15980,uklaw,0
15981,uklaw,0
15982,uklaw,0
15983,uklaw,0
15984,uklaw,0
15985,uklaw,0
15986,uklaw,0
15987,uklaw,0
15988,uklaw,0
15989,uklaw,0
15990,uklaw,0
15991,uklaw,1
15992,uklaw,0
15993,uklaw,0
15994,uklaw,0
15995,uklaw,0
15996,uklaw,0
15997,uklaw,0
15998,uklaw,0
15999,uklaw,0
16000,uklaw,0
16001,uklaw,0
16002,uklaw,0
16003,uklaw,1
16004,uklaw,1
16005,uklaw,0
16006,uklaw,0
16007,uklaw,1
16008,uklaw,0
16009,uklaw,0
16010,uklaw,0
16011,uklaw,0
16012,uklaw,0
16013,uklaw,0
16014,uklaw,0
16015,uklaw,0
16016,uklaw,0
16017,uklaw,0
16018,uklaw,0
16019,uklaw,0
16020,uklaw,0
16021,uklaw,0
16022,uklaw,0
16023,uklaw,0
16024,uklaw,0
16025,uklaw,0
16026,uklaw,0
16027,uklaw,0
16028,uklaw,0
16029,uklaw,0
16030,uklaw,0
16031,uklaw,0
16032,uklaw,0
16033,uklaw,0
16034,uklaw,0
16035,uklaw,0
16036,uklaw,0
16037,uklaw,0
16038,uklaw,0
16039,uklaw,1
16040,uklaw,0
16041,uklaw,0
16042,uklaw,0
16043,uklaw,0
16044,uklaw,0
16045,uklaw,0
16046,uklaw,0
16047,uklaw,0
16048,uklaw,0
16049,uklaw,0
16050,uklaw,0
16051,uklaw,0
16052,uklaw,0
16053,uklaw,0
16054,uklaw,0
16055,uklaw,0
16056,uklaw,0
16057,uklaw,0
16058,uklaw,0
16059,uklaw,0
16060,uklaw,0
16061,uklaw,0
16062,uklaw,0
16063,uklaw,0
16064,uklaw,0
16065,uklaw,0
16066,uklaw,0
16067,uklaw,0
16068,uklaw,0
16069,uklaw,0
16070,uklaw,0
16071,uklaw,0
16072,uklaw,0
16073,uklaw,0
16074,uklaw,0
16075,uklaw,0
16076,uklaw,0
16077,uklaw,0
16078,uklaw,0
16079,uklaw,0
16080,uklaw,0
16081,uklaw,0
16082,uklaw,0
16083,uklaw,0
16084,uklaw,0
16085,uklaw,0
16086,uklaw,0
16087,uklaw,0
16088,uklaw,0
16089,uklaw,0
16090,uklaw,0
16091,uklaw,0
16092,uklaw,0
16093,uklaw,0
16094,uklaw,0
16095,uklaw,0
16096,uklaw,0
16097,uklaw,0
16098,uklaw,0
16099,uklaw,0
16100,uklaw,0
16101,uklaw,0
16102,uklaw,0
16103,uklaw,0
16104,uklaw,0
16105,uklaw,0
16106,uklaw,0
16107,uklaw,0
16108,uklaw,0
16109,uklaw,0
16110,uklaw,0
16111,uklaw,0
16112,uklaw,0
16113,uklaw,0
16114,uklaw,0
16115,uklaw,0
16116,uklaw,0
16117,uklaw,0
16118,uklaw,0
16119,uklaw,0
16120,uklaw,0
16121,uklaw,0
16122,uklaw,0
16123,uklaw,0
16124,uklaw,0
16125,uklaw,0
16126,uklaw,0
16127,uklaw,0
16128,uklaw,0
16129,uklaw,0
16130,uklaw,0
16131,uklaw,0
16132,uklaw,1
16133,uklaw,0
16134,uklaw,0
16135,uklaw,0
16136,uklaw,0
16137,uklaw,0
16138,uklaw,0
16139,uklaw,0
16140,uklaw,0
16141,uklaw,0
16142,uklaw,0
16143,uklaw,1
16144,uklaw,0
16145,uklaw,0
16146,uklaw,0
16147,uklaw,0
16148,uklaw,0
16149,uklaw,0
16150,uklaw,0
16151,uklaw,0
16152,uklaw,0
16153,uklaw,0
16154,uklaw,0
16155,uklaw,0
16156,uklaw,0
16157,uklaw,0
16158,uklaw,0
16159,uklaw,1
16160,uklaw,0
16161,uklaw,0
16162,uklaw,1
16163,uklaw,0
16164,uklaw,0
16165,uklaw,0
16166,uklaw,0
16167,uklaw,0
16168,uklaw,0
16169,uklaw,0
16170,uklaw,0
16171,uklaw,1
16172,uklaw,1
16173,uklaw,1
16174,uklaw,0
16175,uklaw,0
16176,uklaw,0
16177,uklaw,1
16178,uklaw,0
16179,uklaw,0
16180,uklaw,0
16181,uklaw,1
16182,uklaw,1
16183,uklaw,0
16184,uklaw,1
16185,uklaw,1
16186,uklaw,0
16187,uklaw,0
16188,uklaw,0
16189,uklaw,0
16190,uklaw,1
16191,uklaw,1
16192,uklaw,0
16193,uklaw,0
16194,uklaw,0
16195,uklaw,0
16196,uklaw,0
16197,uklaw,0
16198,uklaw,0
16199,uklaw,0
16200,uklaw,0
16201,uklaw,0
16202,uklaw,0
16203,uklaw,0
16204,uklaw,0
16205,uklaw,0
16206,uklaw,0
16207,uklaw,0
16208,uklaw,0
16209,uklaw,0
16210,uklaw,0
16211,uklaw,0
16212,uklaw,0
16213,uklaw,0
16214,uklaw,0
16215,uklaw,0
16216,uklaw,0
16217,uklaw,0
16218,uklaw,0
16219,uklaw,0
16220,uklaw,0
16221,uklaw,0
16222,uklaw,0
16223,uklaw,0
16224,uklaw,0
16225,uklaw,0
16226,uklaw,0
16227,uklaw,0
16228,uklaw,0
16229,uklaw,0
16230,ukpolitics,0
16231,ukpolitics,0
16232,ukpolitics,0
16233,ukpolitics,0
16234,ukpolitics,1
16235,ukpolitics,1
16236,ukpolitics,1
16237,ukpolitics,1
16238,ukpolitics,0
16239,ukpolitics,0
16240,ukpolitics,0
16241,ukpolitics,0
16242,ukpolitics,0
16243,ukpolitics,0
16244,ukpolitics,0
16245,ukpolitics,0
16246,ukpolitics,0
16247,ukpolitics,1
16248,ukpolitics,0
16249,ukpolitics,0
16250,ukpolitics,0
16251,ukpolitics,0
16252,ukpolitics,0
16253,ukpolitics,1
16254,ukpolitics,1
16255,ukpolitics,0
16256,ukpolitics,1
16257,ukpolitics,1
16258,ukpolitics,0
16259,ukpolitics,0
16260,ukpolitics,0
16261,ukpolitics,0
16262,ukpolitics,1
16263,ukpolitics,0
16264,ukpolitics,0
16265,ukpolitics,0
16266,ukpolitics,0
16267,ukpolitics,0
16268,ukpolitics,0
16269,ukpolitics,0
16270,ukpolitics,0
16271,ukpolitics,0
16272,ukpolitics,0
16273,ukpolitics,1
16274,ukpolitics,0
16275,ukpolitics,0
16276,ukpolitics,0
16277,ukpolitics,1
16278,ukpolitics,0
16279,ukpolitics,0
16280,ukpolitics,1
16281,ukpolitics,1
16282,ukpolitics,0
16283,ukpolitics,0
16284,ukpolitics,0
16285,ukpolitics,1
16286,ukpolitics,0
16287,ukpolitics,0
16288,ukpolitics,1
16289,ukpolitics,1
16290,ukpolitics,0
16291,ukpolitics,0
16292,ukpolitics,0
16293,ukpolitics,0
16294,ukpolitics,0
16295,ukpolitics,1
16296,ukpolitics,0
16297,ukpolitics,0
16298,ukpolitics,0
16299,ukpolitics,0
16300,ukpolitics,0
16301,ukpolitics,0
16302,ukpolitics,0
16303,ukpolitics,0
16304,ukpolitics,0
16305,ukpolitics,0
16306,ukpolitics,0
16307,ukpolitics,0
16308,ukpolitics,0
16309,ukpolitics,1
16310,ukpolitics,1
16311,ukpolitics,1
16312,ukpolitics,1
16313,ukpolitics,1
16314,ukpolitics,0
16315,ukpolitics,0
16316,ukpolitics,0
16317,ukpolitics,1
16318,ukpolitics,0
16319,ukpolitics,0
16320,ukpolitics,1
16321,ukpolitics,1
16322,ukpolitics,0
16323,ukpolitics,0
16324,ukpolitics,0
16325,ukpolitics,0
16326,ukpolitics,0
16327,ukpolitics,1
16328,ukpolitics,0
16329,ukpolitics,1
16330,ukpolitics,1
16331,ukpolitics,1
16332,ukpolitics,1
16333,ukpolitics,1
16334,ukpolitics,0
16335,ukpolitics,1
16336,ukpolitics,1
16337,ukpolitics,0
16338,ukpolitics,0
16339,ukpolitics,0
16340,ukpolitics,0
16341,ukpolitics,1
16342,ukpolitics,1
16343,ukpolitics,0
16344,ukpolitics,0
16345,ukpolitics,0
16346,ukpolitics,0
16347,ukpolitics,0
16348,ukpolitics,1
16349,ukpolitics,1
16350,ukpolitics,0
16351,ukpolitics,0
16352,ukpolitics,0
16353,ukpolitics,1
16354,ukpolitics,0
16355,ukpolitics,0
16356,ukpolitics,0
16357,ukpolitics,0
16358,ukpolitics,0
16359,ukpolitics,0
16360,ukpolitics,0
16361,ukpolitics,1
16362,ukpolitics,0
16363,ukpolitics,0
16364,ukpolitics,0
16365,ukpolitics,1
16366,ukpolitics,0
16367,ukpolitics,0
16368,ukpolitics,0
16369,ukpolitics,1
16370,ukpolitics,1
16371,ukpolitics,0
16372,ukpolitics,1
16373,ukpolitics,0
16374,ukpolitics,0
16375,ukpolitics,0
16376,ukpolitics,1
16377,ukpolitics,1
16378,ukpolitics,1
16379,ukpolitics,1
16380,ukpolitics,0
16381,ukpolitics,0
16382,ukpolitics,0
16383,ukpolitics,1
16384,ukpolitics,0
16385,ukpolitics,0
16386,ukpolitics,0
16387,ukpolitics,0
16388,ukpolitics,1
16389,ukpolitics,0
16390,ukpolitics,0
16391,ukpolitics,1
16392,ukpolitics,0
16393,ukpolitics,1
16394,ukpolitics,1
16395,ukpolitics,0
16396,ukpolitics,0
16397,ukpolitics,0
16398,ukpolitics,0
16399,ukpolitics,0
16400,ukpolitics,0
16401,ukpolitics,0
16402,ukpolitics,1
16403,ukpolitics,0
16404,ukpolitics,0
16405,ukpolitics,0
16406,ukpolitics,0
16407,ukpolitics,0
16408,ukpolitics,0
16409,ukpolitics,0
16410,ukpolitics,1
16411,ukpolitics,0
16412,ukpolitics,0
16413,ukpolitics,0
16414,ukpolitics,0
16415,ukpolitics,1
16416,ukpolitics,1
16417,ukpolitics,0
16418,ukpolitics,1
16419,ukpolitics,0
16420,ukpolitics,1
16421,ukpolitics,0
16422,ukpolitics,0
16423,ukpolitics,1
16424,ukpolitics,0
16425,ukpolitics,0
16426,ukpolitics,0
16427,ukpolitics,0
16428,ukpolitics,0
16429,ukpolitics,0
16430,ukpolitics,0
16431,ukpolitics,0
16432,ukpolitics,1
16433,ukpolitics,0
16434,ukpolitics,0
16435,ukpolitics,0
16436,ukpolitics,1
16437,ukpolitics,1
16438,ukpolitics,0
16439,ukpolitics,1
16440,ukpolitics,0
16441,ukpolitics,0
16442,ukpolitics,0
16443,ukpolitics,0
16444,ukpolitics,1
16445,ukpolitics,0
16446,ukpolitics,0
16447,ukpolitics,0
16448,ukpolitics,0
16449,ukpolitics,1
16450,ukpolitics,0
16451,ukpolitics,0
16452,ukpolitics,0
16453,ukpolitics,1
16454,ukpolitics,0
16455,ukpolitics,0
16456,ukpolitics,1
16457,ukpolitics,0
16458,ukpolitics,0
16459,ukpolitics,0
16460,ukpolitics,0
16461,ukpolitics,0
16462,ukpolitics,0
16463,ukpolitics,0
16464,ukpolitics,0
16465,ukpolitics,1
16466,ukpolitics,0
16467,ukpolitics,1
16468,ukpolitics,1
16469,ukpolitics,1
16470,ukpolitics,1
16471,ukpolitics,0
16472,ukpolitics,1
16473,ukpolitics,0
16474,ukpolitics,1
16475,ukpolitics,0
16476,ukpolitics,0
16477,ukpolitics,0
16478,ukpolitics,1
16479,ukpolitics,1
16480,ukpolitics,1
16481,ukpolitics,1
16482,ukpolitics,0
16483,ukpolitics,1
16484,ukpolitics,1
16485,ukpolitics,1
16486,ukpolitics,1
16487,ukpolitics,1
16488,ukpolitics,1
16489,ukpolitics,1
16490,ukpolitics,1
16491,ukpolitics,1
16492,ukpolitics,1
16493,ukpolitics,0
16494,ukpolitics,0
16495,ukpolitics,1
16496,ukpolitics,1
16497,ukpolitics,1
16498,ukpolitics,0
16499,ukpolitics,1
16500,ukpolitics,1
16501,ukpolitics,1
16502,ukpolitics,0
16503,ukpolitics,1
16504,ukpolitics,1
16505,ukpolitics,0
16506,ukpolitics,0
16507,ukpolitics,1
16508,ukpolitics,1
16509,ukpolitics,1
16510,ukpolitics,1
16511,ukpolitics,1
16512,ukpolitics,1
16513,ukpolitics,1
16514,ukpolitics,1
16515,ukpolitics,0
16516,ukpolitics,0
16517,ukpolitics,1
16518,ukpolitics,0
16519,ukpolitics,1
16520,ukpolitics,1
16521,ukpolitics,0
16522,ukpolitics,0
16523,ukpolitics,1
16524,ukpolitics,1
16525,ukpolitics,0
16526,ukpolitics,1
16527,ukpolitics,1
16528,ukpolitics,1
16529,ukpolitics,1
16530,ukpolitics,1
16531,ukpolitics,0
16532,ukpolitics,1
16533,ukpolitics,0
16534,ukpolitics,0
16535,ukpolitics,0
16536,ukpolitics,0
16537,ukpolitics,0
16538,ukpolitics,0
16539,ukpolitics,0
16540,ukpolitics,1
16541,ukpolitics,1
16542,ukpolitics,0
16543,ukpolitics,0
16544,ukpolitics,1
16545,ukpolitics,0
16546,ukpolitics,1
16547,ukpolitics,0
16548,ukpolitics,0
16549,ukpolitics,0
16550,ukpolitics,0
16551,ukpolitics,0
16552,ukpolitics,1
16553,ukpolitics,0
16554,ukpolitics,0
16555,ukpolitics,0
16556,ukpolitics,0
16557,ukpolitics,0
16558,ukpolitics,0
16559,ukpolitics,0
16560,ukpolitics,0
16561,ukpolitics,0
16562,ukpolitics,0
16563,ukpolitics,0
16564,ukpolitics,0
16565,ukpolitics,0
16566,ukpolitics,0
16567,ukpolitics,0
16568,ukpolitics,0
16569,ukpolitics,0
16570,ukpolitics,0
16571,ukpolitics,0
16572,ukpolitics,0
16573,ukpolitics,0
16574,ukpolitics,0
16575,ukpolitics,0
16576,ukpolitics,0
16577,ukpolitics,0
16578,ukpolitics,0
16579,ukpolitics,0
16580,ukpolitics,0
16581,ukpolitics,0
16582,ukpolitics,0
16583,ukpolitics,0
16584,ukpolitics,0
16585,ukpolitics,0
16586,ukpolitics,0
16587,ukpolitics,0
16588,ukpolitics,0
16589,ukpolitics,0
16590,ukpolitics,0
16591,ukpolitics,0
16592,ukpolitics,1
16593,ukpolitics,1
16594,ukpolitics,1
16595,ukpolitics,1
16596,ukpolitics,0
16597,ukpolitics,0
16598,ukpolitics,0
16599,ukpolitics,0
16600,ukpolitics,0
16601,ukpolitics,0
16602,ukpolitics,0
16603,ukpolitics,0
16604,ukpolitics,0
16605,ukpolitics,0
16606,ukpolitics,0
16607,ukpolitics,0
16608,ukpolitics,0
16609,ukpolitics,0
16610,ukpolitics,1
16611,ukpolitics,0
16612,ukpolitics,0
16613,ukpolitics,0
16614,ukpolitics,1
16615,ukpolitics,0
16616,ukpolitics,0
16617,ukpolitics,0
16618,ukpolitics,0
16619,ukpolitics,0
16620,ukpolitics,1
16621,ukpolitics,1
16622,ukpolitics,0
16623,ukpolitics,0
16624,ukpolitics,0
16625,ukpolitics,1
16626,ukpolitics,0
16627,ukpolitics,1
16628,ukpolitics,0
16629,ukpolitics,0
16630,ukpolitics,0
16631,ukpolitics,0
16632,ukpolitics,0
16633,ukpolitics,0
16634,ukpolitics,1
16635,ukpolitics,1
16636,ukpolitics,1
16637,ukpolitics,1
16638,ukpolitics,1
16639,ukpolitics,1
16640,ukpolitics,1
16641,ukpolitics,0
16642,ukpolitics,1
16643,ukpolitics,1
16644,ukpolitics,1
16645,ukpolitics,1
16646,ukpolitics,0
16647,ukpolitics,0
16648,ukpolitics,0
16649,ukpolitics,0
16650,ukpolitics,1
16651,ukpolitics,1
16652,ukpolitics,1
16653,ukpolitics,0
16654,ukpolitics,1
16655,ukpolitics,0
16656,ukpolitics,0
16657,ukpolitics,0
16658,ukpolitics,0
16659,ukpolitics,0
16660,ukpolitics,0
16661,ukpolitics,0
16662,ukpolitics,1
16663,ukpolitics,1
16664,ukpolitics,1
16665,ukpolitics,0
16666,ukpolitics,0
16667,ukpolitics,0
16668,ukpolitics,0
16669,ukpolitics,0
16670,ukpolitics,0
16671,ukpolitics,1
16672,ukpolitics,0
16673,ukpolitics,0
16674,ukpolitics,1
16675,ukpolitics,1
16676,ukpolitics,1
16677,ukpolitics,1
16678,ukpolitics,0
16679,ukpolitics,0
16680,ukpolitics,0
16681,ukpolitics,1
16682,ukpolitics,0
16683,ukpolitics,0
16684,ukpolitics,0
16685,ukpolitics,0
16686,ukpolitics,1
16687,ukpolitics,0
16688,ukpolitics,0
16689,ukpolitics,0
16690,ukpolitics,0
16691,ukpolitics,0
16692,ukpolitics,0
16693,ukpolitics,0
16694,ukpolitics,0
16695,ukpolitics,0
16696,ukpolitics,0
16697,ukpolitics,0
16698,ukpolitics,0
16699,ukpolitics,0
16700,ukpolitics,1
16701,ukpolitics,0
16702,ukpolitics,0
16703,ukpolitics,1
16704,ukpolitics,0
16705,ukpolitics,0
16706,ukpolitics,0
16707,ukpolitics,0
16708,ukpolitics,0
16709,ukpolitics,0
16710,ukpolitics,0
16711,ukpolitics,0
16712,ukpolitics,0
16713,ukpolitics,0
16714,ukpolitics,0
16715,ukpolitics,0
16716,ukpolitics,0
16717,ukpolitics,0
16718,ukpolitics,0
16719,ukpolitics,0
16720,ukpolitics,0
16721,ukpolitics,1
16722,ukpolitics,0
16723,ukpolitics,0
16724,ukpolitics,0
16725,ukpolitics,1
16726,ukpolitics,1
16727,ukpolitics,1
16728,ukpolitics,1
16729,ukpolitics,1
16730,ukpolitics,0
16731,ukpolitics,1
16732,ukpolitics,0
16733,ukpolitics,0
16734,ukpolitics,0
16735,ukpolitics,1
16736,ukpolitics,1
16737,ukpolitics,0
16738,ukpolitics,0
16739,ukpolitics,1
16740,ukpolitics,0
16741,ukpolitics,0
16742,ukpolitics,1
16743,ukpolitics,0
16744,ukpolitics,1
16745,ukpolitics,1
16746,ukpolitics,0
16747,ukpolitics,1
16748,ukpolitics,1
16749,ukpolitics,1
16750,ukpolitics,0
16751,ukpolitics,1
16752,ukpolitics,1
16753,ukpolitics,1
16754,ukpolitics,1
16755,ukpolitics,1
16756,ukpolitics,1
16757,ukpolitics,1
16758,ukpolitics,1
16759,ukpolitics,1
16760,ukpolitics,1
16761,ukpolitics,0
16762,ukpolitics,0
16763,ukpolitics,1
16764,ukpolitics,1
16765,ukpolitics,0
16766,ukpolitics,0
16767,ukpolitics,0
16768,ukpolitics,1
16769,ukpolitics,0
16770,ukpolitics,0
16771,ukpolitics,0
16772,ukpolitics,1
16773,ukpolitics,1
16774,ukpolitics,0
16775,ukpolitics,0
16776,ukpolitics,1
16777,ukpolitics,1
16778,ukpolitics,0
16779,ukpolitics,1
16780,ukpolitics,1
16781,ukpolitics,0
16782,ukpolitics,1
16783,ukpolitics,0
16784,ukpolitics,0
16785,ukpolitics,0
16786,ukpolitics,0
16787,ukpolitics,0
16788,ukpolitics,0
16789,ukpolitics,0
16790,ukpolitics,1
16791,ukpolitics,0
16792,ukpolitics,1
16793,ukpolitics,1
16794,ukpolitics,1
16795,ukpolitics,0
16796,ukpolitics,1
16797,ukpolitics,1
16798,ukpolitics,1
16799,ukpolitics,0
16800,ukpolitics,1
16801,ukpolitics,0
16802,ukpolitics,0
16803,ukpolitics,1
16804,ukpolitics,1
16805,ukpolitics,0
16806,ukpolitics,0
16807,ukpolitics,0
16808,ukpolitics,1
16809,ukpolitics,0
16810,ukpolitics,1
16811,ukpolitics,1
16812,ukpolitics,0
16813,ukpolitics,0
16814,ukpolitics,1
16815,ukpolitics,1
16816,ukpolitics,0
16817,ukpolitics,1
16818,ukpolitics,1
16819,ukpolitics,1
16820,ukpolitics,1
16821,ukpolitics,1
16822,ukpolitics,0
16823,ukpolitics,1
16824,ukpolitics,1
16825,ukpolitics,1
16826,ukpolitics,1
16827,ukpolitics,0
16828,ukpolitics,0
16829,ukpolitics,0
16830,ukpolitics,0
16831,ukpolitics,0
16832,ukpolitics,1
16833,ukpolitics,0
16834,ukpolitics,0
16835,ukpolitics,0
16836,ukpolitics,1
16837,ukpolitics,0
16838,ukpolitics,0
16839,ukpolitics,1
16840,ukpolitics,0
16841,ukpolitics,1
16842,ukpolitics,1
16843,ukpolitics,1
16844,ukpolitics,0
16845,ukpolitics,1
16846,ukpolitics,1
16847,ukpolitics,0
16848,ukpolitics,1
16849,ukpolitics,0
16850,ukpolitics,1
16851,ukpolitics,0
16852,ukpolitics,0
16853,ukpolitics,1
16854,ukpolitics,0
16855,ukpolitics,1
16856,ukpolitics,1
16857,ukpolitics,1
16858,ukpolitics,1
16859,ukpolitics,0
16860,ukpolitics,0
16861,ukpolitics,1
16862,ukpolitics,1
16863,ukpolitics,1
16864,ukpolitics,0
16865,ukpolitics,0
16866,ukpolitics,1
16867,ukpolitics,0
16868,ukpolitics,1
16869,ukpolitics,1
16870,ukpolitics,0
16871,ukpolitics,1
16872,ukpolitics,0
16873,ukpolitics,0
16874,ukpolitics,1
16875,ukpolitics,0
16876,ukpolitics,0
16877,ukpolitics,1
16878,ukpolitics,1
16879,ukpolitics,1
16880,ukpolitics,0
16881,ukpolitics,0
16882,ukpolitics,1
16883,ukpolitics,1
16884,ukpolitics,0
16885,ukpolitics,0
16886,ukpolitics,1
16887,ukpolitics,0
16888,ukpolitics,1
16889,ukpolitics,1
16890,ukpolitics,1
16891,ukpolitics,1
16892,ukpolitics,0
16893,ukpolitics,1
16894,ukpolitics,0
16895,ukpolitics,0
16896,ukpolitics,0
16897,ukpolitics,1
16898,ukpolitics,1
16899,ukpolitics,0
16900,ukpolitics,0
16901,ukpolitics,0
16902,ukpolitics,1
16903,ukpolitics,0
16904,ukpolitics,0
16905,ukpolitics,0
16906,ukpolitics,1
16907,ukpolitics,1
16908,ukpolitics,0
16909,ukpolitics,0
16910,ukpolitics,0
16911,ukpolitics,1
16912,ukpolitics,0
16913,ukpolitics,0
16914,ukpolitics,0
16915,ukpolitics,0
16916,ukpolitics,0
16917,ukpolitics,0
16918,ukpolitics,1
16919,ukpolitics,0
16920,ukpolitics,0
16921,ukpolitics,1
16922,ukpolitics,1
16923,ukpolitics,1
16924,ukpolitics,1
16925,ukpolitics,1
16926,ukpolitics,1
16927,ukpolitics,1
16928,ukpolitics,0
16929,ukpolitics,0
16930,ukpolitics,1
16931,ukpolitics,0
16932,ukpolitics,0
16933,ukpolitics,1
16934,ukpolitics,1
16935,ukpolitics,0
16936,ukpolitics,0
16937,ukpolitics,0
16938,ukpolitics,1
16939,ukpolitics,1
16940,ukpolitics,1
16941,ukpolitics,1
16942,ukpolitics,0
16943,ukpolitics,1
16944,ukpolitics,1
16945,ukpolitics,0
16946,ukpolitics,1
16947,ukpolitics,1
16948,ukpolitics,0
16949,ukpolitics,1
16950,ukpolitics,1
16951,ukpolitics,0
16952,ukpolitics,0
16953,ukpolitics,0
16954,ukpolitics,1
16955,ukpolitics,1
16956,ukpolitics,1
16957,ukpolitics,1
16958,ukpolitics,0
16959,ukpolitics,1
16960,ukpolitics,1
16961,ukpolitics,0
16962,ukpolitics,1
16963,ukpolitics,1
16964,ukpolitics,0
16965,ukpolitics,0
16966,ukpolitics,1
16967,ukpolitics,0
16968,ukpolitics,0
16969,ukpolitics,0
16970,ukpolitics,1
16971,ukpolitics,0
16972,ukpolitics,0
16973,ukpolitics,1
16974,ukpolitics,0
16975,ukpolitics,1
16976,ukpolitics,0
16977,ukpolitics,0
16978,ukpolitics,0
16979,ukpolitics,0
16980,ukpolitics,1
16981,ukpolitics,1
16982,ukpolitics,1
16983,ukpolitics,1
16984,ukpolitics,0
16985,ukpolitics,0
16986,ukpolitics,0
16987,ukpolitics,1
16988,ukpolitics,0
16989,ukpolitics,0
16990,ukpolitics,0
16991,ukpolitics,0
16992,ukpolitics,1
16993,ukpolitics,0
16994,ukpolitics,0
16995,ukpolitics,0
16996,ukpolitics,0
16997,ukpolitics,1
16998,ukpolitics,1
16999,ukpolitics,1
17000,ukpolitics,0
17001,ukpolitics,0
17002,ukpolitics,1
17003,ukpolitics,1
17004,ukpolitics,1
17005,ukpolitics,1
17006,ukpolitics,0
17007,ukpolitics,1
17008,ukpolitics,1
17009,ukpolitics,0
17010,ukpolitics,1
17011,ukpolitics,1
17012,ukpolitics,1
17013,ukpolitics,1
17014,ukpolitics,0
17015,ukpolitics,1
17016,ukpolitics,1
17017,ukpolitics,0
17018,ukpolitics,1
17019,ukpolitics,1
17020,ukpolitics,1
17021,ukpolitics,0
17022,ukpolitics,0
17023,ukpolitics,0
17024,ukpolitics,1
17025,ukpolitics,0
17026,ukpolitics,1
17027,ukpolitics,1
17028,ukpolitics,0
17029,ukpolitics,0
17030,ukpolitics,0
17031,ukpolitics,1
17032,ukpolitics,1
17033,ukpolitics,0
17034,ukpolitics,0
17035,ukpolitics,1
17036,ukpolitics,1
17037,ukpolitics,0
17038,ukpolitics,0
17039,ukpolitics,0
17040,ukpolitics,0
17041,ukpolitics,0
17042,ukpolitics,1
17043,ukpolitics,0
17044,ukpolitics,1
17045,ukpolitics,0
17046,ukpolitics,1
17047,ukpolitics,0
17048,ukpolitics,0
17049,ukpolitics,0
17050,ukpolitics,0
17051,ukpolitics,0
17052,ukpolitics,1
17053,ukpolitics,0
17054,ukpolitics,0
17055,ukpolitics,0
17056,ukpolitics,0
17057,ukpolitics,0
17058,ukpolitics,0
17059,ukpolitics,0
17060,ukpolitics,0
17061,ukpolitics,0
17062,ukpolitics,0
17063,ukpolitics,0
17064,ukpolitics,0
17065,ukpolitics,0
17066,ukpolitics,0
17067,ukpolitics,0
17068,ukpolitics,1
17069,ukpolitics,1
17070,ukpolitics,0
17071,ukpolitics,0
17072,ukpolitics,0
17073,ukpolitics,0
17074,ukpolitics,0
17075,ukpolitics,0
17076,ukpolitics,1
17077,ukpolitics,1
17078,ukpolitics,0
17079,ukpolitics,0
17080,ukpolitics,0
17081,ukpolitics,0
17082,ukpolitics,1
17083,ukpolitics,1
17084,ukpolitics,0
17085,ukpolitics,1
17086,ukpolitics,0
17087,ukpolitics,0
17088,ukpolitics,0
17089,ukpolitics,1
17090,ukpolitics,1
17091,ukpolitics,1
17092,ukpolitics,1
17093,ukpolitics,1
17094,ukpolitics,1
17095,ukpolitics,0
17096,ukpolitics,0
17097,ukpolitics,0
17098,ukpolitics,0
17099,ukpolitics,0
17100,ukpolitics,0
17101,ukpolitics,0
17102,ukpolitics,0
17103,ukpolitics,0
17104,ukpolitics,0
17105,ukpolitics,0
17106,ukpolitics,1
17107,ukpolitics,1
17108,ukpolitics,1
17109,ukpolitics,0
17110,ukpolitics,0
17111,ukpolitics,0
17112,ukpolitics,0
17113,ukpolitics,1
17114,ukpolitics,0
17115,ukpolitics,0
17116,ukpolitics,0
17117,ukpolitics,0
17118,ukpolitics,0
17119,ukpolitics,1
17120,ukpolitics,0
17121,ukpolitics,1
17122,ukpolitics,1
17123,ukpolitics,0
17124,ukpolitics,0
17125,ukpolitics,0
17126,ukpolitics,0
17127,ukpolitics,0
17128,ukpolitics,0
17129,ukpolitics,1
17130,ukpolitics,1
17131,ukpolitics,0
17132,ukpolitics,1
17133,ukpolitics,0
17134,ukpolitics,0
17135,ukpolitics,0
17136,ukpolitics,1
17137,ukpolitics,1
17138,ukpolitics,1
17139,ukpolitics,1
17140,ukpolitics,0
17141,ukpolitics,0
17142,ukpolitics,0
17143,ukpolitics,1
17144,ukpolitics,0
17145,ukpolitics,0
17146,ukpolitics,0
17147,ukpolitics,0
17148,ukpolitics,0
17149,ukpolitics,0
17150,ukpolitics,0
17151,ukpolitics,0
17152,ukpolitics,0
17153,ukpolitics,0
17154,ukpolitics,0
17155,ukpolitics,0
17156,ukpolitics,0
17157,ukpolitics,0
17158,ukpolitics,0
17159,ukpolitics,0
17160,ukpolitics,0
17161,ukpolitics,0
17162,ukpolitics,0
17163,ukpolitics,0
17164,ukpolitics,0
17165,ukpolitics,0
17166,ukpolitics,0
17167,ukpolitics,0
17168,ukpolitics,0
17169,ukpolitics,0
17170,ukpolitics,0
17171,ukpolitics,0
17172,ukpolitics,0
17173,ukpolitics,0
17174,ukpolitics,1
17175,ukpolitics,0
17176,ukpolitics,0
17177,ukpolitics,0
17178,ukpolitics,0
17179,ukpolitics,0
17180,ukpolitics,1
17181,ukpolitics,0
17182,ukpolitics,0
17183,ukpolitics,0
17184,ukpolitics,0
17185,ukpolitics,0
17186,ukpolitics,0
17187,ukpolitics,0
17188,ukpolitics,0
17189,ukpolitics,0
17190,ukpolitics,0
17191,ukpolitics,0
17192,ukpolitics,0
17193,ukpolitics,0
17194,ukpolitics,0
17195,ukpolitics,0
17196,ukpolitics,1
17197,ukpolitics,0
17198,ukpolitics,1
17199,ukpolitics,0
17200,ukpolitics,0
17201,ukpolitics,0
17202,ukpolitics,1
17203,ukpolitics,0
17204,ukpolitics,1
17205,ukpolitics,0
17206,ukpolitics,0
17207,ukpolitics,0
17208,ukpolitics,1
17209,ukpolitics,1
17210,ukpolitics,0
17211,ukpolitics,0
17212,ukpolitics,0
17213,ukpolitics,1
17214,ukpolitics,1
17215,ukpolitics,0
17216,ukpolitics,1
17217,ukpolitics,0
17218,ukpolitics,1
17219,ukpolitics,1
17220,ukpolitics,1
17221,ukpolitics,1
17222,ukpolitics,1
17223,ukpolitics,0
17224,ukpolitics,1
17225,ukpolitics,0
17226,ukpolitics,0
17227,ukpolitics,1
17228,ukpolitics,0
17229,ukpolitics,1
17230,ukpolitics,0
17231,ukpolitics,0
17232,ukpolitics,0
17233,ukpolitics,0
17234,ukpolitics,0
17235,ukpolitics,0
17236,ukpolitics,1
17237,ukpolitics,0
17238,ukpolitics,0
17239,ukpolitics,0
17240,ukpolitics,1
17241,ukpolitics,0
17242,ukpolitics,0
17243,ukpolitics,0
17244,ukpolitics,0
17245,ukpolitics,0
17246,ukpolitics,0
17247,ukpolitics,0
17248,ukpolitics,1
17249,ukpolitics,0
17250,ukpolitics,0
17251,ukpolitics,0
17252,ukpolitics,0
17253,ukpolitics,0
17254,ukpolitics,1
17255,ukpolitics,0
17256,ukpolitics,0
17257,ukpolitics,0
17258,ukpolitics,0
17259,ukpolitics,1
17260,ukpolitics,0
17261,ukpolitics,1
17262,ukpolitics,1
17263,ukpolitics,1
17264,ukpolitics,1
17265,ukpolitics,1
17266,ukpolitics,1
17267,ukpolitics,0
17268,ukpolitics,0
17269,ukpolitics,0
17270,ukpolitics,0
17271,ukpolitics,0
17272,ukpolitics,0
17273,ukpolitics,0
17274,ukpolitics,1
17275,ukpolitics,1
17276,ukpolitics,0
17277,ukpolitics,0
17278,ukpolitics,0
17279,ukpolitics,0
17280,ukpolitics,0
17281,ukpolitics,0
17282,ukpolitics,0
17283,ukpolitics,0
17284,ukpolitics,1
17285,ukpolitics,0
17286,ukpolitics,1
17287,ukpolitics,0
17288,ukpolitics,0
17289,ukpolitics,0
17290,ukpolitics,0
17291,ukpolitics,0
17292,ukpolitics,1
17293,ukpolitics,1
17294,ukpolitics,1
17295,ukpolitics,1
17296,ukpolitics,1
17297,ukpolitics,0
17298,ukpolitics,0
17299,ukpolitics,1
17300,ukpolitics,0
17301,ukpolitics,1
17302,ukpolitics,1
17303,ukpolitics,1
17304,ukpolitics,1
17305,ukpolitics,0
17306,ukpolitics,0
17307,ukpolitics,1
17308,ukpolitics,1
17309,ukpolitics,1
17310,ukpolitics,1
17311,ukpolitics,0
17312,ukpolitics,0
17313,ukpolitics,0
17314,ukpolitics,0
17315,ukpolitics,0
17316,ukpolitics,0
17317,ukpolitics,0
17318,ukpolitics,0
17319,ukpolitics,1
17320,ukpolitics,0
17321,ukpolitics,0
17322,ukpolitics,0
17323,ukpolitics,0
17324,ukpolitics,0
17325,ukpolitics,0
17326,ukpolitics,0
17327,ukpolitics,1
17328,ukpolitics,0
17329,ukpolitics,0
17330,ukpolitics,1
17331,ukpolitics,0
17332,ukpolitics,1
17333,ukpolitics,0
17334,ukpolitics,0
17335,ukpolitics,0
17336,ukpolitics,0
17337,ukpolitics,1
17338,ukpolitics,0
17339,ukpolitics,1
17340,ukpolitics,0
17341,ukpolitics,0
17342,ukpolitics,0
17343,ukpolitics,0
17344,ukpolitics,0
17345,ukpolitics,0
17346,ukpolitics,0
17347,ukpolitics,0
17348,ukpolitics,0
17349,ukpolitics,1
17350,ukpolitics,0
17351,ukpolitics,1
17352,ukpolitics,1
17353,ukpolitics,1
17354,ukpolitics,0
17355,ukpolitics,0
17356,ukpolitics,1
17357,ukpolitics,0
17358,ukpolitics,1
17359,ukpolitics,1
17360,ukpolitics,0
17361,ukpolitics,0
17362,ukpolitics,1
17363,ukpolitics,1
17364,ukpolitics,1
17365,ukpolitics,1
17366,ukpolitics,1
17367,ukpolitics,1
17368,ukpolitics,1
17369,ukpolitics,1
17370,ukpolitics,1
17371,ukpolitics,1
17372,ukpolitics,1
17373,ukpolitics,1
17374,ukpolitics,0
17375,ukpolitics,1
17376,ukpolitics,1
17377,ukpolitics,1
17378,ukpolitics,1
17379,ukpolitics,0
17380,ukpolitics,1
17381,ukpolitics,1
17382,ukpolitics,1
17383,ukpolitics,0
17384,ukpolitics,0
17385,ukpolitics,0
17386,ukpolitics,0
17387,ukpolitics,1
17388,ukpolitics,1
17389,ukpolitics,1
17390,ukpolitics,0
17391,ukpolitics,1
17392,ukpolitics,0
17393,ukpolitics,0
17394,ukpolitics,0
17395,ukpolitics,0
17396,ukpolitics,1
17397,ukpolitics,0
17398,ukpolitics,1
17399,ukpolitics,1
17400,ukpolitics,1
17401,ukpolitics,0
17402,ukpolitics,1
17403,ukpolitics,0
17404,ukpolitics,0
17405,ukpolitics,0
17406,ukpolitics,0
17407,ukpolitics,1
17408,ukpolitics,0
17409,ukpolitics,0
17410,ukpolitics,0
17411,ukpolitics,0
17412,ukpolitics,1
17413,ukpolitics,1
17414,ukpolitics,1
17415,ukpolitics,0
17416,ukpolitics,0
17417,ukpolitics,1
17418,ukpolitics,0
17419,ukpolitics,0
17420,ukpolitics,1
17421,ukpolitics,1
17422,ukpolitics,1
17423,ukpolitics,1
17424,ukpolitics,0
17425,ukpolitics,0
17426,ukpolitics,0
17427,ukpolitics,0
17428,ukpolitics,1
17429,ukpolitics,0
17430,ukpolitics,1
17431,ukpolitics,1
17432,ukpolitics,1
17433,ukpolitics,0
17434,ukpolitics,1
17435,ukpolitics,0
17436,ukpolitics,0
17437,ukpolitics,1
17438,ukpolitics,1
17439,ukpolitics,0
17440,ukpolitics,1
17441,ukpolitics,0
17442,ukpolitics,0
17443,ukpolitics,0
17444,ukpolitics,0
17445,ukpolitics,1
17446,ukpolitics,0
17447,ukpolitics,0
17448,ukpolitics,1
17449,ukpolitics,1
17450,ukpolitics,0
17451,ukpolitics,0
17452,ukpolitics,1
17453,ukpolitics,0
17454,ukpolitics,1
17455,ukpolitics,1
17456,ukpolitics,1
17457,ukpolitics,0
17458,ukpolitics,0
17459,ukpolitics,0
17460,ukpolitics,0
17461,ukpolitics,1
17462,ukpolitics,0
17463,ukpolitics,1
17464,ukpolitics,0
17465,ukpolitics,0
17466,ukpolitics,1
17467,ukpolitics,0
17468,ukpolitics,0
17469,ukpolitics,0
17470,ukpolitics,0
17471,ukpolitics,0
17472,ukpolitics,0
17473,ukpolitics,0
17474,ukpolitics,0
17475,ukpolitics,0
17476,ukpolitics,1
17477,ukpolitics,1
17478,ukpolitics,0
17479,ukpolitics,0
17480,ukpolitics,0
17481,ukpolitics,0
17482,ukpolitics,0
17483,ukpolitics,0
17484,ukpolitics,0
17485,ukpolitics,0
17486,ukpolitics,0
17487,ukpolitics,0
17488,ukpolitics,0
17489,ukpolitics,0
17490,ukpolitics,0
17491,ukpolitics,1
17492,ukpolitics,0
17493,ukpolitics,0
17494,ukpolitics,0
17495,ukpolitics,0
17496,ukpolitics,1
17497,ukpolitics,0
17498,ukpolitics,1
17499,ukpolitics,0
17500,ukpolitics,0
17501,ukpolitics,0
17502,ukpolitics,1
17503,ukpolitics,1
17504,ukpolitics,1
17505,ukpolitics,1
17506,ukpolitics,1
17507,ukpolitics,0
17508,ukpolitics,0
17509,ukpolitics,0
17510,ukpolitics,0
17511,ukpolitics,0
17512,ukpolitics,1
17513,ukpolitics,0
17514,ukpolitics,1
17515,ukpolitics,1
17516,ukpolitics,0
17517,ukpolitics,0
17518,ukpolitics,0
17519,ukpolitics,0
17520,ukpolitics,1
17521,ukpolitics,0
17522,ukpolitics,0
17523,ukpolitics,0
17524,ukpolitics,1
17525,ukpolitics,0
17526,ukpolitics,1
17527,ukpolitics,1
17528,ukpolitics,0
17529,ukpolitics,1
17530,ukpolitics,0
17531,ukpolitics,1
17532,ukpolitics,0
17533,ukpolitics,0
17534,ukpolitics,1
17535,ukpolitics,1
17536,ukpolitics,1
17537,ukpolitics,1
17538,ukpolitics,1
17539,ukpolitics,0
17540,ukpolitics,1
17541,ukpolitics,0
17542,ukpolitics,0
17543,ukpolitics,0
17544,ukpolitics,0
17545,ukpolitics,1
17546,ukpolitics,0
17547,ukpolitics,0
17548,ukpolitics,0
17549,ukpolitics,0
17550,ukpolitics,0
17551,ukpolitics,0
17552,ukpolitics,0
17553,ukpolitics,0
17554,ukpolitics,0
17555,ukpolitics,1
17556,ukpolitics,0
17557,ukpolitics,0
17558,ukpolitics,0
17559,ukpolitics,1
17560,ukpolitics,0
17561,ukpolitics,0
17562,ukpolitics,0
17563,ukpolitics,1
17564,ukpolitics,0
17565,ukpolitics,0
17566,ukpolitics,0
17567,ukpolitics,1
17568,ukpolitics,0
17569,ukpolitics,1
17570,ukpolitics,1
17571,ukpolitics,0
17572,ukpolitics,0
17573,ukpolitics,1
17574,ukpolitics,1
17575,ukpolitics,1
17576,ukpolitics,1
17577,ukpolitics,1
17578,ukpolitics,1
17579,ukpolitics,1
17580,ukpolitics,1
17581,ukpolitics,1
17582,ukpolitics,1
17583,ukpolitics,1
17584,ukpolitics,1
17585,ukpolitics,1
17586,ukpolitics,1
17587,ukpolitics,1
17588,ukpolitics,1
17589,ukpolitics,1
17590,ukpolitics,0
17591,ukpolitics,1
17592,ukpolitics,1
17593,ukpolitics,1
17594,ukpolitics,0
17595,ukpolitics,0
17596,ukpolitics,1
17597,ukpolitics,1
17598,ukpolitics,1
17599,ukpolitics,1
17600,ukpolitics,1
17601,ukpolitics,1
17602,ukpolitics,1
17603,ukpolitics,1
17604,ukpolitics,1
17605,ukpolitics,1
17606,ukpolitics,1
17607,ukpolitics,0
17608,ukpolitics,0
17609,ukpolitics,1
17610,ukpolitics,0
17611,ukpolitics,1
17612,ukpolitics,1
17613,ukpolitics,1
17614,ukpolitics,1
17615,ukpolitics,1
17616,ukpolitics,0
17617,ukpolitics,1
17618,ukpolitics,1
17619,ukpolitics,1
17620,ukpolitics,1
17621,ukpolitics,1
17622,ukpolitics,1
17623,ukpolitics,1
17624,ukpolitics,0
17625,ukpolitics,0
17626,ukpolitics,1
17627,ukpolitics,0
17628,ukpolitics,0
17629,ukpolitics,1
17630,ukpolitics,1
17631,ukpolitics,1
17632,ukpolitics,1
17633,ukpolitics,0
17634,ukpolitics,0
17635,ukpolitics,1
17636,ukpolitics,1
17637,ukpolitics,1
17638,ukpolitics,1
17639,ukpolitics,1
17640,ukpolitics,1
17641,ukpolitics,1
17642,ukpolitics,0
17643,ukpolitics,1
17644,ukpolitics,1
17645,ukpolitics,1
17646,ukpolitics,1
17647,ukpolitics,1
17648,ukpolitics,1
17649,ukpolitics,1
17650,ukpolitics,1
17651,ukpolitics,1
17652,ukpolitics,1
17653,ukpolitics,1
17654,ukpolitics,1
17655,ukpolitics,1
17656,ukpolitics,1
17657,ukpolitics,1
17658,ukpolitics,1
17659,ukpolitics,1
17660,ukpolitics,1
17661,ukpolitics,1
17662,ukpolitics,1
17663,ukpolitics,1
17664,ukpolitics,1
17665,ukpolitics,1
17666,ukpolitics,1
17667,ukpolitics,1
17668,ukpolitics,1
17669,ukpolitics,1
17670,ukpolitics,1
17671,ukpolitics,1
17672,ukpolitics,1
17673,ukpolitics,1
17674,ukpolitics,1
17675,ukpolitics,1
17676,ukpolitics,1
17677,ukpolitics,1
17678,ukpolitics,1
17679,ukpolitics,1
17680,ukpolitics,1
17681,ukpolitics,1
17682,ukpolitics,1
17683,ukpolitics,1
17684,ukpolitics,1
17685,ukpolitics,1
17686,ukpolitics,1
17687,ukpolitics,1
17688,ukpolitics,1
17689,ukpolitics,1
17690,ukpolitics,1
17691,ukpolitics,1
17692,ukpolitics,1
17693,ukpolitics,1
17694,ukpolitics,1
17695,ukpolitics,1
17696,ukpolitics,1
17697,ukpolitics,1
17698,ukpolitics,1
17699,ukpolitics,1
17700,ukpolitics,1
17701,ukpolitics,1
17702,ukpolitics,1
17703,ukpolitics,1
17704,ukpolitics,1
17705,ukpolitics,1
17706,ukpolitics,1
17707,ukpolitics,1
17708,ukpolitics,1
17709,ukpolitics,1
17710,ukpolitics,1
17711,ukpolitics,0
17712,ukpolitics,1
17713,ukpolitics,1
17714,ukpolitics,1
17715,ukpolitics,1
17716,ukpolitics,1
17717,ukpolitics,1
17718,ukpolitics,1
17719,ukpolitics,1
17720,ukpolitics,1
17721,ukpolitics,1
17722,ukpolitics,1
17723,ukpolitics,1
17724,ukpolitics,1
17725,ukpolitics,1
17726,ukpolitics,1
17727,ukpolitics,1
17728,ukpolitics,1
17729,ukpolitics,1
17730,ukpolitics,1
17731,ukpolitics,0
17732,ukpolitics,1
17733,ukpolitics,1
17734,ukpolitics,1
17735,ukpolitics,1
17736,ukpolitics,1
17737,ukpolitics,1
17738,ukpolitics,1
17739,ukpolitics,1
17740,ukpolitics,1
17741,ukpolitics,1
17742,ukpolitics,1
17743,ukpolitics,1
17744,ukpolitics,1
17745,ukpolitics,1
17746,ukpolitics,1
17747,ukpolitics,1
17748,ukpolitics,1
17749,ukpolitics,1
17750,ukpolitics,1
17751,ukpolitics,1
17752,ukpolitics,1
17753,ukpolitics,1
17754,ukpolitics,1
17755,ukpolitics,1
17756,ukpolitics,1
17757,ukpolitics,1
17758,ukpolitics,1
17759,ukpolitics,1
17760,ukpolitics,1
17761,ukpolitics,1
17762,ukpolitics,1
17763,ukpolitics,1
17764,ukpolitics,1
17765,ukpolitics,1
17766,ukpolitics,1
17767,ukpolitics,1
17768,ukpolitics,1
17769,ukpolitics,1
17770,ukpolitics,1
17771,ukpolitics,1
17772,ukpolitics,1
17773,ukpolitics,1
17774,ukpolitics,1
17775,ukpolitics,0
17776,ukpolitics,1
17777,ukpolitics,1
17778,ukpolitics,1
17779,ukpolitics,1
17780,ukpolitics,1
17781,ukpolitics,1
17782,ukpolitics,1
17783,ukpolitics,1
17784,ukpolitics,1
17785,ukpolitics,1
17786,ukpolitics,1
17787,ukpolitics,1
17788,ukpolitics,0
17789,ukpolitics,1
17790,ukpolitics,1
17791,ukpolitics,1
17792,ukpolitics,1
17793,ukpolitics,1
17794,ukpolitics,1
17795,ukpolitics,1
17796,ukpolitics,1
17797,ukpolitics,1
17798,ukpolitics,1
17799,ukpolitics,1
17800,ukpolitics,1
17801,ukpolitics,1
17802,ukpolitics,1
17803,ukpolitics,1
17804,ukpolitics,1
17805,ukpolitics,0
17806,ukpolitics,1
17807,ukpolitics,1
17808,ukpolitics,1
17809,ukpolitics,0
17810,ukpolitics,1
17811,ukpolitics,1
17812,ukpolitics,0
17813,ukpolitics,1
17814,ukpolitics,1
17815,ukpolitics,1
17816,ukpolitics,1
17817,ukpolitics,0
17818,ukpolitics,1
17819,ukpolitics,1
17820,ukpolitics,1
17821,ukpolitics,1
17822,ukpolitics,1
17823,ukpolitics,1
17824,ukpolitics,1
17825,ukpolitics,1
17826,ukpolitics,1
17827,ukpolitics,1
17828,ukpolitics,1
17829,ukpolitics,1
17830,ukpolitics,1
17831,ukpolitics,1
17832,ukpolitics,1
17833,ukpolitics,1
17834,ukpolitics,1
17835,ukpolitics,1
17836,ukpolitics,1
17837,ukpolitics,1
17838,ukpolitics,1
17839,ukpolitics,1
17840,ukpolitics,1
17841,ukpolitics,1
17842,ukpolitics,0
17843,ukpolitics,1
17844,ukpolitics,1
17845,ukpolitics,1
17846,ukpolitics,1
17847,ukpolitics,1
17848,ukpolitics,1
17849,ukpolitics,1
17850,ukpolitics,0
17851,ukpolitics,1
17852,ukpolitics,1
17853,ukpolitics,0
17854,ukpolitics,0
17855,ukpolitics,0
17856,ukpolitics,1
17857,ukpolitics,1
17858,ukpolitics,0
17859,ukpolitics,1
17860,ukpolitics,1
17861,ukpolitics,1
17862,ukpolitics,1
17863,ukpolitics,1
17864,ukpolitics,1
17865,ukpolitics,1
17866,ukpolitics,0
17867,ukpolitics,1
17868,ukpolitics,1
17869,ukpolitics,1
17870,ukpolitics,1
17871,ukpolitics,1
17872,ukpolitics,1
17873,ukpolitics,1
17874,ukpolitics,1
17875,ukpolitics,1
17876,ukpolitics,1
17877,ukpolitics,1
17878,ukpolitics,1
17879,ukpolitics,0
17880,ukpolitics,1
17881,ukpolitics,1
17882,ukpolitics,1
17883,ukpolitics,1
17884,ukpolitics,1
17885,ukpolitics,1
17886,ukpolitics,1
17887,ukpolitics,1
17888,ukpolitics,1
17889,ukpolitics,0
17890,ukpolitics,0
17891,ukpolitics,0
17892,ukpolitics,1
17893,ukpolitics,1
17894,ukpolitics,0
17895,ukpolitics,1
17896,ukpolitics,1
17897,ukpolitics,1
17898,ukpolitics,1
17899,ukpolitics,0
17900,ukpolitics,1
17901,ukpolitics,1
17902,ukpolitics,0
17903,ukpolitics,1
17904,ukpolitics,1
17905,ukpolitics,0
17906,ukpolitics,1
17907,ukpolitics,1
17908,ukpolitics,0
17909,ukpolitics,1
17910,ukpolitics,1
17911,ukpolitics,0
17912,ukpolitics,1
17913,ukpolitics,1
17914,ukpolitics,1
17915,ukpolitics,1
17916,ukpolitics,1
17917,ukpolitics,1
17918,ukpolitics,1
17919,ukpolitics,1
17920,ukpolitics,1
17921,ukpolitics,1
17922,ukpolitics,0
17923,ukpolitics,1
17924,ukpolitics,1
17925,ukpolitics,1
17926,ukpolitics,1
17927,ukpolitics,1
17928,ukpolitics,1
17929,ukpolitics,1
17930,ukpolitics,1
17931,ukpolitics,0
17932,ukpolitics,1
17933,ukpolitics,1
17934,ukpolitics,1
17935,ukpolitics,1
17936,ukpolitics,1
17937,ukpolitics,1
17938,ukpolitics,1
17939,ukpolitics,1
17940,ukpolitics,1
17941,ukpolitics,0
17942,ukpolitics,1
17943,ukpolitics,1
17944,ukpolitics,1
17945,ukpolitics,1
17946,ukpolitics,1
17947,ukpolitics,1
17948,ukpolitics,1
17949,ukpolitics,1
17950,ukpolitics,1
17951,ukpolitics,1
17952,ukpolitics,0
17953,ukpolitics,1
17954,ukpolitics,1
17955,ukpolitics,1
17956,ukpolitics,1
17957,ukpolitics,0
17958,ukpolitics,0
17959,ukpolitics,1
17960,ukpolitics,1
17961,ukpolitics,0
17962,ukpolitics,0
17963,ukpolitics,1
17964,ukpolitics,1
17965,ukpolitics,1
17966,ukpolitics,1
17967,ukpolitics,0
17968,ukpolitics,0
17969,ukpolitics,1
17970,ukpolitics,0
17971,ukpolitics,1
17972,ukpolitics,0
17973,ukpolitics,1
17974,ukpolitics,0
17975,ukpolitics,1
17976,ukpolitics,0
17977,ukpolitics,1
17978,ukpolitics,0
17979,ukpolitics,0
17980,ukpolitics,0
17981,ukpolitics,0
17982,ukpolitics,1
17983,ukpolitics,0
17984,ukpolitics,1
17985,ukpolitics,1
17986,ukpolitics,1
17987,ukpolitics,1
17988,ukpolitics,0
17989,ukpolitics,0
17990,ukpolitics,1
17991,ukpolitics,0
17992,ukpolitics,1
17993,ukpolitics,0
17994,ukpolitics,1
17995,ukpolitics,0
17996,ukpolitics,1
17997,ukpolitics,0
17998,ukpolitics,0
17999,ukpolitics,0
18000,ukpolitics,0
18001,ukpolitics,0
18002,ukpolitics,1
18003,ukpolitics,1
18004,ukpolitics,1
18005,ukpolitics,0
18006,ukpolitics,0
18007,ukpolitics,1
18008,ukpolitics,0
18009,ukpolitics,1
18010,ukpolitics,0
18011,ukpolitics,1
18012,ukpolitics,0
18013,ukpolitics,0
18014,ukpolitics,0
18015,ukpolitics,1
18016,ukpolitics,0
18017,ukpolitics,1
18018,ukpolitics,0
18019,ukpolitics,0
18020,ukpolitics,1
18021,ukpolitics,1
18022,ukpolitics,0
18023,ukpolitics,1
18024,ukpolitics,1
18025,ukpolitics,1
18026,ukpolitics,1
18027,ukpolitics,1
18028,ukpolitics,0
18029,ukpolitics,1
18030,ukpolitics,0
18031,ukpolitics,1
18032,ukpolitics,1
18033,ukpolitics,0
18034,ukpolitics,0
18035,ukpolitics,1
18036,ukpolitics,1
18037,ukpolitics,0
18038,ukpolitics,0
18039,ukpolitics,0
18040,ukpolitics,1
18041,ukpolitics,1
18042,ukpolitics,0
18043,ukpolitics,1
18044,ukpolitics,0
18045,ukpolitics,1
18046,ukpolitics,1
18047,ukpolitics,0
18048,ukpolitics,0
18049,ukpolitics,0
18050,ukpolitics,0
18051,ukpolitics,0
18052,ukpolitics,1
18053,ukpolitics,0
18054,ukpolitics,1
18055,ukpolitics,1
18056,ukpolitics,1
18057,ukpolitics,0
18058,ukpolitics,0
18059,ukpolitics,0
18060,ukpolitics,0
18061,ukpolitics,1
18062,ukpolitics,1
18063,ukpolitics,0
18064,ukpolitics,1
18065,ukpolitics,1
18066,ukpolitics,0
18067,ukpolitics,0
18068,ukpolitics,0
18069,ukpolitics,1
18070,ukpolitics,0
18071,ukpolitics,1
18072,ukpolitics,1
18073,ukpolitics,1
18074,ukpolitics,0
18075,ukpolitics,0
18076,ukpolitics,1
18077,ukpolitics,0
18078,ukpolitics,0
18079,ukpolitics,0
18080,ukpolitics,0
18081,ukpolitics,1
18082,ukpolitics,1
18083,ukpolitics,0
18084,ukpolitics,0
18085,ukpolitics,1
18086,ukpolitics,0
18087,ukpolitics,0
18088,ukpolitics,1
18089,ukpolitics,0
18090,ukpolitics,0
18091,ukpolitics,1
18092,ukpolitics,0
18093,ukpolitics,0
18094,ukpolitics,0
18095,ukpolitics,1
18096,ukpolitics,0
18097,ukpolitics,1
18098,ukpolitics,1
18099,ukpolitics,1
18100,ukpolitics,1
18101,ukpolitics,0
18102,ukpolitics,0
18103,ukpolitics,0
18104,ukpolitics,0
18105,ukpolitics,0
18106,ukpolitics,1
18107,ukpolitics,1
18108,ukpolitics,0
18109,ukpolitics,0
18110,ukpolitics,0
18111,ukpolitics,1
18112,ukpolitics,1
18113,ukpolitics,0
18114,ukpolitics,0
18115,ukpolitics,1
18116,ukpolitics,1
18117,ukpolitics,1
18118,ukpolitics,0
18119,ukpolitics,0
18120,ukpolitics,1
18121,ukpolitics,1
18122,ukpolitics,1
18123,ukpolitics,1
18124,ukpolitics,0
18125,ukpolitics,0
18126,ukpolitics,0
18127,ukpolitics,0
18128,ukpolitics,1
18129,ukpolitics,1
18130,ukpolitics,0
18131,ukpolitics,1
18132,ukpolitics,0
18133,ukpolitics,1
18134,ukpolitics,0
18135,ukpolitics,1
18136,ukpolitics,1
18137,ukpolitics,1
18138,ukpolitics,0
18139,ukpolitics,0
18140,ukpolitics,1
18141,ukpolitics,0
18142,ukpolitics,1
18143,ukpolitics,1
18144,ukpolitics,0
18145,ukpolitics,1
18146,ukpolitics,0
18147,ukpolitics,0
18148,ukpolitics,0
18149,ukpolitics,0
18150,ukpolitics,0
18151,ukpolitics,0
18152,ukpolitics,0
18153,ukpolitics,0
18154,ukpolitics,0
18155,ukpolitics,1
18156,ukpolitics,0
18157,ukpolitics,1
18158,ukpolitics,0
18159,ukpolitics,0
18160,ukpolitics,1
18161,ukpolitics,0
18162,ukpolitics,1
18163,ukpolitics,0
18164,ukpolitics,0
18165,ukpolitics,0
18166,ukpolitics,1
18167,ukpolitics,1
18168,ukpolitics,1
18169,ukpolitics,1
18170,ukpolitics,1
18171,ukpolitics,1
18172,ukpolitics,1
18173,ukpolitics,0
18174,ukpolitics,0
18175,ukpolitics,0
18176,ukpolitics,0
18177,ukpolitics,1
18178,ukpolitics,1
18179,ukpolitics,1
18180,ukpolitics,0
18181,ukpolitics,1
18182,ukpolitics,0
18183,ukpolitics,0
18184,ukpolitics,1
18185,ukpolitics,0
18186,ukpolitics,0
18187,ukpolitics,0
18188,ukpolitics,1
18189,ukpolitics,0
18190,ukpolitics,0
18191,ukpolitics,0
18192,ukpolitics,1
18193,UnitedKingdom,0
18194,UnitedKingdom,1
18195,UnitedKingdom,0
18196,UnitedKingdom,1
18197,UnitedKingdom,1
18198,UnitedKingdom,0
18199,UnitedKingdom,0
18200,UnitedKingdom,0
18201,UnitedKingdom,0
18202,UnitedKingdom,1
18203,UnitedKingdom,0
18204,UnitedKingdom,0
18205,UnitedKingdom,0
18206,UnitedKingdom,1
18207,UnitedKingdom,0
18208,UnitedKingdom,0
18209,UnitedKingdom,0
18210,UnitedKingdom,0
18211,UnitedKingdom,0
18212,UnitedKingdom,0
18213,UnitedKingdom,1
18214,UnitedKingdom,0
18215,UnitedKingdom,0
18216,UnitedKingdom,0
18217,UnitedKingdom,0
18218,UnitedKingdom,0
18219,UnitedKingdom,0
18220,UnitedKingdom,1
18221,UnitedKingdom,1
18222,UnitedKingdom,0
18223,UnitedKingdom,0
18224,UnitedKingdom,1
18225,UnitedKingdom,1
18226,UnitedKingdom,1
18227,UnitedKingdom,1
18228,UnitedKingdom,1
18229,UnitedKingdom,1
18230,UnitedKingdom,0
18231,UnitedKingdom,0
18232,UnitedKingdom,0
18233,UnitedKingdom,0
18234,UnitedKingdom,0
18235,UnitedKingdom,0
18236,UnitedKingdom,0
18237,UnitedKingdom,0
18238,UnitedKingdom,1
18239,UnitedKingdom,1
18240,UnitedKingdom,1
18241,UnitedKingdom,0
18242,UnitedKingdom,0
18243,UnitedKingdom,0
18244,UnitedKingdom,0
18245,UnitedKingdom,0
18246,UnitedKingdom,0
18247,UnitedKingdom,0
18248,UnitedKingdom,0
18249,UnitedKingdom,0
18250,UnitedKingdom,0
18251,UnitedKingdom,0
18252,UnitedKingdom,0
18253,UnitedKingdom,0
18254,UnitedKingdom,0
18255,UnitedKingdom,0
18256,UnitedKingdom,0
18257,UnitedKingdom,0
18258,UnitedKingdom,0
18259,UnitedKingdom,0
18260,UnitedKingdom,0
18261,UnitedKingdom,1
18262,UnitedKingdom,0
18263,UnitedKingdom,0
18264,UnitedKingdom,0
18265,UnitedKingdom,0
18266,UnitedKingdom,0
18267,UnitedKingdom,0
18268,UnitedKingdom,0
18269,UnitedKingdom,0
18270,UnitedKingdom,0
18271,UnitedKingdom,0
18272,UnitedKingdom,0
18273,UnitedKingdom,0
18274,UnitedKingdom,0
18275,UnitedKingdom,0
18276,UnitedKingdom,0
18277,UnitedKingdom,0
18278,UnitedKingdom,1
18279,UnitedKingdom,1
18280,UnitedKingdom,0
18281,UnitedKingdom,0
18282,UnitedKingdom,0
18283,UnitedKingdom,0
18284,UnitedKingdom,0
18285,UnitedKingdom,0
18286,UnitedKingdom,0
18287,UnitedKingdom,0
18288,UnitedKingdom,0
18289,UnitedKingdom,0
18290,UnitedKingdom,0
18291,UnitedKingdom,0
18292,UnitedKingdom,0
18293,UnitedKingdom,0
18294,UnitedKingdom,0
18295,UnitedKingdom,0
18296,UnitedKingdom,0
18297,UnitedKingdom,0
18298,UnitedKingdom,0
18299,UnitedKingdom,0
18300,UnitedKingdom,0
18301,UnitedKingdom,0
18302,UnitedKingdom,0
18303,UnitedKingdom,0
18304,UnitedKingdom,0
18305,UnitedKingdom,0
18306,UnitedKingdom,0
18307,UnitedKingdom,0
18308,UnitedKingdom,0
18309,UnitedKingdom,0
18310,UnitedKingdom,0
18311,UnitedKingdom,0
18312,UnitedKingdom,0
18313,UnitedKingdom,0
18314,UnitedKingdom,0
18315,UnitedKingdom,0
18316,UnitedKingdom,0
18317,UnitedKingdom,0
18318,UnitedKingdom,0
18319,UnitedKingdom,0
18320,UnitedKingdom,0
18321,UnitedKingdom,0
18322,UnitedKingdom,0
18323,UnitedKingdom,0
18324,UnitedKingdom,0
18325,UnitedKingdom,0
18326,UnitedKingdom,0
18327,UnitedKingdom,0
18328,UnitedKingdom,0
18329,UnitedKingdom,0
18330,UnitedKingdom,0
18331,UnitedKingdom,0
18332,UnitedKingdom,0
18333,UnitedKingdom,0
18334,UnitedKingdom,0
18335,UnitedKingdom,0
18336,UnitedKingdom,0
18337,UnitedKingdom,0
18338,UnitedKingdom,0
18339,UnitedKingdom,0
18340,UnitedKingdom,0
18341,UnitedKingdom,0
18342,UnitedKingdom,0
18343,UnitedKingdom,0
18344,UnitedKingdom,0
18345,UnitedKingdom,0
18346,UnitedKingdom,0
18347,UnitedKingdom,0
18348,UnitedKingdom,0
18349,UnitedKingdom,0
18350,UnitedKingdom,0
18351,UnitedKingdom,0
18352,UnitedKingdom,0
18353,UnitedKingdom,0
18354,UnitedKingdom,0
18355,UnitedKingdom,0
18356,UnitedKingdom,0
18357,UnitedKingdom,0
18358,UnitedKingdom,0
18359,UnitedKingdom,0
18360,UnitedKingdom,0
18361,UnitedKingdom,0
18362,UnitedKingdom,0
18363,UnitedKingdom,0
18364,UnitedKingdom,0
18365,UnitedKingdom,0
18366,UnitedKingdom,0
18367,UnitedKingdom,0
18368,UnitedKingdom,0
18369,UnitedKingdom,0
18370,UnitedKingdom,0
18371,UnitedKingdom,0
18372,UnitedKingdom,0
18373,UnitedKingdom,0
18374,UnitedKingdom,0
18375,UnitedKingdom,0
18376,UnitedKingdom,0
18377,UnitedKingdom,0
18378,UnitedKingdom,0
18379,UnitedKingdom,0
18380,UnitedKingdom,0
18381,UnitedKingdom,0
18382,UnitedKingdom,0
18383,UnitedKingdom,1
18384,UnitedKingdom,0
18385,UnitedKingdom,0
18386,UnitedKingdom,1
18387,UnitedKingdom,0
18388,UnitedKingdom,0
18389,UnitedKingdom,0
18390,UnitedKingdom,0
18391,UnitedKingdom,0
18392,UnitedKingdom,0
18393,UnitedKingdom,0
18394,UnitedKingdom,0
18395,UnitedKingdom,0
18396,UnitedKingdom,0
18397,UnitedKingdom,0
18398,UnitedKingdom,0
18399,UnitedKingdom,0
18400,UnitedKingdom,0
18401,UnitedKingdom,0
18402,UnitedKingdom,0
18403,UnitedKingdom,0
18404,UnitedKingdom,0
18405,UnitedKingdom,0
18406,UnitedKingdom,0
18407,UnitedKingdom,0
18408,UnitedKingdom,0
18409,UnitedKingdom,0
18410,UnitedKingdom,0
18411,UnitedKingdom,0
18412,UnitedKingdom,0
18413,UnitedKingdom,0
18414,UnitedKingdom,0
18415,UnitedKingdom,0
18416,UnitedKingdom,0
18417,UnitedKingdom,0
18418,UnitedKingdom,0
18419,UnitedKingdom,0
18420,UnitedKingdom,0
18421,UnitedKingdom,0
18422,UnitedKingdom,0
18423,UnitedKingdom,0
18424,UnitedKingdom,0
18425,UnitedKingdom,0
18426,UnitedKingdom,0
18427,UnitedKingdom,0
18428,UnitedKingdom,0
18429,UnitedKingdom,1
18430,UnitedKingdom,0
18431,UnitedKingdom,0
18432,UnitedKingdom,0
18433,UnitedKingdom,0
18434,UnitedKingdom,0
18435,UnitedKingdom,0
18436,UnitedKingdom,0
18437,UnitedKingdom,0
18438,UnitedKingdom,0
18439,UnitedKingdom,0
18440,UnitedKingdom,0
18441,UnitedKingdom,0
18442,UnitedKingdom,0
18443,UnitedKingdom,0
18444,UnitedKingdom,0
18445,UnitedKingdom,0
18446,UnitedKingdom,0
18447,UnitedKingdom,0
18448,UnitedKingdom,0
18449,UnitedKingdom,0
18450,UnitedKingdom,0
18451,UnitedKingdom,0
18452,UnitedKingdom,0
18453,UnitedKingdom,0
18454,UnitedKingdom,0
18455,UnitedKingdom,0
18456,UnitedKingdom,0
18457,UnitedKingdom,0
18458,UnitedKingdom,0
18459,UnitedKingdom,0
18460,UnitedKingdom,0
18461,UnitedKingdom,0
18462,UnitedKingdom,0
18463,UnitedKingdom,0
18464,UnitedKingdom,0
18465,UnitedKingdom,0
18466,UnitedKingdom,1
18467,UnitedKingdom,0
18468,UnitedKingdom,0
18469,UnitedKingdom,0
18470,UnitedKingdom,0
18471,UnitedKingdom,0
18472,UnitedKingdom,0
18473,UnitedKingdom,0
18474,UnitedKingdom,0
18475,UnitedKingdom,0
18476,UnitedKingdom,0
18477,UnitedKingdom,0
18478,UnitedKingdom,0
18479,UnitedKingdom,0
18480,UnitedKingdom,0
18481,UnitedKingdom,0
18482,UnitedKingdom,0
18483,UnitedKingdom,0
18484,UnitedKingdom,0
18485,UnitedKingdom,0
18486,UnitedKingdom,0
18487,UnitedKingdom,0
18488,UnitedKingdom,0
18489,UnitedKingdom,0
18490,UnitedKingdom,0
18491,UnitedKingdom,0
18492,UnitedKingdom,0
18493,UnitedKingdom,0
18494,UnitedKingdom,0
18495,UnitedKingdom,0
18496,UnitedKingdom,0
18497,UnitedKingdom,0
18498,UnitedKingdom,0
18499,UnitedKingdom,0
18500,UnitedKingdom,0
18501,UnitedKingdom,0
18502,UnitedKingdom,0
18503,UnitedKingdom,1
18504,UnitedKingdom,0
18505,UnitedKingdom,0
18506,UnitedKingdom,0
18507,UnitedKingdom,0
18508,UnitedKingdom,0
18509,UnitedKingdom,1
18510,UnitedKingdom,0
18511,UnitedKingdom,0
18512,UnitedKingdom,0
18513,UnitedKingdom,0
18514,UnitedKingdom,0
18515,UnitedKingdom,0
18516,UnitedKingdom,0
18517,UnitedKingdom,0
18518,UnitedKingdom,0
18519,UnitedKingdom,0
18520,UnitedKingdom,0
18521,UnitedKingdom,0
18522,UnitedKingdom,0
18523,UnitedKingdom,0
18524,UnitedKingdom,0
18525,UnitedKingdom,0
18526,UnitedKingdom,0
18527,UnitedKingdom,0
18528,UnitedKingdom,0
18529,UnitedKingdom,0
18530,UnitedKingdom,0
18531,UnitedKingdom,0
18532,UnitedKingdom,0
18533,UnitedKingdom,0
18534,UnitedKingdom,0
18535,UnitedKingdom,0
18536,UnitedKingdom,0
18537,UnitedKingdom,0
18538,UnitedKingdom,0
18539,UnitedKingdom,0
18540,UnitedKingdom,0
18541,UnitedKingdom,0
18542,UnitedKingdom,0
18543,UnitedKingdom,0
18544,UnitedKingdom,0
18545,UnitedKingdom,0
18546,UnitedKingdom,0
18547,UnitedKingdom,0
18548,UnitedKingdom,0
18549,UnitedKingdom,0
18550,UnitedKingdom,0
18551,UnitedKingdom,0
18552,UnitedKingdom,0
18553,UnitedKingdom,0
18554,UnitedKingdom,0
18555,UnitedKingdom,0
18556,UnitedKingdom,0
18557,UnitedKingdom,0
18558,UnitedKingdom,0
18559,UnitedKingdom,0
18560,UnitedKingdom,0
18561,UnitedKingdom,0
18562,UnitedKingdom,0
18563,UnitedKingdom,0
18564,UnitedKingdom,0
18565,UnitedKingdom,0
18566,UnitedKingdom,0
18567,UnitedKingdom,0
18568,UnitedKingdom,0
18569,UnitedKingdom,0
18570,UnitedKingdom,1
18571,UnitedKingdom,1
18572,UnitedKingdom,0
18573,UnitedKingdom,0
18574,UnitedKingdom,0
18575,UnitedKingdom,0
18576,UnitedKingdom,0
18577,UnitedKingdom,0
18578,UnitedKingdom,0
18579,UnitedKingdom,0
18580,UnitedKingdom,0
18581,UnitedKingdom,0
18582,UnitedKingdom,0
18583,UnitedKingdom,0
18584,UnitedKingdom,0
18585,UnitedKingdom,0
18586,UnitedKingdom,0
18587,UnitedKingdom,0
18588,UnitedKingdom,0
18589,UnitedKingdom,0
18590,UnitedKingdom,0
18591,UnitedKingdom,0
18592,UnitedKingdom,0
18593,UnitedKingdom,0
18594,UnitedKingdom,0
18595,UnitedKingdom,0
18596,UnitedKingdom,0
18597,UnitedKingdom,0
18598,UnitedKingdom,0
18599,UnitedKingdom,0
18600,UnitedKingdom,0
18601,UnitedKingdom,0
18602,UnitedKingdom,0
18603,UnitedKingdom,0
18604,UnitedKingdom,0
18605,UnitedKingdom,0
18606,UnitedKingdom,0
18607,UnitedKingdom,0
18608,UnitedKingdom,0
18609,UnitedKingdom,0
18610,UnitedKingdom,0
18611,UnitedKingdom,0
18612,UnitedKingdom,0
18613,UnitedKingdom,0
18614,UnitedKingdom,0
18615,UnitedKingdom,0
18616,UnitedKingdom,0
18617,UnitedKingdom,0
18618,UnitedKingdom,0
18619,UnitedKingdom,0
18620,UnitedKingdom,0
18621,UnitedKingdom,0
18622,UnitedKingdom,0
18623,UnitedKingdom,0
18624,UnitedKingdom,0
18625,UnitedKingdom,0
18626,UnitedKingdom,0
18627,UnitedKingdom,0
18628,UnitedKingdom,0
18629,UnitedKingdom,0
18630,UnitedKingdom,0
18631,UnitedKingdom,0
18632,UnitedKingdom,0
18633,UnitedKingdom,0
18634,UnitedKingdom,0
18635,UnitedKingdom,0
18636,UnitedKingdom,0
18637,UnitedKingdom,0
18638,UnitedKingdom,0
18639,UnitedKingdom,0
18640,UnitedKingdom,0
18641,UnitedKingdom,0
18642,UnitedKingdom,0
18643,UnitedKingdom,0
18644,UnitedKingdom,0
18645,UnitedKingdom,0
18646,UnitedKingdom,0
18647,UnitedKingdom,0
18648,UnitedKingdom,0
18649,UnitedKingdom,0
18650,UnitedKingdom,0
18651,UnitedKingdom,0
18652,UnitedKingdom,0
18653,UnitedKingdom,0
18654,UnitedKingdom,0
18655,UnitedKingdom,0
18656,UnitedKingdom,0
18657,UnitedKingdom,1
18658,UnitedKingdom,0
18659,UnitedKingdom,0
18660,UnitedKingdom,0
18661,UnitedKingdom,0
18662,UnitedKingdom,0
18663,UnitedKingdom,0
18664,UnitedKingdom,0
18665,UnitedKingdom,0
18666,UnitedKingdom,1
18667,UnitedKingdom,0
18668,UnitedKingdom,0
18669,UnitedKingdom,0
18670,UnitedKingdom,0
18671,UnitedKingdom,0
18672,UnitedKingdom,0
18673,UnitedKingdom,0
18674,UnitedKingdom,0
18675,UnitedKingdom,0
18676,UnitedKingdom,0
18677,UnitedKingdom,0
18678,UnitedKingdom,0
18679,UnitedKingdom,0
18680,UnitedKingdom,1
18681,UnitedKingdom,0
18682,UnitedKingdom,0
18683,UnitedKingdom,0
18684,UnitedKingdom,0
18685,UnitedKingdom,0
18686,UnitedKingdom,0
18687,UnitedKingdom,0
18688,UnitedKingdom,0
18689,UnitedKingdom,0
18690,UnitedKingdom,0
18691,UnitedKingdom,0
18692,UnitedKingdom,0
18693,UnitedKingdom,0
18694,UnitedKingdom,0
18695,UnitedKingdom,0
18696,UnitedKingdom,0
18697,UnitedKingdom,0
18698,UnitedKingdom,0
18699,UnitedKingdom,0
18700,UnitedKingdom,0
18701,UnitedKingdom,0
18702,UnitedKingdom,0
18703,UnitedKingdom,0
18704,UnitedKingdom,0
18705,UnitedKingdom,0
18706,UnitedKingdom,0
18707,UnitedKingdom,0
18708,UnitedKingdom,0
18709,UnitedKingdom,0
18710,UnitedKingdom,0
18711,UnitedKingdom,0
18712,UnitedKingdom,0
18713,UnitedKingdom,0
18714,UnitedKingdom,0
18715,UnitedKingdom,0
18716,UnitedKingdom,0
18717,UnitedKingdom,0
18718,UnitedKingdom,0
18719,UnitedKingdom,0
18720,UnitedKingdom,0
18721,UnitedKingdom,0
18722,UnitedKingdom,0
18723,UnitedKingdom,0
18724,UnitedKingdom,1
18725,UnitedKingdom,0
18726,UnitedKingdom,0
18727,UnitedKingdom,0
18728,UnitedKingdom,0
18729,UnitedKingdom,0
18730,UnitedKingdom,0
18731,UnitedKingdom,0
18732,UnitedKingdom,0
18733,UnitedKingdom,0
18734,UnitedKingdom,0
18735,UnitedKingdom,0
18736,UnitedKingdom,0
18737,UnitedKingdom,0
18738,UnitedKingdom,0
18739,UnitedKingdom,0
18740,UnitedKingdom,0
18741,UnitedKingdom,0
18742,UnitedKingdom,0
18743,UnitedKingdom,0
18744,UnitedKingdom,0
18745,UnitedKingdom,0
18746,UnitedKingdom,0
18747,UnitedKingdom,0
18748,UnitedKingdom,0
18749,UnitedKingdom,0
18750,UnitedKingdom,0
18751,UnitedKingdom,0
18752,UnitedKingdom,1
18753,UnitedKingdom,0
18754,UnitedKingdom,0
18755,UnitedKingdom,0
18756,UnitedKingdom,0
18757,UnitedKingdom,0
18758,UnitedKingdom,0
18759,UnitedKingdom,0
18760,UnitedKingdom,0
18761,UnitedKingdom,0
18762,UnitedKingdom,0
18763,UnitedKingdom,0
18764,UnitedKingdom,0
18765,UnitedKingdom,0
18766,UnitedKingdom,0
18767,UnitedKingdom,1
18768,UnitedKingdom,1
18769,UnitedKingdom,0
18770,UnitedKingdom,0
18771,UnitedKingdom,0
18772,UnitedKingdom,0
18773,UnitedKingdom,0
18774,UnitedKingdom,0
18775,UnitedKingdom,0
18776,UnitedKingdom,0
18777,UnitedKingdom,0
18778,UnitedKingdom,0
18779,UnitedKingdom,0
18780,UnitedKingdom,1
18781,UnitedKingdom,0
18782,UnitedKingdom,0
18783,UnitedKingdom,0
18784,UnitedKingdom,0
18785,UnitedKingdom,0
18786,UnitedKingdom,0
18787,UnitedKingdom,0
18788,UnitedKingdom,0
18789,UnitedKingdom,0
18790,UnitedKingdom,0
18791,UnitedKingdom,0
18792,UnitedKingdom,0
18793,UnitedKingdom,0
18794,UnitedKingdom,0
18795,UnitedKingdom,0
18796,UnitedKingdom,0
18797,UnitedKingdom,0
18798,UnitedKingdom,0
18799,UnitedKingdom,1
18800,UnitedKingdom,0
18801,UnitedKingdom,1
18802,UnitedKingdom,0
18803,UnitedKingdom,0
18804,UnitedKingdom,0
18805,UnitedKingdom,0
18806,UnitedKingdom,1
18807,UnitedKingdom,0
18808,UnitedKingdom,0
18809,UnitedKingdom,0
18810,UnitedKingdom,0
18811,UnitedKingdom,0
18812,UnitedKingdom,0
18813,UnitedKingdom,1
18814,UnitedKingdom,1
18815,UnitedKingdom,0
18816,UnitedKingdom,0
18817,UnitedKingdom,0
18818,UnitedKingdom,1
18819,UnitedKingdom,0
18820,UnitedKingdom,0
18821,UnitedKingdom,1
18822,UnitedKingdom,0
18823,UnitedKingdom,0
18824,UnitedKingdom,1
18825,UnitedKingdom,0
18826,UnitedKingdom,0
18827,UnitedKingdom,0
18828,UnitedKingdom,1
18829,UnitedKingdom,0
18830,UnitedKingdom,0
18831,UnitedKingdom,0
18832,UnitedKingdom,0
18833,UnitedKingdom,0
18834,UnitedKingdom,0
18835,UnitedKingdom,0
18836,UnitedKingdom,0
18837,UnitedKingdom,0
18838,UnitedKingdom,1
18839,UnitedKingdom,1
18840,UnitedKingdom,0
18841,UnitedKingdom,0
18842,UnitedKingdom,1
18843,UnitedKingdom,1
18844,UnitedKingdom,0
18845,UnitedKingdom,0
18846,UnitedKingdom,0
18847,UnitedKingdom,0
18848,UnitedKingdom,0
18849,UnitedKingdom,0
18850,UnitedKingdom,1
18851,UnitedKingdom,0
18852,UnitedKingdom,1
18853,UnitedKingdom,0
18854,UnitedKingdom,0
18855,UnitedKingdom,0
18856,UnitedKingdom,0
18857,UnitedKingdom,0
18858,UnitedKingdom,0
18859,UnitedKingdom,1
18860,UnitedKingdom,0
18861,UnitedKingdom,0
18862,UnitedKingdom,0
18863,UnitedKingdom,0
18864,UnitedKingdom,0
18865,UnitedKingdom,0
18866,UnitedKingdom,0
18867,UnitedKingdom,1
18868,UnitedKingdom,0
18869,UnitedKingdom,0
18870,UnitedKingdom,1
18871,UnitedKingdom,1
18872,UnitedKingdom,1
18873,UnitedKingdom,0
18874,UnitedKingdom,1
18875,UnitedKingdom,0
18876,UnitedKingdom,0
18877,UnitedKingdom,0
18878,UnitedKingdom,0
18879,UnitedKingdom,0
18880,UnitedKingdom,0
18881,UnitedKingdom,0
18882,UnitedKingdom,0
18883,UnitedKingdom,0
18884,UnitedKingdom,0
18885,UnitedKingdom,1
18886,UnitedKingdom,0
18887,UnitedKingdom,0
18888,UnitedKingdom,1
18889,UnitedKingdom,1
18890,UnitedKingdom,0
18891,UnitedKingdom,0
18892,UnitedKingdom,0
18893,UnitedKingdom,0
18894,UnitedKingdom,0
18895,UnitedKingdom,0
18896,UnitedKingdom,1
18897,UnitedKingdom,0
18898,UnitedKingdom,0
18899,UnitedKingdom,0
18900,UnitedKingdom,0
18901,UnitedKingdom,0
18902,UnitedKingdom,0
18903,UnitedKingdom,0
18904,UnitedKingdom,0
18905,UnitedKingdom,0
18906,UnitedKingdom,0
18907,UnitedKingdom,0
18908,UnitedKingdom,1
18909,UnitedKingdom,1
18910,UnitedKingdom,1
18911,UnitedKingdom,0
18912,UnitedKingdom,1
18913,UnitedKingdom,1
18914,UnitedKingdom,0
18915,UnitedKingdom,0
18916,UnitedKingdom,0
18917,UnitedKingdom,0
18918,UnitedKingdom,0
18919,UnitedKingdom,0
18920,UnitedKingdom,0
18921,UnitedKingdom,0
18922,UnitedKingdom,0
18923,UnitedKingdom,1
18924,UnitedKingdom,0
18925,UnitedKingdom,0
18926,UnitedKingdom,1
18927,UnitedKingdom,1
18928,UnitedKingdom,1
18929,UnitedKingdom,1
18930,UnitedKingdom,1
18931,UnitedKingdom,1
18932,UnitedKingdom,1
18933,UnitedKingdom,1
18934,UnitedKingdom,0
18935,UnitedKingdom,0
18936,UnitedKingdom,1
18937,UnitedKingdom,1
18938,UnitedKingdom,1
18939,UnitedKingdom,1
18940,UnitedKingdom,0
18941,UnitedKingdom,1
18942,UnitedKingdom,1
18943,UnitedKingdom,0
18944,UnitedKingdom,1
18945,UnitedKingdom,0
18946,UnitedKingdom,0
18947,UnitedKingdom,0
18948,UnitedKingdom,0
18949,UnitedKingdom,1
18950,UnitedKingdom,0
18951,UnitedKingdom,1
18952,UnitedKingdom,1
18953,UnitedKingdom,1
18954,UnitedKingdom,1
18955,UnitedKingdom,1
18956,UnitedKingdom,1
18957,UnitedKingdom,0
18958,UnitedKingdom,0
18959,UnitedKingdom,0
18960,UnitedKingdom,0
18961,UnitedKingdom,0
18962,UnitedKingdom,0
18963,UnitedKingdom,0
18964,UnitedKingdom,1
18965,UnitedKingdom,0
18966,UnitedKingdom,1
18967,UnitedKingdom,1
18968,UnitedKingdom,0
18969,UnitedKingdom,0
18970,UnitedKingdom,0
18971,UnitedKingdom,0
18972,UnitedKingdom,0
18973,UnitedKingdom,0
18974,UnitedKingdom,0
18975,UnitedKingdom,0
18976,UnitedKingdom,1
18977,UnitedKingdom,0
18978,UnitedKingdom,0
18979,UnitedKingdom,0
18980,UnitedKingdom,0
18981,UnitedKingdom,1
18982,UnitedKingdom,0
18983,UnitedKingdom,0
18984,UnitedKingdom,0
18985,UnitedKingdom,1
18986,UnitedKingdom,1
18987,UnitedKingdom,1
18988,UnitedKingdom,1
18989,UnitedKingdom,0
18990,UnitedKingdom,1
18991,UnitedKingdom,0
18992,UnitedKingdom,1
18993,UnitedKingdom,1
18994,UnitedKingdom,1
18995,UnitedKingdom,1
18996,UnitedKingdom,1
18997,UnitedKingdom,1
18998,UnitedKingdom,1
18999,UnitedKingdom,1
19000,UnitedKingdom,0
19001,UnitedKingdom,0
19002,UnitedKingdom,0
19003,UnitedKingdom,0
19004,UnitedKingdom,0
19005,UnitedKingdom,0
19006,UnitedKingdom,0
19007,UnitedKingdom,0
19008,UnitedKingdom,0
19009,UnitedKingdom,0
19010,UnitedKingdom,0
19011,UnitedKingdom,0
19012,UnitedKingdom,0
19013,UnitedKingdom,1
19014,UnitedKingdom,1
19015,UnitedKingdom,0
19016,UnitedKingdom,0
19017,UnitedKingdom,0
19018,UnitedKingdom,0
19019,UnitedKingdom,0
19020,UnitedKingdom,0
19021,UnitedKingdom,0
19022,UnitedKingdom,0
19023,UnitedKingdom,1
19024,UnitedKingdom,0
19025,UnitedKingdom,0
19026,UnitedKingdom,0
19027,UnitedKingdom,0
19028,UnitedKingdom,0
19029,UnitedKingdom,0
19030,UnitedKingdom,0
19031,UnitedKingdom,0
19032,UnitedKingdom,0
19033,UnitedKingdom,0
19034,UnitedKingdom,1
19035,UnitedKingdom,1
19036,UnitedKingdom,1
19037,UnitedKingdom,0
19038,UnitedKingdom,0
19039,UnitedKingdom,0
19040,UnitedKingdom,1
19041,UnitedKingdom,1
19042,UnitedKingdom,1
19043,UnitedKingdom,1
19044,UnitedKingdom,1
19045,UnitedKingdom,0
19046,UnitedKingdom,0
19047,UnitedKingdom,0
19048,UnitedKingdom,1
19049,UnitedKingdom,1
19050,UnitedKingdom,0
19051,UnitedKingdom,0
19052,UnitedKingdom,1
19053,UnitedKingdom,0
19054,UnitedKingdom,0
19055,UnitedKingdom,0
19056,UnitedKingdom,0
19057,UnitedKingdom,1
19058,UnitedKingdom,1
19059,UnitedKingdom,1
19060,UnitedKingdom,0
19061,UnitedKingdom,1
19062,UnitedKingdom,1
19063,UnitedKingdom,1
19064,UnitedKingdom,1
19065,UnitedKingdom,0
19066,UnitedKingdom,1
19067,UnitedKingdom,0
19068,UnitedKingdom,0
19069,UnitedKingdom,0
19070,UnitedKingdom,1
19071,UnitedKingdom,0
19072,UnitedKingdom,0
19073,UnitedKingdom,0
19074,UnitedKingdom,0
19075,UnitedKingdom,0
19076,UnitedKingdom,1
19077,UnitedKingdom,0
19078,UnitedKingdom,0
19079,UnitedKingdom,0
19080,UnitedKingdom,0
19081,UnitedKingdom,0
19082,UnitedKingdom,0
19083,UnitedKingdom,0
19084,UnitedKingdom,0
19085,UnitedKingdom,0
19086,UnitedKingdom,0
19087,UnitedKingdom,0
19088,UnitedKingdom,1
19089,UnitedKingdom,0
19090,UnitedKingdom,0
19091,UnitedKingdom,1
19092,UnitedKingdom,0
19093,UnitedKingdom,1
19094,UnitedKingdom,0
19095,UnitedKingdom,1
19096,UnitedKingdom,0
19097,UnitedKingdom,0
19098,UnitedKingdom,0
19099,UnitedKingdom,0
19100,UnitedKingdom,0
19101,UnitedKingdom,0
19102,UnitedKingdom,0
19103,UnitedKingdom,0
19104,UnitedKingdom,0
19105,UnitedKingdom,0
19106,UnitedKingdom,0
19107,UnitedKingdom,0
19108,UnitedKingdom,0
19109,UnitedKingdom,1
19110,UnitedKingdom,0
19111,UnitedKingdom,0
19112,UnitedKingdom,0
19113,UnitedKingdom,1
19114,UnitedKingdom,0
19115,UnitedKingdom,0
19116,UnitedKingdom,1
19117,UnitedKingdom,1
19118,UnitedKingdom,0
19119,UnitedKingdom,0
19120,UnitedKingdom,0
19121,UnitedKingdom,1
19122,UnitedKingdom,0
19123,UnitedKingdom,1
19124,UnitedKingdom,0
19125,UnitedKingdom,1
19126,UnitedKingdom,0
19127,UnitedKingdom,0
19128,UnitedKingdom,0
19129,UnitedKingdom,1
19130,UnitedKingdom,0
19131,UnitedKingdom,1
19132,UnitedKingdom,1
19133,UnitedKingdom,1
19134,UnitedKingdom,0
19135,UnitedKingdom,1
19136,UnitedKingdom,1
19137,UnitedKingdom,0
19138,UnitedKingdom,0
19139,UnitedKingdom,1
19140,UnitedKingdom,1
19141,UnitedKingdom,0
19142,UnitedKingdom,0
19143,UnitedKingdom,0
19144,UnitedKingdom,1
19145,UnitedKingdom,0
19146,UnitedKingdom,0
19147,UnitedKingdom,0
19148,UnitedKingdom,0
19149,UnitedKingdom,1
19150,UnitedKingdom,0
19151,UnitedKingdom,0
19152,UnitedKingdom,0
19153,UnitedKingdom,0
19154,UnitedKingdom,1
19155,UnitedKingdom,1
19156,UnitedKingdom,1
19157,UnitedKingdom,0
19158,UnitedKingdom,0
19159,UnitedKingdom,0
19160,UnitedKingdom,1
19161,UnitedKingdom,0
19162,UnitedKingdom,1
19163,UnitedKingdom,0
19164,UnitedKingdom,1
19165,UnitedKingdom,1
19166,UnitedKingdom,1
19167,UnitedKingdom,0
19168,UnitedKingdom,1
19169,UnitedKingdom,0
19170,UnitedKingdom,0
19171,UnitedKingdom,0
19172,UnitedKingdom,0
19173,UnitedKingdom,0
19174,UnitedKingdom,1
19175,UnitedKingdom,0
19176,UnitedKingdom,0
19177,UnitedKingdom,1
19178,UnitedKingdom,1
19179,UnitedKingdom,1
19180,UnitedKingdom,1
19181,UnitedKingdom,1
19182,UnitedKingdom,0
19183,UnitedKingdom,0
19184,UnitedKingdom,0
19185,UnitedKingdom,0
19186,UnitedKingdom,1
19187,UnitedKingdom,1
19188,UnitedKingdom,1
19189,UnitedKingdom,0
19190,UnitedKingdom,1
19191,UnitedKingdom,1
19192,UnitedKingdom,1
19193,UnitedKingdom,0
19194,UnitedKingdom,0
19195,UnitedKingdom,1
19196,UnitedKingdom,1
19197,UnitedKingdom,1
19198,UnitedKingdom,0
19199,UnitedKingdom,1
19200,UnitedKingdom,0
19201,UnitedKingdom,0
19202,UnitedKingdom,0
19203,UnitedKingdom,0
19204,UnitedKingdom,0
19205,UnitedKingdom,0
19206,UnitedKingdom,0
19207,UnitedKingdom,0
19208,UnitedKingdom,1
19209,UnitedKingdom,0
19210,UnitedKingdom,0
19211,UnitedKingdom,0
19212,UnitedKingdom,1
19213,UnitedKingdom,0
19214,UnitedKingdom,1
19215,UnitedKingdom,1
19216,UnitedKingdom,0
19217,UnitedKingdom,0
19218,UnitedKingdom,0
19219,UnitedKingdom,0
19220,UnitedKingdom,1
19221,UnitedKingdom,0
19222,UnitedKingdom,0
19223,UnitedKingdom,0
19224,UnitedKingdom,1
19225,UnitedKingdom,1
19226,UnitedKingdom,0
19227,UnitedKingdom,0
19228,UnitedKingdom,0
19229,UnitedKingdom,0
19230,UnitedKingdom,0
19231,UnitedKingdom,0
19232,UnitedKingdom,0
19233,UnitedKingdom,1
19234,UnitedKingdom,1
19235,UnitedKingdom,1
19236,UnitedKingdom,0
19237,UnitedKingdom,0
19238,UnitedKingdom,0
19239,UnitedKingdom,0
19240,UnitedKingdom,0
19241,UnitedKingdom,1
19242,UnitedKingdom,0
19243,UnitedKingdom,0
19244,UnitedKingdom,0
19245,UnitedKingdom,0
19246,UnitedKingdom,0
19247,UnitedKingdom,0
19248,UnitedKingdom,0
19249,UnitedKingdom,0
19250,UnitedKingdom,0
19251,UnitedKingdom,0
19252,UnitedKingdom,0
19253,UnitedKingdom,0
19254,UnitedKingdom,0
19255,UnitedKingdom,0
19256,UnitedKingdom,0
19257,UnitedKingdom,0
19258,UnitedKingdom,1
19259,UnitedKingdom,0
19260,UnitedKingdom,1
19261,UnitedKingdom,1
19262,UnitedKingdom,1
19263,UnitedKingdom,1
19264,UnitedKingdom,0
19265,UnitedKingdom,0
19266,UnitedKingdom,0
19267,UnitedKingdom,1
19268,UnitedKingdom,0
19269,UnitedKingdom,1
19270,UnitedKingdom,0
19271,UnitedKingdom,0
19272,UnitedKingdom,0
19273,UnitedKingdom,0
19274,UnitedKingdom,0
19275,UnitedKingdom,1
19276,UnitedKingdom,1
19277,UnitedKingdom,1
19278,UnitedKingdom,0
19279,UnitedKingdom,0
19280,UnitedKingdom,0
19281,UnitedKingdom,1
19282,UnitedKingdom,1
19283,UnitedKingdom,0
19284,UnitedKingdom,1
19285,UnitedKingdom,0
19286,UnitedKingdom,0
19287,UnitedKingdom,0
19288,UnitedKingdom,1
19289,UnitedKingdom,0
19290,UnitedKingdom,0
19291,UnitedKingdom,0
19292,UnitedKingdom,0
19293,UnitedKingdom,0
19294,UnitedKingdom,0
19295,UnitedKingdom,0
19296,UnitedKingdom,1
19297,UnitedKingdom,0
19298,UnitedKingdom,1
19299,UnitedKingdom,1
19300,UnitedKingdom,0
19301,UnitedKingdom,0
19302,UnitedKingdom,0
19303,UnitedKingdom,1
19304,UnitedKingdom,1
19305,UnitedKingdom,1
19306,UnitedKingdom,1
19307,UnitedKingdom,1
19308,UnitedKingdom,1
19309,UnitedKingdom,1
19310,UnitedKingdom,1
19311,UnitedKingdom,0
19312,UnitedKingdom,1
19313,UnitedKingdom,0
19314,UnitedKingdom,1
19315,UnitedKingdom,1
19316,UnitedKingdom,1
19317,UnitedKingdom,0
19318,UnitedKingdom,0
19319,UnitedKingdom,1
19320,UnitedKingdom,0
19321,UnitedKingdom,0
19322,UnitedKingdom,1
19323,UnitedKingdom,1
19324,UnitedKingdom,1
19325,UnitedKingdom,1
19326,UnitedKingdom,1
19327,UnitedKingdom,1
19328,UnitedKingdom,1
19329,UnitedKingdom,1
19330,UnitedKingdom,1
19331,UnitedKingdom,1
19332,UnitedKingdom,1
19333,UnitedKingdom,0
19334,UnitedKingdom,0
19335,UnitedKingdom,0
19336,UnitedKingdom,0
19337,UnitedKingdom,0
19338,UnitedKingdom,0
19339,UnitedKingdom,0
19340,UnitedKingdom,0
19341,UnitedKingdom,0
19342,UnitedKingdom,0
19343,UnitedKingdom,0
19344,UnitedKingdom,0
19345,UnitedKingdom,0
19346,UnitedKingdom,0
19347,UnitedKingdom,0
19348,UnitedKingdom,1
19349,UnitedKingdom,0
19350,UnitedKingdom,0
19351,UnitedKingdom,0
19352,UnitedKingdom,0
19353,UnitedKingdom,0
19354,UnitedKingdom,0
19355,UnitedKingdom,0
19356,UnitedKingdom,0
19357,UnitedKingdom,0
19358,UnitedKingdom,0
19359,UnitedKingdom,0
19360,UnitedKingdom,1
19361,UnitedKingdom,1
19362,UnitedKingdom,1
19363,UnitedKingdom,1
19364,UnitedKingdom,0
19365,UnitedKingdom,0
19366,UnitedKingdom,0
19367,UnitedKingdom,0
19368,UnitedKingdom,0
19369,UnitedKingdom,0
19370,UnitedKingdom,1
19371,UnitedKingdom,1
19372,UnitedKingdom,1
19373,UnitedKingdom,1
19374,UnitedKingdom,1
19375,UnitedKingdom,1
19376,UnitedKingdom,0
19377,UnitedKingdom,1
19378,UnitedKingdom,0
19379,UnitedKingdom,0
19380,UnitedKingdom,0
19381,UnitedKingdom,0
19382,UnitedKingdom,0
19383,UnitedKingdom,0
19384,UnitedKingdom,0
19385,UnitedKingdom,1
19386,UnitedKingdom,1
19387,UnitedKingdom,1
19388,UnitedKingdom,1
19389,UnitedKingdom,1
19390,UnitedKingdom,1
19391,UnitedKingdom,1
19392,UnitedKingdom,0
19393,UnitedKingdom,1
19394,UnitedKingdom,0
19395,UnitedKingdom,0
19396,UnitedKingdom,0
19397,UnitedKingdom,0
19398,UnitedKingdom,0
19399,UnitedKingdom,0
19400,UnitedKingdom,0
19401,UnitedKingdom,0
19402,UnitedKingdom,0
19403,UnitedKingdom,0
19404,UnitedKingdom,0
19405,UnitedKingdom,0
19406,UnitedKingdom,1
19407,UnitedKingdom,1
19408,UnitedKingdom,1
19409,UnitedKingdom,0
19410,UnitedKingdom,0
19411,UnitedKingdom,1
19412,UnitedKingdom,1
19413,UnitedKingdom,0
19414,UnitedKingdom,0
19415,UnitedKingdom,0
19416,UnitedKingdom,0
19417,UnitedKingdom,1
19418,UnitedKingdom,0
19419,UnitedKingdom,0
19420,UnitedKingdom,0
19421,UnitedKingdom,0
19422,UnitedKingdom,0
19423,UnitedKingdom,0
19424,UnitedKingdom,0
19425,UnitedKingdom,1
19426,UnitedKingdom,0
19427,UnitedKingdom,0
19428,UnitedKingdom,0
19429,UnitedKingdom,0
19430,UnitedKingdom,1
19431,UnitedKingdom,1
19432,UnitedKingdom,1
19433,UnitedKingdom,1
19434,UnitedKingdom,0
19435,UnitedKingdom,1
19436,UnitedKingdom,0
19437,UnitedKingdom,0
19438,UnitedKingdom,1
19439,UnitedKingdom,0
19440,UnitedKingdom,0
19441,UnitedKingdom,0
19442,UnitedKingdom,0
19443,UnitedKingdom,0
19444,UnitedKingdom,1
19445,UnitedKingdom,0
19446,UnitedKingdom,0
19447,UnitedKingdom,0
19448,UnitedKingdom,0
19449,UnitedKingdom,0
19450,UnitedKingdom,1
19451,UnitedKingdom,1
19452,UnitedKingdom,0
19453,UnitedKingdom,0
19454,UnitedKingdom,1
19455,UnitedKingdom,1
19456,UnitedKingdom,0
19457,UnitedKingdom,0
19458,UnitedKingdom,0
19459,UnitedKingdom,0
19460,UnitedKingdom,0
19461,UnitedKingdom,0
19462,UnitedKingdom,0
19463,UnitedKingdom,0
19464,UnitedKingdom,0
19465,UnitedKingdom,0
19466,UnitedKingdom,0
19467,UnitedKingdom,0
19468,UnitedKingdom,1
19469,UnitedKingdom,0
19470,UnitedKingdom,1
19471,UnitedKingdom,1
19472,UnitedKingdom,1
19473,UnitedKingdom,0
19474,UnitedKingdom,1
19475,UnitedKingdom,0
19476,UnitedKingdom,0
19477,UnitedKingdom,1
19478,UnitedKingdom,0
19479,UnitedKingdom,0
19480,UnitedKingdom,1
19481,UnitedKingdom,0
19482,UnitedKingdom,0
19483,UnitedKingdom,0
19484,UnitedKingdom,0
19485,UnitedKingdom,0
19486,UnitedKingdom,1
19487,UnitedKingdom,1
19488,UnitedKingdom,1
19489,UnitedKingdom,1
19490,UnitedKingdom,0
19491,UnitedKingdom,0
19492,UnitedKingdom,0
19493,UnitedKingdom,1
19494,UnitedKingdom,0
19495,UnitedKingdom,1
19496,UnitedKingdom,1
19497,UnitedKingdom,1
19498,UnitedKingdom,0
19499,UnitedKingdom,1
19500,UnitedKingdom,0
19501,UnitedKingdom,0
19502,UnitedKingdom,0
19503,UnitedKingdom,0
19504,UnitedKingdom,0
19505,UnitedKingdom,0
19506,UnitedKingdom,0
19507,UnitedKingdom,0
19508,UnitedKingdom,0
19509,UnitedKingdom,0
19510,UnitedKingdom,0
19511,UnitedKingdom,0
19512,UnitedKingdom,0
19513,UnitedKingdom,1
19514,UnitedKingdom,0
19515,UnitedKingdom,0
19516,UnitedKingdom,0
19517,UnitedKingdom,0
19518,UnitedKingdom,0
19519,UnitedKingdom,0
19520,UnitedKingdom,0
19521,UnitedKingdom,0
19522,UnitedKingdom,0
19523,UnitedKingdom,0
19524,UnitedKingdom,1
19525,UnitedKingdom,0
19526,UnitedKingdom,0
19527,UnitedKingdom,1
19528,UnitedKingdom,0
19529,UnitedKingdom,1
19530,UnitedKingdom,1
19531,UnitedKingdom,0
19532,UnitedKingdom,0
19533,UnitedKingdom,1
19534,UnitedKingdom,1
19535,UnitedKingdom,0
19536,UnitedKingdom,1
19537,UnitedKingdom,1
19538,UnitedKingdom,0
19539,UnitedKingdom,0
19540,UnitedKingdom,0
19541,UnitedKingdom,0
19542,UnitedKingdom,1
19543,UnitedKingdom,1
19544,UnitedKingdom,0
19545,UnitedKingdom,1
19546,UnitedKingdom,0
19547,UnitedKingdom,1
19548,UnitedKingdom,0
19549,UnitedKingdom,0
19550,UnitedKingdom,0
19551,UnitedKingdom,0
19552,UnitedKingdom,0
19553,UnitedKingdom,0
19554,UnitedKingdom,0
19555,UnitedKingdom,0
19556,UnitedKingdom,1
19557,UnitedKingdom,0
19558,UnitedKingdom,1
19559,UnitedKingdom,0
19560,UnitedKingdom,0
19561,UnitedKingdom,0
19562,UnitedKingdom,0
19563,UnitedKingdom,0
19564,UnitedKingdom,1
19565,UnitedKingdom,0
19566,UnitedKingdom,0
19567,UnitedKingdom,0
19568,UnitedKingdom,1
19569,UnitedKingdom,0
19570,UnitedKingdom,0
19571,UnitedKingdom,0
19572,UnitedKingdom,0
19573,UnitedKingdom,0
19574,UnitedKingdom,1
19575,UnitedKingdom,0
19576,UnitedKingdom,0
19577,UnitedKingdom,0
19578,UnitedKingdom,0
19579,UnitedKingdom,0
19580,UnitedKingdom,0
19581,UnitedKingdom,0
19582,UnitedKingdom,0
19583,UnitedKingdom,0
19584,UnitedKingdom,0
19585,UnitedKingdom,0
19586,UnitedKingdom,0
19587,UnitedKingdom,1
19588,UnitedKingdom,1
19589,UnitedKingdom,0
19590,UnitedKingdom,0
19591,UnitedKingdom,0
19592,UnitedKingdom,0
19593,UnitedKingdom,0
19594,UnitedKingdom,0
19595,UnitedKingdom,1
19596,UnitedKingdom,1
19597,UnitedKingdom,1
19598,UnitedKingdom,1
19599,UnitedKingdom,1
19600,UnitedKingdom,1
19601,UnitedKingdom,0
19602,UnitedKingdom,0
19603,UnitedKingdom,1
19604,UnitedKingdom,1
19605,UnitedKingdom,0
19606,UnitedKingdom,0
19607,UnitedKingdom,0
19608,UnitedKingdom,0
19609,UnitedKingdom,0
19610,UnitedKingdom,0
19611,UnitedKingdom,0
19612,UnitedKingdom,1
19613,UnitedKingdom,0
19614,UnitedKingdom,0
19615,UnitedKingdom,0
19616,UnitedKingdom,0
19617,UnitedKingdom,0
19618,UnitedKingdom,0
19619,UnitedKingdom,0
19620,UnitedKingdom,1
19621,UnitedKingdom,0
19622,UnitedKingdom,0
19623,UnitedKingdom,0
19624,UnitedKingdom,0
19625,UnitedKingdom,0
19626,UnitedKingdom,0
19627,UnitedKingdom,1
19628,UnitedKingdom,1
19629,UnitedKingdom,0
19630,UnitedKingdom,0
19631,UnitedKingdom,0
19632,UnitedKingdom,0
19633,UnitedKingdom,0
19634,UnitedKingdom,0
19635,UnitedKingdom,0
19636,UnitedKingdom,0
19637,UnitedKingdom,0
19638,UnitedKingdom,0
19639,UnitedKingdom,0
19640,UnitedKingdom,0
19641,UnitedKingdom,0
19642,UnitedKingdom,0
19643,UnitedKingdom,0
19644,UnitedKingdom,0
19645,UnitedKingdom,0
19646,UnitedKingdom,0
19647,UnitedKingdom,0
19648,UnitedKingdom,0
19649,UnitedKingdom,0
19650,UnitedKingdom,0
19651,UnitedKingdom,0
19652,UnitedKingdom,0
19653,UnitedKingdom,0
19654,UnitedKingdom,0
19655,UnitedKingdom,0
19656,UnitedKingdom,0
19657,UnitedKingdom,0
19658,UnitedKingdom,1
19659,UnitedKingdom,1
19660,UnitedKingdom,1
19661,UnitedKingdom,0
19662,UnitedKingdom,0
19663,UnitedKingdom,0
19664,UnitedKingdom,0
19665,UnitedKingdom,1
19666,UnitedKingdom,1
19667,UnitedKingdom,1
19668,UnitedKingdom,1
19669,UnitedKingdom,1
19670,UnitedKingdom,1
19671,UnitedKingdom,1
19672,UnitedKingdom,1
19673,UnitedKingdom,1
19674,UnitedKingdom,1
19675,UnitedKingdom,1
19676,UnitedKingdom,1
19677,UnitedKingdom,0
19678,UnitedKingdom,0
19679,UnitedKingdom,0
19680,UnitedKingdom,0
19681,UnitedKingdom,0
19682,UnitedKingdom,0
19683,UnitedKingdom,0
19684,UnitedKingdom,0
19685,UnitedKingdom,1
19686,UnitedKingdom,1
19687,UnitedKingdom,0
19688,UnitedKingdom,1
19689,UnitedKingdom,0
19690,UnitedKingdom,0
19691,UnitedKingdom,0
19692,UnitedKingdom,1
19693,UnitedKingdom,1
19694,UnitedKingdom,1
19695,UnitedKingdom,1
19696,UnitedKingdom,0
19697,UnitedKingdom,1
19698,UnitedKingdom,0
19699,UnitedKingdom,0
19700,UnitedKingdom,0
19701,UnitedKingdom,0
19702,UnitedKingdom,0
19703,UnitedKingdom,0
19704,UnitedKingdom,0
19705,UnitedKingdom,1
19706,UnitedKingdom,1
19707,UnitedKingdom,0
19708,UnitedKingdom,0
19709,UnitedKingdom,0
19710,UnitedKingdom,0
19711,UnitedKingdom,0
19712,UnitedKingdom,0
19713,UnitedKingdom,1
19714,UnitedKingdom,0
19715,UnitedKingdom,1
19716,UnitedKingdom,1
19717,UnitedKingdom,1
19718,UnitedKingdom,1
19719,UnitedKingdom,0
19720,UnitedKingdom,1
19721,UnitedKingdom,1
19722,UnitedKingdom,0
19723,UnitedKingdom,0
19724,UnitedKingdom,0
19725,UnitedKingdom,0
19726,UnitedKingdom,0
19727,UnitedKingdom,0
19728,UnitedKingdom,0
19729,UnitedKingdom,1
19730,UnitedKingdom,1
19731,UnitedKingdom,1
19732,UnitedKingdom,1
19733,UnitedKingdom,1
19734,UnitedKingdom,1
19735,UnitedKingdom,0
19736,UnitedKingdom,1
19737,UnitedKingdom,0
19738,UnitedKingdom,0
19739,UnitedKingdom,0
19740,UnitedKingdom,1
19741,UnitedKingdom,0
19742,UnitedKingdom,0
19743,UnitedKingdom,0
19744,UnitedKingdom,1
19745,UnitedKingdom,1
19746,UnitedKingdom,1
19747,UnitedKingdom,0
19748,UnitedKingdom,0
19749,UnitedKingdom,0
19750,UnitedKingdom,0
19751,UnitedKingdom,1
19752,UnitedKingdom,0
19753,UnitedKingdom,1
19754,UnitedKingdom,0
19755,UnitedKingdom,1
19756,UnitedKingdom,1
19757,UnitedKingdom,1
19758,UnitedKingdom,1
19759,UnitedKingdom,1
19760,UnitedKingdom,1
19761,UnitedKingdom,1
19762,UnitedKingdom,0
19763,UnitedKingdom,0
19764,UnitedKingdom,0
19765,UnitedKingdom,0
19766,UnitedKingdom,0
19767,UnitedKingdom,0
19768,UnitedKingdom,0
19769,UnitedKingdom,0
19770,UnitedKingdom,1
19771,UnitedKingdom,0
19772,UnitedKingdom,1
19773,UnitedKingdom,1
19774,UnitedKingdom,0
19775,UnitedKingdom,0
19776,UnitedKingdom,0
19777,UnitedKingdom,0
19778,UnitedKingdom,0
19779,UnitedKingdom,0
19780,UnitedKingdom,0
19781,UnitedKingdom,1
19782,UnitedKingdom,1
19783,UnitedKingdom,1
19784,UnitedKingdom,0
19785,UnitedKingdom,0
19786,UnitedKingdom,0
19787,UnitedKingdom,0
19788,UnitedKingdom,0
19789,UnitedKingdom,0
19790,UnitedKingdom,1
19791,UnitedKingdom,1
19792,UnitedKingdom,0
19793,UnitedKingdom,0
19794,UnitedKingdom,1
19795,UnitedKingdom,0
19796,UnitedKingdom,0
19797,UnitedKingdom,0
19798,UnitedKingdom,1
19799,UnitedKingdom,0
19800,UnitedKingdom,0
19801,UnitedKingdom,0
19802,UnitedKingdom,0
19803,UnitedKingdom,1
19804,UnitedKingdom,0
19805,UnitedKingdom,0
19806,UnitedKingdom,1
19807,UnitedKingdom,1
19808,UnitedKingdom,0
19809,UnitedKingdom,0
19810,UnitedKingdom,0
19811,UnitedKingdom,0
19812,UnitedKingdom,1
19813,UnitedKingdom,1
19814,UnitedKingdom,1
19815,UnitedKingdom,1
19816,UnitedKingdom,0
19817,UnitedKingdom,0
19818,UnitedKingdom,1
19819,UnitedKingdom,0
19820,UnitedKingdom,0
19821,UnitedKingdom,1
19822,UnitedKingdom,1
19823,UnitedKingdom,1
19824,UnitedKingdom,0
19825,UnitedKingdom,0
19826,UnitedKingdom,1
19827,UnitedKingdom,0
19828,UnitedKingdom,0
19829,UnitedKingdom,0
19830,UnitedKingdom,1
19831,UnitedKingdom,0
19832,UnitedKingdom,0
19833,UnitedKingdom,0
19834,UnitedKingdom,1
19835,UnitedKingdom,1
19836,UnitedKingdom,0
19837,UnitedKingdom,0
19838,UnitedKingdom,0
19839,UnitedKingdom,1
19840,UnitedKingdom,0
19841,UnitedKingdom,1
19842,UnitedKingdom,0
19843,UnitedKingdom,1
19844,UnitedKingdom,0
19845,UnitedKingdom,0
19846,UnitedKingdom,1
19847,UnitedKingdom,0
19848,UnitedKingdom,0
19849,UnitedKingdom,0
19850,UnitedKingdom,0
19851,UnitedKingdom,0
19852,UnitedKingdom,0
19853,UnitedKingdom,0
19854,UnitedKingdom,0
19855,UnitedKingdom,0
19856,UnitedKingdom,0
19857,UnitedKingdom,1
19858,UnitedKingdom,0
19859,UnitedKingdom,0
19860,UnitedKingdom,1
19861,UnitedKingdom,1
19862,UnitedKingdom,1
19863,UnitedKingdom,0
19864,UnitedKingdom,0
19865,UnitedKingdom,1
19866,UnitedKingdom,0
19867,UnitedKingdom,0
19868,UnitedKingdom,1
19869,UnitedKingdom,1
19870,UnitedKingdom,0
19871,UnitedKingdom,1
19872,UnitedKingdom,1
19873,UnitedKingdom,0
19874,UnitedKingdom,0
19875,UnitedKingdom,1
19876,UnitedKingdom,0
19877,UnitedKingdom,0
19878,UnitedKingdom,0
19879,UnitedKingdom,0
19880,UnitedKingdom,1
19881,UnitedKingdom,1
19882,UnitedKingdom,1
19883,UnitedKingdom,1
19884,UnitedKingdom,1
19885,UnitedKingdom,0
19886,UnitedKingdom,0
19887,UnitedKingdom,1
19888,UnitedKingdom,0
19889,UnitedKingdom,1
19890,UnitedKingdom,1
19891,UnitedKingdom,1
19892,UnitedKingdom,1
19893,UnitedKingdom,1
19894,UnitedKingdom,1
19895,UnitedKingdom,0
19896,UnitedKingdom,1
19897,UnitedKingdom,1
19898,UnitedKingdom,1
19899,UnitedKingdom,1
19900,UnitedKingdom,0
19901,UnitedKingdom,0
19902,UnitedKingdom,1
19903,UnitedKingdom,0
19904,UnitedKingdom,0
19905,UnitedKingdom,0
19906,UnitedKingdom,1
19907,UnitedKingdom,1
19908,UnitedKingdom,1
19909,UnitedKingdom,0
19910,UnitedKingdom,0
19911,UnitedKingdom,0
19912,UnitedKingdom,1
19913,UnitedKingdom,1
19914,UnitedKingdom,0
19915,UnitedKingdom,1
19916,UnitedKingdom,0
19917,UnitedKingdom,1
19918,UnitedKingdom,0
19919,UnitedKingdom,0
19920,UnitedKingdom,1
19921,UnitedKingdom,0
19922,UnitedKingdom,1
19923,UnitedKingdom,0
19924,UnitedKingdom,0
19925,UnitedKingdom,0
19926,UnitedKingdom,0
19927,UnitedKingdom,1
19928,UnitedKingdom,0
19929,UnitedKingdom,1
19930,UnitedKingdom,1
19931,UnitedKingdom,1
19932,UnitedKingdom,1
19933,UnitedKingdom,1
19934,UnitedKingdom,1
19935,UnitedKingdom,1
19936,UnitedKingdom,1
19937,UnitedKingdom,1
19938,UnitedKingdom,1
19939,UnitedKingdom,1
19940,UnitedKingdom,1
19941,UnitedKingdom,0
19942,UnitedKingdom,1
19943,UnitedKingdom,1
19944,UnitedKingdom,0
19945,UnitedKingdom,1
19946,UnitedKingdom,1
19947,UnitedKingdom,1
19948,UnitedKingdom,1
19949,UnitedKingdom,1
19950,UnitedKingdom,1
19951,UnitedKingdom,1
19952,UnitedKingdom,1
19953,UnitedKingdom,1
19954,UnitedKingdom,1
19955,UnitedKingdom,1
19956,UnitedKingdom,1
19957,UnitedKingdom,1
19958,UnitedKingdom,1
19959,UnitedKingdom,1
19960,UnitedKingdom,1
19961,UnitedKingdom,0
19962,UnitedKingdom,1
19963,UnitedKingdom,1
19964,UnitedKingdom,1
19965,UnitedKingdom,1
19966,UnitedKingdom,1
19967,UnitedKingdom,1
19968,UnitedKingdom,1
19969,UnitedKingdom,0
19970,UnitedKingdom,1
19971,UnitedKingdom,0
19972,UnitedKingdom,1
19973,UnitedKingdom,1
19974,UnitedKingdom,1
19975,UnitedKingdom,1
19976,UnitedKingdom,1
19977,UnitedKingdom,1
19978,UnitedKingdom,1
19979,UnitedKingdom,1
19980,UnitedKingdom,1
19981,UnitedKingdom,1
19982,UnitedKingdom,1
19983,UnitedKingdom,1
19984,UnitedKingdom,1
19985,UnitedKingdom,1
19986,UnitedKingdom,1
19987,UnitedKingdom,1
19988,UnitedKingdom,0
19989,UnitedKingdom,0
19990,UnitedKingdom,1
19991,UnitedKingdom,1
19992,UnitedKingdom,1
19993,UnitedKingdom,1
19994,UnitedKingdom,1
19995,UnitedKingdom,1
19996,UnitedKingdom,1
19997,UnitedKingdom,1
19998,UnitedKingdom,1
19999,UnitedKingdom,1
20000,UnitedKingdom,1
20001,UnitedKingdom,1
20002,UnitedKingdom,1
20003,UnitedKingdom,1
20004,UnitedKingdom,1
20005,UnitedKingdom,1
20006,UnitedKingdom,1
20007,UnitedKingdom,1
20008,UnitedKingdom,1
20009,UnitedKingdom,1
20010,UnitedKingdom,1
20011,UnitedKingdom,1
20012,UnitedKingdom,1
20013,UnitedKingdom,1
20014,UnitedKingdom,1
20015,UnitedKingdom,1
20016,UnitedKingdom,1
20017,UnitedKingdom,1
20018,UnitedKingdom,1
20019,UnitedKingdom,1
20020,UnitedKingdom,1
20021,UnitedKingdom,0
20022,UnitedKingdom,1
20023,UnitedKingdom,1
20024,UnitedKingdom,1
20025,UnitedKingdom,1
20026,UnitedKingdom,1
20027,UnitedKingdom,1
20028,UnitedKingdom,1
20029,UnitedKingdom,1
20030,UnitedKingdom,1
20031,UnitedKingdom,1
20032,UnitedKingdom,1
20033,UnitedKingdom,1
20034,UnitedKingdom,1
20035,UnitedKingdom,1
20036,UnitedKingdom,0
20037,UnitedKingdom,1
20038,UnitedKingdom,1
20039,UnitedKingdom,1
20040,UnitedKingdom,1
20041,UnitedKingdom,1
20042,UnitedKingdom,1
20043,UnitedKingdom,1
20044,UnitedKingdom,1
20045,UnitedKingdom,1
20046,UnitedKingdom,1
20047,UnitedKingdom,1
20048,UnitedKingdom,1
20049,UnitedKingdom,1
20050,UnitedKingdom,1
20051,UnitedKingdom,1
20052,UnitedKingdom,1
20053,UnitedKingdom,1
20054,UnitedKingdom,1
20055,UnitedKingdom,1
20056,UnitedKingdom,0
20057,UnitedKingdom,1
20058,UnitedKingdom,1
20059,UnitedKingdom,0
20060,UnitedKingdom,1
20061,UnitedKingdom,1
20062,UnitedKingdom,1
20063,UnitedKingdom,1
20064,UnitedKingdom,1
20065,UnitedKingdom,0
20066,UnitedKingdom,0
20067,UnitedKingdom,1
20068,UnitedKingdom,1
20069,UnitedKingdom,1
20070,UnitedKingdom,1
20071,UnitedKingdom,1
20072,UnitedKingdom,1
20073,UnitedKingdom,1
20074,UnitedKingdom,1
20075,UnitedKingdom,1
20076,UnitedKingdom,1
20077,UnitedKingdom,1
20078,UnitedKingdom,1
20079,UnitedKingdom,1
20080,UnitedKingdom,0
20081,UnitedKingdom,1
20082,UnitedKingdom,1
20083,UnitedKingdom,1
20084,UnitedKingdom,1
20085,UnitedKingdom,1
20086,UnitedKingdom,1
20087,UnitedKingdom,1
20088,UnitedKingdom,0
20089,UnitedKingdom,0
20090,UnitedKingdom,0
20091,UnitedKingdom,1
20092,UnitedKingdom,0
20093,UnitedKingdom,0
20094,UnitedKingdom,1
20095,UnitedKingdom,1
20096,UnitedKingdom,1
20097,UnitedKingdom,1
20098,UnitedKingdom,1
20099,UnitedKingdom,0
20100,UnitedKingdom,0
20101,UnitedKingdom,1
20102,UnitedKingdom,1
20103,UnitedKingdom,1
20104,UnitedKingdom,1
20105,UnitedKingdom,1
20106,UnitedKingdom,1
20107,UnitedKingdom,1
20108,UnitedKingdom,0
20109,UnitedKingdom,1
20110,UnitedKingdom,1
20111,UnitedKingdom,1
20112,UnitedKingdom,1
20113,UnitedKingdom,0
20114,UnitedKingdom,1
20115,UnitedKingdom,1
20116,UnitedKingdom,1
20117,UnitedKingdom,1
20118,UnitedKingdom,0
20119,UnitedKingdom,1
20120,UnitedKingdom,1
20121,UnitedKingdom,0
20122,UnitedKingdom,0
20123,UnitedKingdom,0
20124,UnitedKingdom,1
20125,UnitedKingdom,1
20126,UnitedKingdom,1
20127,UnitedKingdom,1
20128,UnitedKingdom,0
20129,UnitedKingdom,1
20130,UnitedKingdom,0
20131,UnitedKingdom,1
20132,UnitedKingdom,1
20133,UnitedKingdom,0
20134,UnitedKingdom,1
20135,UnitedKingdom,1
20136,UnitedKingdom,0
20137,UnitedKingdom,1
20138,UnitedKingdom,1
20139,UnitedKingdom,1
20140,UnitedKingdom,1
20141,UnitedKingdom,1
20142,UnitedKingdom,1
20143,UnitedKingdom,1
20144,UnitedKingdom,1
20145,UnitedKingdom,1
20146,UnitedKingdom,1
20147,UnitedKingdom,1
20148,UnitedKingdom,1
20149,UnitedKingdom,1
20150,UnitedKingdom,1
20151,UnitedKingdom,1
20152,UnitedKingdom,1
20153,UnitedKingdom,1
20154,UnitedKingdom,1
20155,UnitedKingdom,0
20156,UnitedKingdom,1
20157,UnitedKingdom,1
20158,UnitedKingdom,1
20159,UnitedKingdom,1
20160,UnitedKingdom,0
20161,UnitedKingdom,1
20162,UnitedKingdom,0
20163,UnitedKingdom,0
20164,UnitedKingdom,0
20165,UnitedKingdom,0
20166,UnitedKingdom,1
20167,UnitedKingdom,0
20168,UnitedKingdom,0
20169,UnitedKingdom,0
20170,UnitedKingdom,1
20171,UnitedKingdom,0
20172,UnitedKingdom,0
20173,UnitedKingdom,0
20174,UnitedKingdom,1
20175,UnitedKingdom,1
20176,UnitedKingdom,1
20177,UnitedKingdom,0
20178,UnitedKingdom,0
20179,UnitedKingdom,1
20180,UnitedKingdom,1
20181,UnitedKingdom,1
20182,UnitedKingdom,1
20183,UnitedKingdom,0
20184,UnitedKingdom,1
20185,UnitedKingdom,0
20186,UnitedKingdom,0
20187,UnitedKingdom,0
20188,UnitedKingdom,0
20189,UnitedKingdom,0
20190,UnitedKingdom,1
20191,UnitedKingdom,0
20192,UnitedKingdom,0
20193,UnitedKingdom,1
20194,UnitedKingdom,1
20195,UnitedKingdom,1
20196,UnitedKingdom,1
20197,UnitedKingdom,1
20198,UnitedKingdom,0
20199,UnitedKingdom,0
20200,UnitedKingdom,0
20201,UnitedKingdom,1
20202,UnitedKingdom,1
20203,UnitedKingdom,1
20204,UnitedKingdom,0
20205,UnitedKingdom,0
20206,UnitedKingdom,0
20207,UnitedKingdom,0
20208,UnitedKingdom,0
20209,UnitedKingdom,0
20210,UnitedKingdom,0
20211,UnitedKingdom,0
20212,UnitedKingdom,0
20213,UnitedKingdom,1
20214,UnitedKingdom,0
20215,UnitedKingdom,1
20216,UnitedKingdom,1
20217,UnitedKingdom,1
20218,UnitedKingdom,0
20219,UnitedKingdom,1
20220,UnitedKingdom,1
20221,UnitedKingdom,1
20222,UnitedKingdom,1
20223,UnitedKingdom,0
20224,UnitedKingdom,1
20225,UnitedKingdom,0
20226,UnitedKingdom,0
20227,UnitedKingdom,1
20228,UnitedKingdom,0
20229,UnitedKingdom,0
20230,UnitedKingdom,1
20231,UnitedKingdom,0
20232,UnitedKingdom,0
20233,UnitedKingdom,0
20234,UnitedKingdom,1
20235,UnitedKingdom,1
20236,UnitedKingdom,1
20237,UnitedKingdom,0
20238,UnitedKingdom,0
20239,UnitedKingdom,0
20240,UnitedKingdom,0
20241,UnitedKingdom,1
20242,UnitedKingdom,1
20243,UnitedKingdom,1
20244,UnitedKingdom,1
20245,UnitedKingdom,1
20246,UnitedKingdom,1
20247,UnitedKingdom,0
20248,UnitedKingdom,0
20249,UnitedKingdom,0
20250,UnitedKingdom,0
20251,UnitedKingdom,1
20252,UnitedKingdom,1
20253,UnitedKingdom,1
20254,UnitedKingdom,0
20255,UnitedKingdom,0
20256,UnitedKingdom,1
20257,UnitedKingdom,1
20258,UnitedKingdom,1
20259,UnitedKingdom,0
20260,UnitedKingdom,1
20261,UnitedKingdom,1
20262,UnitedKingdom,1
20263,UnitedKingdom,1
20264,UnitedKingdom,0
20265,UnitedKingdom,0
20266,UnitedKingdom,1
20267,UnitedKingdom,0
20268,UnitedKingdom,0
20269,UnitedKingdom,1
20270,UnitedKingdom,0
20271,UnitedKingdom,0
20272,UnitedKingdom,1
20273,UnitedKingdom,1
20274,UnitedKingdom,0
20275,UnitedKingdom,1
20276,UnitedKingdom,0
20277,UnitedKingdom,1
20278,UnitedKingdom,1
20279,UnitedKingdom,0
20280,UnitedKingdom,1
20281,UnitedKingdom,0
20282,UnitedKingdom,1
20283,UnitedKingdom,0
20284,UnitedKingdom,0
20285,UnitedKingdom,0
20286,UnitedKingdom,0
20287,UnitedKingdom,0
20288,UnitedKingdom,0
20289,UnitedKingdom,1
20290,UnitedKingdom,1
20291,UnitedKingdom,1
20292,UnitedKingdom,0
20293,UnitedKingdom,0
20294,UnitedKingdom,0
20295,UnitedKingdom,0
20296,UnitedKingdom,0
20297,UnitedKingdom,0
20298,UnitedKingdom,1
20299,UnitedKingdom,1
20300,UnitedKingdom,1
20301,UnitedKingdom,1
20302,UnitedKingdom,1
20303,UnitedKingdom,1
20304,UnitedKingdom,0
20305,UnitedKingdom,1
20306,UnitedKingdom,0
20307,UnitedKingdom,0
20308,UnitedKingdom,0
20309,UnitedKingdom,1
20310,UnitedKingdom,0
20311,UnitedKingdom,0
20312,UnitedKingdom,0
20313,UnitedKingdom,0
20314,UnitedKingdom,0
20315,UnitedKingdom,0
20316,UnitedKingdom,1
20317,UnitedKingdom,0
20318,Wales,0
20319,Wales,0
20320,Wales,0
20321,Wales,0
20322,Wales,0
20323,Wales,0
20324,Wales,0
20325,Wales,0
20326,Wales,0
20327,Wales,0
20328,Wales,0
20329,Wales,0
20330,Wales,0
20331,Wales,0
20332,Wales,0
20333,Wales,0
20334,Wales,0
20335,Wales,0
20336,Wales,0
20337,Wales,0
20338,Wales,0
20339,Wales,0
20340,Wales,1
20341,Wales,0
20342,Wales,0
20343,Wales,0
20344,Wales,0
20345,Wales,0
20346,Wales,0
20347,Wales,0
20348,Wales,0
20349,Wales,0
20350,Wales,0
20351,Wales,0
20352,Wales,0
20353,Wales,0
20354,Wales,0
20355,Wales,0
20356,Wales,0
20357,Wales,0
20358,Wales,0
20359,Wales,0
20360,Wales,0
20361,Wales,0
20362,Wales,0
20363,Wales,0
20364,Wales,0
20365,Wales,0
20366,Wales,0
20367,Wales,0
20368,Wales,0
20369,Wales,0
20370,Wales,0
20371,Wales,0
20372,Wales,0
20373,Wales,0
20374,Wales,0
20375,Wales,0
20376,Wales,0
20377,Wales,0
20378,Wales,0
20379,Wales,0
20380,Wales,0
20381,Wales,0
20382,Wales,0
20383,Wales,0
20384,Wales,0
20385,Wales,0
20386,Wales,0
20387,Wales,0
20388,Wales,0
20389,Wales,0
20390,Wales,0
20391,Wales,0
20392,Wales,0
20393,Wales,0
20394,Wales,0
20395,Wales,0
20396,Wales,0
20397,Wales,0
20398,Wales,0
20399,Wales,0
20400,Wales,0
20401,Wales,1
20402,Wales,0
20403,Wales,0
20404,Wales,0
20405,Wales,0
20406,Wales,0
20407,Wales,0
20408,Wales,0
20409,Wales,0
20410,Wales,0
20411,Wales,0
20412,Wales,0
20413,Wales,0
20414,Wales,0
20415,Wales,0
20416,Wales,0
20417,Wales,0
20418,Wales,1
20419,Wales,0
20420,Wales,0
20421,Wales,0
20422,Wales,0
20423,Wales,0
20424,Wales,0
20425,Wales,0
20426,Wales,0
20427,Wales,0
20428,Wales,0
20429,Wales,0
20430,Wales,1
20431,Wales,0
20432,Wales,0
20433,Wales,1
20434,Wales,1
20435,Wales,0
20436,Wales,0
20437,Wales,0
20438,Wales,0
20439,Wales,0
20440,Wales,0
20441,Wales,0
20442,Wales,1
20443,Wales,0
20444,Wales,0
20445,Wales,0
20446,Wales,0
20447,Wales,0
20448,Wales,0
20449,Wales,0
20450,Wales,0
20451,Wales,0
