doc_id,group,kind,subreddit,topic_id,topic_prob
0,vpn,submission,censorship,8,0.2439015358686447
1,vpn,submission,censorship,4,0.350868821144104
2,vpn,submission,MullvadVPN,11,0.373760312795639
3,vpn,submission,MullvadVPN,11,0.7558926343917847
4,vpn,submission,MullvadVPN,11,0.6396104693412781
5,vpn,submission,MullvadVPN,11,0.4369668066501617
6,vpn,submission,MullvadVPN,11,0.3567823767662048
7,vpn,submission,MullvadVPN,9,0.4288678169250488
8,vpn,submission,MullvadVPN,7,0.251922994852066
9,vpn,submission,MullvadVPN,6,0.3566784858703613
10,vpn,submission,MullvadVPN,11,0.4463658332824707
11,vpn,submission,MullvadVPN,11,0.373504638671875
12,vpn,submission,MullvadVPN,0,0.321717768907547
13,vpn,submission,MullvadVPN,6,0.3707606792449951
14,vpn,submission,MullvadVPN,8,0.3659754395484924
15,vpn,submission,MullvadVPN,11,0.3569718301296234
16,vpn,submission,MullvadVPN,11,0.3312220275402069
17,vpn,submission,degoogle,0,0.3271404206752777
18,vpn,submission,nordvpn,0,0.2915412187576294
19,vpn,submission,nordvpn,11,0.5034620761871338
20,vpn,submission,nordvpn,3,0.4830405116081238
21,vpn,submission,nordvpn,11,0.5724257230758667
22,vpn,submission,nordvpn,11,0.5020947456359863
23,vpn,submission,nordvpn,11,0.5763825178146362
24,vpn,submission,nordvpn,0,0.3535299599170685
25,vpn,submission,nordvpn,2,0.4731582403182983
26,vpn,submission,nordvpn,11,0.3937152624130249
27,vpn,submission,nordvpn,8,0.2897748351097107
28,vpn,submission,nordvpn,11,0.5668971538543701
29,vpn,submission,nordvpn,11,0.4837965667247772
30,vpn,submission,nordvpn,3,0.4973709881305694
31,vpn,submission,nordvpn,1,0.2699855864048004
32,vpn,submission,nordvpn,11,0.5169851779937744
33,vpn,submission,nordvpn,11,0.5956871509552002
34,vpn,submission,nordvpn,11,0.5923947691917419
35,vpn,submission,nordvpn,11,0.564291775226593
36,vpn,submission,nordvpn,11,0.5473832488059998
37,vpn,submission,nordvpn,6,0.344651997089386
38,vpn,submission,nordvpn,5,0.3873325288295746
39,vpn,submission,nordvpn,11,0.2113468945026397
40,vpn,submission,nordvpn,8,0.2944731414318084
41,vpn,submission,nordvpn,7,0.2106703370809555
42,vpn,submission,nordvpn,8,0.2371362298727035
43,vpn,submission,nordvpn,0,0.2561810910701751
44,vpn,submission,PrivacyGuides,0,0.2922704815864563
45,vpn,submission,privacy,0,0.2949654161930084
46,vpn,submission,privacy,4,0.3608883917331695
47,vpn,submission,privacy,7,0.5371351838111877
48,vpn,submission,privacy,4,0.4297034442424774
49,vpn,submission,privacy,1,0.2878936529159546
50,vpn,submission,privacy,5,0.3417881727218628
51,vpn,submission,privacy,6,0.3017850816249847
52,vpn,submission,privacy,4,0.6566291451454163
53,vpn,submission,privacy,4,0.3529608249664306
54,vpn,submission,privacy,6,0.2698671519756317
55,vpn,submission,privacy,4,0.4361925721168518
56,vpn,submission,privacy,4,0.4287079572677612
57,vpn,submission,privacy,5,0.2899152040481567
58,vpn,submission,privacy,3,0.3390597701072693
59,vpn,submission,privacy,4,0.2295879870653152
60,vpn,submission,privacy,1,0.3224535286426544
61,vpn,submission,privacy,1,0.4038546979427337
62,vpn,submission,privacy,8,0.175535574555397
63,vpn,submission,privacy,5,0.3240625560283661
64,vpn,submission,privacy,5,0.4126955866813659
65,vpn,submission,privacy,4,0.2646123766899109
66,vpn,submission,privacy,0,0.4105592966079712
67,vpn,submission,privacy,2,0.3524599075317383
68,vpn,submission,privacy,4,0.4765621423721313
69,vpn,submission,privacy,4,0.6510592103004456
70,vpn,submission,privacy,7,0.4151164889335632
71,vpn,submission,privacy,4,0.2889190316200256
72,vpn,submission,privacy,0,0.2935385406017303
73,vpn,submission,privacy,0,0.4260150790214538
74,vpn,submission,PrivateInternetAccess,11,0.670687198638916
75,vpn,submission,PrivateInternetAccess,0,0.5865540504455566
76,vpn,submission,PrivateInternetAccess,8,0.4375182390213012
77,vpn,submission,PrivateInternetAccess,11,0.3553489148616791
78,vpn,submission,PrivateInternetAccess,5,0.2544297873973846
79,vpn,submission,PrivateInternetAccess,11,0.5908061861991882
80,vpn,submission,PrivateInternetAccess,5,0.3355477154254913
81,vpn,submission,PrivateInternetAccess,11,0.2506691515445709
82,vpn,submission,ProtonVPN,11,0.4403898119926452
83,vpn,submission,ProtonVPN,5,0.2555124759674072
84,vpn,submission,ProtonVPN,11,0.4549236893653869
85,vpn,submission,ProtonVPN,11,0.6080344915390015
86,vpn,submission,ProtonVPN,11,0.6088249683380127
87,vpn,submission,ProtonVPN,11,0.6706271767616272
88,vpn,submission,ProtonVPN,5,0.4362973868846893
89,vpn,submission,ProtonVPN,8,0.3788757920265198
90,vpn,submission,ProtonVPN,11,0.3172476887702942
91,vpn,submission,ProtonVPN,4,0.4445942342281341
92,vpn,submission,ProtonVPN,11,0.2846703231334686
93,vpn,submission,ProtonVPN,6,0.2256871908903122
94,vpn,submission,ProtonVPN,5,0.327998399734497
95,vpn,submission,ProtonVPN,11,0.6173828840255737
96,vpn,submission,ProtonVPN,11,0.4500274062156677
97,vpn,submission,ProtonVPN,11,0.551077127456665
98,vpn,submission,ProtonVPN,11,0.4197454154491424
99,vpn,submission,Surfshark,11,0.3758394420146942
100,vpn,submission,Surfshark,8,0.4869531393051147
101,vpn,submission,Surfshark,11,0.5935347080230713
102,vpn,submission,Surfshark,8,0.3120317161083221
103,vpn,submission,Surfshark,11,0.5880762338638306
104,vpn,submission,Surfshark,11,0.8182002902030945
105,vpn,submission,Surfshark,11,0.5350278615951538
106,vpn,submission,Surfshark,2,0.2302242964506149
107,vpn,submission,Surfshark,8,0.2523682117462158
108,vpn,submission,Surfshark,11,0.3790570199489593
109,vpn,submission,VPN,11,0.4151279628276825
110,vpn,submission,VPN,6,0.4556761682033539
111,vpn,submission,VPN,8,0.3541156649589538
112,vpn,submission,VPN,2,0.3061642944812774
113,vpn,submission,VPN,6,0.252001017332077
114,vpn,submission,VPN,11,0.5338521003723145
115,vpn,submission,VPN,8,0.3252426087856293
116,vpn,submission,VPN,0,0.2846753597259521
117,vpn,submission,VPN,3,0.311784565448761
118,vpn,submission,VPN,11,0.2430006563663482
119,vpn,submission,VPN,0,0.3453034460544586
120,vpn,submission,VPN,11,0.4158722460269928
121,vpn,submission,VPN,8,0.3838631510734558
122,vpn,submission,VPN,0,0.3936486542224884
123,vpn,submission,VPN,6,0.2748887240886688
124,vpn,submission,VPN,11,0.272515594959259
125,vpn,submission,VPN,11,0.6218613982200623
126,vpn,submission,VPN,1,0.4878547191619873
127,vpn,submission,VPN,11,0.3864577114582062
128,vpn,submission,VPN,8,0.2137272506952285
129,vpn,submission,VPN,2,0.3110126852989197
130,vpn,submission,VPN,11,0.4469502568244934
131,vpn,submission,VPN,11,0.4900161325931549
132,vpn,submission,VPN,11,0.6087988018989563
133,vpn,submission,VPN,6,0.3753288388252258
134,vpn,submission,VPN,6,0.4084348380565643
135,vpn,submission,VPN,1,0.6464154124259949
136,vpn,submission,VPN,11,0.4252576231956482
137,vpn,submission,VPN,5,0.5802947878837585
138,vpn,submission,VPN,11,0.4281696379184723
139,vpn,submission,VPN,3,0.314209908246994
140,vpn,submission,VPN,11,0.3662919402122497
141,vpn,submission,VPN,8,0.3721225261688232
142,vpn,submission,VPN,11,0.2649599015712738
143,vpn,submission,VPN,9,0.3130057156085968
144,vpn,submission,VPN,2,0.5360466837882996
145,vpn,submission,VPN,11,0.2371589243412017
146,vpn,submission,VPN,11,0.3893617987632751
147,vpn,submission,VPN,11,0.393858253955841
148,vpn,submission,VPN,8,0.3177015483379364
149,vpn,submission,VPN,5,0.3798485994338989
150,vpn,submission,VPN,11,0.6240829825401306
151,vpn,submission,VPN,8,0.1929849982261657
152,vpn,submission,VPN,2,0.3401979506015777
153,vpn,submission,VPN,6,0.4015380442142486
154,vpn,submission,VPN,1,0.3749843537807464
155,vpn,submission,VPN,11,0.3856403827667236
156,vpn,submission,VPN,0,0.4553960859775543
157,vpn,submission,VPN,4,0.2552821040153503
158,vpn,submission,VPN,8,0.2861571311950683
159,vpn,submission,VPN,3,0.3261529207229614
160,vpn,submission,VPN,11,0.3427481949329376
161,vpn,submission,VPN,4,0.3306217491626739
162,vpn,submission,VPN,4,0.6158828735351562
163,vpn,submission,VPN,0,0.3927161395549774
164,vpn,submission,VPN,4,0.3758759796619415
165,vpn,submission,VPN,0,0.2323098182678222
166,vpn,submission,VPN,11,0.4477115869522095
167,vpn,submission,VPN,11,0.4705432951450348
168,vpn,submission,VPN,1,0.5662307143211365
169,vpn,submission,VPN,8,0.2829137742519378
170,vpn,submission,VPN,11,0.3123701214790344
171,vpn,submission,VPN,9,0.3008019030094147
172,vpn,submission,VPN,1,0.3075011074542999
173,vpn,submission,VPN,9,0.2955485880374908
174,vpn,submission,VPN,0,0.3031983375549316
175,vpn,submission,VPN,11,0.2900383770465851
176,vpn,submission,VPN,9,0.4325236678123474
177,vpn,submission,VPN,7,0.3995073735713959
178,vpn,submission,Windscribe,8,0.3774437010288238
179,vpn,submission,Windscribe,11,0.3045309782028198
180,vpn,submission,Windscribe,11,0.2776891887187958
181,vpn,submission,Windscribe,11,0.3122879862785339
182,vpn,submission,Windscribe,8,0.3170868158340454
183,vpn,submission,Windscribe,11,0.4759557843208313
184,vpn,submission,Windscribe,8,0.2893954217433929
185,vpn,submission,Windscribe,0,0.4781091511249542
186,vpn,comment,censorship,9,0.3643291294574737
187,vpn,comment,censorship,9,0.2201374769210815
188,vpn,comment,censorship,5,0.3800041079521179
189,vpn,comment,MullvadVPN,2,0.3337464034557342
190,vpn,comment,MullvadVPN,5,0.2684679329395294
191,vpn,comment,MullvadVPN,1,0.2125764042139053
192,vpn,comment,MullvadVPN,11,0.2588969469070434
193,vpn,comment,MullvadVPN,11,0.2904779314994812
194,vpn,comment,MullvadVPN,1,0.2113434225320816
196,vpn,comment,MullvadVPN,0,0.2701806426048279
197,vpn,comment,MullvadVPN,11,0.5361340641975403
198,vpn,comment,MullvadVPN,5,0.484825074672699
199,vpn,comment,MullvadVPN,5,0.5495665669441223
200,vpn,comment,MullvadVPN,0,0.2119565606117248
201,vpn,comment,MullvadVPN,11,0.7382549047470093
202,vpn,comment,MullvadVPN,11,0.3209593892097473
203,vpn,comment,MullvadVPN,5,0.3366948068141937
204,vpn,comment,MullvadVPN,4,0.5363811254501343
205,vpn,comment,MullvadVPN,5,0.2541183233261108
206,vpn,comment,MullvadVPN,11,0.3598493635654449
207,vpn,comment,MullvadVPN,4,0.5218983888626099
208,vpn,comment,MullvadVPN,11,0.4846727848052978
209,vpn,comment,MullvadVPN,11,0.3696667850017547
210,vpn,comment,MullvadVPN,1,0.2984288036823272
211,vpn,comment,MullvadVPN,11,0.427157461643219
212,vpn,comment,MullvadVPN,11,0.5280179977416992
214,vpn,comment,MullvadVPN,5,0.3360593020915985
215,vpn,comment,MullvadVPN,11,0.449242353439331
216,vpn,comment,MullvadVPN,6,0.475006639957428
217,vpn,comment,MullvadVPN,4,0.4653747081756592
218,vpn,comment,MullvadVPN,3,0.4581110775470733
219,vpn,comment,MullvadVPN,5,0.3448444008827209
220,vpn,comment,MullvadVPN,11,0.5202279090881348
221,vpn,comment,MullvadVPN,2,0.4947533011436462
222,vpn,comment,MullvadVPN,5,0.3931812047958374
223,vpn,comment,MullvadVPN,5,0.5192657709121704
224,vpn,comment,MullvadVPN,11,0.3816629648208618
225,vpn,comment,MullvadVPN,1,0.4842735230922699
226,vpn,comment,MullvadVPN,9,0.4997082650661468
227,vpn,comment,MullvadVPN,5,0.3205744326114654
228,vpn,comment,MullvadVPN,5,0.4449528753757477
229,vpn,comment,MullvadVPN,11,0.3501085042953491
230,vpn,comment,MullvadVPN,11,0.3300695121288299
231,vpn,comment,MullvadVPN,3,0.3352939188480377
232,vpn,comment,MullvadVPN,11,0.4936311244964599
233,vpn,comment,MullvadVPN,11,0.5580479502677917
234,vpn,comment,MullvadVPN,11,0.3560933768749237
235,vpn,comment,MullvadVPN,11,0.4525609314441681
236,vpn,comment,MullvadVPN,5,0.4326998591423034
237,vpn,comment,MullvadVPN,5,0.3448378145694732
238,vpn,comment,MullvadVPN,1,0.2047294080257415
239,vpn,comment,MullvadVPN,5,0.4571056365966797
240,vpn,comment,MullvadVPN,11,0.3574792742729187
241,vpn,comment,MullvadVPN,5,0.3703830242156982
242,vpn,comment,MullvadVPN,5,0.6227280497550964
243,vpn,comment,MullvadVPN,5,0.3006610870361328
244,vpn,comment,MullvadVPN,5,0.3924327790737152
245,vpn,comment,MullvadVPN,11,0.3586078286170959
246,vpn,comment,MullvadVPN,5,0.2607667148113251
247,vpn,comment,MullvadVPN,5,0.3326224386692047
248,vpn,comment,MullvadVPN,8,0.4364397227764129
249,vpn,comment,MullvadVPN,7,0.4519069492816925
250,vpn,comment,MullvadVPN,1,0.4546901285648346
251,vpn,comment,MullvadVPN,8,0.2757591307163238
252,vpn,comment,MullvadVPN,5,0.3253989219665527
253,vpn,comment,MullvadVPN,7,0.3228216171264648
254,vpn,comment,MullvadVPN,3,0.3874120116233825
255,vpn,comment,MullvadVPN,11,0.4598077535629272
256,vpn,comment,MullvadVPN,5,0.4016346335411072
257,vpn,comment,MullvadVPN,11,0.3094292283058166
258,vpn,comment,MullvadVPN,5,0.2286994904279709
259,vpn,comment,MullvadVPN,2,0.237434834241867
260,vpn,comment,MullvadVPN,5,0.3491841554641723
261,vpn,comment,MullvadVPN,2,0.2268309295177459
262,vpn,comment,MullvadVPN,5,0.5312736630439758
263,vpn,comment,MullvadVPN,7,0.5030797123908997
264,vpn,comment,MullvadVPN,4,0.2365680932998657
265,vpn,comment,MullvadVPN,5,0.3119510114192962
266,vpn,comment,MullvadVPN,5,0.3539039492607116
267,vpn,comment,MullvadVPN,11,0.3599321842193603
268,vpn,comment,MullvadVPN,7,0.2943787574768066
269,vpn,comment,MullvadVPN,11,0.3125670254230499
270,vpn,comment,MullvadVPN,7,0.375043123960495
271,vpn,comment,MullvadVPN,9,0.5070888996124268
272,vpn,comment,MullvadVPN,6,0.3427168726921081
273,vpn,comment,MullvadVPN,4,0.3553010523319244
274,vpn,comment,MullvadVPN,11,0.3922278583049774
275,vpn,comment,MullvadVPN,5,0.3789597451686859
276,vpn,comment,MullvadVPN,9,0.2355680763721466
277,vpn,comment,MullvadVPN,11,0.2534169554710388
278,vpn,comment,MullvadVPN,11,0.4342024624347687
279,vpn,comment,MullvadVPN,3,0.2997889220714569
280,vpn,comment,MullvadVPN,7,0.5036866664886475
281,vpn,comment,MullvadVPN,5,0.340366929769516
282,vpn,comment,MullvadVPN,5,0.5384138822555542
283,vpn,comment,nordvpn,10,0.2396654337644577
284,vpn,comment,nordvpn,3,0.3848601579666137
286,vpn,comment,nordvpn,0,0.3413785398006439
287,vpn,comment,nordvpn,11,0.4078038036823272
288,vpn,comment,nordvpn,11,0.302219420671463
289,vpn,comment,nordvpn,3,0.4659132957458496
290,vpn,comment,nordvpn,11,0.3139590322971344
291,vpn,comment,nordvpn,11,0.4666697978973388
292,vpn,comment,nordvpn,11,0.5793588757514954
293,vpn,comment,nordvpn,1,0.4525880813598633
294,vpn,comment,nordvpn,3,0.3921006917953491
295,vpn,comment,nordvpn,8,0.2184197604656219
296,vpn,comment,nordvpn,4,0.2906119525432586
297,vpn,comment,nordvpn,11,0.5971654057502747
298,vpn,comment,nordvpn,11,0.4819696545600891
299,vpn,comment,nordvpn,11,0.3290552198886871
300,vpn,comment,nordvpn,5,0.3432044386863708
301,vpn,comment,nordvpn,11,0.7046480774879456
302,vpn,comment,nordvpn,11,0.3158112466335296
303,vpn,comment,nordvpn,11,0.4138111770153045
304,vpn,comment,nordvpn,11,0.2564521133899688
305,vpn,comment,nordvpn,4,0.2890002131462097
306,vpn,comment,nordvpn,5,0.2704722583293915
307,vpn,comment,nordvpn,1,0.2397982031106948
308,vpn,comment,nordvpn,8,0.2482875734567642
309,vpn,comment,nordvpn,11,0.4073027074337005
310,vpn,comment,nordvpn,8,0.2432862967252731
311,vpn,comment,nordvpn,2,0.4617915153503418
312,vpn,comment,nordvpn,2,0.2775597870349884
313,vpn,comment,nordvpn,11,0.2255797088146209
314,vpn,comment,nordvpn,4,0.2768212556838989
315,vpn,comment,nordvpn,11,0.5094612836837769
316,vpn,comment,nordvpn,1,0.5012567639350891
317,vpn,comment,nordvpn,5,0.2869390845298767
318,vpn,comment,nordvpn,11,0.4705603420734405
319,vpn,comment,nordvpn,3,0.2700363993644714
320,vpn,comment,nordvpn,3,0.6658101677894592
321,vpn,comment,nordvpn,11,0.2648370563983917
322,vpn,comment,nordvpn,5,0.3975794613361358
323,vpn,comment,nordvpn,2,0.3993511497974396
325,vpn,comment,nordvpn,0,0.3955117762088775
326,vpn,comment,nordvpn,1,0.4245622456073761
327,vpn,comment,nordvpn,0,0.4468784630298614
328,vpn,comment,nordvpn,11,0.484097957611084
329,vpn,comment,nordvpn,11,0.2539339661598205
330,vpn,comment,nordvpn,4,0.6142917275428772
331,vpn,comment,nordvpn,1,0.4323862791061401
332,vpn,comment,nordvpn,11,0.5546666383743286
333,vpn,comment,nordvpn,3,0.5748201012611389
334,vpn,comment,nordvpn,3,0.4143291711807251
335,vpn,comment,nordvpn,3,0.3154685199260711
336,vpn,comment,nordvpn,3,0.4178375005722046
337,vpn,comment,nordvpn,5,0.5663082003593445
338,vpn,comment,nordvpn,9,0.2646276652812958
339,vpn,comment,nordvpn,11,0.2992643117904663
340,vpn,comment,nordvpn,11,0.4896835684776306
341,vpn,comment,nordvpn,11,0.564359724521637
342,vpn,comment,nordvpn,11,0.6063940525054932
343,vpn,comment,nordvpn,8,0.5048045516014099
344,vpn,comment,nordvpn,11,0.3261284232139587
345,vpn,comment,nordvpn,8,0.547929584980011
346,vpn,comment,nordvpn,11,0.3644649982452392
347,vpn,comment,nordvpn,5,0.4124195873737335
348,vpn,comment,nordvpn,1,0.191161498427391
349,vpn,comment,nordvpn,5,0.5355563759803772
350,vpn,comment,nordvpn,5,0.303858608007431
351,vpn,comment,nordvpn,9,0.2531592845916748
352,vpn,comment,nordvpn,5,0.2949539422988891
353,vpn,comment,nordvpn,1,0.2772728204727173
354,vpn,comment,nordvpn,9,0.285830944776535
355,vpn,comment,nordvpn,2,0.2373845279216766
356,vpn,comment,nordvpn,2,0.2900174856185913
357,vpn,comment,nordvpn,1,0.2552458941936493
358,vpn,comment,nordvpn,11,0.3727236688137054
359,vpn,comment,nordvpn,0,0.3351486325263977
360,vpn,comment,nordvpn,1,0.6186147332191467
361,vpn,comment,nordvpn,3,0.2670295536518097
362,vpn,comment,nordvpn,1,0.5371147990226746
363,vpn,comment,nordvpn,8,0.3218047618865967
364,vpn,comment,nordvpn,5,0.3900917768478393
365,vpn,comment,nordvpn,4,0.2418384701013565
366,vpn,comment,nordvpn,7,0.3033444583415985
367,vpn,comment,nordvpn,4,0.5817879438400269
368,vpn,comment,nordvpn,3,0.2676503956317901
369,vpn,comment,nordvpn,5,0.3773289918899536
370,vpn,comment,nordvpn,4,0.4205197989940643
371,vpn,comment,nordvpn,2,0.4810691475868225
372,vpn,comment,nordvpn,5,0.4201928377151489
373,vpn,comment,nordvpn,7,0.3394036591053009
374,vpn,comment,nordvpn,4,0.2956965565681457
375,vpn,comment,nordvpn,11,0.3249354362487793
376,vpn,comment,nordvpn,8,0.5384730696678162
377,vpn,comment,nordvpn,8,0.3805636465549469
378,vpn,comment,nordvpn,5,0.2436159551143646
379,vpn,comment,nordvpn,11,0.5050424933433533
380,vpn,comment,nordvpn,2,0.3464218974113464
381,vpn,comment,nordvpn,11,0.4270245730876922
382,vpn,comment,nordvpn,6,0.2941122055053711
383,vpn,comment,nordvpn,11,0.3034246861934662
384,vpn,comment,nordvpn,5,0.3495581448078155
385,vpn,comment,nordvpn,11,0.3763114213943481
386,vpn,comment,nordvpn,11,0.5049866437911987
387,vpn,comment,nordvpn,11,0.3110246956348419
388,vpn,comment,nordvpn,11,0.5151459574699402
389,vpn,comment,nordvpn,11,0.4221491515636444
390,vpn,comment,nordvpn,4,0.407642662525177
391,vpn,comment,PrivacyGuides,3,0.316067636013031
392,vpn,comment,PrivacyGuides,5,0.512350857257843
393,vpn,comment,PrivacyGuides,5,0.3999476134777069
394,vpn,comment,PrivacyGuides,5,0.49130979180336
395,vpn,comment,PrivacyGuides,5,0.2266579717397689
396,vpn,comment,PrivacyGuides,3,0.2964211702346802
397,vpn,comment,PrivacyGuides,11,0.2253139317035675
399,vpn,comment,PrivacyGuides,5,0.2792088985443115
400,vpn,comment,PrivacyGuides,10,0.281080424785614
401,vpn,comment,PrivacyGuides,3,0.3863289058208465
402,vpn,comment,PrivacyGuides,3,0.4169653058052063
403,vpn,comment,PrivacyGuides,5,0.4545096158981323
404,vpn,comment,PrivacyGuides,5,0.5867642164230347
405,vpn,comment,PrivacyGuides,5,0.5489562153816223
406,vpn,comment,PrivacyGuides,4,0.4864027500152588
407,vpn,comment,PrivacyGuides,5,0.3669283986091614
408,vpn,comment,PrivacyGuides,5,0.4544060528278351
409,vpn,comment,PrivacyGuides,1,0.4415205121040344
410,vpn,comment,PrivacyGuides,5,0.3027558922767639
411,vpn,comment,PrivacyGuides,5,0.5015480518341064
412,vpn,comment,PrivacyGuides,5,0.4200376570224762
413,vpn,comment,PrivacyGuides,3,0.5040400624275208
414,vpn,comment,PrivacyGuides,3,0.3871970772743225
415,vpn,comment,PrivacyGuides,5,0.3754148185253143
416,vpn,comment,PrivacyGuides,11,0.4146851599216461
417,vpn,comment,PrivacyGuides,6,0.4572340250015259
418,vpn,comment,PrivacyGuides,9,0.2983452379703522
419,vpn,comment,PrivacyGuides,5,0.3491352498531341
420,vpn,comment,PrivacyGuides,4,0.4224379360675812
421,vpn,comment,PrivateInternetAccess,11,0.3519009053707123
422,vpn,comment,PrivateInternetAccess,1,0.5894216299057007
423,vpn,comment,PrivateInternetAccess,0,0.2404326498508453
424,vpn,comment,PrivateInternetAccess,5,0.2793276906013489
425,vpn,comment,PrivateInternetAccess,11,0.2832778394222259
426,vpn,comment,PrivateInternetAccess,11,0.2303258329629898
427,vpn,comment,PrivateInternetAccess,11,0.3165585398674011
428,vpn,comment,PrivateInternetAccess,11,0.4688881337642669
429,vpn,comment,PrivateInternetAccess,1,0.3162176012992859
431,vpn,comment,PrivateInternetAccess,8,0.2853211164474487
432,vpn,comment,PrivateInternetAccess,8,0.2854859232902527
433,vpn,comment,PrivateInternetAccess,8,0.2526355683803558
434,vpn,comment,PrivateInternetAccess,8,0.3145853579044342
435,vpn,comment,PrivateInternetAccess,0,0.1864260882139206
436,vpn,comment,PrivateInternetAccess,1,0.2882094383239746
437,vpn,comment,PrivateInternetAccess,3,0.226488783955574
438,vpn,comment,PrivateInternetAccess,2,0.2226764410734176
439,vpn,comment,PrivateInternetAccess,6,0.3467181921005249
440,vpn,comment,PrivateInternetAccess,5,0.2979982495307922
441,vpn,comment,PrivateInternetAccess,11,0.2664870619773865
442,vpn,comment,PrivateInternetAccess,11,0.6982380151748657
443,vpn,comment,PrivateInternetAccess,11,0.553798496723175
444,vpn,comment,PrivateInternetAccess,1,0.2797915339469909
445,vpn,comment,PrivateInternetAccess,11,0.2765291631221771
446,vpn,comment,PrivateInternetAccess,1,0.5169800519943237
447,vpn,comment,PrivateInternetAccess,11,0.6129018068313599
448,vpn,comment,PrivateInternetAccess,11,0.5796471834182739
449,vpn,comment,PrivateInternetAccess,4,0.3445930480957031
450,vpn,comment,PrivateInternetAccess,1,0.3184729814529419
451,vpn,comment,Surfshark,0,0.2054579406976699
452,vpn,comment,Surfshark,0,0.3826973438262939
453,vpn,comment,Surfshark,5,0.3455979824066162
454,vpn,comment,Surfshark,8,0.4613279104232788
455,vpn,comment,Surfshark,11,0.3667670488357544
456,vpn,comment,Surfshark,11,0.3760614097118377
457,vpn,comment,Surfshark,11,0.315392255783081
458,vpn,comment,Surfshark,5,0.2479002028703689
460,vpn,comment,Surfshark,8,0.2876653671264648
461,vpn,comment,Surfshark,8,0.5135773420333862
462,vpn,comment,Surfshark,1,0.5003974437713623
464,vpn,comment,Surfshark,11,0.309890478849411
465,vpn,comment,Surfshark,4,0.2777280807495117
466,vpn,comment,Surfshark,11,0.2452463954687118
467,vpn,comment,Surfshark,3,0.3565643727779388
468,vpn,comment,Surfshark,0,0.339367926120758
469,vpn,comment,Surfshark,5,0.4436210691928863
470,vpn,comment,Surfshark,8,0.4477956295013428
471,vpn,comment,Surfshark,0,0.3245306611061096
472,vpn,comment,Surfshark,11,0.3167225420475006
473,vpn,comment,Surfshark,9,0.27918741106987
475,vpn,comment,Surfshark,11,0.4898939132690429
476,vpn,comment,Surfshark,5,0.3633400201797485
477,vpn,comment,Surfshark,0,0.3422843217849731
478,vpn,comment,Surfshark,11,0.3654518127441406
479,vpn,comment,degoogle,2,0.4432004690170288
480,vpn,comment,degoogle,3,0.4567803144454956
481,vpn,comment,degoogle,3,0.3102373778820038
482,vpn,comment,degoogle,5,0.3150933980941772
483,vpn,comment,degoogle,1,0.6084031462669373
484,vpn,comment,degoogle,4,0.5731754899024963
485,vpn,comment,degoogle,5,0.4916108846664428
486,vpn,comment,degoogle,5,0.3125974833965301
487,vpn,comment,degoogle,5,0.2586351335048675
488,vpn,comment,degoogle,0,0.222459614276886
489,vpn,comment,degoogle,5,0.6374046802520752
490,vpn,comment,degoogle,4,0.3638909757137298
491,vpn,comment,degoogle,2,0.2586841583251953
492,vpn,comment,degoogle,1,0.3176727294921875
493,vpn,comment,degoogle,0,0.2621672749519348
494,vpn,comment,degoogle,5,0.6108487844467163
496,vpn,comment,degoogle,8,0.2916294038295746
497,vpn,comment,degoogle,5,0.3662304282188415
498,vpn,comment,degoogle,5,0.4397937357425689
499,vpn,comment,degoogle,4,0.6675077080726624
500,vpn,comment,degoogle,4,0.4133529961109161
501,vpn,comment,degoogle,5,0.2295247614383697
502,vpn,comment,degoogle,5,0.5178020596504211
503,vpn,comment,degoogle,2,0.3959821760654449
504,vpn,comment,degoogle,0,0.3120175898075104
505,vpn,comment,degoogle,0,0.4122952222824096
506,vpn,comment,degoogle,4,0.376047819852829
507,vpn,comment,degoogle,9,0.4692513942718506
508,vpn,comment,degoogle,5,0.5972678661346436
509,vpn,comment,degoogle,4,0.491301953792572
511,vpn,comment,degoogle,4,0.3501416444778442
512,vpn,comment,degoogle,5,0.424712210893631
513,vpn,comment,degoogle,4,0.2383112609386444
514,vpn,comment,degoogle,7,0.3519016206264496
515,vpn,comment,degoogle,3,0.2652089893817901
516,vpn,comment,degoogle,0,0.2684686779975891
517,vpn,comment,degoogle,0,0.3720929026603699
518,vpn,comment,degoogle,5,0.4010556936264038
519,vpn,comment,degoogle,5,0.3999384641647339
520,vpn,comment,degoogle,7,0.720771312713623
521,vpn,comment,degoogle,5,0.4742409884929657
522,vpn,comment,degoogle,5,0.3983095586299896
523,vpn,comment,degoogle,4,0.1926481425762176
524,vpn,comment,degoogle,3,0.3371747732162475
525,vpn,comment,degoogle,3,0.3739852607250213
526,vpn,comment,degoogle,0,0.3232693672180176
527,vpn,comment,degoogle,3,0.5184162855148315
528,vpn,comment,degoogle,3,0.2938539087772369
529,vpn,comment,degoogle,3,0.292356789112091
530,vpn,comment,degoogle,6,0.3596919476985931
531,vpn,comment,degoogle,6,0.4633887410163879
533,vpn,comment,degoogle,1,0.5715304613113403
534,vpn,comment,degoogle,6,0.3606555461883545
535,vpn,comment,degoogle,5,0.3437660634517669
536,vpn,comment,ProtonVPN,5,0.5043954849243164
537,vpn,comment,ProtonVPN,7,0.253395140171051
538,vpn,comment,ProtonVPN,1,0.56630939245224
539,vpn,comment,ProtonVPN,2,0.2506997883319855
540,vpn,comment,ProtonVPN,1,0.2609642148017883
541,vpn,comment,ProtonVPN,1,0.3532468974590301
542,vpn,comment,ProtonVPN,3,0.1750258356332779
543,vpn,comment,ProtonVPN,0,0.2958566546440124
544,vpn,comment,ProtonVPN,11,0.4914278388023376
545,vpn,comment,ProtonVPN,1,0.5790852308273315
546,vpn,comment,ProtonVPN,5,0.4568031132221222
547,vpn,comment,ProtonVPN,4,0.3307547867298126
548,vpn,comment,ProtonVPN,4,0.3608078360557556
549,vpn,comment,ProtonVPN,11,0.6909923553466797
550,vpn,comment,ProtonVPN,3,0.5575663447380066
551,vpn,comment,ProtonVPN,11,0.4189473986625671
552,vpn,comment,ProtonVPN,5,0.3145969212055206
553,vpn,comment,ProtonVPN,8,0.3005538284778595
554,vpn,comment,ProtonVPN,11,0.2328755557537078
555,vpn,comment,ProtonVPN,5,0.6368318200111389
556,vpn,comment,ProtonVPN,5,0.5683906078338623
557,vpn,comment,ProtonVPN,11,0.4823129177093506
558,vpn,comment,ProtonVPN,11,0.4945868253707886
559,vpn,comment,ProtonVPN,11,0.3465201258659363
560,vpn,comment,ProtonVPN,5,0.3172752857208252
561,vpn,comment,ProtonVPN,11,0.6355646848678589
562,vpn,comment,ProtonVPN,11,0.2720932960510254
563,vpn,comment,ProtonVPN,4,0.5359840393066406
564,vpn,comment,ProtonVPN,5,0.5689104199409485
565,vpn,comment,ProtonVPN,3,0.2445508390665054
566,vpn,comment,ProtonVPN,11,0.5981860160827637
567,vpn,comment,ProtonVPN,4,0.5538042783737183
568,vpn,comment,ProtonVPN,4,0.5066421031951904
569,vpn,comment,ProtonVPN,3,0.2491131722927093
571,vpn,comment,ProtonVPN,5,0.4347460567951202
572,vpn,comment,ProtonVPN,3,0.3928593397140503
573,vpn,comment,ProtonVPN,0,0.4048619568347931
574,vpn,comment,ProtonVPN,6,0.3686229884624481
575,vpn,comment,ProtonVPN,7,0.3399136364459991
576,vpn,comment,ProtonVPN,9,0.4027511477470398
577,vpn,comment,ProtonVPN,11,0.7929189205169678
578,vpn,comment,ProtonVPN,0,0.3786036968231201
579,vpn,comment,ProtonVPN,5,0.4424555599689483
581,vpn,comment,ProtonVPN,11,0.4884812235832214
582,vpn,comment,ProtonVPN,11,0.7292088866233826
583,vpn,comment,ProtonVPN,1,0.2892977595329284
584,vpn,comment,ProtonVPN,3,0.3264713287353515
585,vpn,comment,ProtonVPN,1,0.2927653193473816
586,vpn,comment,ProtonVPN,1,0.2702298462390899
587,vpn,comment,ProtonVPN,11,0.3174572885036468
588,vpn,comment,ProtonVPN,3,0.4563595354557037
589,vpn,comment,ProtonVPN,3,0.3279980421066284
590,vpn,comment,ProtonVPN,5,0.2318243235349655
591,vpn,comment,ProtonVPN,5,0.309352308511734
592,vpn,comment,ProtonVPN,5,0.2779451310634613
593,vpn,comment,ProtonVPN,3,0.5567497611045837
594,vpn,comment,ProtonVPN,1,0.327409565448761
595,vpn,comment,ProtonVPN,4,0.3506956398487091
596,vpn,comment,ProtonVPN,4,0.3047905266284942
597,vpn,comment,ProtonVPN,5,0.4823226630687713
599,vpn,comment,ProtonVPN,2,0.2807709872722626
600,vpn,comment,ProtonVPN,11,0.6636958718299866
601,vpn,comment,ProtonVPN,2,0.2791861593723297
602,vpn,comment,ProtonVPN,5,0.3919650018215179
603,vpn,comment,ProtonVPN,6,0.2529681622982025
604,vpn,comment,ProtonVPN,11,0.2492319494485855
605,vpn,comment,ProtonVPN,11,0.4123991131782532
606,vpn,comment,ProtonVPN,6,0.2451023608446121
607,vpn,comment,ProtonVPN,2,0.1842703223228454
608,vpn,comment,ProtonVPN,11,0.2666423320770263
609,vpn,comment,ProtonVPN,5,0.2256314009428024
610,vpn,comment,ProtonVPN,2,0.4705170094966888
611,vpn,comment,ProtonVPN,4,0.4327274262905121
612,vpn,comment,ProtonVPN,9,0.2163710296154022
613,vpn,comment,ProtonVPN,5,0.2500278651714325
614,vpn,comment,ProtonVPN,5,0.5011911988258362
615,vpn,comment,ProtonVPN,5,0.2365461587905883
616,vpn,comment,ProtonVPN,3,0.3331064581871032
617,vpn,comment,ProtonVPN,8,0.2133333683013916
618,vpn,comment,ProtonVPN,7,0.3931692242622375
619,vpn,comment,ProtonVPN,9,0.4356536865234375
620,vpn,comment,ProtonVPN,7,0.5734483003616333
621,vpn,comment,ProtonVPN,1,0.4272550046443939
622,vpn,comment,ProtonVPN,3,0.4060350954532623
623,vpn,comment,ProtonVPN,1,0.3221694827079773
624,vpn,comment,ProtonVPN,4,0.5536717176437378
625,vpn,comment,ProtonVPN,9,0.3528611660003662
626,vpn,comment,ProtonVPN,4,0.2901622951030731
627,vpn,comment,ProtonVPN,10,0.2901486754417419
628,vpn,comment,ProtonVPN,6,0.2709858417510986
629,vpn,comment,ProtonVPN,5,0.3093020319938659
630,vpn,comment,ProtonVPN,4,0.4627459347248077
631,vpn,comment,ProtonVPN,1,0.3407997786998749
632,vpn,comment,ProtonVPN,7,0.5759504437446594
633,vpn,comment,ProtonVPN,0,0.3612242937088012
634,vpn,comment,ProtonVPN,1,0.4837075471878052
635,vpn,comment,ProtonVPN,1,0.3163433372974396
636,vpn,comment,ProtonVPN,0,0.3963327705860138
637,vpn,comment,ProtonVPN,1,0.4416249990463257
638,vpn,comment,ProtonVPN,8,0.2642747461795807
639,vpn,comment,ProtonVPN,5,0.3783823251724243
640,vpn,comment,ProtonVPN,7,0.3329539000988006
641,vpn,comment,ProtonVPN,5,0.6424102187156677
642,vpn,comment,ProtonVPN,11,0.4039160311222076
643,vpn,comment,ProtonVPN,11,0.4915175139904022
644,vpn,comment,ProtonVPN,3,0.2102716863155365
645,vpn,comment,ProtonVPN,3,0.3192915022373199
646,vpn,comment,ProtonVPN,4,0.2592670023441314
647,vpn,comment,ProtonVPN,5,0.3676589429378509
648,vpn,comment,ProtonVPN,5,0.3660238087177276
649,vpn,comment,ProtonVPN,2,0.236949473619461
650,vpn,comment,ProtonVPN,5,0.2372538149356842
651,vpn,comment,ProtonVPN,7,0.5085703730583191
652,vpn,comment,ProtonVPN,5,0.3071264028549194
653,vpn,comment,VPN,3,0.6581896543502808
654,vpn,comment,VPN,3,0.4536584615707397
655,vpn,comment,VPN,3,0.5809326171875
656,vpn,comment,VPN,2,0.2928423285484314
657,vpn,comment,VPN,4,0.3623446524143219
658,vpn,comment,VPN,3,0.6101130247116089
659,vpn,comment,VPN,1,0.5579888820648193
660,vpn,comment,VPN,11,0.3712057769298553
661,vpn,comment,VPN,9,0.3784497678279876
662,vpn,comment,VPN,9,0.3722987473011017
663,vpn,comment,VPN,6,0.271436482667923
664,vpn,comment,VPN,4,0.3001109957695007
665,vpn,comment,VPN,10,0.2163214832544326
666,vpn,comment,VPN,3,0.3314340710639953
667,vpn,comment,VPN,7,0.2767221927642822
668,vpn,comment,VPN,11,0.2973995506763458
669,vpn,comment,VPN,0,0.1985913664102554
670,vpn,comment,VPN,3,0.3053334951400757
671,vpn,comment,VPN,5,0.2752539813518524
672,vpn,comment,VPN,5,0.3887589275836944
673,vpn,comment,VPN,11,0.2860978245735168
674,vpn,comment,VPN,5,0.4148222804069519
675,vpn,comment,VPN,8,0.2621850967407226
676,vpn,comment,VPN,5,0.2694760262966156
677,vpn,comment,VPN,11,0.2659154236316681
678,vpn,comment,VPN,8,0.2847633957862854
680,vpn,comment,VPN,2,0.2490116953849792
681,vpn,comment,VPN,5,0.30062335729599
682,vpn,comment,VPN,8,0.2684743702411651
683,vpn,comment,VPN,10,0.2420991063117981
684,vpn,comment,VPN,11,0.5879940986633301
685,vpn,comment,VPN,5,0.3871118426322937
686,vpn,comment,VPN,5,0.3273802697658539
687,vpn,comment,VPN,2,0.2502738535404205
688,vpn,comment,VPN,1,0.4502082765102386
689,vpn,comment,VPN,5,0.3017176389694214
690,vpn,comment,VPN,4,0.4973447918891907
691,vpn,comment,VPN,8,0.3343437314033508
692,vpn,comment,VPN,0,0.3021297454833984
693,vpn,comment,VPN,2,0.187705785036087
694,vpn,comment,VPN,5,0.4974096417427063
695,vpn,comment,VPN,1,0.3591636121273041
696,vpn,comment,VPN,5,0.3097430169582367
697,vpn,comment,VPN,11,0.2968152463436126
698,vpn,comment,VPN,5,0.2904246747493744
699,vpn,comment,VPN,11,0.2182626277208328
700,vpn,comment,VPN,11,0.4258624911308288
702,vpn,comment,VPN,11,0.2844015061855316
703,vpn,comment,VPN,1,0.1941682547330856
704,vpn,comment,VPN,3,0.3204381465911865
705,vpn,comment,VPN,3,0.3306811451911926
706,vpn,comment,VPN,6,0.3975246846675873
707,vpn,comment,VPN,1,0.6261357069015503
708,vpn,comment,VPN,5,0.4761683940887451
709,vpn,comment,VPN,3,0.4209617972373962
710,vpn,comment,VPN,6,0.2430152595043182
711,vpn,comment,VPN,5,0.3274138271808624
712,vpn,comment,VPN,5,0.3945373892784118
713,vpn,comment,VPN,4,0.2881681323051452
714,vpn,comment,VPN,3,0.2686919569969177
715,vpn,comment,VPN,1,0.5154896974563599
716,vpn,comment,VPN,10,0.37054243683815
717,vpn,comment,VPN,5,0.4785538017749786
718,vpn,comment,VPN,11,0.5649282336235046
719,vpn,comment,VPN,2,0.2660167515277862
720,vpn,comment,VPN,2,0.3023080229759216
721,vpn,comment,VPN,1,0.1966764032840728
722,vpn,comment,VPN,9,0.2012570798397064
723,vpn,comment,VPN,1,0.4895744621753692
724,vpn,comment,VPN,3,0.2651752829551697
725,vpn,comment,VPN,3,0.3217736184597015
726,vpn,comment,VPN,8,0.2889986038208008
727,vpn,comment,VPN,11,0.4183031618595123
728,vpn,comment,VPN,5,0.2939552664756775
729,vpn,comment,VPN,11,0.2776035964488983
730,vpn,comment,VPN,5,0.4316042959690094
731,vpn,comment,VPN,6,0.3046117424964905
732,vpn,comment,VPN,5,0.4611945450305938
733,vpn,comment,VPN,4,0.3619613647460937
734,vpn,comment,VPN,11,0.3839876651763916
735,vpn,comment,VPN,11,0.3625948429107666
736,vpn,comment,VPN,1,0.3301226198673248
737,vpn,comment,VPN,1,0.3587463200092315
738,vpn,comment,VPN,11,0.3266419768333435
739,vpn,comment,VPN,5,0.4256840050220489
740,vpn,comment,VPN,11,0.2573698759078979
741,vpn,comment,VPN,5,0.4175330102443695
742,vpn,comment,VPN,1,0.2832428514957428
743,vpn,comment,VPN,4,0.2588728368282318
744,vpn,comment,VPN,5,0.2969383597373962
745,vpn,comment,VPN,1,0.2762076258659363
746,vpn,comment,VPN,1,0.3960430026054382
747,vpn,comment,VPN,5,0.3821758925914764
748,vpn,comment,VPN,5,0.2903435230255127
749,vpn,comment,VPN,2,0.4831689000129699
750,vpn,comment,VPN,3,0.3541798293590545
751,vpn,comment,VPN,2,0.3214820921421051
752,vpn,comment,VPN,8,0.291419506072998
753,vpn,comment,VPN,5,0.444436103105545
754,vpn,comment,VPN,11,0.3003774583339691
755,vpn,comment,VPN,11,0.4525262117385864
756,vpn,comment,VPN,9,0.4244187474250793
757,vpn,comment,VPN,0,0.2538494765758514
759,vpn,comment,VPN,2,0.3028520047664642
760,vpn,comment,VPN,4,0.466151624917984
761,vpn,comment,VPN,2,0.3571784496307373
762,vpn,comment,VPN,11,0.3760158121585846
763,vpn,comment,VPN,3,0.3527188003063202
764,vpn,comment,VPN,2,0.3950895369052887
765,vpn,comment,VPN,5,0.2614292204380035
766,vpn,comment,VPN,2,0.3289829790592193
767,vpn,comment,VPN,4,0.4182416796684265
768,vpn,comment,VPN,4,0.4112781584262848
769,vpn,comment,VPN,6,0.2822397351264953
770,vpn,comment,VPN,11,0.357615977525711
771,vpn,comment,VPN,1,0.2424594163894653
772,vpn,comment,VPN,4,0.3013026118278503
773,vpn,comment,VPN,11,0.5041207671165466
774,vpn,comment,VPN,11,0.3428966999053955
775,vpn,comment,VPN,5,0.3036981523036957
776,vpn,comment,VPN,1,0.2512402832508087
777,vpn,comment,VPN,6,0.3038670718669891
778,vpn,comment,VPN,7,0.4002270698547363
779,vpn,comment,VPN,4,0.2499518394470214
780,vpn,comment,VPN,7,0.4354502856731415
781,vpn,comment,VPN,1,0.2912361919879913
782,vpn,comment,VPN,5,0.3400998413562774
783,vpn,comment,VPN,4,0.3489311337471008
784,vpn,comment,VPN,2,0.3394585847854614
785,vpn,comment,VPN,4,0.4344518184661865
786,vpn,comment,VPN,4,0.55115807056427
787,vpn,comment,VPN,3,0.4196674823760986
788,vpn,comment,VPN,4,0.4405202567577362
789,vpn,comment,VPN,0,0.4442577362060547
790,vpn,comment,VPN,5,0.3547966778278351
791,vpn,comment,VPN,4,0.4318209290504455
792,vpn,comment,VPN,5,0.4870730936527252
793,vpn,comment,VPN,1,0.2795976102352142
794,vpn,comment,VPN,0,0.3542513251304626
795,vpn,comment,VPN,9,0.3109202980995178
796,vpn,comment,VPN,5,0.361579954624176
797,vpn,comment,VPN,11,0.2907337248325348
798,vpn,comment,VPN,7,0.2665633261203766
799,vpn,comment,VPN,5,0.3167149722576141
800,vpn,comment,VPN,8,0.3084255456924438
801,vpn,comment,VPN,4,0.3439162969589233
802,vpn,comment,VPN,4,0.3353442251682281
803,vpn,comment,VPN,5,0.3567103743553161
804,vpn,comment,VPN,1,0.485057920217514
805,vpn,comment,VPN,4,0.3775389194488525
806,vpn,comment,VPN,9,0.4103921055793762
807,vpn,comment,VPN,11,0.3380023837089538
808,vpn,comment,VPN,5,0.2860204875469208
809,vpn,comment,VPN,5,0.4112613797187805
810,vpn,comment,VPN,4,0.4362899959087372
811,vpn,comment,VPN,0,0.4000521004199981
812,vpn,comment,VPN,1,0.4068436622619629
813,vpn,comment,VPN,4,0.4172373116016388
814,vpn,comment,VPN,5,0.3170553147792816
815,vpn,comment,VPN,5,0.3652946650981903
816,vpn,comment,VPN,1,0.3998892307281494
817,vpn,comment,VPN,2,0.2189045697450637
818,vpn,comment,VPN,9,0.3240061700344085
819,vpn,comment,VPN,6,0.2547312676906585
820,vpn,comment,VPN,4,0.5239352583885193
821,vpn,comment,VPN,7,0.3227860629558563
822,vpn,comment,VPN,11,0.4151934385299682
823,vpn,comment,VPN,4,0.5509145259857178
824,vpn,comment,VPN,5,0.4210419952869415
825,vpn,comment,VPN,7,0.2304363697767257
826,vpn,comment,VPN,4,0.3339301645755768
827,vpn,comment,VPN,11,0.3238323628902435
828,vpn,comment,VPN,2,0.2938046157360077
829,vpn,comment,VPN,11,0.5602583289146423
830,vpn,comment,VPN,11,0.3460490703582763
831,vpn,comment,VPN,5,0.3966640532016754
832,vpn,comment,VPN,6,0.365117609500885
833,vpn,comment,VPN,5,0.4171450734138489
834,vpn,comment,VPN,8,0.3300547301769256
835,vpn,comment,VPN,11,0.5017319917678833
836,vpn,comment,VPN,5,0.3793753087520599
837,vpn,comment,VPN,5,0.4347386658191681
838,vpn,comment,VPN,5,0.5084417462348938
839,vpn,comment,VPN,7,0.5549017190933228
840,vpn,comment,VPN,7,0.2969039678573608
841,vpn,comment,VPN,11,0.5187246203422546
843,vpn,comment,VPN,2,0.4846940636634826
844,vpn,comment,VPN,5,0.4186149537563324
845,vpn,comment,VPN,9,0.2727558016777038
846,vpn,comment,VPN,4,0.2731994986534118
847,vpn,comment,VPN,1,0.2668674886226654
848,vpn,comment,VPN,4,0.2432167828083038
849,vpn,comment,VPN,4,0.4249781966209411
850,vpn,comment,VPN,3,0.3444408178329468
851,vpn,comment,VPN,4,0.7035585641860962
852,vpn,comment,VPN,5,0.2214060723781585
853,vpn,comment,VPN,3,0.3229150772094726
854,vpn,comment,VPN,7,0.3811371326446533
855,vpn,comment,VPN,5,0.4247803688049316
856,vpn,comment,VPN,5,0.2610943019390106
857,vpn,comment,VPN,3,0.3865520358085632
858,vpn,comment,VPN,4,0.3224768042564392
859,vpn,comment,VPN,1,0.2606489658355713
860,vpn,comment,VPN,1,0.2513785660266876
861,vpn,comment,VPN,5,0.5428050756454468
862,vpn,comment,VPN,5,0.2987713813781738
863,vpn,comment,VPN,4,0.3480057120323181
864,vpn,comment,VPN,4,0.502129316329956
865,vpn,comment,VPN,5,0.2832570374011993
866,vpn,comment,VPN,7,0.3248154819011688
867,vpn,comment,VPN,7,0.347945362329483
868,vpn,comment,VPN,3,0.3677026629447937
869,vpn,comment,VPN,4,0.3667915165424347
870,vpn,comment,VPN,3,0.3811106979846954
871,vpn,comment,VPN,2,0.217241108417511
872,vpn,comment,VPN,5,0.3866334855556488
873,vpn,comment,VPN,5,0.4810102581977844
874,vpn,comment,VPN,4,0.2791669964790344
875,vpn,comment,VPN,1,0.3854355812072754
876,vpn,comment,VPN,5,0.4108645915985107
877,vpn,comment,VPN,7,0.3315537869930267
878,vpn,comment,VPN,5,0.4386704564094543
879,vpn,comment,VPN,0,0.277087539434433
880,vpn,comment,VPN,5,0.3032147288322449
881,vpn,comment,VPN,2,0.2922826111316681
882,vpn,comment,VPN,7,0.2279076725244522
883,vpn,comment,VPN,7,0.3745065927505493
884,vpn,comment,VPN,4,0.3001900017261505
885,vpn,comment,VPN,5,0.1921214163303375
886,vpn,comment,VPN,4,0.3585075736045837
887,vpn,comment,VPN,4,0.3238809704780578
888,vpn,comment,VPN,6,0.3519314527511596
889,vpn,comment,VPN,5,0.225049078464508
890,vpn,comment,VPN,5,0.2450891584157943
891,vpn,comment,VPN,4,0.2909107804298401
892,vpn,comment,VPN,7,0.3001779913902282
893,vpn,comment,VPN,5,0.4880868792533874
894,vpn,comment,VPN,4,0.6312710642814636
895,vpn,comment,VPN,5,0.3168054223060608
896,vpn,comment,VPN,5,0.2452819049358368
897,vpn,comment,VPN,4,0.3615042865276336
898,vpn,comment,VPN,5,0.297940731048584
899,vpn,comment,VPN,5,0.4423371255397796
900,vpn,comment,VPN,5,0.3472993373870849
901,vpn,comment,VPN,6,0.2198329120874405
902,vpn,comment,VPN,11,0.476581871509552
903,vpn,comment,VPN,4,0.3627151846885681
904,vpn,comment,VPN,11,0.3387988209724426
905,vpn,comment,VPN,3,0.2126695215702057
906,vpn,comment,VPN,4,0.3825106918811798
907,vpn,comment,VPN,3,0.3699665069580078
908,vpn,comment,VPN,7,0.2092379480600357
909,vpn,comment,VPN,9,0.2169279158115387
910,vpn,comment,VPN,11,0.3294047117233276
911,vpn,comment,VPN,3,0.2661550641059875
912,vpn,comment,VPN,5,0.2567114233970642
913,vpn,comment,VPN,4,0.3023255467414856
914,vpn,comment,VPN,8,0.2605504393577575
915,vpn,comment,VPN,5,0.3544220328330993
916,vpn,comment,VPN,1,0.3333572149276733
917,vpn,comment,VPN,5,0.3760857880115509
918,vpn,comment,VPN,7,0.3136425912380218
919,vpn,comment,VPN,1,0.2836479246616363
920,vpn,comment,VPN,1,0.2315993905067443
921,vpn,comment,VPN,1,0.4687106609344482
922,vpn,comment,VPN,5,0.2456952631473541
923,vpn,comment,VPN,11,0.2583673894405365
924,vpn,comment,VPN,1,0.4847183227539062
925,vpn,comment,VPN,8,0.3122395575046539
926,vpn,comment,VPN,4,0.2687129974365234
927,vpn,comment,VPN,4,0.3668771982192993
928,vpn,comment,VPN,4,0.4027822315692901
929,vpn,comment,VPN,7,0.332692950963974
930,vpn,comment,VPN,11,0.3113000690937042
931,vpn,comment,VPN,8,0.2057186514139175
932,vpn,comment,VPN,5,0.3075519800186157
933,vpn,comment,VPN,7,0.4223154187202453
934,vpn,comment,VPN,1,0.3922578394412994
935,vpn,comment,VPN,11,0.4656168222427368
936,vpn,comment,VPN,1,0.3345049321651459
937,vpn,comment,VPN,3,0.316431313753128
938,vpn,comment,VPN,6,0.356719821691513
939,vpn,comment,VPN,2,0.300117939710617
940,vpn,comment,VPN,0,0.2980791330337524
941,vpn,comment,VPN,1,0.6916376352310181
942,vpn,comment,VPN,2,0.3213148415088653
943,vpn,comment,VPN,1,0.2993824779987335
944,vpn,comment,VPN,7,0.2738049924373626
945,vpn,comment,VPN,1,0.4053584635257721
946,vpn,comment,VPN,3,0.3718358278274536
947,vpn,comment,VPN,4,0.4886073470115661
948,vpn,comment,VPN,3,0.4683807492256164
949,vpn,comment,VPN,3,0.2566474974155426
950,vpn,comment,VPN,4,0.2126491218805313
951,vpn,comment,VPN,1,0.4745198786258697
952,vpn,comment,VPN,11,0.4648147523403168
953,vpn,comment,VPN,2,0.4137914180755615
954,vpn,comment,VPN,8,0.3243121206760406
955,vpn,comment,Windscribe,8,0.5882720947265625
956,vpn,comment,Windscribe,8,0.645749032497406
957,vpn,comment,Windscribe,0,0.2692797780036926
958,vpn,comment,Windscribe,8,0.2397489249706268
959,vpn,comment,Windscribe,9,0.2785302996635437
960,vpn,comment,Windscribe,11,0.3377527892589569
961,vpn,comment,Windscribe,5,0.3871593177318573
962,vpn,comment,Windscribe,11,0.439676284790039
963,vpn,comment,Windscribe,11,0.3803374767303467
964,vpn,comment,Windscribe,8,0.5600391626358032
965,vpn,comment,Windscribe,8,0.2834481298923492
966,vpn,comment,Windscribe,0,0.2933115661144256
967,vpn,comment,Windscribe,3,0.5916792750358582
968,vpn,comment,Windscribe,8,0.4951153993606567
969,vpn,comment,Windscribe,8,0.2249677777290344
971,vpn,comment,Windscribe,1,0.3053301274776459
972,vpn,comment,Windscribe,4,0.2923493385314941
973,vpn,comment,Windscribe,6,0.4775533080101013
974,vpn,comment,Windscribe,11,0.4105839729309082
975,vpn,comment,Windscribe,3,0.2631784081459045
976,vpn,comment,Windscribe,6,0.4112878739833832
977,vpn,comment,Windscribe,8,0.3536004722118377
978,vpn,comment,Windscribe,5,0.3062604069709778
979,vpn,comment,Windscribe,6,0.2364052236080169
980,vpn,comment,Windscribe,8,0.3293397724628448
981,vpn,comment,Windscribe,6,0.2439217120409011
982,vpn,comment,Windscribe,4,0.424543023109436
983,vpn,comment,Windscribe,5,0.3556979596614837
985,vpn,comment,Windscribe,4,0.3396293818950653
986,vpn,comment,Windscribe,5,0.2745284736156463
987,vpn,comment,Windscribe,3,0.240471750497818
988,vpn,comment,Windscribe,5,0.4068414866924286
989,vpn,comment,Windscribe,4,0.3924038410186767
990,vpn,comment,Windscribe,4,0.3657545447349548
991,vpn,comment,Windscribe,11,0.30482879281044
992,vpn,comment,Windscribe,1,0.2679884731769562
993,vpn,comment,Windscribe,3,0.2810697853565216
994,vpn,comment,privacy,11,0.3126532137393951
995,vpn,comment,privacy,3,0.5550257563591003
996,vpn,comment,privacy,4,0.3473220765590668
997,vpn,comment,privacy,5,0.3245538473129272
998,vpn,comment,privacy,4,0.4361178874969482
999,vpn,comment,privacy,5,0.4635308980941772
1000,vpn,comment,privacy,5,0.5837799310684204
1001,vpn,comment,privacy,5,0.3927633762359619
1002,vpn,comment,privacy,6,0.3008762896060943
1003,vpn,comment,privacy,3,0.3800025284290313
1004,vpn,comment,privacy,1,0.4189506471157074
1005,vpn,comment,privacy,6,0.282559871673584
1006,vpn,comment,privacy,6,0.3655258119106293
1007,vpn,comment,privacy,1,0.3771766424179077
1008,vpn,comment,privacy,1,0.5817440748214722
1009,vpn,comment,privacy,3,0.2693610787391662
1010,vpn,comment,privacy,1,0.4346173405647278
1011,vpn,comment,privacy,1,0.2819032073020935
1012,vpn,comment,privacy,5,0.6537561416625977
1013,vpn,comment,privacy,5,0.6244691610336304
1014,vpn,comment,privacy,1,0.2596179842948913
1015,vpn,comment,privacy,5,0.3970564007759094
1016,vpn,comment,privacy,6,0.3277483284473419
1017,vpn,comment,privacy,9,0.2872545421123504
1018,vpn,comment,privacy,4,0.377681016921997
1019,vpn,comment,privacy,3,0.2980144321918487
1020,vpn,comment,privacy,5,0.4231862425804138
1021,vpn,comment,privacy,6,0.4861000180244446
1022,vpn,comment,privacy,3,0.362279862165451
1023,vpn,comment,privacy,6,0.3451109230518341
1024,vpn,comment,privacy,1,0.8205764293670654
1025,vpn,comment,privacy,11,0.2742946445941925
1026,vpn,comment,privacy,9,0.2533934712409973
1027,vpn,comment,privacy,5,0.517426609992981
1028,vpn,comment,privacy,1,0.2463541179895401
1029,vpn,comment,privacy,4,0.3866209387779236
1030,vpn,comment,privacy,4,0.3892216980457306
1031,vpn,comment,privacy,5,0.6324610710144043
1032,vpn,comment,privacy,1,0.3434896469116211
1033,vpn,comment,privacy,6,0.3898168802261352
1034,vpn,comment,privacy,6,0.2498792260885238
1035,vpn,comment,privacy,4,0.4686712920665741
1036,vpn,comment,privacy,5,0.6206063628196716
1037,vpn,comment,privacy,4,0.3705359399318695
1038,vpn,comment,privacy,3,0.4530438780784607
1040,vpn,comment,privacy,5,0.4250288009643554
1041,vpn,comment,privacy,5,0.2943081855773926
1042,vpn,comment,privacy,4,0.4385610818862915
1044,vpn,comment,privacy,1,0.304953396320343
1045,vpn,comment,privacy,4,0.4888428151607513
1046,vpn,comment,privacy,1,0.2868407070636749
1047,vpn,comment,privacy,5,0.366079181432724
1048,vpn,comment,privacy,3,0.2666429579257965
1049,vpn,comment,privacy,6,0.2180213034152984
1050,vpn,comment,privacy,1,0.5812361240386963
1051,vpn,comment,privacy,5,0.5189416408538818
1052,vpn,comment,privacy,5,0.4910906553268432
1054,vpn,comment,privacy,5,0.3439763486385345
1055,vpn,comment,privacy,8,0.2722175717353821
1056,vpn,comment,privacy,1,0.2343934476375579
1057,vpn,comment,privacy,3,0.3388913571834564
1058,vpn,comment,privacy,4,0.3925976455211639
1059,vpn,comment,privacy,5,0.3398429155349731
1060,vpn,comment,privacy,4,0.4980360865592956
1061,vpn,comment,privacy,4,0.2924144864082336
1062,vpn,comment,privacy,5,0.3639386892318725
1063,vpn,comment,privacy,4,0.564047634601593
1064,vpn,comment,privacy,4,0.2944042086601257
1065,vpn,comment,privacy,4,0.5416739583015442
1066,vpn,comment,privacy,5,0.462666243314743
1067,vpn,comment,privacy,4,0.2878237664699554
1068,vpn,comment,privacy,5,0.3436508774757385
1069,vpn,comment,privacy,5,0.6101868152618408
1070,vpn,comment,privacy,5,0.4890875220298767
1071,vpn,comment,privacy,5,0.3208044767379761
1072,vpn,comment,privacy,1,0.3241634368896484
1073,vpn,comment,privacy,5,0.3973891735076904
1074,vpn,comment,privacy,3,0.5595943927764893
1075,vpn,comment,privacy,4,0.314276248216629
1076,vpn,comment,privacy,3,0.398582398891449
1077,vpn,comment,privacy,5,0.2807919383049011
1078,vpn,comment,privacy,3,0.4647391140460968
1079,vpn,comment,privacy,5,0.4615039825439453
1080,vpn,comment,privacy,1,0.4190833866596222
1081,vpn,comment,privacy,4,0.3653863370418548
1082,vpn,comment,privacy,1,0.310810774564743
1083,vpn,comment,privacy,4,0.3022898137569427
1084,vpn,comment,privacy,4,0.288778692483902
1085,vpn,comment,privacy,3,0.2416059374809265
1086,vpn,comment,privacy,7,0.3395656645298004
1087,vpn,comment,privacy,0,0.2371879070997238
1088,vpn,comment,privacy,11,0.3854749202728271
1089,vpn,comment,privacy,8,0.3070104420185089
1090,vpn,comment,privacy,4,0.3931401669979095
1091,vpn,comment,privacy,3,0.24921315908432
1092,vpn,comment,privacy,4,0.2158192694187164
1093,vpn,comment,privacy,9,0.2736225128173828
1094,vpn,comment,privacy,4,0.6079349517822266
1095,vpn,comment,privacy,5,0.549095869064331
1096,vpn,comment,privacy,5,0.3555717766284942
1097,vpn,comment,privacy,0,0.246415913105011
1098,vpn,comment,privacy,6,0.3782761693000793
1099,vpn,comment,privacy,7,0.3181617856025696
1100,vpn,comment,privacy,7,0.294819563627243
1101,vpn,comment,privacy,6,0.4483834505081177
1102,vpn,comment,privacy,5,0.3780277967453003
1103,vpn,comment,privacy,5,0.4605928957462311
1104,vpn,comment,privacy,5,0.69744873046875
1105,vpn,comment,privacy,11,0.3142346739768982
1106,vpn,comment,privacy,7,0.2584519982337951
1107,vpn,comment,privacy,3,0.2734202444553375
1108,vpn,comment,privacy,2,0.1878712475299835
1109,vpn,comment,privacy,5,0.6149516701698303
1110,vpn,comment,privacy,7,0.3969506323337555
1111,vpn,comment,privacy,5,0.2308400869369506
1112,vpn,comment,privacy,6,0.4249971210956573
1113,vpn,comment,privacy,5,0.4256879389286041
1114,vpn,comment,privacy,1,0.4231602549552917
1115,vpn,comment,privacy,1,0.5668009519577026
1116,vpn,comment,privacy,0,0.681340754032135
1117,vpn,comment,privacy,6,0.3614219427108764
1118,vpn,comment,privacy,5,0.5181887149810791
1119,vpn,comment,privacy,5,0.3921948969364166
1120,vpn,comment,privacy,5,0.2938309907913208
1121,vpn,comment,privacy,5,0.288769781589508
1122,vpn,comment,privacy,4,0.5673424005508423
1123,vpn,comment,privacy,4,0.4351668655872345
1124,vpn,comment,privacy,11,0.2975319921970367
1125,vpn,comment,privacy,0,0.2711213827133178
1126,vpn,comment,privacy,6,0.3457751870155334
1127,vpn,comment,privacy,5,0.3226517736911773
1128,vpn,comment,privacy,5,0.4645047783851623
1129,vpn,comment,privacy,9,0.7276074290275574
1130,vpn,comment,privacy,5,0.3419964909553528
1131,vpn,comment,privacy,7,0.3695470094680786
1132,vpn,comment,privacy,10,0.335528701543808
1133,vpn,comment,privacy,4,0.6586294770240784
1134,vpn,comment,privacy,3,0.4391652345657348
1135,vpn,comment,privacy,1,0.2724392116069793
1136,vpn,comment,privacy,5,0.3478679656982422
1137,vpn,comment,privacy,4,0.4612140953540802
1138,vpn,comment,privacy,1,0.3340785801410675
1139,vpn,comment,privacy,11,0.5326679348945618
1140,vpn,comment,privacy,3,0.3438807129859924
1141,vpn,comment,privacy,5,0.3704508543014526
1142,vpn,comment,privacy,3,0.2405377030372619
1143,vpn,comment,privacy,1,0.3106476962566376
1144,vpn,comment,privacy,1,0.7062230706214905
1145,vpn,comment,privacy,5,0.3813004493713379
1146,vpn,comment,privacy,5,0.352127730846405
1147,vpn,comment,privacy,4,0.360316663980484
1148,vpn,comment,privacy,5,0.3432084321975708
1149,vpn,comment,privacy,4,0.7266820669174194
1150,vpn,comment,privacy,5,0.3816820383071899
1151,vpn,comment,privacy,8,0.3805788159370422
1152,vpn,comment,privacy,4,0.4633426368236542
1153,vpn,comment,privacy,4,0.4812023639678955
1154,vpn,comment,privacy,1,0.413038820028305
1155,vpn,comment,privacy,1,0.2102196663618087
1156,vpn,comment,privacy,2,0.4674883782863617
1157,vpn,comment,privacy,5,0.4854585230350494
1158,vpn,comment,privacy,3,0.2571217715740204
1159,vpn,comment,privacy,5,0.3705689311027527
1160,vpn,comment,privacy,3,0.2196457535028457
1161,vpn,comment,privacy,2,0.431217223405838
1162,vpn,comment,privacy,2,0.2924858331680298
1163,vpn,comment,privacy,4,0.2269248217344284
1164,vpn,comment,privacy,5,0.5200780630111694
1165,vpn,comment,privacy,9,0.4696817994117737
1166,vpn,comment,privacy,1,0.541796863079071
1167,vpn,comment,privacy,5,0.44178107380867
1168,vpn,comment,privacy,11,0.3810054659843445
1169,vpn,comment,privacy,11,0.4904706478118896
1170,vpn,comment,privacy,1,0.2617587447166443
1171,vpn,comment,privacy,5,0.4536858797073364
1172,vpn,comment,privacy,5,0.6791496872901917
1173,vpn,comment,privacy,4,0.4180231094360351
1174,vpn,comment,privacy,1,0.3429754376411438
1175,vpn,comment,privacy,1,0.1923421025276184
1176,vpn,comment,privacy,6,0.6679829359054565
1177,vpn,comment,privacy,1,0.203184574842453
1178,vpn,comment,privacy,1,0.332974225282669
1180,vpn,comment,privacy,5,0.2605504691600799
1181,vpn,comment,privacy,5,0.4328498542308807
1182,vpn,comment,privacy,5,0.5482080578804016
1183,vpn,comment,privacy,5,0.3443656265735626
1184,vpn,comment,privacy,9,0.3734579682350158
1185,vpn,comment,privacy,3,0.4305279552936554
1186,vpn,comment,privacy,4,0.3463914096355438
1187,vpn,comment,privacy,1,0.5360069870948792
1188,vpn,comment,privacy,3,0.494614690542221
1189,vpn,comment,privacy,4,0.4317829608917236
1190,vpn,comment,privacy,5,0.4705387949943542
1191,vpn,comment,privacy,5,0.4318277835845947
1192,vpn,comment,privacy,11,0.5633927583694458
1193,vpn,comment,privacy,0,0.3187972009181976
1194,vpn,comment,privacy,1,0.2185941636562347
1195,vpn,comment,privacy,1,0.4005963504314422
1196,vpn,comment,privacy,0,0.3273176848888397
1197,vpn,comment,privacy,11,0.240865021944046
1198,vpn,comment,privacy,5,0.4154099524021148
1199,vpn,comment,privacy,5,0.2620459198951721
1200,vpn,comment,privacy,4,0.6851595044136047
1201,vpn,comment,privacy,10,0.2473442554473877
1202,vpn,comment,privacy,5,0.4443054497241974
1203,vpn,comment,privacy,5,0.3549834787845611
1204,vpn,comment,privacy,5,0.497169941663742
1205,vpn,comment,privacy,1,0.3618745505809784
1206,vpn,comment,privacy,4,0.3678654134273529
1207,vpn,comment,privacy,4,0.3614043891429901
1208,vpn,comment,privacy,5,0.31549733877182
1209,vpn,comment,privacy,7,0.3094822764396667
1211,vpn,comment,privacy,5,0.4933428764343261
1212,vpn,comment,privacy,3,0.5703750252723694
1213,vpn,comment,privacy,5,0.3323879241943359
1214,vpn,comment,privacy,5,0.4704971611499786
1215,vpn,comment,privacy,1,0.4624889194965362
1216,vpn,comment,privacy,4,0.2453008294105529
1217,vpn,comment,privacy,9,0.2261890321969986
1218,vpn,comment,privacy,5,0.2960047125816345
1219,vpn,comment,privacy,5,0.3023528754711151
1220,vpn,comment,privacy,5,0.3687969744205475
1221,vpn,comment,privacy,1,0.2458223849534988
1222,vpn,comment,privacy,1,0.3289412260055542
1223,vpn,comment,privacy,5,0.3539589047431946
1224,vpn,comment,privacy,1,0.4235853552818298
1225,vpn,comment,privacy,1,0.462638646364212
1226,vpn,comment,privacy,5,0.3537080585956573
1227,vpn,comment,privacy,1,0.2986639440059662
1228,vpn,comment,privacy,1,0.4407973289489746
1229,vpn,comment,privacy,3,0.466628223657608
1230,vpn,comment,privacy,3,0.2313615828752517
1231,vpn,comment,privacy,3,0.4011847376823425
1232,vpn,comment,privacy,5,0.3605520725250244
1233,vpn,comment,privacy,1,0.4445419311523437
1234,vpn,comment,privacy,5,0.4402239620685577
1235,vpn,comment,privacy,5,0.3896371722221374
1236,vpn,comment,privacy,5,0.4258030354976654
1237,vpn,comment,privacy,5,0.2268946170806884
1238,vpn,comment,privacy,5,0.3427791595458984
1239,vpn,comment,privacy,5,0.4677554070949554
1240,vpn,comment,privacy,6,0.3686735033988952
1241,vpn,comment,privacy,5,0.3367692828178406
1242,vpn,comment,privacy,5,0.3319702744483948
1243,vpn,comment,privacy,7,0.5759662389755249
1244,vpn,comment,privacy,1,0.3181650936603546
1245,vpn,comment,privacy,5,0.2718318700790405
1247,vpn,comment,privacy,1,0.299632579088211
1248,vpn,comment,privacy,4,0.3693158030509949
1249,vpn,comment,privacy,5,0.2349654287099838
1250,vpn,comment,privacy,11,0.2252063900232315
1251,vpn,comment,privacy,5,0.372262567281723
1252,vpn,comment,privacy,2,0.3452426791191101
1253,vpn,comment,privacy,4,0.2211385667324066
1254,vpn,comment,privacy,11,0.3776183426380157
1255,vpn,comment,privacy,1,0.4505006670951843
1256,vpn,comment,privacy,7,0.3967404365539551
1257,vpn,comment,privacy,1,0.4359117150306701
1258,vpn,comment,privacy,9,0.3517703115940094
1259,vpn,comment,privacy,5,0.2843944430351257
1260,vpn,comment,privacy,5,0.5042669773101807
1261,vpn,comment,privacy,2,0.2971549928188324
1262,vpn,comment,privacy,3,0.3347201645374298
1263,vpn,comment,privacy,4,0.3292042315006256
1264,vpn,comment,privacy,2,0.3558486700057983
1265,vpn,comment,privacy,9,0.3174607157707214
1266,vpn,comment,privacy,4,0.6142628788948059
1267,vpn,comment,privacy,4,0.3517583310604095
1268,vpn,comment,privacy,1,0.3649330735206604
1269,vpn,comment,privacy,7,0.3458930850028991
1270,vpn,comment,privacy,3,0.385753720998764
1271,vpn,comment,privacy,6,0.2014531195163726
1272,vpn,comment,privacy,7,0.3463063240051269
1273,vpn,comment,privacy,5,0.3752848207950592
1274,vpn,comment,privacy,5,0.3220973312854767
1275,vpn,comment,privacy,3,0.3870942890644073
1276,vpn,comment,privacy,5,0.3201532065868377
1277,vpn,comment,privacy,1,0.3968700170516968
1278,vpn,comment,privacy,3,0.3431442081928253
1279,vpn,comment,privacy,4,0.5856368541717529
1280,vpn,comment,privacy,1,0.2162953615188598
1282,vpn,comment,privacy,5,0.4966836869716644
1283,vpn,comment,privacy,4,0.4957212805747986
1284,vpn,comment,privacy,4,0.619911253452301
1285,vpn,comment,privacy,5,0.2861717045307159
1286,vpn,comment,privacy,4,0.5963971018791199
1287,vpn,comment,privacy,4,0.5544644594192505
1288,vpn,comment,privacy,1,0.2413950115442276
1289,vpn,comment,privacy,5,0.6785483956336975
1290,vpn,comment,privacy,5,0.2661404609680176
1291,vpn,comment,privacy,5,0.2899802327156067
1292,vpn,comment,privacy,5,0.1980189979076385
1293,vpn,comment,privacy,3,0.2720178961753845
1294,vpn,comment,privacy,2,0.4135729670524597
1295,vpn,comment,privacy,6,0.2179199606180191
1296,vpn,comment,privacy,6,0.3491935431957245
1297,vpn,comment,privacy,10,0.2098331302404403
1298,vpn,comment,privacy,5,0.3638441562652588
1299,vpn,comment,privacy,5,0.2438669949769973
1300,vpn,comment,privacy,0,0.2550677955150604
1301,vpn,comment,privacy,1,0.3228499293327331
1302,vpn,comment,privacy,5,0.30801522731781
1303,vpn,comment,privacy,0,0.2417608797550201
1304,vpn,comment,privacy,0,0.436409592628479
1305,vpn,comment,privacy,5,0.2695852518081665
1306,vpn,comment,privacy,3,0.4937165081501007
1307,vpn,comment,privacy,3,0.3575875163078308
1308,vpn,comment,privacy,0,0.290642499923706
1309,vpn,comment,privacy,5,0.2257471084594726
1310,vpn,comment,privacy,5,0.4473596811294555
1311,vpn,comment,privacy,5,0.5053505897521973
1312,vpn,comment,privacy,6,0.4774369299411773
1313,vpn,comment,privacy,5,0.344670295715332
1314,vpn,comment,privacy,7,0.3697945475578308
1315,vpn,comment,privacy,1,0.4126568138599396
1316,vpn,comment,privacy,7,0.2839576601982116
1317,vpn,comment,privacy,5,0.4017351865768432
1318,vpn,comment,privacy,6,0.2814382314682007
1319,vpn,comment,privacy,2,0.2768622636795044
1320,vpn,comment,privacy,10,0.4278313815593719
1321,vpn,comment,privacy,5,0.5073603391647339
1322,vpn,comment,privacy,5,0.2640929520130157
1323,vpn,comment,privacy,5,0.2712928354740143
1324,vpn,comment,privacy,1,0.1972656548023224
1325,vpn,comment,privacy,11,0.4115503430366516
1326,vpn,comment,privacy,2,0.3731931447982788
1328,vpn,comment,privacy,7,0.3299257457256317
1329,vpn,comment,privacy,7,0.3370721638202667
1330,vpn,comment,privacy,8,0.2323486506938934
1331,vpn,comment,privacy,7,0.4699955284595489
1332,vpn,comment,privacy,9,0.3171171844005584
1334,vpn,comment,privacy,11,0.3651075065135956
1335,vpn,comment,privacy,8,0.5020544528961182
1336,vpn,comment,privacy,7,0.2208903580904007
1337,vpn,comment,privacy,2,0.306984543800354
1338,vpn,comment,privacy,4,0.5267674922943115
1339,vpn,comment,privacy,3,0.3123779296875
1340,vpn,comment,privacy,4,0.3198886215686798
1341,vpn,comment,privacy,2,0.3871626555919647
1342,vpn,comment,privacy,7,0.2819558680057525
1343,vpn,comment,privacy,7,0.2624364495277405
1344,vpn,comment,privacy,4,0.38574880361557
1345,vpn,comment,privacy,5,0.3969704210758209
1346,vpn,comment,privacy,11,0.2431903183460235
1347,vpn,comment,privacy,5,0.3952800333499908
1348,vpn,comment,privacy,11,0.2512418627738952
1349,vpn,comment,privacy,3,0.3021306097507477
1350,vpn,comment,privacy,5,0.4638715982437134
1351,vpn,comment,privacy,5,0.2929525077342987
1352,vpn,comment,privacy,2,0.2855834662914276
1353,vpn,comment,privacy,5,0.4645456075668335
1354,vpn,comment,privacy,9,0.3168072998523712
1355,vpn,comment,privacy,5,0.344476968050003
1356,vpn,comment,privacy,4,0.5630301237106323
1357,vpn,comment,privacy,1,0.3416320085525512
1358,vpn,comment,privacy,8,0.4012451171875
1359,vpn,comment,privacy,1,0.308383584022522
1360,vpn,comment,privacy,3,0.2694125473499298
1361,vpn,comment,privacy,5,0.3720055520534515
1362,vpn,comment,privacy,4,0.3775191605091095
1363,vpn,comment,privacy,4,0.2113149464130401
1364,vpn,comment,privacy,4,0.4034498929977417
1365,vpn,comment,privacy,5,0.4954897165298462
1366,vpn,comment,privacy,9,0.2464885860681533
1367,vpn,comment,privacy,5,0.5067441463470459
1368,vpn,comment,privacy,5,0.4627966582775116
1369,vpn,comment,privacy,5,0.2501053512096405
1370,vpn,comment,privacy,3,0.4769386649131775
1371,vpn,comment,privacy,3,0.3407536745071411
1372,vpn,comment,privacy,4,0.3393246233463287
1373,vpn,comment,privacy,4,0.3860910832881927
1374,vpn,comment,privacy,5,0.3880238831043243
1375,vpn,comment,privacy,4,0.3348402380943298
1376,vpn,comment,privacy,5,0.3794098794460296
1377,vpn,comment,privacy,7,0.3531428277492523
1378,vpn,comment,privacy,4,0.3795929849147796
1379,vpn,comment,privacy,0,0.4100872278213501
1380,vpn,comment,privacy,4,0.4483169913291931
1381,vpn,comment,privacy,4,0.2713571190834045
1382,vpn,comment,privacy,8,0.4437418580055237
1383,vpn,comment,privacy,1,0.3120985031127929
1384,vpn,comment,privacy,4,0.3264552652835846
1385,vpn,comment,privacy,3,0.2599583268165588
1386,vpn,comment,privacy,9,0.2775823175907135
1387,vpn,comment,privacy,6,0.3747118711471557
1388,vpn,comment,privacy,5,0.4621611833572387
1389,vpn,comment,privacy,5,0.532728374004364
1390,vpn,comment,privacy,3,0.2834420502185821
1391,vpn,comment,privacy,4,0.3750234842300415
1392,vpn,comment,privacy,4,0.37704798579216
1393,vpn,comment,privacy,4,0.3233441710472107
1394,vpn,comment,privacy,1,0.4896992146968841
1395,vpn,comment,privacy,1,0.5452061295509338
1396,vpn,comment,privacy,4,0.3095702230930328
1397,vpn,comment,privacy,4,0.5669188499450684
1398,vpn,comment,privacy,7,0.3177750706672668
1399,vpn,comment,privacy,5,0.402598112821579
1400,vpn,comment,privacy,4,0.4150774776935577
1401,vpn,comment,privacy,5,0.2893788516521454
1402,vpn,comment,privacy,4,0.2520133256912231
1403,vpn,comment,privacy,5,0.3390315473079681
1404,vpn,comment,privacy,3,0.2964307069778442
1405,vpn,comment,privacy,4,0.296877920627594
1406,vpn,comment,privacy,5,0.2755509912967682
1407,vpn,comment,privacy,5,0.4250602424144745
1408,vpn,comment,privacy,5,0.2797235548496246
1409,vpn,comment,privacy,4,0.3516634702682495
1410,vpn,comment,privacy,11,0.3422497510910034
1411,vpn,comment,privacy,7,0.3448452055454254
1412,vpn,comment,privacy,0,0.4117799997329712
1413,vpn,comment,privacy,5,0.3643665611743927
1414,vpn,comment,privacy,4,0.2789461314678192
1415,vpn,comment,privacy,0,0.3375861644744873
1416,vpn,comment,privacy,4,0.437824934720993
1417,vpn,comment,privacy,9,0.3665914833545685
1418,vpn,comment,privacy,7,0.2551117539405823
1419,vpn,comment,privacy,5,0.3567748665809631
1420,vpn,comment,privacy,4,0.3095413148403168
1421,vpn,comment,privacy,5,0.4374296367168426
1422,vpn,comment,privacy,7,0.4394958615303039
1423,vpn,comment,privacy,1,0.3314957916736603
1424,vpn,comment,privacy,7,0.3724106252193451
1425,vpn,comment,privacy,4,0.2708543539047241
1426,vpn,comment,privacy,7,0.279592752456665
1427,vpn,comment,privacy,2,0.3610250353813171
1428,vpn,comment,privacy,9,0.2526433169841766
1429,vpn,comment,privacy,5,0.334248423576355
1430,vpn,comment,privacy,7,0.3709146976470947
1431,vpn,comment,privacy,11,0.4317616820335388
1432,vpn,comment,privacy,9,0.2932974100112915
1433,vpn,comment,privacy,1,0.2383965253829956
1434,vpn,comment,privacy,7,0.3674364984035492
1435,vpn,comment,privacy,7,0.3304333388805389
1436,vpn,comment,privacy,5,0.3315143287181854
1437,vpn,comment,privacy,1,0.2518846690654754
1438,vpn,comment,privacy,3,0.343116283416748
1439,vpn,comment,privacy,4,0.2653206586837768
1440,vpn,comment,privacy,4,0.5298687219619751
1441,vpn,comment,privacy,4,0.3122130930423736
1442,vpn,comment,privacy,7,0.3404960632324219
1443,vpn,comment,privacy,5,0.7788463830947876
1444,vpn,comment,privacy,5,0.3816539645195007
1445,vpn,comment,privacy,7,0.4239118099212646
1446,vpn,comment,privacy,1,0.5005471110343933
1447,vpn,comment,privacy,5,0.4903149306774139
1448,vpn,comment,privacy,4,0.4051403105258941
1450,vpn,comment,privacy,11,0.3347558379173279
1451,vpn,comment,privacy,4,0.3153579235076904
1452,vpn,comment,privacy,5,0.5395878553390503
1453,vpn,comment,privacy,1,0.2645810842514038
1454,vpn,comment,privacy,5,0.4904994964599609
1455,vpn,comment,privacy,7,0.6474244594573975
1456,vpn,comment,privacy,4,0.2855506241321563
1457,vpn,comment,privacy,4,0.4933692812919616
1458,vpn,comment,privacy,7,0.4037909805774688
1459,vpn,comment,privacy,4,0.3712084293365478
1460,vpn,comment,privacy,0,0.3082597851753235
1461,vpn,comment,privacy,6,0.3745022714138031
1462,vpn,comment,privacy,4,0.2203741669654846
1463,vpn,comment,privacy,4,0.2402902990579605
1464,vpn,comment,privacy,6,0.4554938077926636
1465,vpn,comment,privacy,6,0.6287724375724792
1466,vpn,comment,privacy,0,0.3524872064590454
1467,vpn,comment,privacy,5,0.4856187701225281
1468,vpn,comment,privacy,5,0.3274793028831482
1469,vpn,comment,privacy,5,0.3459743559360504
1470,vpn,comment,privacy,7,0.3661732971668243
1471,vpn,comment,privacy,9,0.2769565284252167
1472,vpn,comment,privacy,11,0.228915736079216
1473,vpn,comment,privacy,7,0.4072003066539764
1474,vpn,comment,privacy,2,0.2356725633144378
1475,vpn,comment,privacy,4,0.3818213045597076
1476,vpn,comment,privacy,7,0.259291797876358
1477,vpn,comment,privacy,5,0.2127923369407653
1478,vpn,comment,privacy,7,0.3583718240261078
1479,vpn,comment,privacy,5,0.5064458847045898
1480,vpn,comment,privacy,2,0.329119473695755
1481,vpn,comment,privacy,4,0.2825513780117035
1482,vpn,comment,privacy,7,0.4150462448596954
1483,vpn,comment,privacy,7,0.4432666301727295
1484,vpn,comment,privacy,7,0.2881844043731689
1485,vpn,comment,privacy,1,0.3542154431343078
1486,vpn,comment,privacy,7,0.3835807740688324
1487,vpn,comment,privacy,4,0.3904160261154175
1488,vpn,comment,privacy,4,0.3060464262962341
1489,vpn,comment,privacy,7,0.4919004738330841
1490,vpn,comment,privacy,1,0.2643533647060394
1491,vpn,comment,privacy,7,0.345923513174057
1492,vpn,comment,privacy,9,0.3434724807739258
1493,vpn,comment,privacy,1,0.4084296226501465
1495,vpn,comment,privacy,7,0.3184425830841064
1496,vpn,comment,privacy,0,0.4567238986492157
1497,vpn,submission,censorship,4,0.6004111766815186
1498,vpn,submission,censorship,7,0.3706881105899811
1499,vpn,submission,degoogle,7,0.5116873383522034
1500,vpn,submission,degoogle,0,0.3056623935699463
1501,vpn,submission,nordvpn,11,0.4702478051185608
1502,vpn,submission,nordvpn,0,0.4244404137134552
1503,vpn,submission,PrivacyGuides,4,0.4340716004371643
1504,vpn,submission,privacy,4,0.31317138671875
1505,vpn,submission,privacy,5,0.3968847393989563
1506,vpn,submission,privacy,5,0.3316436409950256
1507,vpn,submission,privacy,0,0.3423439860343933
1508,vpn,submission,privacy,4,0.6379837393760681
1509,vpn,submission,privacy,4,0.7901241183280945
1510,vpn,submission,privacy,7,0.4060932993888855
1511,vpn,submission,privacy,3,0.2503126561641693
1512,vpn,submission,privacy,4,0.2971553802490234
1513,vpn,submission,privacy,4,0.768060028553009
1514,vpn,submission,privacy,4,0.4315370321273803
1515,vpn,submission,privacy,4,0.4398829042911529
1516,vpn,submission,privacy,4,0.4508415460586548
1517,vpn,submission,privacy,4,0.7093290090560913
1518,vpn,submission,privacy,4,0.443100243806839
1519,vpn,submission,privacy,4,0.6213853359222412
1520,vpn,submission,privacy,4,0.5168613791465759
1521,vpn,submission,privacy,4,0.7028982043266296
1522,vpn,submission,privacy,7,0.6217785477638245
1523,vpn,submission,privacy,4,0.4559142887592315
1524,vpn,submission,privacy,10,0.3248928189277649
1525,vpn,submission,privacy,4,0.5066190361976624
1526,vpn,submission,privacy,4,0.3277976512908935
1527,vpn,submission,privacy,4,0.5129228830337524
1528,vpn,submission,privacy,7,0.2405345141887664
1529,vpn,submission,privacy,10,0.3019080758094787
1530,vpn,submission,privacy,7,0.5299338102340698
1531,vpn,submission,privacy,0,0.4217729568481445
1532,vpn,submission,privacy,7,0.5006566047668457
1533,vpn,submission,privacy,7,0.7525669932365417
1534,vpn,submission,privacy,7,0.6375402808189392
1535,vpn,submission,privacy,2,0.2281589061021804
1536,vpn,submission,privacy,7,0.4947338104248047
1537,vpn,submission,privacy,7,0.3301539421081543
1538,vpn,submission,privacy,4,0.4489874839782715
1539,vpn,submission,privacy,3,0.3089512884616852
1540,vpn,submission,privacy,7,0.5571420788764954
1541,vpn,submission,privacy,3,0.3392871022224426
1542,vpn,submission,privacy,4,0.5139681100845337
1543,vpn,submission,privacy,7,0.4993025064468384
1544,vpn,submission,privacy,4,0.5562297105789185
1545,vpn,submission,privacy,3,0.2943386733531952
1546,vpn,submission,privacy,0,0.3466529846191406
1547,vpn,submission,privacy,7,0.3213439583778381
1548,vpn,submission,privacy,7,0.3239592313766479
1549,vpn,submission,privacy,7,0.589632511138916
1550,vpn,submission,privacy,4,0.2447139918804168
1551,vpn,submission,privacy,4,0.724959671497345
1552,vpn,submission,privacy,4,0.3377299904823303
1553,vpn,submission,privacy,4,0.3325192332267761
1554,vpn,submission,privacy,4,0.4354946315288543
1555,vpn,submission,privacy,4,0.3375665843486786
1556,vpn,submission,privacy,4,0.3318419456481933
1557,vpn,submission,privacy,4,0.429440438747406
1558,vpn,submission,privacy,4,0.4272257685661316
1559,vpn,submission,privacy,4,0.4178889691829681
1560,vpn,submission,privacy,4,0.3983538746833801
1561,vpn,submission,privacy,4,0.4716760218143463
1562,vpn,submission,privacy,4,0.5614798069000244
1563,vpn,submission,ProtonVPN,11,0.4413772225379944
1564,vpn,submission,ProtonVPN,7,0.3188177049160003
1565,vpn,submission,VPN,4,0.2808056473731994
1566,vpn,submission,VPN,4,0.2953355610370636
1567,vpn,submission,Windscribe,11,0.3620009422302246
1568,vpn,comment,censorship,4,0.6305570602416992
1569,vpn,comment,censorship,7,0.3194620013236999
1570,vpn,comment,censorship,5,0.2247361689805984
1571,vpn,comment,censorship,4,0.4397245347499847
1572,vpn,comment,censorship,4,0.5590185523033142
1573,vpn,comment,MullvadVPN,4,0.3373726904392242
1574,vpn,comment,MullvadVPN,7,0.2898019552230835
1575,vpn,comment,MullvadVPN,10,0.5661334991455078
1576,vpn,comment,MullvadVPN,0,0.1924922466278076
1577,vpn,comment,MullvadVPN,7,0.3431116640567779
1578,vpn,comment,MullvadVPN,4,0.344570904970169
1579,vpn,comment,MullvadVPN,7,0.3123000860214233
1580,vpn,comment,MullvadVPN,5,0.3663559854030609
1581,vpn,comment,MullvadVPN,7,0.3898618221282959
1582,vpn,comment,MullvadVPN,4,0.3119134306907654
1583,vpn,comment,MullvadVPN,4,0.5155135989189148
1584,vpn,comment,nordvpn,2,0.3470318913459778
1585,vpn,comment,nordvpn,4,0.7672929167747498
1586,vpn,comment,nordvpn,4,0.258742481470108
1587,vpn,comment,nordvpn,11,0.3815987408161163
1588,vpn,comment,nordvpn,8,0.2047815173864364
1589,vpn,comment,nordvpn,5,0.4175538122653961
1590,vpn,comment,nordvpn,7,0.3414110839366913
1591,vpn,comment,nordvpn,3,0.3224089741706848
1592,vpn,comment,nordvpn,5,0.3708167970180511
1593,vpn,comment,nordvpn,4,0.4005079269409179
1594,vpn,comment,nordvpn,4,0.3260132670402527
1595,vpn,comment,nordvpn,9,0.298087328672409
1596,vpn,comment,nordvpn,7,0.353806734085083
1597,vpn,comment,PrivacyGuides,4,0.4930496215820312
1598,vpn,comment,PrivacyGuides,5,0.2959622740745544
1599,vpn,comment,PrivacyGuides,4,0.3683919608592987
1600,vpn,comment,PrivacyGuides,4,0.6247695684432983
1601,vpn,comment,PrivacyGuides,0,0.2953307330608368
1602,vpn,comment,PrivateInternetAccess,5,0.3800614178180694
1603,vpn,comment,degoogle,3,0.2054512649774551
1604,vpn,comment,degoogle,7,0.3542590737342834
1605,vpn,comment,degoogle,4,0.4955757856369018
1606,vpn,comment,degoogle,7,0.3386041522026062
1607,vpn,comment,degoogle,0,0.3461275100708008
1608,vpn,comment,degoogle,10,0.2829822301864624
1609,vpn,comment,degoogle,5,0.2770703434944153
1610,vpn,comment,degoogle,5,0.3163454830646515
1611,vpn,comment,degoogle,5,0.327710211277008
1612,vpn,comment,degoogle,4,0.5037435293197632
1613,vpn,comment,degoogle,3,0.3319248259067535
1614,vpn,comment,degoogle,5,0.427647978067398
1615,vpn,comment,degoogle,5,0.3335095942020416
1616,vpn,comment,degoogle,4,0.529472827911377
1617,vpn,comment,degoogle,7,0.2104148864746093
1618,vpn,comment,degoogle,7,0.3165627121925354
1619,vpn,comment,degoogle,4,0.5584032535552979
1620,vpn,comment,degoogle,7,0.266113132238388
1621,vpn,comment,degoogle,4,0.4586110711097717
1622,vpn,comment,degoogle,7,0.3957637250423431
1623,vpn,comment,degoogle,7,0.4310618042945862
1624,vpn,comment,degoogle,7,0.3994258344173431
1625,vpn,comment,degoogle,2,0.4865471720695495
1626,vpn,comment,degoogle,7,0.2847799062728882
1627,vpn,comment,degoogle,7,0.4733803868293762
1628,vpn,comment,degoogle,7,0.4762955009937286
1629,vpn,comment,degoogle,7,0.3785417377948761
1630,vpn,comment,degoogle,4,0.3008795380592346
1631,vpn,comment,degoogle,4,0.3320145905017853
1632,vpn,comment,degoogle,4,0.4949208796024322
1633,vpn,comment,degoogle,10,0.3123532235622406
1634,vpn,comment,degoogle,7,0.3714046478271484
1635,vpn,comment,degoogle,7,0.3255929946899414
1636,vpn,comment,degoogle,7,0.3664807677268982
1637,vpn,comment,degoogle,5,0.2982959151268005
1638,vpn,comment,degoogle,11,0.3744948506355285
1639,vpn,comment,degoogle,11,0.1994906812906265
1640,vpn,comment,degoogle,7,0.3486016988754272
1641,vpn,comment,degoogle,4,0.3914356231689453
1642,vpn,comment,degoogle,9,0.2304181158542633
1643,vpn,comment,degoogle,7,0.3740987777709961
1644,vpn,comment,degoogle,4,0.3704334497451782
1645,vpn,comment,degoogle,0,0.3139669597148895
1646,vpn,comment,degoogle,4,0.3219954967498779
1647,vpn,comment,degoogle,7,0.275930255651474
1648,vpn,comment,ProtonVPN,5,0.2846259474754333
1649,vpn,comment,ProtonVPN,4,0.5134718418121338
1650,vpn,comment,ProtonVPN,5,0.2416561692953109
1651,vpn,comment,ProtonVPN,7,0.2620896697044372
1652,vpn,comment,ProtonVPN,4,0.4246553480625152
1653,vpn,comment,ProtonVPN,4,0.4633502662181854
1654,vpn,comment,ProtonVPN,4,0.4674868583679199
1655,vpn,comment,ProtonVPN,5,0.2805152833461761
1656,vpn,comment,ProtonVPN,7,0.5128032565116882
1657,vpn,comment,ProtonVPN,7,0.3164932429790497
1658,vpn,comment,ProtonVPN,2,0.2212595045566558
1659,vpn,comment,ProtonVPN,5,0.3944200277328491
1660,vpn,comment,ProtonVPN,4,0.2260779589414596
1661,vpn,comment,ProtonVPN,11,0.358126550912857
1662,vpn,comment,ProtonVPN,2,0.2388917207717895
1663,vpn,comment,ProtonVPN,4,0.6232545375823975
1664,vpn,comment,ProtonVPN,4,0.3308506608009338
1665,vpn,comment,ProtonVPN,7,0.2207120507955551
1666,vpn,comment,ProtonVPN,7,0.2979729771614074
1667,vpn,comment,ProtonVPN,7,0.3349212110042572
1668,vpn,comment,VPN,0,0.3042927980422973
1669,vpn,comment,VPN,7,0.319179892539978
1670,vpn,comment,VPN,1,0.2955954968929291
1671,vpn,comment,VPN,5,0.43892502784729
1672,vpn,comment,VPN,5,0.3506267666816711
1673,vpn,comment,VPN,7,0.3811260163784027
1674,vpn,comment,VPN,2,0.2803747355937958
1675,vpn,comment,VPN,5,0.3426170349121094
1676,vpn,comment,VPN,7,0.3657390773296356
1677,vpn,comment,VPN,7,0.2618734240531921
1678,vpn,comment,VPN,7,0.2016607671976089
1679,vpn,comment,VPN,7,0.495759516954422
1680,vpn,comment,VPN,9,0.3386852443218231
1681,vpn,comment,VPN,5,0.2319131940603256
1682,vpn,comment,VPN,2,0.2825811803340912
1683,vpn,comment,VPN,4,0.3266483247280121
1684,vpn,comment,VPN,7,0.2737311124801636
1685,vpn,comment,VPN,11,0.310062050819397
1686,vpn,comment,VPN,4,0.3859135508537292
1687,vpn,comment,VPN,4,0.6575139760971069
1688,vpn,comment,VPN,4,0.6777133345603943
1689,vpn,comment,VPN,4,0.6656599640846252
1690,vpn,comment,VPN,4,0.3413722515106201
1691,vpn,comment,VPN,4,0.7588121294975281
1692,vpn,comment,VPN,4,0.6811823844909668
1693,vpn,comment,VPN,7,0.4167131185531616
1694,vpn,comment,VPN,7,0.3728996515274048
1695,vpn,comment,VPN,6,0.2778923511505127
1696,vpn,comment,VPN,4,0.4110926389694214
1697,vpn,comment,VPN,4,0.4373680353164673
1698,vpn,comment,VPN,4,0.4561407566070556
1699,vpn,comment,VPN,4,0.4938274025917053
1700,vpn,comment,VPN,4,0.4057528972625732
1701,vpn,comment,VPN,3,0.4469668865203857
1702,vpn,comment,VPN,5,0.3390503525733948
1703,vpn,comment,VPN,2,0.2705415487289428
1704,vpn,comment,VPN,4,0.3423502147197723
1705,vpn,comment,VPN,7,0.3408924341201782
1706,vpn,comment,VPN,7,0.4915633499622345
1707,vpn,comment,VPN,5,0.3467112183570862
1708,vpn,comment,VPN,3,0.4124059677124023
1709,vpn,comment,VPN,4,0.6705793142318726
1710,vpn,comment,VPN,1,0.4523283541202545
1711,vpn,comment,VPN,4,0.2722993791103363
1712,vpn,comment,VPN,7,0.3313220739364624
1713,vpn,comment,VPN,4,0.355867475271225
1714,vpn,comment,VPN,4,0.3162779510021209
1715,vpn,comment,VPN,4,0.5233201384544373
1716,vpn,comment,VPN,7,0.2663510739803314
1717,vpn,comment,VPN,4,0.5631296634674072
1718,vpn,comment,VPN,4,0.5942352414131165
1719,vpn,comment,VPN,7,0.1755933910608291
1720,vpn,comment,VPN,7,0.3853996396064758
1721,vpn,comment,VPN,11,0.17758709192276
1722,vpn,comment,VPN,4,0.5042456388473511
1723,vpn,comment,VPN,4,0.4162812829017639
1724,vpn,comment,VPN,9,0.2963689565658569
1725,vpn,comment,VPN,4,0.3468364775180816
1726,vpn,comment,privacy,7,0.3893709182739258
1727,vpn,comment,privacy,6,0.2609339654445648
1728,vpn,comment,privacy,4,0.4123156666755676
1729,vpn,comment,privacy,4,0.4706911742687225
1730,vpn,comment,privacy,5,0.3345924317836761
1731,vpn,comment,privacy,5,0.214331716299057
1732,vpn,comment,privacy,4,0.4826585054397583
1733,vpn,comment,privacy,4,0.3380766808986664
1734,vpn,comment,privacy,7,0.4431370198726654
1735,vpn,comment,privacy,7,0.6034790277481079
1736,vpn,comment,privacy,7,0.6269881129264832
1737,vpn,comment,privacy,5,0.3956259787082672
1738,vpn,comment,privacy,4,0.5378701090812683
1739,vpn,comment,privacy,10,0.3974543213844299
1740,vpn,comment,privacy,4,0.2554437816143036
1741,vpn,comment,privacy,7,0.5085946321487427
1742,vpn,comment,privacy,7,0.3533383011817932
1743,vpn,comment,privacy,5,0.3331870436668396
1744,vpn,comment,privacy,2,0.2273597568273544
1745,vpn,comment,privacy,7,0.2563783526420593
1746,vpn,comment,privacy,4,0.2919776737689972
1747,vpn,comment,privacy,5,0.3716485202312469
1748,vpn,comment,privacy,3,0.3852769732475281
1749,vpn,comment,privacy,4,0.4267169833183288
1750,vpn,comment,privacy,4,0.3610202372074127
1751,vpn,comment,privacy,6,0.2208172231912613
1752,vpn,comment,privacy,10,0.4917283654212951
1753,vpn,comment,privacy,4,0.5078378319740295
1754,vpn,comment,privacy,4,0.3999633491039276
1755,vpn,comment,privacy,10,0.3830598592758178
1756,vpn,comment,privacy,10,0.3019861578941345
1757,vpn,comment,privacy,5,0.5090265274047852
1758,vpn,comment,privacy,5,0.3170570731163025
1759,vpn,comment,privacy,5,0.4717614650726318
1760,vpn,comment,privacy,7,0.2339895665645599
1761,vpn,comment,privacy,7,0.338968962430954
1762,vpn,comment,privacy,10,0.6830325126647949
1763,vpn,comment,privacy,4,0.3579085171222687
1764,vpn,comment,privacy,5,0.2801423072814941
1765,vpn,comment,privacy,4,0.5528315901756287
1766,vpn,comment,privacy,4,0.5131780505180359
1767,vpn,comment,privacy,4,0.5170284509658813
1768,vpn,comment,privacy,4,0.3307101726531982
1769,vpn,comment,privacy,4,0.3829590380191803
1770,vpn,comment,privacy,4,0.5996877551078796
1771,vpn,comment,privacy,7,0.3414996266365051
1772,vpn,comment,privacy,3,0.4230869710445404
1773,vpn,comment,privacy,5,0.4456945657730102
1774,vpn,comment,privacy,5,0.280418187379837
1775,vpn,comment,privacy,5,0.3411032855510711
1776,vpn,comment,privacy,7,0.4702442288398742
1777,vpn,comment,privacy,4,0.5597789287567139
1778,vpn,comment,privacy,3,0.3518864810466766
1779,vpn,comment,privacy,5,0.5190090537071228
1780,vpn,comment,privacy,4,0.3128309845924377
1781,vpn,comment,privacy,4,0.487548679113388
1782,vpn,comment,privacy,7,0.5274734497070312
1783,vpn,comment,privacy,4,0.4381412863731384
1784,vpn,comment,privacy,4,0.6365700364112854
1785,vpn,comment,privacy,2,0.3806868493556976
1786,vpn,comment,privacy,7,0.3885074555873871
1787,vpn,comment,privacy,10,0.2695546746253967
1788,vpn,comment,privacy,5,0.404028981924057
1789,vpn,comment,privacy,4,0.4700316786766052
1790,vpn,comment,privacy,5,0.2677932679653168
1791,vpn,comment,privacy,4,0.4760898351669311
1792,vpn,comment,privacy,9,0.2134469598531723
1793,vpn,comment,privacy,5,0.3587807714939117
1794,vpn,comment,privacy,4,0.3190517425537109
1795,vpn,comment,privacy,7,0.4864051938056946
1796,vpn,comment,privacy,4,0.376317411661148
1797,vpn,comment,privacy,4,0.4014473557472229
1798,vpn,comment,privacy,4,0.5350216031074524
1799,vpn,comment,privacy,3,0.3138585686683655
1800,vpn,comment,privacy,10,0.2992997169494629
1801,vpn,comment,privacy,4,0.5401802659034729
1802,vpn,comment,privacy,4,0.4608337581157684
1803,vpn,comment,privacy,5,0.3394815325736999
1804,vpn,comment,privacy,10,0.2501926720142364
1805,vpn,comment,privacy,5,0.2516893148422241
1806,vpn,comment,privacy,10,0.4371004700660705
1807,vpn,comment,privacy,6,0.2140549421310424
1808,vpn,comment,privacy,5,0.3986960649490356
1809,vpn,comment,privacy,5,0.5283684730529785
1810,vpn,comment,privacy,3,0.2324891537427902
1811,vpn,comment,privacy,4,0.3564634919166565
1812,vpn,comment,privacy,7,0.4522511959075928
1813,vpn,comment,privacy,5,0.2625724971294403
1814,vpn,comment,privacy,3,0.351135790348053
1815,vpn,comment,privacy,11,0.2226788252592086
1816,vpn,comment,privacy,5,0.3012466430664062
1817,vpn,comment,privacy,4,0.4366136193275451
1818,vpn,comment,privacy,9,0.4618432223796844
1819,vpn,comment,privacy,4,0.31778484582901
1820,vpn,comment,privacy,2,0.3406650125980377
1821,vpn,comment,privacy,7,0.399406224489212
1822,vpn,comment,privacy,5,0.3048872649669647
1823,vpn,comment,privacy,7,0.214678481221199
1824,vpn,comment,privacy,5,0.3549121916294098
1825,vpn,comment,privacy,10,0.3040877282619476
1826,vpn,comment,privacy,10,0.4834582805633545
1827,vpn,comment,privacy,4,0.4135648310184479
1828,vpn,comment,privacy,5,0.5463549494743347
1829,vpn,comment,privacy,4,0.2988089323043823
1830,vpn,comment,privacy,4,0.468652069568634
1831,vpn,comment,privacy,4,0.3253445625305176
1832,vpn,comment,privacy,10,0.3531320095062256
1833,vpn,comment,privacy,5,0.426241010427475
1834,vpn,comment,privacy,4,0.4015488624572754
1835,vpn,comment,privacy,5,0.2623074650764465
1836,vpn,comment,privacy,10,0.3083573579788208
1837,vpn,comment,privacy,7,0.3538209795951843
1838,vpn,comment,privacy,4,0.4656717777252197
1839,vpn,comment,privacy,4,0.5130268931388855
1840,vpn,comment,privacy,4,0.5319994688034058
1841,vpn,comment,privacy,4,0.7293892502784729
1842,vpn,comment,privacy,4,0.4706941843032837
1843,vpn,comment,privacy,3,0.3500791192054748
1844,vpn,comment,privacy,4,0.3444148600101471
1845,vpn,comment,privacy,7,0.4028979539871216
1846,vpn,comment,privacy,7,0.4056989848613739
1847,vpn,comment,privacy,4,0.3004989326000213
1848,vpn,comment,privacy,5,0.4299321472644806
1849,vpn,comment,privacy,5,0.4825583100318908
1850,vpn,comment,privacy,4,0.3343830406665802
1851,vpn,comment,privacy,4,0.4557288289070129
1852,vpn,comment,privacy,5,0.3607529699802398
1853,vpn,comment,privacy,4,0.3858859241008758
1854,vpn,comment,privacy,4,0.6021780371665955
1856,vpn,comment,privacy,5,0.2352228462696075
1857,vpn,comment,privacy,4,0.4053402245044708
1858,vpn,comment,privacy,4,0.5136451721191406
1859,vpn,comment,privacy,0,0.3085461854934692
1860,vpn,comment,privacy,4,0.8208714127540588
1861,vpn,comment,privacy,7,0.6632308959960938
1862,vpn,comment,privacy,5,0.4039560854434967
1863,vpn,comment,privacy,4,0.5059722661972046
1864,vpn,comment,privacy,7,0.5169067978858948
1865,vpn,comment,privacy,0,0.3698497712612152
1866,vpn,comment,privacy,4,0.6746328473091125
1867,vpn,comment,privacy,5,0.574760377407074
1868,vpn,comment,privacy,5,0.3088965713977813
1869,vpn,comment,privacy,3,0.5285791158676147
1870,vpn,comment,privacy,5,0.3514886796474457
1871,vpn,comment,privacy,7,0.3789237737655639
1872,vpn,comment,privacy,7,0.4373190104961395
1873,vpn,comment,privacy,4,0.4420378506183624
1874,vpn,comment,privacy,4,0.478208065032959
1875,vpn,comment,privacy,7,0.4257102012634277
1876,vpn,comment,privacy,4,0.5091622471809387
1877,vpn,comment,privacy,10,0.4143785536289215
1878,vpn,comment,privacy,4,0.473123162984848
1879,vpn,comment,privacy,4,0.3094894886016845
1880,vpn,comment,privacy,4,0.3547172546386719
1881,vpn,comment,privacy,7,0.4371090829372406
1882,vpn,comment,privacy,5,0.3407807350158691
1883,vpn,comment,privacy,5,0.4721142649650574
1884,vpn,comment,privacy,7,0.2811773419380188
1885,vpn,comment,privacy,7,0.3572049438953399
1886,vpn,comment,privacy,7,0.3687309324741363
1887,vpn,comment,privacy,5,0.4393600821495056
1888,vpn,comment,privacy,4,0.3209993839263916
1889,vpn,comment,privacy,7,0.3752167820930481
1890,vpn,comment,privacy,4,0.2720140218734741
1891,vpn,comment,privacy,4,0.3638965189456939
1892,vpn,comment,privacy,5,0.3832294046878814
1893,vpn,comment,privacy,4,0.5077452659606934
1894,vpn,comment,privacy,4,0.439787894487381
1895,vpn,comment,privacy,10,0.2795503139495849
1896,vpn,comment,privacy,5,0.3165193200111389
1897,vpn,comment,privacy,7,0.3847388625144958
1898,vpn,comment,privacy,5,0.3122613430023193
1899,vpn,comment,privacy,4,0.397567868232727
1900,vpn,comment,privacy,4,0.3706948757171631
1901,vpn,comment,privacy,9,0.2396652698516845
1902,vpn,comment,privacy,4,0.6375851035118103
1903,vpn,comment,privacy,4,0.3759414851665497
1904,vpn,comment,privacy,5,0.3502150475978851
1905,vpn,comment,privacy,4,0.3183091878890991
1906,vpn,comment,privacy,4,0.5235783457756042
1907,vpn,comment,privacy,3,0.390315443277359
1908,vpn,comment,privacy,5,0.2988773286342621
1909,vpn,comment,privacy,3,0.2691365778446197
1910,vpn,comment,privacy,10,0.327640175819397
1911,vpn,comment,privacy,4,0.5182771682739258
1912,vpn,comment,privacy,3,0.3068017065525055
1913,vpn,comment,privacy,2,0.2596669495105743
1914,vpn,comment,privacy,4,0.4715650677680969
1915,vpn,comment,privacy,4,0.5205735564231873
1916,vpn,comment,privacy,4,0.2836966216564178
1917,vpn,comment,privacy,5,0.3672987222671509
1918,vpn,comment,privacy,4,0.432464987039566
1919,vpn,comment,privacy,4,0.472226619720459
1920,vpn,comment,privacy,4,0.6410173177719116
1921,vpn,comment,privacy,5,0.2098055630922317
1922,vpn,comment,privacy,4,0.5852999091148376
1923,vpn,comment,privacy,5,0.4957379400730133
1924,vpn,comment,privacy,5,0.4058120548725128
1925,vpn,comment,privacy,4,0.4807321727275848
1926,vpn,comment,privacy,4,0.4979268014431
1927,vpn,comment,privacy,4,0.7009209394454956
1928,vpn,comment,privacy,9,0.2960529029369354
1929,vpn,comment,privacy,4,0.6385446190834045
1930,vpn,comment,privacy,6,0.2592588067054748
1931,vpn,comment,privacy,5,0.3101853430271148
1932,vpn,comment,privacy,5,0.3210144937038421
1933,vpn,comment,privacy,4,0.3172587156295776
1934,vpn,comment,privacy,4,0.6147217750549316
1935,vpn,comment,privacy,4,0.409955769777298
1936,vpn,comment,privacy,4,0.6253268718719482
1937,vpn,comment,privacy,3,0.2485701888799667
1938,vpn,comment,privacy,4,0.3400685489177704
1939,vpn,comment,privacy,2,0.3015396893024444
1940,vpn,comment,privacy,4,0.7554081678390503
1941,vpn,comment,privacy,4,0.4463683366775512
1942,vpn,comment,privacy,5,0.4612944424152374
1943,vpn,comment,privacy,4,0.3926695883274078
1944,vpn,comment,privacy,4,0.4379881918430328
1945,vpn,comment,privacy,5,0.3171087801456451
1946,vpn,comment,privacy,4,0.2911981642246246
1947,vpn,comment,privacy,7,0.3088885843753814
1948,vpn,comment,privacy,7,0.4048513174057007
1949,vpn,comment,privacy,4,0.5977906584739685
1950,vpn,comment,privacy,4,0.7547900080680847
1951,vpn,comment,privacy,4,0.5919234156608582
1952,vpn,comment,privacy,3,0.3483258783817291
1953,vpn,comment,privacy,4,0.5704948306083679
1954,vpn,comment,privacy,4,0.2974118292331695
1955,vpn,comment,privacy,5,0.473858118057251
1956,vpn,comment,privacy,5,0.4734514653682709
1957,vpn,comment,privacy,4,0.4615650475025177
1958,vpn,comment,privacy,4,0.6031498312950134
1959,vpn,comment,privacy,4,0.4084027111530304
1960,vpn,comment,privacy,4,0.3796064555644989
1961,vpn,comment,privacy,4,0.3795357942581177
1962,vpn,comment,privacy,5,0.2963851988315582
1963,vpn,comment,privacy,6,0.4130039513111114
1964,vpn,comment,privacy,6,0.3424274623394012
1965,vpn,comment,privacy,0,0.2769268751144409
1966,vpn,comment,privacy,4,0.3518060743808746
1967,vpn,comment,privacy,4,0.3497577011585235
1968,vpn,comment,privacy,7,0.2374605536460876
1969,vpn,comment,privacy,4,0.6215411424636841
1970,vpn,comment,privacy,4,0.561780571937561
1971,vpn,comment,privacy,4,0.5085472464561462
1972,vpn,comment,privacy,4,0.4669108688831329
1973,vpn,comment,privacy,10,0.2623356282711029
1974,vpn,comment,privacy,4,0.3156986534595489
1975,vpn,comment,privacy,4,0.4314245879650116
1976,vpn,comment,privacy,5,0.3958885669708252
1977,vpn,comment,privacy,3,0.2675487399101257
1978,vpn,comment,privacy,4,0.2611346244812011
1979,vpn,comment,privacy,5,0.2510014474391937
1981,vpn,comment,privacy,7,0.4654308557510376
1982,vpn,comment,privacy,4,0.383279800415039
1983,vpn,comment,privacy,10,0.3773084580898285
1984,vpn,comment,privacy,5,0.5447724461555481
1985,vpn,comment,privacy,2,0.3646427094936371
1986,vpn,comment,privacy,7,0.4050320982933044
1987,vpn,comment,privacy,7,0.494510293006897
1988,vpn,comment,privacy,4,0.3809696435928345
1989,vpn,comment,privacy,5,0.3215337991714477
1990,vpn,comment,privacy,7,0.5890496969223022
1991,vpn,comment,privacy,10,0.6036455631256104
1992,vpn,comment,privacy,3,0.4167642891407013
1993,vpn,comment,privacy,4,0.3086732029914856
1994,vpn,comment,privacy,4,0.23342265188694
1995,vpn,comment,privacy,10,0.3034804761409759
1996,vpn,comment,privacy,6,0.2745534181594848
1997,vpn,comment,privacy,5,0.3290607035160064
1998,vpn,comment,privacy,4,0.310473084449768
1999,vpn,comment,privacy,4,0.3058623373508453
2000,vpn,comment,privacy,4,0.3991860449314117
2001,vpn,comment,privacy,5,0.1847543269395828
2002,vpn,comment,privacy,4,0.3183961510658264
2003,vpn,comment,privacy,4,0.3439666628837585
2004,vpn,comment,privacy,4,0.4600430130958557
2005,vpn,comment,privacy,4,0.4158274829387665
2006,vpn,comment,privacy,3,0.3018962740898132
2007,vpn,comment,privacy,4,0.3891300559043884
2008,vpn,comment,privacy,5,0.5742441415786743
2009,vpn,comment,privacy,4,0.3473924100399017
2010,vpn,comment,privacy,4,0.4892119169235229
2011,vpn,comment,privacy,4,0.6412233114242554
2012,vpn,comment,privacy,4,0.4560798406600952
2013,vpn,comment,privacy,10,0.3880235850811004
2014,vpn,comment,privacy,5,0.2541722357273102
2015,vpn,comment,privacy,10,0.4689100980758667
2016,vpn,comment,privacy,4,0.5865961909294128
2017,vpn,comment,privacy,5,0.4217362999916076
2018,vpn,comment,privacy,7,0.3878796100616455
2019,vpn,comment,privacy,5,0.4686147272586822
2020,vpn,comment,privacy,5,0.3021481931209564
2021,vpn,comment,privacy,7,0.4247563481330871
2022,vpn,comment,privacy,7,0.3456608653068542
2023,vpn,comment,privacy,2,0.2267436683177948
2024,vpn,comment,privacy,4,0.3524296283721924
2025,vpn,comment,privacy,4,0.2813866138458252
2026,vpn,comment,privacy,7,0.3743122518062591
2027,vpn,comment,privacy,4,0.3227413296699524
2028,vpn,comment,privacy,2,0.4651187658309936
2029,vpn,comment,privacy,7,0.4472058713436126
2030,vpn,comment,privacy,5,0.3537261486053467
2031,vpn,comment,privacy,5,0.3174590468406677
2032,vpn,comment,privacy,4,0.429422914981842
2033,vpn,comment,privacy,7,0.3414193987846374
2034,vpn,comment,privacy,4,0.3761742115020752
2035,vpn,comment,privacy,4,0.3425678312778473
2036,vpn,comment,privacy,5,0.3427589833736419
2037,vpn,comment,privacy,4,0.6590893864631653
2038,vpn,comment,privacy,0,0.4004735052585602
2039,vpn,comment,privacy,4,0.301761269569397
2040,vpn,comment,privacy,7,0.3397888541221618
2041,vpn,comment,privacy,7,0.3451204895973205
2042,vpn,comment,privacy,7,0.2710960209369659
2043,vpn,comment,privacy,5,0.5978366732597351
2044,vpn,comment,privacy,4,0.2216961681842804
2045,vpn,comment,privacy,0,0.3435954451560974
2046,vpn,comment,privacy,7,0.4064948260784149
2047,vpn,comment,privacy,3,0.3754620850086212
2048,vpn,comment,privacy,7,0.4635432064533233
2049,vpn,comment,privacy,0,0.3912027180194855
2050,vpn,comment,privacy,4,0.5200878381729126
2051,vpn,comment,privacy,7,0.4503776431083679
2052,vpn,comment,privacy,4,0.5368331074714661
2053,vpn,comment,privacy,5,0.3898449838161468
2054,vpn,comment,privacy,7,0.4586946070194244
2055,vpn,comment,privacy,4,0.240210935473442
2056,vpn,comment,privacy,4,0.3174887597560882
2057,vpn,comment,privacy,10,0.2589969933032989
2058,vpn,comment,privacy,5,0.2834863066673279
2059,vpn,comment,privacy,4,0.4074948132038116
2060,vpn,comment,privacy,5,0.2845082581043243
2061,vpn,comment,privacy,5,0.3287546634674072
2062,vpn,comment,privacy,4,0.5792821645736694
2063,vpn,comment,privacy,7,0.363419234752655
2064,vpn,comment,privacy,4,0.4469489753246307
2065,vpn,comment,privacy,11,0.2757562398910522
2066,vpn,comment,privacy,11,0.3236577212810516
2067,vpn,comment,privacy,4,0.2665414810180664
2068,vpn,comment,privacy,4,0.4800446629524231
2069,vpn,comment,privacy,3,0.1964487582445144
2070,vpn,comment,privacy,3,0.2916620671749115
2071,vpn,comment,privacy,9,0.3966216742992401
2072,vpn,comment,privacy,5,0.3330704867839813
2073,vpn,comment,privacy,4,0.4563992321491241
2074,vpn,comment,privacy,7,0.3637462556362152
2075,vpn,comment,privacy,4,0.3313920199871063
2076,vpn,comment,privacy,7,0.3947790563106537
2077,vpn,comment,privacy,5,0.2752760052680969
2078,vpn,comment,privacy,7,0.2599951922893524
2079,vpn,comment,privacy,7,0.2981976270675659
2080,vpn,comment,privacy,4,0.3583758473396301
2081,vpn,comment,privacy,5,0.3899505734443664
2082,vpn,comment,privacy,7,0.3472744822502136
2083,vpn,comment,privacy,6,0.2889390289783478
2084,vpn,comment,privacy,6,0.2698518931865692
2085,vpn,comment,privacy,4,0.4325116574764251
2086,vpn,comment,privacy,6,0.5700437426567078
2087,vpn,comment,privacy,6,0.4761750102043152
2088,vpn,comment,privacy,5,0.4026127457618713
2089,vpn,comment,privacy,5,0.3211256563663482
2090,vpn,comment,privacy,5,0.4204369187355041
2091,vpn,comment,privacy,7,0.3953706324100494
2092,vpn,comment,privacy,5,0.2389947175979614
2093,vpn,comment,privacy,7,0.3027152419090271
2094,vpn,comment,privacy,7,0.3043984472751617
2095,vpn,comment,privacy,7,0.5200406908988953
2096,vpn,comment,privacy,5,0.3320779502391815
2097,vpn,comment,privacy,4,0.4386201500892639
2098,vpn,comment,privacy,4,0.440981775522232
2099,vpn,comment,privacy,10,0.3560205996036529
2100,vpn,comment,privacy,7,0.3118118941783905
2101,vpn,comment,privacy,9,0.2240345329046249
2102,vpn,comment,privacy,5,0.3383583724498749
2103,vpn,comment,privacy,4,0.4568263590335846
2104,vpn,comment,privacy,4,0.3562813699245453
2105,vpn,comment,privacy,5,0.4205889403820038
2106,vpn,comment,privacy,0,0.3686859309673309
2107,vpn,comment,privacy,4,0.5337238311767578
2108,vpn,comment,privacy,5,0.5193318128585815
2109,vpn,comment,privacy,4,0.5243650078773499
2110,vpn,comment,privacy,11,0.2595953643321991
2111,vpn,comment,privacy,10,0.3352613449096679
2112,vpn,comment,privacy,3,0.2527659237384796
2113,vpn,comment,privacy,4,0.5166950821876526
2114,vpn,comment,privacy,4,0.3978118896484375
2115,vpn,comment,privacy,4,0.2761719226837158
2116,vpn,comment,privacy,4,0.3754196763038635
2117,vpn,comment,privacy,5,0.4144831895828247
2118,vpn,comment,privacy,5,0.5011602640151978
2119,vpn,comment,privacy,0,0.496239572763443
2120,vpn,comment,privacy,5,0.3503281474113464
2121,vpn,comment,privacy,10,0.5150453448295593
2122,vpn,comment,privacy,4,0.3141824305057525
2123,vpn,comment,privacy,4,0.4048866629600525
2124,vpn,comment,privacy,5,0.3048030436038971
2125,vpn,comment,privacy,5,0.2128547579050064
2126,vpn,comment,privacy,5,0.2477386742830276
2127,vpn,comment,privacy,5,0.5078127384185791
2128,vpn,comment,privacy,5,0.2730158567428589
2129,vpn,comment,privacy,5,0.5112194418907166
2130,vpn,comment,privacy,2,0.4099606275558471
2131,vpn,comment,privacy,4,0.2290008813142776
2132,vpn,comment,privacy,4,0.6374884247779846
2133,vpn,comment,privacy,10,0.4874591529369354
2134,vpn,comment,privacy,5,0.3558433949947357
2135,vpn,comment,privacy,5,0.3870894610881805
2136,vpn,comment,privacy,4,0.6389345526695251
2137,vpn,comment,privacy,4,0.605648398399353
2138,vpn,comment,privacy,4,0.3162064850330353
2139,vpn,comment,privacy,4,0.5510224103927612
2140,vpn,comment,privacy,5,0.5142450332641602
2141,vpn,comment,privacy,5,0.4005627036094665
2142,vpn,comment,privacy,6,0.3074007034301758
2143,vpn,comment,privacy,7,0.435622364282608
2144,vpn,comment,privacy,3,0.5158334970474243
2145,vpn,comment,privacy,7,0.4060185253620147
2146,vpn,comment,privacy,7,0.6121194362640381
2147,vpn,comment,privacy,7,0.4748173058032989
2148,vpn,comment,privacy,5,0.3594578802585602
2149,vpn,comment,privacy,7,0.2300699353218078
2150,vpn,comment,privacy,4,0.5964069366455078
2151,vpn,comment,privacy,10,0.3527634143829345
2152,vpn,comment,privacy,7,0.3863302767276764
2153,vpn,comment,privacy,6,0.2336091101169586
2154,vpn,comment,privacy,4,0.5532379150390625
2155,vpn,comment,privacy,2,0.2266038805246353
2156,vpn,comment,privacy,5,0.3575850129127502
2157,vpn,comment,privacy,0,0.294861763715744
2158,vpn,comment,privacy,4,0.3360632359981537
2159,vpn,comment,privacy,4,0.5292338728904724
2160,vpn,comment,privacy,4,0.2834638655185699
2161,vpn,comment,privacy,2,0.1522994339466095
2162,vpn,comment,privacy,5,0.3545398116111755
2163,vpn,comment,privacy,4,0.3222346901893616
2164,vpn,comment,privacy,7,0.3504705429077148
2165,vpn,comment,privacy,4,0.3890506029129028
2166,vpn,comment,privacy,10,0.358807772397995
2167,vpn,comment,privacy,4,0.3508577644824981
2168,vpn,comment,privacy,7,0.3018491268157959
2169,vpn,comment,privacy,0,0.3443678617477417
2170,vpn,comment,privacy,7,0.3115581572055816
2171,vpn,comment,privacy,5,0.5141004920005798
2172,vpn,comment,privacy,5,0.381043940782547
2173,vpn,comment,privacy,5,0.2805609703063965
2174,vpn,comment,privacy,5,0.4288442134857178
2175,vpn,comment,privacy,5,0.3616827130317688
2176,vpn,comment,privacy,7,0.3458986580371856
2177,vpn,comment,privacy,4,0.2379306554794311
2178,vpn,comment,privacy,3,0.3134629428386688
2179,vpn,comment,privacy,7,0.3224888741970062
2180,vpn,comment,privacy,4,0.5126699805259705
2181,vpn,comment,privacy,4,0.5190762281417847
2182,vpn,comment,privacy,2,0.279159277677536
2183,vpn,comment,privacy,4,0.4815049767494201
2184,vpn,comment,privacy,2,0.4071463346481323
2185,vpn,comment,privacy,8,0.276264488697052
2186,vpn,comment,privacy,5,0.3704690933227539
2187,vpn,comment,privacy,7,0.6997007131576538
2188,vpn,comment,privacy,7,0.4197195470333099
2189,vpn,comment,privacy,4,0.6325303316116333
2191,vpn,comment,privacy,4,0.2548655271530151
2192,vpn,comment,privacy,4,0.5731115937232971
2193,vpn,comment,privacy,2,0.350981056690216
2194,vpn,comment,privacy,4,0.3697820901870727
2195,vpn,comment,privacy,4,0.4457207322120666
2196,vpn,comment,privacy,2,0.4483014643192291
2197,vpn,comment,privacy,2,0.3898985087871551
2198,vpn,comment,privacy,4,0.4361966848373413
2199,vpn,comment,privacy,7,0.2526252567768097
2200,vpn,comment,privacy,5,0.454746812582016
2201,vpn,comment,privacy,7,0.5338126420974731
2202,vpn,comment,privacy,7,0.38055020570755
2203,vpn,comment,privacy,7,0.2815388441085815
2204,vpn,comment,privacy,2,0.2695065140724182
2205,vpn,comment,privacy,4,0.3710881769657135
2206,vpn,comment,privacy,4,0.30667644739151
2207,vpn,comment,privacy,3,0.3811584413051605
2208,vpn,comment,privacy,4,0.6279938817024231
2209,vpn,comment,privacy,5,0.3815479576587677
2210,vpn,comment,privacy,5,0.2663021385669708
2211,vpn,comment,privacy,4,0.4738166034221649
2212,vpn,comment,privacy,4,0.4875010848045349
2213,vpn,comment,privacy,5,0.3103480041027069
2214,vpn,comment,privacy,7,0.3397292792797088
2215,vpn,comment,privacy,7,0.3722972273826599
2216,vpn,comment,privacy,5,0.3682726621627807
2217,vpn,comment,privacy,7,0.446005642414093
2218,vpn,comment,privacy,7,0.3013942241668701
2219,vpn,comment,privacy,7,0.498676598072052
2220,vpn,comment,privacy,2,0.4961385130882263
2221,vpn,comment,privacy,5,0.3089969158172607
2222,vpn,comment,privacy,4,0.3891520202159881
2223,vpn,comment,privacy,5,0.3489316403865814
2224,vpn,comment,privacy,4,0.4094785153865814
2225,vpn,comment,privacy,7,0.3415158689022064
2226,vpn,comment,privacy,3,0.4282150566577911
2227,vpn,comment,privacy,7,0.4985436499118805
2228,vpn,comment,privacy,7,0.4390542805194855
2229,vpn,comment,privacy,4,0.3706749677658081
2230,vpn,comment,privacy,2,0.2978611290454864
2231,vpn,comment,privacy,7,0.317622572183609
2232,vpn,comment,privacy,6,0.2080333232879638
2233,vpn,comment,privacy,2,0.2244967818260193
2234,vpn,comment,privacy,4,0.6407171487808228
2235,vpn,comment,privacy,4,0.3046717941761017
2236,vpn,comment,privacy,7,0.4338301420211792
2237,vpn,comment,privacy,7,0.4768262505531311
2238,vpn,comment,privacy,4,0.4561719000339508
2239,vpn,comment,privacy,9,0.3111606538295746
2240,vpn,comment,privacy,3,0.3550975918769836
2241,vpn,comment,privacy,5,0.5569438934326172
2243,vpn,comment,privacy,5,0.40719735622406
2244,vpn,comment,privacy,4,0.3918019235134125
2246,vpn,comment,privacy,7,0.5027377605438232
2247,vpn,comment,privacy,4,0.4772834479808807
2248,vpn,comment,privacy,4,0.3727591335773468
2249,vpn,comment,privacy,7,0.5181010961532593
2250,vpn,comment,privacy,3,0.2136041671037674
2251,vpn,comment,privacy,7,0.4531657695770263
2252,vpn,comment,privacy,4,0.2593451738357544
2253,vpn,comment,privacy,4,0.4103751480579376
2254,vpn,comment,privacy,11,0.2391353845596313
2255,vpn,comment,privacy,7,0.4162665009498596
2256,vpn,comment,privacy,5,0.2990148663520813
2257,vpn,comment,privacy,5,0.283059686422348
2258,vpn,comment,privacy,3,0.3295949399471283
2259,vpn,comment,privacy,4,0.2843753099441528
2260,vpn,comment,privacy,3,0.2621181011199951
2261,vpn,comment,privacy,7,0.351064920425415
2262,vpn,comment,privacy,4,0.5139893889427185
2263,vpn,comment,privacy,5,0.3134076297283172
2264,vpn,comment,privacy,4,0.5693774819374084
2265,vpn,comment,privacy,2,0.3248871862888336
2266,vpn,comment,privacy,7,0.3213414251804352
2267,vpn,comment,privacy,0,0.3180327117443084
2268,vpn,comment,privacy,2,0.2761020064353943
2269,vpn,comment,privacy,4,0.3235363066196441
2270,vpn,comment,privacy,4,0.4066824913024902
2271,vpn,comment,privacy,7,0.2745656073093414
2272,vpn,comment,privacy,4,0.3819240629673004
2273,vpn,comment,privacy,4,0.4183185994625091
2274,vpn,comment,privacy,5,0.4555118381977081
2275,vpn,comment,privacy,4,0.2782893180847168
2276,vpn,comment,privacy,5,0.441651850938797
2277,vpn,comment,privacy,7,0.3152198195457458
2278,vpn,comment,privacy,4,0.5265692472457886
2279,vpn,comment,privacy,3,0.236005038022995
2280,vpn,comment,privacy,4,0.4216109216213226
2281,vpn,comment,privacy,5,0.3682391941547394
2282,vpn,comment,privacy,5,0.3808714747428894
2283,vpn,comment,privacy,7,0.5749527812004089
2284,vpn,comment,privacy,4,0.3133392930030823
2285,vpn,comment,privacy,7,0.4985175728797912
2286,vpn,comment,privacy,4,0.29771888256073
2287,vpn,comment,privacy,4,0.3682591915130615
2288,vpn,comment,privacy,7,0.6935768127441406
2289,vpn,comment,privacy,7,0.6073957085609436
2290,vpn,comment,privacy,7,0.4700456261634826
2291,vpn,comment,privacy,7,0.2704998850822449
2292,vpn,comment,privacy,4,0.4469027519226074
2293,vpn,comment,privacy,5,0.3273819983005523
2294,vpn,comment,privacy,7,0.2829611301422119
2295,vpn,comment,privacy,7,0.3205417990684509
2296,vpn,comment,privacy,7,0.3496610820293426
2297,vpn,comment,privacy,4,0.3259098827838897
2298,vpn,comment,privacy,4,0.4892245829105377
2299,vpn,comment,privacy,7,0.6074729561805725
2300,vpn,comment,privacy,7,0.3094798326492309
2301,vpn,comment,privacy,4,0.5378356575965881
2302,vpn,comment,privacy,7,0.5338232517242432
2303,vpn,comment,privacy,4,0.5289624929428101
2304,vpn,comment,privacy,5,0.2983164489269256
2305,vpn,comment,privacy,7,0.4344561994075775
2306,vpn,comment,privacy,4,0.4819983541965484
2308,vpn,comment,privacy,4,0.6929198503494263
2309,vpn,comment,privacy,4,0.2470216751098632
2310,vpn,comment,privacy,5,0.3725577592849731
2311,vpn,comment,privacy,4,0.3881794512271881
2312,vpn,comment,privacy,4,0.4488649368286133
2313,vpn,comment,privacy,4,0.4661973416805267
2314,vpn,comment,privacy,4,0.5147183537483215
2315,vpn,comment,privacy,10,0.4552268087863922
2316,vpn,comment,privacy,4,0.2998760342597961
2317,vpn,comment,privacy,4,0.4539970159530639
2318,vpn,comment,privacy,4,0.5640782117843628
2319,vpn,comment,privacy,3,0.3410859704017639
2320,vpn,comment,privacy,3,0.2791208922863006
2321,vpn,comment,privacy,4,0.324440062046051
2322,vpn,comment,privacy,4,0.4747577607631683
2323,vpn,comment,privacy,0,0.3893932402133941
2324,vpn,comment,privacy,4,0.6494126915931702
2325,vpn,comment,privacy,9,0.4787895381450653
2326,vpn,comment,privacy,7,0.4136767089366913
2327,vpn,comment,privacy,5,0.35221928358078
2328,vpn,comment,privacy,4,0.6988067626953125
2329,vpn,comment,privacy,4,0.2738458812236786
2330,vpn,comment,privacy,3,0.3653154969215393
2331,vpn,comment,privacy,4,0.3284863233566284
2332,vpn,comment,privacy,4,0.5381020307540894
2333,vpn,comment,privacy,7,0.2449195832014084
2334,vpn,comment,privacy,7,0.3174153864383697
2335,vpn,comment,privacy,4,0.3128422200679779
2336,vpn,comment,privacy,10,0.3020327985286712
2337,vpn,comment,privacy,7,0.3031223118305206
2338,vpn,comment,privacy,1,0.3446438610553741
2339,vpn,comment,privacy,4,0.3480715751647949
2340,vpn,comment,privacy,3,0.2784016132354736
2341,vpn,comment,privacy,7,0.4096709489822387
2342,vpn,comment,privacy,4,0.3907252550125122
2343,vpn,comment,privacy,5,0.4599055349826813
2344,vpn,comment,privacy,7,0.3722932040691376
2345,vpn,comment,privacy,7,0.3773893713951111
2346,vpn,comment,privacy,5,0.4142002165317535
2347,vpn,comment,privacy,2,0.330054372549057
2348,vpn,comment,privacy,4,0.3985428810119629
2349,vpn,comment,privacy,7,0.3863177001476288
2350,vpn,comment,privacy,7,0.503982424736023
2351,vpn,comment,privacy,1,0.3398140072822571
2352,vpn,comment,privacy,4,0.5759639143943787
2353,vpn,comment,privacy,4,0.2894139289855957
2354,vpn,comment,privacy,5,0.2966580986976623
2355,vpn,comment,privacy,7,0.5285629630088806
2356,vpn,comment,privacy,4,0.3106984496116638
2357,vpn,comment,privacy,7,0.364671915769577
2358,vpn,comment,privacy,3,0.2920035421848297
2359,vpn,comment,privacy,4,0.3780877292156219
2360,vpn,comment,privacy,7,0.3690796494483948
2361,vpn,comment,privacy,7,0.4801731705665588
2362,vpn,comment,privacy,4,0.5921382308006287
2363,vpn,comment,privacy,4,0.7042027711868286
2364,vpn,comment,privacy,7,0.3536467850208282
2365,vpn,comment,privacy,4,0.3216170966625213
2366,vpn,comment,privacy,7,0.4249740839004516
2367,vpn,comment,privacy,4,0.512141764163971
2368,vpn,comment,privacy,4,0.4913108646869659
2369,vpn,comment,privacy,5,0.2936176359653473
2370,vpn,comment,privacy,7,0.3393542468547821
2371,vpn,comment,privacy,7,0.4250263571739197
2372,vpn,comment,privacy,2,0.5578812956809998
2373,vpn,comment,privacy,4,0.5356324911117554
2374,vpn,comment,privacy,5,0.4843370318412781
2375,vpn,comment,privacy,8,0.5379893779754639
2376,vpn,comment,privacy,5,0.3957778513431549
2377,vpn,comment,privacy,4,0.5091789960861206
2378,vpn,comment,privacy,2,0.3053029775619507
2379,vpn,comment,privacy,10,0.4678752422332763
2380,vpn,comment,privacy,4,0.3876093626022339
2381,vpn,comment,privacy,4,0.5874559283256531
2382,vpn,comment,privacy,7,0.3793318271636963
2383,vpn,comment,privacy,9,0.4775691628456116
2384,vpn,comment,privacy,4,0.5723055005073547
2385,vpn,comment,privacy,5,0.4944181442260742
2386,vpn,comment,privacy,3,0.3468090891838074
2387,vpn,comment,privacy,10,0.540478527545929
2388,vpn,comment,privacy,5,0.343579351902008
2389,vpn,comment,privacy,7,0.6058393120765686
2390,vpn,comment,privacy,4,0.4867820143699646
2391,vpn,comment,privacy,4,0.8218672275543213
2392,vpn,comment,privacy,4,0.5048730969429016
2393,vpn,comment,privacy,7,0.6324496269226074
2394,vpn,comment,privacy,4,0.2533515095710754
2395,vpn,comment,privacy,2,0.3476163148880005
2396,vpn,comment,privacy,5,0.2809023857116699
2397,vpn,comment,privacy,4,0.541663408279419
2398,vpn,comment,privacy,2,0.3999939858913421
2399,vpn,comment,privacy,4,0.4272248446941376
2400,vpn,comment,privacy,4,0.5249953269958496
2401,vpn,comment,privacy,7,0.2871386408805847
2402,vpn,comment,privacy,4,0.4681474566459656
2403,vpn,comment,privacy,4,0.6232240200042725
2404,vpn,comment,privacy,7,0.5363959074020386
2405,vpn,comment,privacy,3,0.3640934824943542
2406,vpn,comment,privacy,5,0.289640873670578
2407,vpn,comment,privacy,4,0.5577609539031982
2408,vpn,comment,privacy,7,0.3884548544883728
2409,vpn,comment,privacy,5,0.2340540885925293
2410,vpn,comment,privacy,5,0.4385624825954437
2411,vpn,comment,privacy,4,0.3245381116867065
2412,vpn,comment,privacy,4,0.6225070953369141
2413,vpn,comment,privacy,5,0.2608972787857055
2414,vpn,comment,privacy,4,0.2821955382823944
2415,vpn,comment,privacy,4,0.4618361890316009
2416,vpn,comment,privacy,4,0.4173342585563659
2417,vpn,comment,privacy,10,0.4434137344360351
2418,vpn,comment,privacy,7,0.3626638054847717
2419,vpn,comment,privacy,7,0.2934423983097076
2420,vpn,comment,privacy,5,0.2655682265758514
2421,vpn,comment,privacy,4,0.3095778524875641
2422,vpn,comment,privacy,4,0.3894689381122589
2423,vpn,comment,privacy,4,0.3220080733299255
2424,vpn,comment,privacy,4,0.6497647762298584
2425,vpn,comment,privacy,6,0.4184622764587402
2426,vpn,comment,privacy,9,0.3391400575637817
2427,vpn,comment,privacy,10,0.2741931080818176
2428,vpn,comment,privacy,7,0.2102223932743072
2429,vpn,comment,privacy,7,0.5019267201423645
2430,vpn,comment,privacy,7,0.551278829574585
2431,vpn,comment,privacy,7,0.2391391545534134
2432,vpn,comment,privacy,7,0.6603372693061829
2433,vpn,comment,privacy,7,0.4570982456207275
2434,vpn,comment,privacy,5,0.4076805710792541
2435,vpn,comment,privacy,4,0.5942054986953735
2436,vpn,comment,privacy,7,0.2696653604507446
2437,vpn,comment,privacy,4,0.3184518218040466
2438,vpn,comment,privacy,4,0.4241074323654175
2439,vpn,comment,privacy,4,0.5695219039916992
2440,vpn,comment,privacy,4,0.3396875560283661
2441,vpn,comment,privacy,7,0.4052540957927704
2442,vpn,comment,privacy,7,0.4246478676795959
2443,vpn,comment,privacy,4,0.3725907206535339
2444,vpn,comment,privacy,7,0.3808542490005493
2445,vpn,comment,privacy,2,0.2883158922195434
2446,vpn,comment,privacy,7,0.6729219555854797
2447,vpn,comment,privacy,7,0.4702909886837005
2448,vpn,comment,privacy,7,0.2337052524089813
2449,vpn,comment,privacy,5,0.307685375213623
2450,vpn,comment,privacy,4,0.4446766972541809
2451,vpn,comment,privacy,7,0.5483501553535461
2452,vpn,comment,privacy,7,0.3701971173286438
2453,vpn,comment,privacy,7,0.7931016683578491
2454,vpn,comment,privacy,9,0.2826755046844482
2455,vpn,comment,privacy,7,0.3677093684673309
2456,vpn,comment,privacy,5,0.4084765613079071
2457,vpn,comment,privacy,4,0.3356196582317352
2458,vpn,comment,privacy,7,0.4985286891460418
2459,vpn,comment,privacy,7,0.2246462255716323
2460,vpn,comment,privacy,1,0.3498204350471496
2461,vpn,comment,privacy,4,0.4685478210449219
2462,vpn,comment,privacy,7,0.5795824527740479
2463,vpn,comment,privacy,5,0.4650944173336029
2464,vpn,comment,privacy,5,0.1873932182788849
2465,vpn,comment,privacy,5,0.3915936350822449
2466,vpn,comment,privacy,4,0.427134096622467
2467,vpn,comment,privacy,7,0.4108549952507019
